ST_CASE,VEH_NO,PER_NO,YEAR,P1,P2,P3,P4,P5,P6,P7,P8,P9,P10
10621,1,1,1982,7,7,7,7,7,7,7,7,7,7
10621,2,1,1982,18,16,10,0,9,5,22,9,36,10
10622,1,1,1982,16,23,10,13,26,13,21,29,18,15
10623,1,1,1982,0,46,0,0,0,0,0,0,0,17
10624,0,1,1982,0,0,0,0,0,0,0,0,0,0
10624,1,1,1982,0,0,0,0,0,0,0,0,0,0
10625,1,1,1982,0,0,0,9,0,0,0,0,0,0
10625,2,1,1982,9,14,17,19,11,0,0,31,13,0
10626,1,1,1982,0,0,12,0,0,0,0,0,8,0
10627,0,1,1982,27,27,27,27,27,27,27,27,27,27
10627,1,1,1982,0,0,0,0,0,0,0,0,0,0
10628,1,1,1982,25,25,25,25,25,25,25,25,25,25
10628,2,1,1982,0,0,0,17,0,0,0,0,0,0
10628,3,1,1982,0,0,0,0,0,0,0,0,0,0
10629,1,1,1982,0,0,18,0,3,0,0,0,0,0
10629,2,1,1982,0,0,0,0,0,0,0,0,0,0
10630,1,1,1982,18,11,19,5,9,10,8,17,17,20
10631,1,1,1982,0,0,0,0,0,0,0,0,0,0
10631,2,1,1982,0,0,0,0,0,0,0,0,0,0
10632,1,1,1982,0,0,0,0,0,0,0,0,0,5
10632,2,1,1982,16,0,24,0,8,15,0,0,0,0
10633,1,1,1982,28,28,28,28,28,28,28,28,28,28
10634,1,1,1982,25,25,25,25,25,25,25,25,25,25
10635,1,1,1982,25,25,0,0,23,18,15,0,0,25
10635,2,1,1982,0,0,0,0,0,0,0,4,0,0
10636,1,1,1982,0,0,0,0,0,0,0,0,0,0
10636,2,1,1982,0,0,0,0,0,0,0,0,0,0
10637,1,1,1982,0,0,0,0,0,0,0,0,0,25
10638,0,1,1982,30,30,30,30,30,30,30,30,30,30
10638,1,1,1982,0,0,0,0,0,0,0,0,0,0
10639,1,1,1982,0,0,0,0,23,0,7,0,0,0
10639,2,1,1982,0,0,0,0,0,0,0,0,0,0
10640,1,1,1982,16,16,16,16,16,16,16,16,16,16
10640,2,1,1982,0,0,0,0,0,0,0,0,0,0
10641,1,1,1982,0,0,0,0,0,0,0,0,0,0
10642,1,1,1982,21,26,8,37,8,18,15,18,3,15
10643,1,1,1982,20,20,20,20,20,20,20,20,20,20
10644,1,1,1982,0,0,0,0,0,12,17,0,0,6
10645,1,1,1982,0,0,11,0,0,0,0,0,0,0
10645,2,1,1982,0,0,0,0,15,0,0,5,10,0
10646,0,1,1982,0,0,30,0,0,0,0,0,0,0
10646,1,1,1982,0,0,0,0,7,0,0,0,0,0
10647,0,1,1982,0,0,0,0,0,0,0,0,0,0
10647,1,1,1982,0,0,0,0,0,0,0,0,0,0
10648,1,1,1982,25,3,21,15,27,12,17,0,30,14
10649,1,1,1982,0,0,0,0,0,0,0,0,0,0
10649,2,1,1982,0,0,0,0,0,0,0,10,0,0
10649,3,1,1982,0,0,0,0,0,0,0,0,0,0
10650,1,1,1982,0,0,0,0,0,0,0,0,0,0
10650,2,1,1982,3,6,10,11,11,9,8,0,0,0
10651,1,1,1982,16,8,0,7,18,24,37,0,20,9
10652,1,1,1982,0,0,0,0,0,0,0,0,0,0
10653,1,1,1982,0,0,0,0,0,0,0,0,0,0
10654,0,1,1982,2,2,2,2,2,2,2,2,2,2
10654,1,1,1982,0,0,0,0,0,0,0,0,0,0
10655,1,1,1982,0,0,0,0,15,0,0,0,0,12
10655,2,1,1982,0,0,0,0,0,0,0,0,0,12
10656,1,1,1982,15,12,22,16,17,19,23,0,9,0
10657,1,1,1982,23,23,23,23,23,23,23,23,23,23
10658,1,1,1982,0,0,0,0,0,0,0,0,0,0
10659,1,1,1982,26,26,26,26,26,26,26,26,26,26
10660,1,1,1982,0,0,0,0,0,0,0,0,0,0
10660,2,1,1982,0,0,0,0,0,0,0,0,0,0
10660,3,1,1982,10,0,0,0,0,0,0,0,0,0
10661,1,1,1982,0,9,26,35,8,4,13,4,11,6
10661,2,1,1982,5,5,5,5,5,5,5,5,5,5
10662,1,1,1982,0,13,0,0,0,41,0,2,0,24
10663,1,1,1982,18,7,27,35,0,42,0,0,0,7
10664,1,1,1982,0,0,0,0,0,0,0,0,0,0
10664,2,1,1982,0,0,0,0,0,0,0,0,0,0
10665,1,1,1982,15,15,15,15,15,15,15,15,15,15
10666,1,1,1982,0,0,0,0,0,0,0,0,0,0
10666,2,1,1982,0,0,0,0,0,0,0,0,0,0
10667,1,1,1982,0,0,0,0,0,0,0,0,0,0
10667,2,1,1982,31,31,31,31,31,31,31,31,31,31
10668,1,1,1982,33,33,33,33,33,33,33,33,33,33
10669,1,1,1982,0,0,0,0,0,0,0,0,0,0
10669,2,1,1982,0,0,0,0,0,0,0,0,0,0
10670,1,1,1982,0,0,0,0,0,0,0,0,0,0
10670,2,1,1982,10,10,10,10,10,10,10,10,10,10
10671,1,1,1982,0,0,0,0,0,0,0,0,0,0
10671,2,1,1982,0,0,0,0,0,0,0,0,0,0
10672,1,1,1982,0,0,0,0,0,0,0,0,0,0
10673,0,1,1982,0,0,0,0,0,0,0,0,12,9
10673,1,1,1982,0,5,0,0,0,0,0,0,0,0
10674,1,1,1982,29,26,7,0,12,14,9,21,18,28
10675,1,1,1982,0,0,0,0,0,0,0,0,0,0
10675,2,1,1982,18,11,0,2,0,10,0,0,11,10
10676,1,1,1982,0,0,0,0,0,0,0,0,0,0
10676,2,1,1982,8,13,18,16,0,15,0,13,33,26
10677,1,1,1982,0,0,0,0,0,0,0,0,0,0
10677,2,1,1982,0,0,0,0,0,0,0,0,0,0
10677,3,1,1982,0,0,0,0,0,0,0,0,0,0
10678,1,1,1982,22,9,26,20,17,17,12,20,25,21
10678,2,1,1982,0,0,0,0,0,0,0,0,0,0
10679,1,1,1982,14,11,29,9,2,23,6,6,11,13
10679,2,1,1982,1,1,1,1,1,1,1,1,1,1
10680,1,1,1982,0,24,14,12,18,14,13,22,12,21
10680,2,1,1982,0,0,0,0,0,0,0,0,0,0
10681,1,1,1982,0,0,0,0,0,0,0,0,0,0
10681,2,1,1982,12,18,6,8,12,10,30,15,7,27
10682,1,1,1982,0,0,0,0,0,0,0,8,0,0
10682,2,1,1982,11,23,3,24,17,28,32,33,11,22
10683,1,1,1982,13,0,0,0,0,0,0,0,0,0
10683,2,1,1982,14,18,0,16,0,0,0,0,0,9
10684,1,1,1982,0,4,10,8,0,0,0,0,0,0
10685,1,1,1982,0,0,0,0,0,0,0,0,0,0
10685,2,1,1982,0,0,0,0,0,0,0,0,0,0
10686,1,1,1982,12,12,12,12,12,12,12,12,12,12
10687,1,1,1982,24,23,19,23,37,21,18,18,43,0
10687,2,1,1982,12,0,0,0,0,0,0,0,0,0
10688,1,1,1982,0,0,0,0,0,0,0,0,0,0
10688,2,1,1982,0,0,0,0,0,31,0,0,0,0
10689,1,1,1982,4,4,4,4,4,4,4,4,4,4
10689,2,1,1982,0,10,0,0,0,0,4,0,0,0
10690,1,1,1982,34,34,34,34,34,34,34,34,34,34
10691,1,1,1982,0,0,6,0,0,0,0,0,16,12
10691,2,1,1982,0,0,0,0,0,0,0,0,0,0
10692,1,1,1982,15,7,18,18,10,12,12,8,27,14
10693,1,1,1982,24,24,24,24,24,24,24,24,24,24
10694,1,1,1982,14,0,22,16,0,9,0,6,3,13
10695,1,1,1982,0,0,0,0,0,0,0,0,0,0
10695,2,1,1982,35,4,14,0,0,0,17,5,6,14
10696,1,1,1982,22,22,22,22,22,22,22,22,22,22
10697,1,1,1982,17,24,10,32,24,38,34,15,38,26
10698,1,1,1982,18,18,5,8,17,3,11,0,0,11
10698,2,1,1982,8,8,8,8,8,8,8,8,8,8
10699,1,1,1982,17,17,17,17,17,17,17,17,17,17
10700,1,1,1982,0,0,0,0,0,0,0,0,0,0
10700,2,1,1982,0,0,0,0,0,0,0,0,0,0
10701,0,1,1982,0,0,0,0,0,0,0,0,0,0
10701,1,1,1982,0,0,0,0,0,0,12,0,0,0
10702,1,1,1982,0,0,11,0,9,16,0,0,0,16
10703,1,1,1982,0,0,0,0,0,3,0,0,12,0
10705,1,1,1982,5,5,5,5,5,5,5,5,5,5
10706,1,1,1982,0,0,0,13,0,8,2,7,3,13
10706,2,1,1982,34,15,21,0,0,19,17,0,18,29
10707,1,1,1982,0,0,0,0,0,0,0,0,0,0
10707,2,1,1982,15,8,16,18,3,16,9,14,21,18
10708,1,1,1982,0,0,0,0,0,0,0,0,0,0
10708,2,1,1982,0,0,0,0,12,0,25,0,0,0
10709,1,1,1982,0,0,0,5,0,17,0,0,0,0
10709,2,1,1982,0,0,8,0,0,12,0,0,0,0
10710,1,1,1982,0,0,0,0,0,0,0,0,0,0
10711,1,1,1982,0,0,0,0,0,0,0,0,0,0
10711,2,1,1982,0,0,0,0,0,0,17,0,0,0
10712,1,1,1982,0,0,0,0,0,0,0,0,0,0
10712,2,1,1982,0,0,0,0,0,0,0,0,0,0
10713,1,1,1982,10,10,10,10,10,10,10,10,10,10
10714,1,1,1982,0,0,0,0,0,0,0,0,0,0
10714,2,1,1982,0,0,0,0,0,0,0,0,0,0
10715,1,1,1982,0,0,0,0,0,0,0,0,0,0
10715,2,1,1982,0,0,0,0,0,0,0,0,0,0
10716,1,1,1982,35,35,35,35,35,35,35,35,35,35
10717,0,1,1982,0,0,0,25,0,19,0,22,16,0
10717,1,1,1982,0,0,0,0,0,0,0,0,0,0
10718,1,1,1982,0,0,0,0,0,0,0,0,0,0
10719,1,1,1982,0,0,0,0,0,0,0,0,0,0
10719,2,1,1982,0,0,0,0,0,0,0,0,0,0
10720,1,1,1982,31,40,26,3,12,17,21,20,10,17
10721,1,1,1982,10,10,10,10,10,10,10,10,10,10
10722,1,1,1982,0,0,0,0,0,0,0,0,0,0
10723,0,1,1982,0,15,8,4,27,3,20,13,14,22
10723,1,1,1982,0,0,0,0,0,0,5,0,0,0
10724,1,1,1982,0,0,0,0,0,0,0,0,0,0
10724,2,1,1982,0,0,0,0,10,0,0,0,0,0
10725,0,1,1982,0,0,0,0,0,0,0,0,0,0
10725,1,1,1982,0,0,0,0,0,0,0,0,0,0
10726,1,1,1982,0,0,0,0,0,0,0,0,0,15
10726,2,1,1982,1,1,1,1,1,1,1,1,1,1
10727,1,1,1982,0,0,0,0,0,24,0,11,0,0
10727,2,1,1982,19,19,19,19,19,19,19,19,19,19
10728,1,1,1982,0,7,8,0,0,0,0,13,16,12
10728,2,1,1982,20,20,20,20,20,20,20,20,20,20
10729,1,1,1982,9,28,31,25,27,18,0,32,35,10
10730,0,1,1982,0,0,0,0,0,0,0,0,0,0
10730,1,1,1982,26,9,11,16,16,21,17,8,0,5
10731,1,1,1982,0,0,0,0,0,0,0,0,0,0
10731,2,1,1982,0,0,0,0,0,0,2,0,0,0
10731,3,1,1982,0,0,0,0,0,0,0,0,0,0
10732,1,1,1982,0,0,0,0,0,0,0,0,0,7
10732,2,1,1982,0,0,0,0,0,0,0,0,0,0
10733,1,1,1982,7,0,0,0,0,29,9,0,0,0
10733,2,1,1982,11,0,8,29,11,0,16,15,0,14
10734,1,1,1982,0,0,0,0,0,0,0,5,0,0
10734,2,1,1982,0,0,0,0,0,0,0,0,0,17
10735,1,1,1982,21,21,21,21,21,21,21,21,21,21
10736,1,1,1982,0,0,0,0,0,0,0,0,0,0
10737,1,1,1982,22,11,0,31,12,0,2,14,17,15
10738,0,1,1982,11,20,15,10,19,12,25,13,29,18
10738,1,1,1982,0,0,0,0,13,7,0,0,0,0
10739,1,1,1982,18,18,18,18,18,18,18,18,18,18
10739,2,1,1982,12,0,0,0,0,0,0,0,0,0
10740,1,1,1982,0,0,0,0,0,0,0,0,0,0
10740,2,1,1982,0,0,23,0,21,0,0,0,0,0
10741,1,1,1982,15,13,21,0,0,26,17,18,29,2
10742,0,1,1982,0,0,0,0,0,0,0,0,0,0
10742,1,1,1982,0,0,0,0,0,0,0,0,0,0
10743,1,1,1982,0,0,0,0,0,0,0,0,0,0
10743,2,1,1982,0,0,0,0,0,0,0,0,0,0
10744,0,1,1982,36,18,24,30,8,30,13,25,25,21
10744,1,1,1982,31,15,19,21,10,15,14,24,16,8
10745,1,1,1982,0,0,23,0,25,16,0,0,12,12
10746,1,1,1982,0,12,0,0,0,0,0,0,0,0
10747,1,1,1982,19,15,3,11,11,9,11,9,21,14
10747,2,1,1982,9,0,8,14,21,19,13,13,10,11
10748,1,1,1982,19,19,19,19,19,19,19,19,19,19
10749,0,1,1982,11,0,9,0,0,0,0,0,0,0
10750,1,1,1982,0,0,0,0,0,0,0,0,0,0
10751,1,1,1982,6,6,6,6,6,6,6,6,6,6
10751,2,1,1982,15,0,0,0,12,0,13,0,0,21
10752,1,1,1982,28,6,6,15,0,21,13,13,20,18
20001,1,1,1982,0,8,0,0,0,18,0,0,0,4
20001,2,1,1982,20,13,31,25,14,20,19,3,20,23
20003,1,1,1982,26,26,26,26,26,26,26,26,26,26
20003,2,1,1982,16,0,15,0,18,8,7,20,17,17
20004,1,1,1982,26,26,26,26,26,26,26,26,26,26
20005,1,1,1982,0,0,0,0,0,0,0,0,0,0
20005,2,1,1982,0,0,0,0,0,0,0,0,0,0
20006,1,1,1982,0,0,0,0,0,0,0,0,0,0
20006,2,1,1982,0,0,0,0,0,0,0,0,0,0
20007,1,1,1982,0,0,0,0,0,2,0,0,0,0
20008,1,1,1982,0,0,0,0,0,0,0,0,0,0
20008,2,1,1982,0,0,0,0,0,0,0,0,0,0
20009,1,1,1982,0,0,0,0,0,12,9,0,0,0
20009,2,1,1982,0,0,14,15,0,0,0,0,0,0
20010,1,1,1982,0,11,0,0,0,0,2,0,0,0
20010,2,1,1982,0,0,0,0,0,0,0,0,0,0
20012,1,1,1982,0,0,0,7,0,0,0,0,0,0
20012,2,1,1982,23,23,23,23,23,23,23,23,23,23
20013,1,1,1982,14,14,14,14,14,14,14,14,14,14
20013,2,1,1982,0,0,8,7,9,15,0,31,0,9
20014,1,1,1982,0,0,0,0,0,0,0,0,0,0
20014,2,1,1982,0,0,0,0,0,0,0,0,0,0
20016,1,1,1982,22,22,22,22,22,22,22,22,22,22
20017,1,1,1982,0,0,0,0,0,0,0,0,0,0
20017,2,1,1982,0,0,17,0,23,19,0,0,5,0
20018,1,1,1982,0,0,0,0,0,0,0,0,0,0
20018,3,1,1982,0,0,0,0,0,0,0,0,9,0
20019,1,1,1982,0,0,0,22,6,0,0,0,10,21
20020,1,1,1982,0,0,0,0,0,0,0,0,0,0
20021,1,1,1982,0,0,0,0,0,0,0,33,0,0
20021,2,1,1982,0,0,0,0,0,0,0,0,0,0
20022,1,1,1982,18,18,18,18,18,18,18,18,18,18
20023,1,1,1982,25,19,24,0,42,0,0,0,17,32
20023,2,1,1982,11,0,0,0,0,0,0,0,0,0
20024,0,1,1982,19,19,19,19,19,19,19,19,19,19
20024,0,2,1982,0,0,13,0,11,0,0,0,22,0
20024,1,1,1982,5,5,5,5,5,5,5,5,5,5
20025,1,1,1982,0,15,0,10,0,10,0,0,0,0
20025,2,1,1982,0,0,0,0,0,10,0,9,0,0
20026,0,1,1982,0,0,0,0,0,0,0,0,19,4
20026,1,1,1982,0,0,0,0,0,0,0,0,0,0
20027,1,1,1982,16,16,16,16,16,16,16,16,16,16
20027,2,1,1982,0,0,0,0,0,0,0,0,0,0
20028,1,1,1982,25,25,25,25,25,25,25,25,25,25
20029,1,1,1982,21,18,16,23,20,18,23,18,20,24
20030,1,1,1982,23,38,9,12,12,5,10,14,28,9
20030,2,1,1982,0,10,0,0,14,0,0,0,0,25
20031,1,1,1982,16,16,16,16,16,16,16,16,16,16
20032,1,1,1982,0,0,0,0,0,0,0,0,0,0
20033,1,1,1982,0,0,0,0,0,0,0,0,0,0
20033,2,1,1982,24,24,24,24,24,24,24,24,24,24
20034,0,1,1982,0,0,0,0,0,0,0,0,0,0
20034,1,1,1982,24,24,24,24,24,24,24,24,24,24
20035,1,1,1982,0,7,0,0,0,0,0,0,0,0
20035,2,1,1982,0,0,0,0,0,0,0,0,0,0
20036,1,1,1982,24,24,24,24,24,24,24,24,24,24
20036,2,1,1982,11,11,11,11,11,11,11,11,11,11
20037,1,1,1982,36,36,36,36,36,36,36,36,36,36
20038,1,1,1982,12,12,12,12,12,12,12,12,12,12
20039,1,1,1982,15,15,15,15,15,15,15,15,15,15
20040,1,1,1982,0,0,0,0,0,0,0,0,0,0
20041,1,1,1982,11,8,27,18,8,4,25,26,22,22
20041,2,1,1982,17,17,17,17,17,17,17,17,17,17
20042,0,1,1982,0,0,0,0,0,0,0,0,0,0
20042,1,1,1982,0,0,0,0,0,0,0,0,0,0
20043,1,1,1982,0,0,0,0,0,0,0,0,0,0
20043,2,1,1982,0,0,0,0,0,0,0,0,0,0
20044,1,1,1982,22,22,22,22,22,22,22,22,22,22
20045,1,1,1982,0,0,0,0,0,0,0,0,0,0
20046,1,1,1982,0,0,0,0,0,0,0,0,0,0
20046,2,1,1982,0,0,0,0,0,0,0,0,0,0
20047,1,1,1982,31,31,31,31,31,31,31,31,31,31
20048,1,1,1982,3,3,3,3,3,3,3,3,3,3
20048,2,1,1982,17,25,0,14,8,11,10,23,27,24
20049,1,1,1982,20,20,20,20,20,20,20,20,20,20
20050,1,1,1982,15,15,15,15,15,15,15,15,15,15
20050,2,1,1982,0,0,11,0,0,0,0,0,0,3
20050,3,1,1982,0,0,0,0,0,0,0,0,0,0
20051,1,1,1982,21,21,21,21,21,21,21,21,21,21
20051,2,1,1982,0,0,0,0,0,0,0,0,0,0
20052,1,1,1982,24,28,14,19,5,18,29,3,8,23
20052,2,1,1982,0,17,0,0,0,0,0,0,0,0
20053,1,1,1982,21,21,21,21,21,21,21,21,21,21
20053,2,1,1982,6,6,6,6,6,6,6,6,6,6
20054,1,1,1982,0,0,0,0,0,0,0,0,0,0
20054,2,1,1982,0,0,0,0,0,0,0,0,0,0
20055,1,1,1982,0,31,25,0,19,24,0,17,0,0
20056,1,1,1982,36,23,0,0,0,0,0,0,0,0
20057,0,1,1982,0,0,0,0,0,0,0,0,0,0
20057,1,1,1982,14,14,14,14,14,14,14,14,14,14
20058,1,1,1982,12,12,12,12,12,12,12,12,12,12
20058,2,1,1982,0,0,0,0,7,0,0,7,0,0
20059,1,1,1982,0,0,0,53,0,0,2,0,0,29
20060,0,1,1982,0,0,0,22,0,0,0,0,11,33
20060,1,1,1982,0,0,5,0,0,0,0,0,0,0
20061,1,1,1982,18,0,16,22,13,11,36,26,17,0
20062,1,1,1982,24,24,24,24,24,24,24,24,24,24
20062,2,1,1982,0,0,0,0,0,0,0,0,0,0
20063,1,1,1982,16,16,16,16,16,16,16,16,16,16
20064,0,1,1982,0,24,0,26,3,0,0,0,15,3
20064,1,1,1982,0,0,0,0,0,0,0,0,0,0
20065,1,1,1982,0,0,0,6,0,0,0,17,17,7
20065,2,1,1982,11,27,9,16,6,24,15,19,5,27
20066,1,1,1982,0,0,0,0,0,0,0,18,0,0
20066,2,1,1982,0,0,0,28,0,0,0,0,0,0
20067,0,1,1982,0,0,0,7,0,7,0,0,0,0
20068,1,1,1982,19,19,19,19,19,19,19,19,19,19
20069,1,1,1982,16,4,27,29,23,25,14,14,28,13
20071,1,1,1982,0,0,0,0,0,0,0,0,0,0
20071,2,1,1982,0,0,0,0,0,0,0,0,0,0
20072,1,1,1982,0,0,0,0,0,0,0,0,0,0
20072,2,1,1982,0,0,0,15,0,19,0,0,0,0
20073,1,1,1982,14,14,14,14,14,14,14,14,14,14
20073,2,1,1982,2,2,2,2,2,2,2,2,2,2
20074,1,1,1982,10,10,10,10,10,10,10,10,10,10
20075,0,1,1982,14,0,26,21,0,0,0,29,0,30
20075,1,1,1982,0,0,10,0,0,0,7,0,0,0
20076,1,1,1982,24,24,24,24,24,24,24,24,24,24
20077,1,1,1982,0,0,18,0,0,0,0,0,9,0
20078,1,1,1982,0,0,0,0,0,0,0,0,0,0
20079,1,1,1982,15,15,15,15,15,15,15,15,15,15
20080,0,1,1982,0,0,0,0,0,0,11,0,0,0
20080,1,1,1982,0,0,0,0,0,0,0,0,0,0
20081,1,1,1982,26,26,26,26,26,26,26,26,26,26
20081,2,1,1982,6,6,6,6,6,6,6,6,6,6
20082,0,1,1982,0,0,0,0,0,0,0,0,8,0
20082,1,1,1982,0,0,0,0,0,0,9,0,0,0
20083,1,1,1982,22,22,22,22,22,22,22,22,22,22
20084,1,1,1982,20,20,20,20,20,20,20,20,20,20
20084,2,1,1982,0,0,0,0,0,0,6,0,0,0
20085,0,1,1982,37,37,37,37,37,37,37,37,37,37
20085,1,1,1982,0,0,0,0,0,0,0,0,0,0
20086,0,1,1982,33,33,33,33,33,33,33,33,33,33
20086,1,1,1982,17,26,14,35,19,2,29,14,25,26
20087,1,1,1982,7,13,18,29,13,20,9,24,20,17
20087,2,1,1982,35,9,0,21,6,0,0,14,18,29
20088,1,1,1982,18,32,17,28,16,21,28,12,17,9
20089,1,1,1982,0,0,0,10,0,0,0,0,0,0
20089,2,1,1982,0,0,0,0,0,0,0,0,0,0
20090,1,1,1982,0,0,0,16,0,19,0,0,0,0
20091,0,1,1982,26,26,26,26,26,26,26,26,26,26
20091,1,1,1982,0,0,0,0,0,0,0,0,0,0
20092,1,1,1982,0,0,0,0,0,7,19,0,0,0
20092,2,1,1982,0,0,0,0,12,0,0,0,0,0
20092,3,1,1982,0,0,0,0,0,0,0,0,0,0
20093,1,1,1982,17,22,19,17,13,13,22,26,16,14
20094,1,1,1982,27,27,27,27,27,27,27,27,27,27
20094,2,1,1982,0,0,0,0,0,0,0,0,0,0
20095,1,1,1982,17,4,28,34,16,24,36,22,9,21
20096,1,1,1982,23,23,23,23,23,23,23,23,23,23
20097,1,1,1982,0,0,0,0,0,0,0,0,0,0
20097,2,1,1982,15,0,0,0,0,0,0,0,0,0
20098,1,1,1982,35,35,35,35,35,35,35,35,35,35
20099,0,1,1982,0,0,0,0,0,0,0,0,0,0
20099,1,1,1982,0,0,0,0,0,0,0,0,0,0
20100,1,1,1982,0,0,0,0,0,0,0,0,0,0
20100,2,1,1982,8,0,0,0,0,0,0,0,0,15
20100,3,1,1982,0,0,0,0,0,0,0,25,0,0
20100,4,1,1982,0,0,0,0,0,0,0,0,0,0
40001,2,1,1982,0,0,0,0,0,0,0,0,0,0
40002,0,1,1982,0,21,0,0,0,30,23,23,18,5
40002,1,1,1982,0,12,0,0,9,0,11,0,0,0
40003,1,1,1982,11,9,0,0,18,0,14,0,0,0
40004,1,1,1982,12,23,19,15,14,18,13,9,29,22
40005,1,1,1982,0,0,0,0,0,0,0,0,0,0
40005,2,1,1982,0,0,0,0,0,0,0,0,0,0
40006,0,1,1982,16,20,12,13,16,16,6,13,18,0
40006,1,1,1982,0,0,0,0,0,0,0,0,0,0
40007,1,1,1982,0,0,0,0,0,0,0,0,0,0
40007,2,1,1982,0,0,0,0,0,0,0,0,0,0
40008,1,1,1982,0,0,0,0,0,0,0,0,0,0
40008,2,1,1982,0,0,0,0,0,0,0,0,0,0
40009,1,1,1982,0,0,0,0,0,0,0,0,0,0
40009,2,1,1982,0,0,0,0,0,0,0,0,0,18
40010,0,1,1982,34,34,34,34,34,34,34,34,34,34
40010,1,1,1982,0,0,0,0,0,0,13,0,0,0
40011,0,1,1982,6,6,6,6,6,6,6,6,6,6
40011,1,1,1982,0,0,0,0,0,0,0,3,0,0
40012,1,1,1982,0,0,0,0,0,0,0,0,0,0
40013,0,1,1982,0,6,0,0,0,0,28,0,0,0
40013,1,1,1982,0,0,0,0,0,19,0,0,0,0
40014,0,1,1982,0,0,33,0,0,0,0,20,0,0
40014,1,1,1982,0,0,0,0,0,14,0,0,0,0
40015,0,1,1982,18,18,18,18,18,18,18,18,18,18
40015,1,1,1982,0,0,0,0,0,0,0,0,0,0
40015,2,1,1982,0,0,0,0,0,0,0,0,0,0
40016,1,1,1982,0,0,0,0,0,0,0,0,0,0
40016,2,1,1982,0,0,0,21,15,0,0,0,0,0
40017,1,1,1982,18,18,18,18,18,18,18,18,18,18
40018,1,1,1982,14,24,25,18,24,13,11,26,12,24
40019,0,1,1982,23,23,23,23,23,23,23,23,23,23
40019,1,1,1982,20,26,13,22,5,16,11,15,18,19
40020,1,1,1982,0,0,0,0,0,0,0,0,12,0
40021,1,1,1982,17,12,0,0,11,5,0,9,0,0
40022,1,1,1982,0,0,0,0,0,0,0,0,11,0
40022,2,1,1982,0,7,0,0,0,0,2,0,0,0
40023,0,1,1982,0,0,0,0,0,0,0,0,0,0
40023,1,1,1982,0,0,0,0,9,0,0,0,0,0
40024,1,1,1982,17,3,18,11,11,4,0,9,17,18
40024,2,1,1982,0,0,0,0,0,0,0,0,0,0
40025,1,1,1982,0,0,0,0,0,0,0,0,0,0
40025,2,1,1982,1,1,1,1,1,1,1,1,1,1
40026,0,1,1982,0,0,0,0,0,0,0,0,0,0
40026,1,1,1982,0,20,0,0,0,4,6,0,0,0
40027,0,1,1982,0,18,0,0,0,9,4,0,0,0
40027,0,2,1982,0,0,0,0,0,0,0,0,0,0
40027,1,1,1982,0,0,0,0,0,0,0,0,0,0
40028,1,1,1982,20,22,24,0,20,8,17,19,0,9
40028,2,1,1982,0,0,0,0,0,0,0,0,0,0
40029,1,1,1982,27,22,12,15,11,10,13,8,14,19
40030,1,1,1982,0,0,0,0,0,0,0,0,0,0
40030,2,1,1982,0,0,0,0,0,0,0,9,0,0
40031,1,1,1982,10,10,10,10,10,10,10,10,10,10
40031,2,1,1982,0,0,0,0,0,0,12,0,23,0
40032,0,1,1982,0,0,0,0,0,0,0,0,0,0
40032,1,1,1982,0,0,0,0,0,0,0,0,0,0
40033,1,1,1982,0,15,0,6,35,0,0,10,0,8
40034,1,1,1982,23,23,23,23,23,23,23,23,23,23
40034,2,1,1982,0,0,0,0,3,0,0,0,0,0
40035,1,1,1982,20,20,20,20,20,20,20,20,20,20
40036,1,1,1982,0,0,0,0,0,0,0,0,0,0
40036,2,1,1982,1,1,1,1,1,1,1,1,1,1
40037,0,1,1982,0,0,0,0,0,0,0,0,0,0
40037,1,1,1982,0,0,0,0,0,0,0,0,0,0
40038,1,1,1982,0,0,25,12,0,0,0,0,0,7
40039,1,1,1982,19,13,8,14,20,13,20,29,21,20
40040,1,1,1982,13,19,16,11,0,21,13,12,15,0
40041,0,1,1982,0,0,0,0,0,0,0,0,0,0
40041,1,1,1982,0,0,0,6,0,0,0,0,0,0
40042,1,1,1982,0,0,0,0,0,0,0,0,0,0
40042,2,1,1982,0,13,17,0,16,13,28,16,28,0
40043,1,1,1982,0,0,0,0,16,11,0,0,0,0
40043,2,1,1982,0,0,0,0,0,0,0,0,0,0
40044,0,1,1982,0,0,0,0,0,0,0,0,0,0
40044,1,1,1982,0,0,0,0,0,0,0,0,0,0
40045,1,1,1982,22,22,22,22,22,22,22,22,22,22
40046,1,1,1982,0,0,0,0,0,0,0,0,0,0
40046,2,1,1982,15,12,0,0,11,0,0,17,0,0
40047,0,1,1982,0,0,0,0,0,0,0,0,0,0
40047,1,1,1982,0,0,0,0,0,0,0,0,0,0
40047,2,1,1982,0,0,0,0,0,0,0,0,0,0
40048,0,1,1982,11,11,11,11,11,11,11,11,11,11
40048,1,1,1982,16,16,16,16,16,16,16,16,16,16
40049,1,1,1982,0,0,0,0,0,9,0,0,0,0
40049,2,1,1982,0,0,0,0,0,0,0,0,0,0
40050,1,1,1982,0,0,0,0,0,0,0,0,0,24
40051,1,1,1982,30,30,30,30,30,30,30,30,30,30
40052,0,1,1982,14,0,34,0,10,16,37,16,24,0
40052,1,1,1982,17,9,14,15,10,17,7,12,15,20
40053,1,1,1982,11,14,0,6,3,9,17,17,12,19
40053,2,1,1982,6,6,6,6,6,6,6,6,6,6
40054,1,1,1982,0,0,0,0,0,0,0,0,0,0
40054,2,1,1982,0,0,0,0,0,0,0,0,0,0
40055,1,1,1982,0,0,0,19,0,24,0,0,0,0
40055,2,1,1982,0,0,0,0,0,0,0,0,0,0
40056,1,1,1982,0,0,0,0,0,0,0,0,0,0
40056,2,1,1982,0,0,0,0,0,0,0,0,0,0
40057,0,1,1982,0,0,0,0,0,0,0,0,0,0
40057,0,2,1982,0,0,0,0,0,0,0,0,0,0
40057,0,3,1982,0,0,0,0,0,0,0,0,0,0
40057,1,1,1982,4,9,2,7,0,15,11,31,27,16
40058,0,1,1982,0,18,19,19,0,36,0,14,0,0
40058,1,1,1982,0,0,0,0,0,0,0,0,0,0
40059,1,1,1982,18,18,18,18,18,18,18,18,18,18
40060,1,1,1982,7,8,28,11,20,19,12,18,12,6