ST_CASE,VEH_NO,PER_NO,YEAR,P1,P2,P3,P4,P5,P6,P7,P8,P9,P10
40350,1,1,1982,0,0,0,0,0,0,0,0,0,0
40351,1,1,1982,15,15,15,15,15,15,15,15,15,15
40352,1,1,1982,0,0,0,0,0,0,0,0,0,0
40352,2,1,1982,0,0,0,0,0,0,0,0,0,0
40353,1,1,1982,0,0,0,0,0,0,0,0,0,0
40354,1,1,1982,18,11,16,0,0,34,0,40,12,25
40355,1,1,1982,0,0,9,0,0,0,0,0,8,0
40356,1,1,1982,9,3,18,9,18,20,13,26,8,27
40356,2,1,1982,0,0,0,0,0,0,0,0,0,0
40357,1,1,1982,30,10,27,16,32,27,11,24,8,30
40358,1,1,1982,0,0,0,0,22,0,0,24,0,0
40359,1,1,1982,19,0,0,0,3,0,9,14,0,11
40360,1,1,1982,0,0,0,0,0,0,0,0,0,0
40361,0,1,1982,0,12,6,0,0,14,0,7,8,35
40361,1,1,1982,0,0,0,0,18,11,0,4,22,12
40362,0,1,1982,0,0,30,0,0,18,0,0,21,0
40362,1,1,1982,0,0,0,0,0,0,0,0,16,0
40363,0,1,1982,0,0,0,0,0,0,0,0,0,0
40363,1,1,1982,16,17,11,11,14,23,12,14,26,9
40364,0,1,1982,0,0,0,0,0,0,14,0,0,0
40364,1,1,1982,0,0,0,0,0,0,0,0,0,0
40365,1,1,1982,9,0,12,15,0,0,29,20,18,13
40365,2,1,1982,0,0,0,0,0,0,0,0,2,0
40366,1,1,1982,0,0,0,0,0,0,4,0,0,0
40367,1,1,1982,17,17,17,17,17,17,17,17,17,17
40368,0,1,1982,0,0,0,0,0,0,0,0,0,0
40368,1,1,1982,9,9,9,9,9,9,9,9,9,9
40369,1,1,1982,11,11,11,11,11,11,11,11,11,11
40370,0,1,1982,10,10,10,10,10,10,10,10,10,10
40370,1,1,1982,0,0,0,0,0,0,0,0,0,0
40371,1,1,1982,0,0,0,0,0,0,2,0,0,0
40371,2,1,1982,0,0,0,0,0,0,0,0,0,0
40372,1,1,1982,27,22,27,0,15,26,9,10,14,13
40373,1,1,1982,25,25,25,25,25,25,25,25,25,25
40374,1,1,1982,15,15,15,15,15,15,15,15,15,15
40374,2,1,1982,26,18,13,14,11,12,0,25,30,28
40374,3,1,1982,6,15,13,18,6,18,10,25,9,13
40375,1,1,1982,0,0,0,0,0,0,0,4,0,0
40376,0,1,1982,0,0,0,0,0,0,0,15,0,12
40376,0,2,1982,0,0,0,0,0,0,0,0,0,0
40376,0,3,1982,0,0,0,0,0,0,0,0,0,0
40376,1,1,1982,22,17,19,26,28,26,17,32,34,26
40377,1,1,1982,1,1,1,1,1,1,1,1,1,1
40377,2,1,1982,0,0,0,0,0,0,0,0,0,0
40378,1,1,1982,0,0,0,0,0,0,15,9,0,0
40378,2,1,1982,0,0,0,0,0,0,0,0,0,0
40379,0,1,1982,0,0,0,0,0,6,0,3,5,0
40379,1,1,1982,12,0,0,22,18,17,15,3,8,0
40380,0,1,1982,12,12,12,12,12,12,12,12,12,12
40380,1,1,1982,30,26,17,0,29,20,28,13,0,12
40381,1,1,1982,17,0,25,3,0,0,12,0,0,0
40381,2,1,1982,0,10,0,0,0,0,26,5,10,0
40381,3,1,1982,0,0,0,0,0,0,0,0,0,0
40382,1,1,1982,0,0,12,0,0,25,0,9,19,15
40383,1,1,1982,0,0,0,0,0,0,0,31,0,0
40384,0,1,1982,0,0,0,0,0,0,0,0,0,0
40384,1,1,1982,0,0,0,0,0,0,0,0,0,0
40385,1,1,1982,0,0,0,0,0,0,0,0,0,0
40385,2,1,1982,0,0,0,0,0,6,0,0,8,0
40386,1,1,1982,0,0,0,0,0,0,0,0,0,0
40386,2,1,1982,0,0,0,0,0,0,0,0,0,0
40387,0,1,1982,0,0,0,0,0,0,0,0,0,0
40387,1,1,1982,10,10,10,10,10,10,10,10,10,10
40388,1,1,1982,15,15,15,15,15,15,15,15,15,15
40389,1,1,1982,9,0,0,0,0,0,9,0,0,10
40390,1,1,1982,0,11,0,0,0,0,0,0,0,0
40391,1,1,1982,18,18,18,18,18,18,18,18,18,18
40391,2,1,1982,0,8,0,0,0,0,0,0,12,0
40392,1,1,1982,0,0,0,0,0,0,0,0,0,0
40392,2,1,1982,0,0,0,0,0,0,0,0,0,0
40393,1,1,1982,6,6,6,6,6,6,6,6,6,6
40393,2,1,1982,0,0,0,0,0,0,0,0,25,0
40394,1,1,1982,0,0,0,0,0,0,0,0,0,0
40394,2,1,1982,0,0,0,0,0,0,0,0,0,0
40395,1,1,1982,14,19,12,19,4,21,20,0,26,26
40396,1,1,1982,6,23,46,23,17,13,30,23,23,31
40397,0,1,1982,0,8,0,10,18,0,0,0,0,0
40397,1,1,1982,0,0,0,0,0,0,0,0,0,0
40398,1,1,1982,0,0,0,0,0,0,13,0,0,0
40399,1,1,1982,15,15,13,7,17,33,19,15,15,11
40400,1,1,1982,23,21,25,11,19,12,15,11,21,11
40401,1,1,1982,0,0,18,15,21,17,30,15,28,20
40402,1,1,1982,8,27,22,25,21,18,22,18,0,27
40403,1,1,1982,7,21,6,0,23,16,16,18,8,15
40403,2,1,1982,0,0,0,0,0,0,0,0,0,0
40403,3,1,1982,0,0,0,0,11,0,0,0,0,0
40404,1,1,1982,0,0,0,0,0,0,0,0,0,0
40405,1,1,1982,16,14,9,10,9,8,4,0,12,6
40406,0,1,1982,0,22,0,0,0,0,0,0,2,0
40406,0,2,1982,0,0,0,0,0,0,15,0,0,0
40406,1,1,1982,0,5,0,0,0,0,7,0,0,0
40406,2,1,1982,5,18,0,0,0,0,22,0,10,0
40407,1,1,1982,0,0,0,0,21,0,0,0,0,0
40408,0,1,1982,27,27,27,27,27,27,27,27,27,27
40408,1,1,1982,0,0,11,0,0,0,0,0,0,0
40409,1,1,1982,0,0,0,15,15,0,0,17,10,0
40410,1,1,1982,24,24,24,24,24,24,24,24,24,24
40410,2,1,1982,0,0,0,0,0,0,0,17,0,20
40411,1,1,1982,0,0,0,0,0,0,0,0,0,0
40412,0,1,1982,0,0,0,0,0,0,0,0,0,0
40412,1,1,1982,0,0,0,0,0,0,0,0,0,0
40413,0,1,1982,0,0,0,0,0,0,0,0,0,0
40413,1,1,1982,0,0,0,0,0,0,0,0,0,0
40414,1,1,1982,0,0,0,0,0,0,0,0,0,0
40414,2,1,1982,12,0,0,0,0,9,0,0,0,0
40415,1,1,1982,0,0,0,0,0,0,0,0,0,0
40415,2,1,1982,0,0,0,0,0,0,0,0,0,0
40416,0,1,1982,0,0,0,0,0,0,0,0,0,0
40416,1,1,1982,0,0,0,0,0,0,0,0,0,0
40417,1,1,1982,0,0,0,0,0,0,0,0,0,0
40418,1,1,1982,18,18,18,18,18,18,18,18,18,18
40418,2,1,1982,0,0,0,0,0,0,0,0,0,0
40419,0,1,1982,20,20,20,20,20,20,20,20,20,20
40419,1,1,1982,0,0,0,0,0,0,0,26,0,0
40420,1,1,1982,0,0,0,0,0,0,0,0,0,0
40420,2,1,1982,0,0,0,0,0,0,0,0,0,0
40421,1,1,1982,25,25,25,25,25,25,25,25,25,25
40423,1,1,1982,0,0,0,0,0,0,0,0,0,0
40423,2,1,1982,0,0,0,0,0,0,0,0,0,0
40424,1,1,1982,12,12,12,12,12,12,12,12,12,12
40424,2,1,1982,0,0,0,0,0,0,0,0,0,0
40425,1,1,1982,7,7,7,7,7,7,7,7,7,7
40426,1,1,1982,15,15,15,15,15,15,15,15,15,15
40427,1,1,1982,0,0,0,0,0,0,0,0,0,0
40427,2,1,1982,0,0,0,0,0,0,0,0,0,0
40428,1,1,1982,9,9,9,9,9,9,9,9,9,9
40429,1,1,1982,0,0,0,0,0,0,0,0,0,0
40429,2,1,1982,0,0,0,0,0,0,0,0,0,0
40430,1,1,1982,0,0,0,0,0,0,0,0,0,0
40430,2,1,1982,0,0,0,0,0,0,0,0,0,0
40431,1,1,1982,10,10,10,10,10,10,10,10,10,10
40431,2,1,1982,0,0,7,0,0,0,0,0,0,0
40432,1,1,1982,0,0,0,0,0,0,13,0,0,0
40432,2,1,1982,0,0,0,0,0,4,0,0,0,0
40433,0,1,1982,23,31,31,29,39,32,21,25,36,36
40433,1,1,1982,0,0,0,0,0,0,6,0,0,0
40434,1,1,1982,25,0,0,0,0,0,0,0,8,0
40434,2,1,1982,0,0,0,0,0,0,0,0,0,0
40435,1,1,1982,12,12,12,12,12,12,12,12,12,12
40436,1,1,1982,0,0,0,8,0,3,0,0,6,0
40436,2,1,1982,0,0,0,0,0,0,0,0,0,0
40437,1,1,1982,8,26,0,7,18,3,12,18,12,9
40438,1,1,1982,8,9,0,0,0,0,20,0,14,0
40438,2,1,1982,0,29,13,0,0,13,11,0,23,21
40439,0,1,1982,0,32,0,0,36,23,22,26,0,0
40439,1,1,1982,0,0,11,0,0,25,22,0,0,0
40440,1,1,1982,53,0,0,0,0,12,0,15,0,0
40441,0,1,1982,0,0,0,0,0,0,0,0,0,0
40441,1,1,1982,0,0,0,0,0,0,0,0,0,0
40442,1,1,1982,0,11,0,0,0,0,0,0,25,0
40443,1,1,1982,0,0,0,0,0,0,0,0,0,0
40443,2,1,1982,0,0,0,0,0,0,0,0,0,0
40444,1,1,1982,19,19,19,19,19,19,19,19,19,19
40444,2,1,1982,0,0,0,0,0,0,0,0,0,0
40444,3,1,1982,0,0,0,14,0,0,0,19,0,0
40445,1,1,1982,4,4,4,4,4,4,4,4,4,4
40445,2,1,1982,0,0,0,0,0,0,0,0,0,0
40446,1,1,1982,12,12,12,12,12,12,12,12,12,12
40447,1,1,1982,24,24,24,24,24,24,24,24,24,24
40447,2,1,1982,0,0,0,0,0,0,0,0,0,0
40448,0,1,1982,28,28,0,24,6,24,20,26,35,21
40448,1,1,1982,0,0,0,0,9,0,7,0,9,0
40449,0,1,1982,0,0,0,0,0,0,0,0,0,0
40449,1,1,1982,0,20,0,13,26,15,0,0,23,20
40450,0,1,1982,16,16,16,16,16,16,16,16,16,16
40450,1,1,1982,0,0,0,0,0,0,0,0,0,12
40451,1,1,1982,12,0,14,0,20,10,3,0,31,0
40452,1,1,1982,10,10,10,10,10,10,10,10,10,10
40452,2,1,1982,0,0,0,0,0,0,0,3,0,0
40453,1,1,1982,22,22,22,22,22,22,22,22,22,22
40454,0,1,1982,23,15,14,9,17,22,15,22,25,0
40454,1,1,1982,0,0,0,0,0,0,0,0,0,0
40455,1,1,1982,0,0,0,0,0,0,0,0,0,5
40455,2,1,1982,0,0,0,0,0,0,0,0,0,0
40456,1,1,1982,11,16,20,23,31,27,13,20,20,25
40456,2,1,1982,0,0,0,0,0,0,0,0,0,0
40457,1,1,1982,0,0,0,0,18,0,11,0,3,0
40457,2,1,1982,0,0,0,0,0,0,0,0,0,0
40458,1,1,1982,28,28,28,28,28,28,28,28,28,28
40459,1,1,1982,0,0,5,0,0,0,0,17,0,0
40459,2,1,1982,0,0,0,0,0,0,0,0,0,0
40460,1,1,1982,22,22,22,22,22,22,22,22,22,22
40461,1,1,1982,0,0,0,0,0,0,20,0,0,15
40462,1,1,1982,32,23,34,11,13,13,19,19,18,16
40463,1,1,1982,21,21,21,21,21,21,21,21,21,21
40464,1,1,1982,0,0,0,0,0,0,0,0,0,0
40464,2,1,1982,0,0,0,0,0,0,0,0,0,0
40465,1,1,1982,21,26,6,14,33,19,19,2,22,19
40466,0,1,1982,0,0,0,0,0,0,0,0,0,0
40466,0,2,1982,0,0,0,0,0,0,0,6,0,0
40466,1,1,1982,29,17,20,11,32,30,23,22,10,5
40467,0,1,1982,0,0,0,0,0,0,0,0,0,0
40467,1,1,1982,14,14,14,14,14,14,14,14,14,14
40468,1,1,1982,25,25,25,25,25,25,25,25,25,25
40469,1,1,1982,25,25,25,25,25,25,25,25,25,25
40470,1,1,1982,18,0,8,10,24,3,13,16,0,20
40471,1,1,1982,23,13,34,18,46,30,25,22,20,0
40471,2,1,1982,0,14,0,0,0,0,0,0,0,0
40472,0,1,1982,0,0,28,23,9,25,18,12,28,25
40472,1,1,1982,0,0,0,0,0,0,0,0,0,0
40473,1,1,1982,0,0,8,0,19,0,0,0,0,0
40474,0,1,1982,22,22,22,22,22,22,22,22,22,22
40474,1,1,1982,0,0,0,0,0,0,0,0,0,0
40475,1,1,1982,20,31,29,15,28,21,16,25,29,28
40476,1,1,1982,0,0,17,0,0,0,22,0,22,0
40477,0,1,1982,19,34,14,0,15,27,16,22,7,1
40477,1,1,1982,0,0,7,0,0,0,6,0,17,0
40478,0,1,1982,11,11,11,11,11,11,11,11,11,11
40478,1,1,1982,0,0,0,0,0,0,0,14,0,0
40478,2,1,1982,0,0,0,0,0,0,0,0,0,0
40479,1,1,1982,4,0,0,0,0,0,20,22,21,13
40480,0,1,1982,0,0,0,0,0,0,0,0,0,0
40480,1,1,1982,0,0,0,0,0,0,3,0,0,0
40481,1,1,1982,0,0,0,0,0,0,0,0,0,0
40482,1,1,1982,0,0,0,0,0,0,0,0,0,0
40483,1,1,1982,17,17,17,17,17,17,17,17,17,17
40484,0,1,1982,0,0,0,0,0,0,9,5,0,0
40484,1,1,1982,0,0,0,0,0,0,0,0,0,0
40485,1,1,1982,0,0,0,0,0,0,0,0,0,0
40485,2,1,1982,0,0,0,0,0,0,0,0,0,0
40485,3,1,1982,0,0,10,0,0,0,0,0,0,0
40485,4,1,1982,0,0,2,0,0,0,0,0,0,0
40486,0,1,1982,16,0,0,0,0,0,0,0,0,0
40486,1,1,1982,0,0,0,0,0,0,0,0,0,0
40486,2,1,1982,0,0,0,0,0,0,0,0,0,0
40486,3,1,1982,0,0,0,0,0,0,0,0,0,0
40486,4,1,1982,0,0,0,0,0,0,0,0,0,0
40487,1,1,1982,0,25,0,5,0,23,14,0,8,0
40487,2,1,1982,22,22,22,22,22,22,22,22,22,22
40488,1,1,1982,9,19,0,0,15,0,0,33,0,15
40489,1,1,1982,24,24,24,24,24,24,24,24,24,24
40490,0,1,1982,21,21,21,21,21,21,21,21,21,21
40490,1,1,1982,0,0,0,17,11,4,12,0,0,8
40491,1,1,1982,22,11,15,12,20,11,13,23,15,11
40491,2,1,1982,0,0,0,0,0,0,0,13,0,0
40492,0,1,1982,0,0,0,0,0,0,0,0,0,0
40492,1,1,1982,0,0,0,0,0,0,0,0,0,0
40493,1,1,1982,15,15,15,15,15,15,15,15,15,15
40494,1,1,1982,0,0,0,0,0,0,0,0,0,0
40494,2,1,1982,0,22,0,0,1,16,0,0,0,0
40495,1,1,1982,0,0,0,0,0,0,0,0,0,0
40495,2,1,1982,0,0,0,13,0,0,0,0,0,0
40496,0,1,1982,0,0,12,21,0,23,15,0,0,18
40496,1,1,1982,18,29,24,19,17,24,20,33,15,11
40497,1,1,1982,0,0,0,0,0,0,0,0,0,0
40498,1,1,1982,19,0,0,29,25,0,0,2,0,0
40499,1,1,1982,6,3,14,13,20,26,36,6,23,10
40500,0,1,1982,23,36,17,0,25,5,32,30,18,15
40500,1,1,1982,0,0,0,0,0,0,0,0,0,0
40501,0,1,1982,17,10,31,12,0,24,0,6,21,20
40501,1,1,1982,7,0,30,7,18,4,23,11,0,19
40502,0,1,1982,19,19,19,19,19,19,19,19,19,19
40502,1,1,1982,0,11,0,0,13,18,0,0,0,0
40503,1,1,1982,11,0,20,7,25,0,22,26,19,18
40504,1,1,1982,7,7,0,17,22,23,18,0,6,6
40505,1,1,1982,23,5,18,10,11,9,13,17,27,8
40505,2,1,1982,0,0,0,0,0,0,0,0,0,0
40505,3,1,1982,0,0,0,0,0,17,0,0,0,0
40506,1,1,1982,0,0,0,0,0,0,0,0,0,0
40506,2,1,1982,0,0,0,0,0,0,0,0,0,0
40506,3,1,1982,9,0,0,0,0,0,0,0,0,0
40507,1,1,1982,0,0,0,0,0,0,0,0,0,0
40507,2,1,1982,0,0,0,0,0,0,0,0,0,0
40508,1,1,1982,0,0,3,9,14,16,22,24,5,39
40509,0,1,1982,36,36,36,36,36,36,36,36,36,36
40509,1,1,1982,0,0,0,0,0,0,0,0,0,0
40510,1,4,1982,0,0,24,0,0,0,15,0,16,25
40511,1,1,1982,27,27,27,27,27,27,27,27,27,27
40511,2,1,1982,0,0,9,0,0,0,0,0,8,0
40512,1,1,1982,5,6,13,20,0,19,9,12,21,12
40512,2,1,1982,3,3,3,3,3,3,3,3,3,3
40513,1,1,1982,0,0,0,0,0,0,0,0,0,0
40514,1,1,1982,25,25,25,25,25,25,25,25,25,25
40515,1,1,1982,0,0,0,0,0,0,0,0,0,0
40515,2,1,1982,19,17,0,0,17,0,22,26,14,13
40516,0,1,1982,0,0,0,0,0,0,0,0,7,9
40516,1,1,1982,0,0,0,0,0,0,0,0,0,0
40517,1,1,1982,0,0,0,0,0,0,0,0,0,0
40517,2,1,1982,0,0,0,11,0,0,10,0,0,0
40518,0,1,1982,0,0,0,0,0,0,0,0,0,0
40518,1,1,1982,0,0,0,0,0,0,13,0,0,0
40519,1,1,1982,17,18,11,14,23,14,4,25,11,17
40519,2,1,1982,19,0,0,0,40,11,0,20,8,17
40520,1,1,1982,18,22,0,20,24,19,16,3,16,13
40520,2,1,1982,0,0,0,0,0,0,0,0,0,0
40521,0,1,1982,0,0,22,0,0,0,0,0,15,0
40521,1,1,1982,0,0,0,0,0,0,0,0,0,0
40522,0,1,1982,0,0,0,0,0,0,0,0,0,0
40522,1,1,1982,0,0,24,0,0,0,0,22,0,0
40522,2,1,1982,0,31,15,13,31,0,8,8,22,17
40522,3,1,1982,0,0,0,0,0,0,0,16,0,0
40523,1,1,1982,0,0,0,0,0,0,0,0,0,0
40523,2,1,1982,0,0,0,0,0,0,0,0,0,0
40524,0,1,1982,2,2,2,2,2,2,2,2,2,2
40524,1,1,1982,0,0,0,0,0,0,0,0,0,0
40525,1,1,1982,10,10,10,10,10,10,10,10,10,10
40525,2,1,1982,0,0,0,0,0,3,0,0,0,0
40525,3,1,1982,0,0,0,0,0,0,0,0,8,0
40526,1,1,1982,23,32,12,22,7,27,29,11,20,15
40527,0,1,1982,9,0,14,13,20,9,11,17,0,0
40527,1,1,1982,0,0,0,18,0,0,0,0,0,0
40528,1,1,1982,0,0,0,0,0,0,0,0,0,0
40529,1,1,1982,0,0,0,0,0,0,20,0,0,0
40529,2,1,1982,29,29,29,29,29,29,29,29,29,29
40530,0,1,1982,0,0,0,0,0,0,0,0,0,0
40530,1,1,1982,0,0,0,0,0,0,0,0,0,0
40531,1,1,1982,14,3,11,17,7,10,9,7,8,4
40531,2,1,1982,0,0,0,0,0,0,0,0,0,0
40532,0,1,1982,16,16,16,16,16,16,16,16,16,16
40532,1,1,1982,0,0,0,17,0,0,0,0,0,0
40533,1,1,1982,0,0,0,0,0,0,0,0,12,5
40533,2,1,1982,0,0,0,0,0,0,0,0,0,0
40534,0,1,1982,0,0,0,0,0,0,0,0,0,0
40534,1,1,1982,0,0,0,0,0,0,0,0,0,0
40535,0,1,1982,0,0,0,0,0,0,0,0,0,0
40535,0,2,1982,0,0,0,0,0,0,0,0,0,0
40535,1,1,1982,18,11,9,16,14,20,9,16,24,0
40536,1,1,1982,0,7,0,14,17,0,0,15,7,0
40537,0,1,1982,0,0,0,8,0,0,0,0,0,0
40537,1,1,1982,0,0,0,0,0,0,0,0,0,0
40538,1,1,1982,31,31,31,31,31,31,31,31,31,31
40539,1,1,1982,17,17,17,17,17,17,17,17,17,17
40540,0,1,1982,0,0,0,0,0,0,0,0,0,0
40540,1,1,1982,0,0,0,0,0,0,0,0,0,0
40541,1,1,1982,0,0,0,0,0,0,0,0,9,17
40542,1,1,1982,0,0,0,0,0,0,0,0,0,0
40543,0,1,1982,4,13,13,0,17,17,0,16,17,17
40543,1,1,1982,0,0,9,32,0,0,0,0,0,0
40544,1,1,1982,12,11,16,11,15,11,22,8,8,0
40544,2,1,1982,0,0,0,0,0,0,0,0,0,0
40545,0,1,1982,0,0,0,0,0,0,0,0,0,0
40545,1,1,1982,0,0,0,0,0,0,0,0,0,0
40546,0,1,1982,0,0,0,0,0,0,10,0,11,0
40546,1,1,1982,0,0,0,20,0,0,0,0,0,0
40546,2,1,1982,0,0,0,0,0,0,0,0,0,0
40546,3,1,1982,0,0,0,0,0,0,0,0,0,0
40547,1,1,1982,24,24,24,24,24,24,24,24,24,24
40548,0,1,1982,19,19,13,0,18,11,35,9,36,26
40548,1,1,1982,0,16,22,15,25,14,10,5,15,18
40549,1,1,1982,13,13,13,13,13,13,13,13,13,13
40550,0,1,1982,0,0,0,0,0,0,0,0,0,0
40550,1,1,1982,0,0,0,12,22,0,0,0,0,0
40550,2,1,1982,0,0,0,0,0,0,0,0,0,0
40551,1,1,1982,0,19,0,0,0,0,14,0,0,0
40551,2,1,1982,7,7,7,7,7,7,7,7,7,7
40552,0,1,1982,22,32,13,18,24,0,39,22,21,22
40552,1,1,1982,0,0,0,0,0,0,0,0,0,0
40553,1,1,1982,29,29,29,29,29,29,29,29,29,29
40553,2,1,1982,0,0,0,0,0,0,13,0,12,0
40553,3,1,1982,5,0,0,0,0,0,0,0,0,0
40553,4,1,1982,0,8,0,7,9,0,0,0,0,0
40554,1,1,1982,20,12,10,21,4,11,11,24,12,11
40555,2,1,1982,0,11,0,0,0,0,0,0,0,0
40556,1,1,1982,2,0,0,0,0,0,0,0,0,1
40556,2,1,1982,0,0,0,0,0,0,0,5,0,0
40557,0,1,1982,6,0,25,0,0,0,26,15,19,23
40557,1,1,1982,0,3,0,0,0,0,15,0,0,0
40558,1,1,1982,0,0,0,0,0,0,0,15,9,0
40559,1,1,1982,0,0,0,0,0,0,0,0,0,0
40559,2,1,1982,0,0,0,0,0,0,0,0,0,0
40560,1,1,1982,0,0,0,0,0,0,0,0,0,0
40560,2,1,1982,23,23,23,23,23,23,23,23,23,23
40560,3,1,1982,0,0,0,0,0,0,0,0,0,0
40561,1,1,1982,0,21,5,0,22,19,0,0,20,0
40561,2,1,1982,0,0,0,0,0,0,0,0,0,0
40562,0,1,1982,0,0,0,0,0,0,0,0,0,0
40562,1,1,1982,13,11,11,8,17,0,0,21,0,0
40563,1,1,1982,10,12,15,17,0,5,14,16,0,0
40563,2,1,1982,0,0,0,0,0,0,0,0,0,0
40564,0,1,1982,0,0,0,0,0,0,0,0,0,0
40564,1,1,1982,0,0,0,0,0,0,0,0,0,0
40565,1,1,1982,0,0,0,0,0,0,0,0,0,0
40566,1,1,1982,0,0,0,0,0,0,0,0,0,0
40567,1,1,1982,0,0,0,0,0,0,0,0,0,0
40567,2,1,1982,0,0,12,0,0,0,0,0,0,0
40568,1,1,1982,0,0,0,0,0,0,0,0,0,0
40569,1,1,1982,31,44,0,17,0,24,23,0,17,0
40570,1,1,1982,0,0,0,0,0,0,0,0,0,0
40570,2,1,1982,0,0,0,0,0,0,0,0,0,0
40571,1,1,1982,0,0,0,0,0,0,0,0,0,0
40571,2,1,1982,0,0,0,0,4,0,6,0,0,0
40572,1,1,1982,18,18,18,18,18,18,18,18,18,18
40573,1,1,1982,0,0,0,0,0,0,0,0,0,0
40573,2,1,1982,0,0,0,0,0,0,7,6,23,8
40574,1,1,1982,21,21,21,21,21,21,21,21,21,21
40575,1,1,1982,24,12,31,19,19,18,8,25,25,32
40576,1,1,1982,0,8,15,0,21,0,0,0,6,0
40577,1,1,1982,8,0,0,0,0,0,23,0,29,13
40578,1,1,1982,0,0,0,0,0,0,0,0,0,0
40578,2,1,1982,0,0,0,0,0,0,0,0,0,0
40579,1,1,1982,0,0,0,5,0,0,0,5,10,5
40579,2,1,1982,0,0,0,0,0,0,0,0,0,0
40580,1,1,1982,0,0,0,0,0,0,0,0,0,0
40580,2,1,1982,0,0,0,0,0,0,0,0,0,0
40581,0,1,1982,13,13,13,13,13,13,13,13,13,13
40581,1,1,1982,0,0,0,0,25,0,0,0,0,0
40582,0,1,1982,0,0,0,0,0,0,0,0,0,0
40582,1,1,1982,0,0,0,0,0,0,0,0,0,0
40583,1,1,1982,0,0,0,0,0,0,0,0,0,0
40583,2,1,1982,0,0,0,0,0,0,0,0,0,0
40584,1,1,1982,10,0,0,0,0,0,0,0,0,0
40584,2,1,1982,22,22,22,22,22,22,22,22,22,22
40584,3,1,1982,0,0,0,0,0,0,0,0,0,0
40585,0,1,1982,28,0,0,0,0,0,14,0,0,17
40585,0,2,1982,0,0,33,0,26,0,0,0,0,0
40585,1,1,1982,0,0,0,0,0,0,0,0,0,0
40586,0,1,1982,30,30,30,30,30,30,30,30,30,30
40586,1,1,1982,0,0,0,19,0,0,0,0,0,0
40587,1,1,1982,0,0,0,0,0,0,15,17,0,0
40588,1,1,1982,0,19,27,17,13,31,25,13,19,22
40589,1,1,1982,0,0,0,0,0,0,0,12,0,0
40590,0,1,1982,13,13,13,13,13,13,13,13,13,13
40590,1,1,1982,0,0,0,0,0,0,0,18,0,0
40592,0,1,1982,0,0,0,0,0,0,0,0,0,0
40592,1,1,1982,0,0,0,0,0,0,0,0,0,0
40593,0,1,1982,12,0,0,14,12,0,0,9,0,26
40593,1,1,1982,0,21,13,0,21,0,0,21,17,12
40594,1,1,1982,0,0,0,0,0,0,0,0,0,0
40595,1,1,1982,20,13,13,34,7,13,15,26,6,14
40596,1,1,1982,0,0,0,0,0,0,0,9,11,0
40597,1,1,1982,12,27,12,21,16,16,16,22,28,20
40598,1,1,1982,0,0,33,12,0,0,18,0,21,0
40599,1,1,1982,0,0,0,0,0,0,0,0,0,0
40599,2,1,1982,0,0,0,0,0,0,13,0,0,0
40600,0,1,1982,0,0,0,13,0,0,8,9,0,0
40600,1,1,1982,0,0,3,3,0,0,0,0,0,0
40601,0,1,1982,0,0,0,23,0,5,17,0,22,0
40601,1,1,1982,8,19,21,0,7,0,21,0,34,0
40603,0,1,1982,0,28,28,0,0,0,19,0,0,0
40603,0,2,1982,24,7,0,0,0,0,0,38,0,27
40603,1,1,1982,0,0,0,0,0,0,0,0,0,0
40604,1,1,1982,0,0,0,0,0,0,0,0,0,0
40604,2,1,1982,7,7,7,7,7,7,7,7,7,7
40604,3,1,1982,0,0,0,9,0,0,0,0,0,0
40605,1,1,1982,24,24,24,24,24,24,24,24,24,24
40605,2,1,1982,2,2,2,2,2,2,2,2,2,2
40606,1,1,1982,27,27,27,27,27,27,27,27,27,27
40606,2,1,1982,0,0,0,0,0,0,0,0,0,0
40607,1,1,1982,0,0,9,15,0,6,0,0,0,0
40608,0,1,1982,3,13,0,23,20,0,12,0,0,24
40608,1,1,1982,0,11,14,10,13,20,1,18,8,1
40609,1,1,1982,0,11,13,15,22,0,6,18,0,14
40610,0,1,1982,0,0,0,0,10,0,0,0,0,0
40610,1,1,1982,9,6,0,7,27,0,3,0,22,0
40611,0,1,1982,0,0,34,0,40,7,0,32,12,13
40611,1,1,1982,6,21,0,18,7,0,0,22,21,0
40612,1,1,1982,8,0,0,0,17,0,21,0,24,16
40612,2,1,1982,0,0,0,0,0,0,0,0,0,0
40613,0,1,1982,20,13,19,19,17,0,0,32,21,19
40613,1,1,1982,16,17,12,23,0,13,7,0,0,0
40614,1,1,1982,0,0,0,0,0,0,0,0,0,0
40614,2,1,1982,11,25,0,0,0,25,23,0,15,21
40615,1,1,1982,0,0,0,0,0,0,0,0,0,0
40615,2,1,1982,0,0,0,0,0,0,0,0,0,0
40616,1,1,1982,45,32,22,35,24,19,24,16,17,28
40617,1,1,1982,0,0,0,0,0,0,0,0,0,0
40617,2,1,1982,0,0,0,0,0,0,0,0,0,0
40617,3,1,1982,0,0,0,0,0,0,0,0,10,0
40617,4,1,1982,0,0,0,0,0,0,0,0,0,0
40617,5,1,1982,0,0,0,0,0,0,0,0,0,0
40617,6,1,1982,10,0,0,0,0,0,0,0,0,0
40617,7,1,1982,0,0,0,0,0,0,0,0,0,0
40617,8,1,1982,0,0,0,0,0,0,0,0,0,0
40617,9,1,1982,14,0,0,0,0,0,0,0,3,0
40617,10,1,1982,0,0,0,0,14,0,0,0,0,0
40617,11,1,1982,0,0,0,0,0,0,0,0,0,0
40617,12,1,1982,0,0,0,0,0,0,0,0,0,0
40617,13,1,1982,0,0,0,0,0,0,0,6,0,0
40617,14,1,1982,0,0,0,0,0,0,0,0,0,0
40617,15,1,1982,0,0,0,12,0,0,0,0,0,0
40617,16,1,1982,0,0,0,0,0,0,0,0,0,0
40618,1,1,1982,20,19,2,4,26,14,13,21,20,12
40619,1,1,1982,0,0,0,0,0,0,6,0,0,0
40619,2,1,1982,0,0,0,0,0,0,0,0,0,0
40619,3,1,1982,0,0,0,0,0,0,0,0,0,0
40620,1,1,1982,0,0,0,0,0,0,0,0,0,0
40620,2,1,1982,0,0,0,0,0,0,0,0,0,0
40621,1,1,1982,0,0,0,0,0,0,0,0,0,10
40622,1,1,1982,0,0,19,0,0,0,0,0,0,0
40622,2,1,1982,0,22,0,0,0,0,0,0,0,0
40622,3,1,1982,0,9,0,0,0,0,0,0,14,0