ST_CASE,VEH_NO,PER_NO,YEAR,P1,P2,P3,P4,P5,P6,P7,P8,P9,P10
50280,2,1,1982,0,0,0,0,0,0,0,0,0,6
50281,1,1,1982,15,0,21,0,0,0,0,0,0,26
50282,1,1,1982,0,0,0,0,0,0,0,0,0,0
50282,2,1,1982,0,0,33,12,0,0,0,0,0,0
50283,1,1,1982,0,0,0,0,13,0,0,0,24,0
50283,2,1,1982,0,0,0,0,0,0,0,0,0,0
50284,1,1,1982,24,24,24,24,24,24,24,24,24,24
50285,1,1,1982,10,16,26,20,5,12,29,8,12,25
50286,1,1,1982,28,28,28,28,28,28,28,28,28,28
50287,1,1,1982,0,0,0,0,0,0,0,0,0,0
50287,2,1,1982,0,0,0,0,0,0,0,0,0,0
50288,1,1,1982,25,23,23,17,15,10,28,25,0,21
50289,1,1,1982,0,0,0,0,0,0,0,0,0,0
50289,2,1,1982,0,2,25,24,13,0,0,23,19,0
50290,1,1,1982,0,0,0,7,0,0,0,0,0,0
50290,2,1,1982,0,12,10,0,0,14,0,0,0,0
50291,0,1,1982,0,0,0,0,6,0,0,23,0,15
50291,1,1,1982,11,0,0,0,6,0,0,8,0,0
50292,0,1,1982,0,0,0,0,0,0,0,0,0,0
50292,0,2,1982,0,0,0,0,0,0,0,0,0,0
50292,0,3,1982,0,0,0,0,0,0,0,0,0,0
50292,1,1,1982,0,0,22,0,0,0,0,14,0,11
50293,1,1,1982,0,0,0,0,7,0,11,34,0,0
50294,1,1,1982,0,0,0,0,0,0,0,0,0,0
50294,2,1,1982,0,12,9,14,0,0,18,0,0,0
50295,1,1,1982,0,23,0,0,0,0,14,0,0,34
50295,2,1,1982,0,0,0,0,0,0,0,0,0,17
50295,3,1,1982,0,0,0,0,0,10,0,0,0,0
50296,0,1,1982,0,0,20,28,4,0,23,19,8,33
50296,1,1,1982,0,20,23,0,0,26,8,0,2,24
50297,1,1,1982,0,0,0,0,0,0,7,18,0,0
50297,2,1,1982,0,0,0,0,0,3,9,10,0,0
50298,1,1,1982,0,0,0,0,0,0,0,4,0,0
50298,2,1,1982,0,15,5,0,5,12,0,29,16,12
50299,1,1,1982,0,0,0,0,0,0,0,0,0,7
50299,2,1,1982,0,0,0,19,9,0,0,0,0,0
50300,1,1,1982,0,29,21,8,3,17,20,18,23,25
50301,1,1,1982,28,12,23,37,0,17,0,10,17,0
50301,2,1,1982,16,0,0,0,0,0,0,9,0,7
50301,3,1,1982,21,12,10,0,11,0,0,10,0,25
50302,1,1,1982,0,0,12,0,0,0,0,0,0,0
50302,2,1,1982,0,0,0,0,0,0,0,0,0,0
50303,1,1,1982,13,19,17,22,0,14,0,0,22,0
50304,1,1,1982,41,10,17,22,0,10,13,40,10,17
50305,0,1,1982,0,0,0,0,0,0,0,0,0,0
50305,1,1,1982,0,0,0,0,0,0,0,0,0,0
50306,1,1,1982,0,0,0,0,0,0,0,0,0,0
50306,2,1,1982,0,13,0,0,0,3,0,11,9,0
50307,1,1,1982,3,3,3,3,3,3,3,3,3,3
50308,1,1,1982,0,0,0,0,0,0,0,0,0,0
50308,2,1,1982,0,0,0,13,0,0,0,0,4,8
50308,3,1,1982,0,0,0,0,0,0,0,0,0,0
50309,0,1,1982,0,0,16,23,18,10,9,37,19,37
50309,1,1,1982,0,0,0,0,0,0,18,0,0,25
50310,0,1,1982,0,0,0,0,0,0,20,0,7,0
50310,1,1,1982,0,0,0,0,0,0,0,0,0,0
50311,1,1,1982,0,0,0,0,0,0,0,0,0,0
50312,1,1,1982,17,19,0,5,0,0,13,6,0,0
50312,2,1,1982,32,15,12,13,23,11,0,24,18,0
50313,1,1,1982,9,18,16,8,10,6,23,8,9,14
50313,2,1,1982,15,9,20,34,16,0,0,0,7,0
50314,1,1,1982,0,0,0,0,0,0,0,0,0,0
50314,2,1,1982,0,0,0,0,0,0,0,0,14,0
50314,3,1,1982,0,0,0,0,0,0,0,8,0,0
50314,4,1,1982,0,0,0,0,0,0,0,0,0,0
50315,1,1,1982,0,0,0,0,0,21,0,0,0,0
50315,2,1,1982,0,0,0,0,0,0,9,0,0,0
50316,1,1,1982,0,7,12,0,0,0,0,0,0,0
50316,2,1,1982,0,16,20,11,30,18,0,21,13,23
50317,1,1,1982,25,27,13,11,28,17,15,16,27,20
50318,1,1,1982,21,29,8,18,28,0,17,16,18,11
50319,1,1,1982,1,1,1,1,1,1,1,1,1,1
50320,1,1,1982,23,11,14,11,22,12,9,19,17,4
50321,1,1,1982,17,21,0,20,26,18,16,9,18,11
50322,1,1,1982,0,0,0,0,0,0,0,0,0,0
50323,1,1,1982,15,25,0,9,6,32,20,9,0,17
50323,2,1,1982,0,12,13,0,19,0,0,0,0,20
50324,1,1,1982,20,20,20,20,20,20,20,20,20,20
50325,1,1,1982,13,10,16,16,11,17,31,39,5,23
50326,1,1,1982,17,9,25,46,28,17,36,0,17,14
50327,1,1,1982,0,24,0,24,8,0,0,0,20,1
50327,2,1,1982,13,13,13,13,13,13,13,13,13,13
50328,1,1,1982,16,16,16,16,16,16,16,16,16,16
50329,1,1,1982,0,0,0,0,0,23,0,0,0,0
50329,2,1,1982,0,0,0,0,0,0,0,0,0,0
50330,1,1,1982,0,18,28,13,7,0,18,12,24,25
50331,0,1,1982,22,16,34,8,0,31,0,27,0,34
50331,0,2,1982,12,23,6,0,9,22,0,0,20,3
50331,0,3,1982,8,41,19,0,3,26,0,29,20,8
50331,1,1,1982,16,16,16,16,16,16,16,16,16,16
50332,1,1,1982,0,0,0,0,7,0,0,0,0,0
50332,2,1,1982,0,0,0,0,0,0,0,0,0,0
50333,1,1,1982,0,0,0,0,0,0,0,0,0,0
50334,1,1,1982,0,18,6,9,13,0,8,8,13,31
50335,1,1,1982,18,0,23,0,19,0,6,0,0,0
50337,1,1,1982,31,17,9,38,25,21,20,16,20,7
50338,0,1,1982,0,10,0,0,0,0,26,22,0,11
50338,1,1,1982,0,0,0,0,0,13,0,0,0,0
50339,1,1,1982,4,24,0,0,12,7,0,7,15,18
50340,1,1,1982,14,0,0,0,0,18,0,0,0,0
50341,1,1,1982,22,7,25,22,23,3,34,16,26,18
50342,1,1,1982,0,0,0,17,9,6,17,0,0,0
50342,2,1,1982,10,0,31,0,10,0,24,11,12,16
50343,1,1,1982,0,0,0,0,0,0,0,0,0,0
50343,2,1,1982,9,0,0,0,0,0,0,0,0,0
50344,0,1,1982,21,0,0,0,0,0,0,0,0,0
50344,1,1,1982,0,0,0,0,0,0,0,0,0,0
50345,1,1,1982,0,0,0,6,0,2,0,0,0,0
50345,2,1,1982,0,19,31,6,17,0,23,0,16,4
50346,0,1,1982,0,0,0,0,0,0,0,0,0,0
50346,1,1,1982,0,0,0,0,11,0,0,0,0,0
50347,0,1,1982,0,0,0,0,0,0,0,0,0,0
50347,1,1,1982,0,0,0,0,0,0,13,0,0,0
50348,1,1,1982,9,43,0,25,20,23,0,17,13,8
50349,1,1,1982,9,11,21,7,7,19,38,21,21,35
50350,0,1,1982,32,22,29,0,12,24,38,0,26,0
50350,1,1,1982,0,0,0,0,0,0,0,0,0,0
50351,1,1,1982,29,21,0,21,32,13,28,24,5,0
50352,1,1,1982,31,31,31,31,31,31,31,31,31,31
50353,0,1,1982,19,29,0,19,22,31,47,22,6,18
50353,1,1,1982,11,14,0,0,0,0,9,0,9,0
50354,1,1,1982,19,19,19,19,19,19,19,19,19,19
50354,2,1,1982,18,16,18,7,24,21,4,13,5,18
50355,1,1,1982,42,12,12,18,25,12,20,0,21,19
50355,2,1,1982,15,0,0,0,0,24,0,0,0,0
50356,1,1,1982,24,27,14,12,15,15,27,17,11,11
50357,1,1,1982,0,0,0,28,0,0,0,0,0,0
50357,2,1,1982,15,16,15,14,46,27,0,0,16,0
50358,0,1,1982,0,0,0,0,0,0,0,0,0,0
50358,1,1,1982,0,10,0,0,0,0,0,0,0,0
50359,0,1,1982,0,20,7,0,12,15,0,6,0,0
50359,1,1,1982,13,12,8,15,11,23,17,15,27,16
50360,1,1,1982,23,15,19,23,6,17,18,19,12,8
50361,0,1,1982,6,0,24,15,0,19,20,16,19,19
50361,1,1,1982,24,13,0,8,0,20,13,0,5,0
50362,1,1,1982,13,0,17,22,21,21,0,28,21,34
50362,2,1,1982,0,0,0,0,16,0,0,16,18,0
50363,1,1,1982,0,7,14,16,0,9,12,17,0,23
50363,2,1,1982,0,0,0,8,0,0,0,0,0,0
50364,0,1,1982,14,14,9,20,14,23,15,18,21,17
50364,1,1,1982,0,19,0,0,0,9,17,10,14,0
50365,1,1,1982,0,3,0,0,0,0,0,0,0,0
50365,2,1,1982,0,0,0,0,0,0,14,0,0,0
50366,0,1,1982,28,0,9,37,26,12,0,27,0,34
50366,1,1,1982,4,4,4,4,4,4,4,4,4,4
50367,1,1,1982,25,33,28,0,0,22,27,18,17,33
50368,1,1,1982,0,0,20,0,0,0,0,0,0,9
50368,2,1,1982,0,0,0,21,0,0,0,15,19,7
50369,1,1,1982,0,0,0,0,0,0,0,0,0,0
50369,2,1,1982,0,0,0,0,0,0,0,0,0,0
50370,0,1,1982,38,15,0,25,26,26,20,27,9,28
50370,1,1,1982,15,13,9,17,0,14,20,20,0,0
50371,1,1,1982,14,0,10,8,0,0,0,10,0,0
50372,1,1,1982,13,13,13,13,13,13,13,13,13,13
50372,2,1,1982,0,0,0,0,0,0,0,0,0,0
50373,0,1,1982,11,23,31,0,0,0,0,13,0,0
50373,1,1,1982,0,18,0,2,0,0,0,6,0,0
50374,1,1,1982,0,15,0,22,0,0,19,18,0,0
50374,2,1,1982,0,10,9,10,11,13,19,24,27,24
50375,0,1,1982,22,22,22,22,22,22,22,22,22,22
50375,1,1,1982,0,0,0,0,0,0,0,6,0,23
50377,1,1,1982,8,9,0,6,0,15,5,14,18,0
50378,1,1,1982,21,13,26,29,22,49,16,10,33,22
50379,1,1,1982,0,0,0,0,0,0,0,0,0,0
50379,2,1,1982,0,0,0,0,0,0,0,0,0,0
50380,1,1,1982,0,0,25,18,18,15,21,5,0,0
50381,0,1,1982,35,41,21,26,0,0,13,0,12,0
50381,1,1,1982,12,19,0,16,21,0,0,0,0,0
50382,0,1,1982,0,0,0,0,0,12,0,0,0,0
50383,0,1,1982,20,0,21,0,0,26,22,21,16,12
50384,1,1,1982,14,30,15,21,28,18,28,7,20,0
50385,1,1,1982,30,30,14,14,19,11,22,5,13,15
50386,0,1,1982,0,0,0,0,0,0,0,0,0,0
50386,1,1,1982,0,12,0,24,0,0,0,0,0,0
50387,1,1,1982,0,0,0,19,0,18,0,0,14,0
50387,2,1,1982,0,0,0,0,0,0,0,0,0,0
50388,1,1,1982,0,24,17,14,0,6,18,27,0,28
50388,2,1,1982,0,0,5,11,0,0,0,0,5,0
50389,0,1,1982,0,10,0,0,0,20,0,15,28,0
50389,1,1,1982,0,0,0,0,0,0,0,0,0,0
50390,0,1,1982,0,0,0,0,0,0,0,0,0,0
50391,1,1,1982,16,16,16,16,16,16,16,16,16,16
50391,2,1,1982,0,0,0,0,0,0,0,0,0,0
50392,0,1,1982,0,0,0,0,0,0,0,0,0,0
50392,1,1,1982,0,0,0,0,0,13,10,0,0,12
50392,2,1,1982,12,12,12,12,12,12,12,12,12,12
50393,1,1,1982,26,26,26,26,26,26,26,26,26,26
50394,1,1,1982,24,18,20,24,6,15,23,20,19,21
50395,1,1,1982,18,25,20,25,24,34,18,27,26,0
50396,1,1,1982,15,25,13,21,0,27,0,8,0,19
50397,1,1,1982,4,9,21,7,18,11,39,14,18,10
50398,0,1,1982,0,15,0,0,0,18,31,0,0,14
50398,1,1,1982,6,8,0,4,7,12,7,21,0,7
50399,1,1,1982,19,17,6,21,17,16,8,0,18,20
50400,1,1,1982,26,18,27,0,16,17,0,17,19,13
50401,0,1,1982,18,20,20,13,40,33,34,19,41,38
50401,1,1,1982,14,18,0,23,0,0,0,23,9,12
50402,1,1,1982,0,0,0,0,0,0,0,0,0,0
50402,2,1,1982,0,20,0,0,0,0,0,0,0,0
50403,0,1,1982,43,0,0,0,0,13,0,0,0,0
50404,1,1,1982,0,8,12,10,28,22,17,22,0,0
50405,1,1,1982,0,0,0,0,11,0,0,0,0,0
50405,2,1,1982,0,0,0,15,0,14,0,0,0,0
50406,1,1,1982,0,0,0,0,35,23,0,0,0,0
50407,1,1,1982,0,16,0,0,0,0,0,0,0,0
50408,0,1,1982,0,0,0,0,0,0,0,0,0,0
50408,1,1,1982,0,0,0,0,8,0,0,0,9,18
50409,1,1,1982,0,0,0,0,0,0,0,0,0,0
50410,1,1,1982,0,0,0,0,0,0,0,0,0,0
50410,2,1,1982,20,6,19,0,0,17,0,0,0,0
50411,1,1,1982,16,7,3,18,0,0,0,0,0,21
50411,2,1,1982,0,0,0,0,0,0,0,0,0,0
50412,1,1,1982,24,24,26,0,0,8,0,0,0,0
50413,1,1,1982,0,0,10,19,4,11,4,16,0,0
50413,2,1,1982,0,0,0,0,24,0,0,0,0,0
50414,1,1,1982,0,20,0,0,0,18,5,0,0,0
50415,1,1,1982,24,24,24,24,24,24,24,24,24,24
50415,2,1,1982,0,0,0,0,0,0,0,0,0,0
50416,1,1,1982,0,0,0,19,0,0,0,0,0,0
50416,2,1,1982,0,0,0,0,0,12,0,0,0,11
50417,1,1,1982,0,0,0,0,6,0,18,10,0,0
50418,1,1,1982,9,0,0,0,0,15,0,0,0,22
50418,2,1,1982,0,0,20,16,0,20,19,0,31,36
50419,1,1,1982,11,5,14,3,14,23,10,25,10,15
50420,1,1,1982,0,0,0,0,6,0,0,0,0,0
50421,1,1,1982,10,0,0,0,0,0,0,0,0,0
50422,1,1,1982,28,10,16,31,14,0,0,22,0,24
50423,1,1,1982,15,13,14,10,11,13,41,0,14,26
50424,1,1,1982,23,35,32,21,22,14,20,41,10,15
50425,1,1,1982,0,0,0,16,0,0,22,0,0,0
50425,2,1,1982,4,12,17,9,11,12,19,23,18,30
50426,1,1,1982,23,19,43,10,4,14,11,10,13,34
50427,1,1,1982,0,0,0,8,29,28,0,0,0,15
50427,2,1,1982,0,0,0,0,0,0,2,0,0,0
50428,1,1,1982,14,35,11,20,7,12,12,21,9,9
50429,1,1,1982,0,0,0,0,0,9,0,0,0,0
50429,2,1,1982,14,14,14,14,14,14,14,14,14,14
50430,1,1,1982,0,0,0,0,0,0,0,0,0,0
50430,2,1,1982,16,24,21,20,19,24,7,30,21,22
50431,1,1,1982,0,0,6,0,0,3,0,0,0,0
50431,2,1,1982,0,0,0,0,0,0,0,0,9,0
50432,1,1,1982,0,0,0,0,0,0,0,0,0,0
50433,1,1,1982,18,0,25,18,6,28,0,14,21,26
50434,1,1,1982,13,23,25,26,32,34,10,20,21,28
50434,2,1,1982,0,10,0,5,0,0,0,0,0,0
50435,1,1,1982,0,0,0,15,4,0,0,41,0,0
50435,2,1,1982,27,19,6,12,31,20,26,16,15,22
50436,1,1,1982,18,17,26,10,10,0,11,19,21,29
50437,1,1,1982,18,16,10,7,0,13,25,26,21,0
50438,1,1,1982,28,16,26,34,14,25,8,18,25,12
50438,2,1,1982,0,0,0,0,0,20,0,0,0,0
50439,1,1,1982,15,17,13,29,12,22,5,4,7,12
50440,1,1,1982,0,0,0,11,12,0,21,0,0,16
50440,2,1,1982,0,15,0,0,0,0,0,0,0,0
50440,3,1,1982,0,12,0,0,0,7,0,0,0,0
50441,1,1,1982,17,13,18,20,13,0,28,20,28,21
50442,0,1,1982,0,0,0,0,0,0,0,17,27,0
50442,1,1,1982,0,0,0,0,0,0,0,0,0,9
50443,1,1,1982,20,4,20,29,11,13,24,22,15,0
50444,1,1,1982,3,9,6,9,0,3,14,11,33,0
50444,2,1,1982,0,0,0,0,0,0,0,0,0,0
50445,1,1,1982,0,0,0,0,7,0,0,0,0,0
50446,1,1,1982,25,0,0,13,0,0,0,0,0,0
50446,2,1,1982,20,9,10,0,16,10,12,29,21,14
50447,1,1,1982,0,12,0,0,0,18,0,0,0,0
50447,2,1,1982,0,0,0,14,3,0,0,0,0,0
50447,3,1,1982,11,0,0,0,0,0,0,41,26,0
50448,1,1,1982,0,0,0,0,0,0,0,0,0,0
50448,2,1,1982,0,0,0,0,0,15,0,0,0,0
50450,0,1,1982,0,0,0,0,0,0,0,0,0,0
50450,1,1,1982,16,0,0,0,8,23,26,14,17,0
50451,1,1,1982,17,24,19,17,17,27,15,9,16,11
50452,0,1,1982,0,0,0,0,0,0,0,0,0,0
50452,1,1,1982,0,13,12,0,0,0,15,0,0,12
50453,1,1,1982,12,13,24,9,10,10,0,30,8,8
50454,1,1,1982,6,19,12,10,21,23,16,15,16,16
50455,1,1,1982,0,10,8,16,17,18,7,5,16,16
50455,2,1,1982,0,0,0,0,0,0,0,0,0,0
50456,1,1,1982,0,0,0,0,0,0,0,0,0,0
50456,2,1,1982,0,0,17,0,0,0,0,0,0,0
50457,0,1,1982,22,34,5,19,16,16,0,10,15,35
50457,1,1,1982,30,11,0,6,20,0,0,0,0,0
50458,1,1,1982,25,25,12,26,23,15,28,23,22,25
50459,1,1,1982,17,17,17,17,17,17,17,17,17,17
50460,1,1,1982,20,20,20,20,20,20,20,20,20,20
50461,1,1,1982,0,26,0,17,5,0,0,28,0,0
50462,1,1,1982,19,34,24,27,23,34,33,7,21,24
50463,1,1,1982,23,13,0,0,11,19,5,0,14,22
50463,2,1,1982,0,0,10,0,24,11,7,0,0,19
50463,3,1,1982,0,5,4,16,8,19,0,8,0,0
50464,1,1,1982,18,23,12,13,10,17,0,22,12,13
50464,2,1,1982,3,3,3,3,3,3,3,3,3,3
50465,1,1,1982,0,0,0,0,0,0,0,0,0,0
50465,2,1,1982,8,8,8,8,8,8,8,8,8,8
50466,1,1,1982,11,15,0,15,13,16,15,16,16,12
50467,1,1,1982,15,0,0,0,0,0,0,0,0,0
50467,2,1,1982,0,0,0,0,0,0,0,0,0,0
50468,1,1,1982,22,17,7,4,0,32,0,27,20,19
50469,1,1,1982,19,0,0,0,21,0,6,0,0,24
50469,2,1,1982,0,25,15,0,0,0,0,17,17,0
50470,0,1,1982,16,23,32,30,18,15,0,22,0,20
50470,1,1,1982,0,0,0,0,0,18,0,0,0,0
50471,1,1,1982,0,0,0,0,0,0,0,0,0,0
50471,2,1,1982,25,0,21,24,0,0,35,0,0,19
50472,1,1,1982,0,0,0,0,9,0,5,0,0,0
50472,2,1,1982,0,0,0,0,0,0,0,0,0,0
50473,1,1,1982,33,35,0,15,21,16,25,23,26,23
50474,0,1,1982,0,8,0,0,11,26,6,4,19,0
50474,1,1,1982,18,0,10,0,0,10,0,0,0,0
50475,1,1,1982,0,0,6,0,0,0,0,0,0,0
50475,2,1,1982,0,0,0,0,0,0,0,0,0,0
50476,1,1,1982,0,0,0,0,0,17,20,0,0,0
50476,2,1,1982,11,14,15,11,30,18,0,20,18,17
50477,0,1,1982,13,18,22,0,0,0,0,0,0,0
50477,1,1,1982,0,0,0,0,0,26,0,9,0,0
50478,1,1,1982,0,0,0,0,0,0,0,0,0,0
50478,2,1,1982,0,0,0,0,0,0,0,0,0,11
50479,1,1,1982,28,0,13,0,0,0,3,0,0,0
50480,1,1,1982,0,0,15,17,0,0,0,0,6,0
50480,2,1,1982,0,0,0,0,24,23,0,11,0,14
50480,3,1,1982,0,0,0,0,0,0,0,0,0,0
50481,1,1,1982,0,0,0,0,0,0,0,0,0,0
50481,2,1,1982,0,0,0,0,0,29,6,0,0,0
50482,1,1,1982,0,0,0,0,0,10,9,0,0,0
50482,2,1,1982,0,0,0,0,0,0,0,0,0,0
50482,3,1,1982,0,0,0,0,0,0,0,0,0,0
50483,1,1,1982,8,8,8,8,8,8,8,8,8,8
80001,0,1,1982,23,23,23,23,23,23,23,23,23,23
80001,1,1,1982,12,14,25,0,41,0,0,10,0,19
80002,1,1,1982,27,27,27,27,27,27,27,27,27,27
80003,0,1,1982,19,19,19,19,19,19,19,19,19,19
80003,1,1,1982,9,0,0,7,10,23,0,0,23,23
80004,1,1,1982,0,0,0,0,0,0,0,0,0,0
80004,2,1,1982,0,0,0,0,0,0,0,0,0,0
80005,1,1,1982,0,0,0,0,0,0,0,0,0,0
80005,2,1,1982,0,0,0,0,0,0,0,0,0,0
80006,1,1,1982,22,22,22,22,22,22,22,22,22,22
80006,2,1,1982,11,11,11,11,11,11,11,11,11,11
80007,1,1,1982,0,0,0,0,0,0,0,0,0,0
80008,1,1,1982,9,9,9,9,9,9,9,9,9,9
80008,2,1,1982,0,0,0,0,0,0,0,0,0,0
80008,3,1,1982,6,6,6,6,6,6,6,6,6,6
80009,1,1,1982,0,0,0,0,0,0,0,0,0,0
80009,2,1,1982,0,0,12,0,0,0,0,0,0,0
80010,1,1,1982,0,0,0,0,0,0,0,0,0,0
80011,1,1,1982,25,25,25,25,25,25,25,25,25,25
80011,2,1,1982,0,0,0,0,0,0,0,0,0,0
80012,1,1,1982,15,15,15,15,15,15,15,15,15,15
80012,2,1,1982,5,5,5,5,5,5,5,5,5,5
80013,1,1,1982,16,16,16,16,16,16,16,16,16,16
80013,2,1,1982,0,0,0,0,0,0,0,0,0,0
80014,1,1,1982,0,0,0,0,0,0,0,0,0,0
80014,2,1,1982,0,0,0,0,0,0,0,0,0,0
80014,3,1,1982,0,0,0,0,0,0,0,0,5,0
80015,0,1,1982,0,0,0,0,0,0,0,0,8,0
80015,1,1,1982,24,0,0,0,8,9,0,0,0,0
80016,1,1,1982,16,20,21,13,0,10,24,19,18,22
80017,0,1,1982,0,0,0,0,0,0,0,0,22,0
80017,1,1,1982,14,0,0,6,0,15,0,0,0,0
80018,1,1,1982,25,25,25,25,25,25,25,25,25,25
80019,1,1,1982,10,10,10,10,10,10,10,10,10,10
80020,1,1,1982,0,0,0,0,0,0,0,0,0,0
80021,1,1,1982,17,0,8,0,22,22,0,16,20,29
80022,1,1,1982,23,23,23,23,23,23,23,23,23,23
80023,1,1,1982,25,25,25,25,25,25,25,25,25,25
80023,2,1,1982,9,9,9,9,9,9,9,9,9,9
80023,3,1,1982,0,0,0,0,0,0,0,0,0,0
80024,0,1,1982,0,0,0,0,0,0,0,0,0,0
80024,1,1,1982,0,0,0,0,0,0,0,0,0,0
80025,0,1,1982,0,0,0,0,0,0,0,0,0,0
80025,0,2,1982,0,0,0,0,0,0,0,0,0,0
80025,1,1,1982,11,3,23,23,24,18,15,19,18,29
80026,1,1,1982,12,12,12,12,12,12,12,12,12,12
80026,2,1,1982,0,0,0,0,0,0,0,0,0,0
80027,1,1,1982,0,0,0,0,0,0,0,0,0,0
80027,2,1,1982,0,0,0,0,0,0,0,0,0,0
80028,1,1,1982,30,30,30,30,30,30,30,30,30,30
80029,1,1,1982,27,0,0,3,0,0,0,28,0,15
80030,1,1,1982,22,22,22,22,22,22,22,22,22,22
80030,2,1,1982,15,15,15,15,15,15,15,15,15,15
80031,1,1,1982,26,29,18,15,38,5,20,11,36,21
80032,1,1,1982,0,0,0,0,0,5,0,0,0,0
80032,2,1,1982,0,0,0,0,11,18,0,18,0,16
80033,1,1,1982,0,0,0,0,0,0,0,0,0,0
80033,2,1,1982,0,0,0,0,0,0,0,0,0,0
80034,1,1,1982,25,25,25,25,25,25,25,25,25,25
80034,2,1,1982,0,0,0,0,0,0,0,0,0,0
80035,1,1,1982,1,1,1,1,1,1,1,1,1,1
80036,1,1,1982,16,16,16,16,16,16,16,16,16,16
80036,2,1,1982,0,0,0,0,0,0,0,0,0,0
80037,1,1,1982,10,10,10,10,10,10,10,10,10,10
80038,0,1,1982,0,0,0,0,0,0,0,0,0,0
80038,1,1,1982,0,0,0,7,0,4,0,0,9,0
80039,1,1,1982,0,0,0,18,0,0,0,0,0,0
80039,2,1,1982,0,0,0,0,0,0,0,0,0,0
80040,1,1,1982,17,17,17,17,17,17,17,17,17,17
80040,2,1,1982,12,12,12,12,12,12,12,12,12,12
80041,1,1,1982,8,12,0,22,36,12,22,30,0,0
80042,0,1,1982,27,27,27,27,27,27,27,27,27,27
80042,1,1,1982,0,0,0,0,0,0,0,0,0,0
80043,1,1,1982,0,0,0,3,0,0,0,0,0,0
80043,2,1,1982,0,0,0,0,0,0,0,0,0,0
80044,0,1,1982,16,16,16,16,16,16,16,16,16,16
80044,0,2,1982,21,21,21,21,21,21,21,21,21,21
80044,1,1,1982,10,10,10,10,10,10,10,10,10,10
80045,1,1,1982,27,27,27,27,27,27,27,27,27,27
80045,2,1,1982,20,20,20,20,20,20,20,20,20,20
80046,0,1,1982,41,41,41,41,41,41,41,41,41,41
80046,1,1,1982,12,0,0,0,0,0,0,0,0,0
80046,2,1,1982,0,0,0,0,0,0,0,0,0,0
80047,0,1,1982,0,0,0,15,0,0,0,0,0,0
80047,1,1,1982,0,0,0,0,13,0,0,0,0,0
80048,1,1,1982,19,19,19,19,19,19,19,19,19,19
80049,1,1,1982,21,21,21,21,21,21,21,21,21,21
80049,2,1,1982,0,0,0,0,0,0,0,0,0,0
80049,3,1,1982,0,0,0,0,0,0,0,0,0,0
80050,1,1,1982,0,0,0,0,0,0,0,0,0,0
80050,2,1,1982,18,18,18,18,18,18,18,18,18,18
80051,1,1,1982,0,0,0,0,0,0,0,0,0,0
80051,2,1,1982,0,0,0,0,0,0,0,0,0,0
80052,0,1,1982,11,11,11,11,11,11,11,11,11,11
80052,1,1,1982,25,25,25,25,25,25,25,25,25,25
80053,1,1,1982,0,0,0,0,0,0,0,0,0,0
80053,2,1,1982,0,0,0,0,0,0,0,0,0,0
80054,1,1,1982,19,19,19,19,19,19,19,19,19,19
80055,1,1,1982,0,0,0,0,0,0,0,0,0,0
80055,2,1,1982,0,0,0,0,0,0,0,0,0,0
80056,1,1,1982,0,0,0,0,0,0,0,0,0,0
80056,2,1,1982,0,0,0,0,0,0,0,0,0,0
80057,1,1,1982,17,17,17,17,17,17,17,17,17,17
80057,2,1,1982,0,0,0,0,0,0,0,0,0,0
80057,3,1,1982,0,0,0,0,0,0,0,22,0,0
80058,1,1,1982,0,0,0,0,0,0,0,0,0,0
80058,2,1,1982,0,0,0,0,0,0,0,0,0,0
80059,1,1,1982,0,0,11,0,5,0,0,0,0,0
80059,2,1,1982,25,0,0,0,0,0,0,0,0,19
80060,1,1,1982,0,38,17,17,21,42,28,22,22,13
80061,1,1,1982,12,12,12,12,12,12,12,12,12,12
80062,0,1,1982,0,0,0,0,0,0,0,0,0,0
80062,1,1,1982,0,0,0,0,0,0,0,0,0,0
80063,0,1,1982,0,0,0,0,0,0,0,0,0,0
80063,1,1,1982,0,0,0,0,0,0,0,0,0,0
80064,1,1,1982,11,11,11,11,11,11,11,11,11,11
80064,2,1,1982,0,0,0,0,0,0,0,0,0,0
80065,0,1,1982,0,0,0,0,0,0,0,0,0,0
80065,1,1,1982,0,0,0,0,0,0,0,0,0,0
80066,1,1,1982,5,5,5,5,5,5,5,5,5,5
80066,2,1,1982,0,0,0,0,0,0,0,0,0,0
80067,1,1,1982,26,0,0,11,26,15,0,10,0,0
80068,1,1,1982,0,0,0,0,0,0,0,0,0,0
80069,1,1,1982,25,25,25,25,25,25,25,25,25,25
80070,1,1,1982,4,10,0,11,0,20,2,11,10,0
80071,1,1,1982,0,0,0,0,0,0,0,0,0,0
80071,2,1,1982,0,0,0,0,0,0,0,0,0,0
80071,3,1,1982,0,0,0,0,0,0,0,0,0,0
80072,1,1,1982,0,0,0,0,14,0,0,0,0,0
80072,2,1,1982,0,0,0,0,0,0,0,0,0,0
80072,3,1,1982,0,0,0,0,0,0,0,0,0,0
80073,1,1,1982,0,0,0,0,0,0,0,0,0,0
80073,2,1,1982,0,0,0,0,0,0,0,0,0,0
80074,0,1,1982,34,34,34,34,34,34,34,34,34,34
80074,1,1,1982,0,0,0,0,0,0,0,0,0,0
80075,1,1,1982,16,16,16,16,16,16,16,16,16,16
80076,1,1,1982,7,7,7,7,7,7,7,7,7,7
80076,2,1,1982,0,0,0,0,0,0,0,0,0,0
80077,1,1,1982,23,23,23,23,23,23,23,23,23,23
80077,2,1,1982,0,0,0,0,0,0,0,0,0,0
80078,1,1,1982,11,0,0,0,0,0,0,0,0,0
80078,2,1,1982,0,0,0,0,0,0,0,0,0,0
80079,1,1,1982,0,0,0,0,0,0,0,0,0,0
80080,1,1,1982,6,6,6,6,6,6,6,6,6,6
80080,2,1,1982,26,26,26,26,26,26,26,26,26,26
80081,0,1,1982,0,0,0,0,0,0,0,0,0,0