ST_CASE,VEH_NO,PER_NO,YEAR,P1,P2,P3,P4,P5,P6,P7,P8,P9,P10
80081,1,1,1982,18,0,0,0,11,0,0,0,0,6
80082,1,1,1982,6,6,6,6,6,6,6,6,6,6
80083,0,1,1982,18,18,18,18,18,18,18,18,18,18
80083,1,1,1982,0,0,0,0,0,0,0,0,0,0
80084,1,1,1982,19,19,19,19,19,19,19,19,19,19
80085,1,1,1982,18,18,18,18,18,18,18,18,18,18
80086,1,1,1982,12,12,12,12,12,12,12,12,12,12
80087,1,1,1982,17,17,17,17,17,17,17,17,17,17
80088,1,1,1982,0,0,0,0,0,0,0,0,0,0
80088,2,1,1982,0,0,0,0,0,0,0,0,0,2
80089,0,1,1982,31,31,31,31,31,31,31,31,31,31
80089,1,1,1982,0,0,15,27,0,0,16,0,10,0
80090,1,1,1982,0,0,0,0,0,0,0,0,0,0
80090,2,1,1982,0,0,0,0,0,0,0,0,0,0
80091,1,1,1982,21,0,22,21,24,25,7,0,0,0
80092,0,1,1982,0,0,0,0,0,0,0,0,0,0
80092,1,1,1982,0,0,0,0,0,0,0,0,0,0
80093,1,1,1982,15,15,15,15,15,15,15,15,15,15
80094,1,1,1982,0,0,0,0,0,0,0,0,0,0
80094,2,1,1982,1,1,1,1,1,1,1,1,1,1
80095,1,1,1982,16,16,16,16,16,16,16,16,16,16
80096,1,1,1982,0,0,0,0,0,0,0,0,0,0
80097,0,1,1982,0,0,0,0,0,0,0,0,0,0
80097,1,1,1982,0,0,0,0,0,0,0,0,0,0
80098,1,1,1982,0,0,0,0,0,0,0,0,0,0
80098,2,1,1982,0,0,0,0,0,0,0,0,0,0
80099,0,1,1982,18,18,18,18,18,18,18,18,18,18
80099,1,1,1982,0,0,0,0,0,0,0,0,0,0
80099,2,1,1982,0,0,0,0,0,0,0,0,0,0
80100,0,1,1982,23,23,23,23,23,23,23,23,23,23
80100,1,1,1982,0,0,0,0,0,0,0,0,0,0
80101,1,1,1982,21,21,21,21,21,21,21,21,21,21
80102,1,2,1982,21,21,21,21,21,21,21,21,21,21
80103,1,1,1982,12,12,12,12,12,12,12,12,12,12
80104,1,1,1982,11,11,11,11,11,11,11,11,11,11
80105,1,1,1982,14,14,14,14,14,14,14,14,14,14
80105,2,1,1982,0,0,0,0,0,0,0,0,0,0
80106,1,1,1982,0,0,0,0,0,0,0,0,0,0
80107,1,1,1982,18,18,18,18,18,18,18,18,18,18
80108,1,1,1982,31,31,31,31,31,31,31,31,31,31
80109,1,1,1982,0,0,18,0,0,0,0,0,0,0
80110,1,1,1982,0,0,0,0,0,0,0,0,0,0
80111,1,1,1982,0,0,0,0,0,0,0,0,0,0
80112,1,1,1982,0,0,0,0,0,0,0,0,0,0
80113,1,1,1982,0,0,0,0,0,0,0,0,0,0
80114,1,1,1982,11,11,11,11,11,11,11,11,11,11
80115,1,1,1982,18,10,14,20,28,0,8,10,15,7
80115,2,1,1982,20,7,0,3,0,0,27,4,21,4
80116,1,1,1982,25,25,25,25,25,25,25,25,25,25
80117,1,1,1982,19,19,19,19,19,19,19,19,19,19
80118,1,1,1982,0,0,0,0,0,0,0,0,0,0
80118,2,1,1982,0,0,0,0,0,0,0,0,0,0
80119,0,1,1982,0,0,0,0,0,0,0,0,0,0
80119,1,1,1982,0,0,0,0,0,0,0,0,0,0
80120,1,1,1982,19,19,19,19,19,19,19,19,19,19
80121,0,1,1982,0,0,0,0,0,0,0,0,0,0
80121,1,1,1982,4,0,0,0,0,0,0,0,0,0
80122,1,1,1982,19,19,19,19,19,19,19,19,19,19
80123,1,1,1982,27,27,27,27,27,27,27,27,27,27
80124,1,1,1982,14,14,14,14,14,14,14,14,14,14
80125,1,1,1982,21,21,21,21,21,21,21,21,21,21
80125,2,1,1982,0,0,0,0,0,0,0,0,0,0
80126,1,1,1982,0,0,0,0,14,0,0,0,0,0
80127,1,1,1982,11,11,11,11,11,11,11,11,11,11
80128,0,1,1982,0,0,0,0,0,0,0,0,0,0
80128,1,1,1982,0,0,0,0,0,0,0,0,0,0
80129,1,1,1982,17,17,17,17,17,17,17,17,17,17
80130,1,1,1982,0,0,0,0,0,0,14,0,0,0
80131,1,1,1982,26,26,26,26,26,26,26,26,26,26
80131,2,1,1982,0,0,0,0,0,0,10,0,0,0
80132,1,1,1982,17,0,0,0,0,16,0,14,0,0
80132,2,1,1982,0,2,0,0,0,0,0,0,0,0
80133,0,1,1982,0,0,0,0,0,0,0,0,0,0
80133,0,2,1982,0,0,0,0,0,0,0,0,0,0
80133,0,3,1982,0,0,0,0,0,0,0,0,0,0
80133,1,1,1982,8,8,8,8,8,8,8,8,8,8
80134,1,1,1982,37,37,37,37,37,37,37,37,37,37
80134,2,1,1982,0,0,0,0,0,0,0,0,0,0
80135,1,1,1982,0,0,0,0,0,0,0,0,0,0
80135,2,1,1982,0,0,0,0,0,0,0,0,0,0
80136,1,1,1982,44,44,44,44,44,44,44,44,44,44
80137,0,1,1982,35,35,35,35,35,35,35,35,35,35
80137,1,1,1982,0,0,0,0,0,0,0,0,0,0
80138,1,1,1982,29,29,29,29,29,29,29,29,29,29
80138,2,1,1982,0,0,0,0,0,0,0,0,0,0
80139,1,1,1982,33,33,33,33,33,33,33,33,33,33
80139,2,1,1982,0,0,0,0,0,0,0,0,0,0
80140,1,1,1982,0,0,0,0,0,0,0,0,0,0
80140,2,1,1982,0,0,0,0,0,0,0,0,0,0
80140,3,1,1982,0,0,0,0,0,0,0,0,0,0
80141,1,1,1982,0,0,0,0,0,0,0,0,0,0
80141,2,1,1982,0,0,0,0,0,0,0,0,0,0
80142,1,1,1982,0,0,0,0,0,0,0,0,0,0
80143,0,1,1982,35,30,23,22,16,43,28,19,32,24
80143,1,1,1982,15,15,15,15,15,15,15,15,15,15
80144,1,1,1982,25,0,15,24,0,0,20,21,0,13
80145,1,1,1982,0,0,0,0,0,0,0,0,0,0
80146,1,1,1982,0,0,0,0,0,0,0,0,0,0
80146,2,1,1982,0,0,0,0,0,0,0,0,0,0
80147,1,1,1982,13,13,13,13,13,13,13,13,13,13
80148,1,1,1982,26,26,26,26,26,26,26,26,26,26
80149,1,1,1982,11,11,11,11,11,11,11,11,11,11
80150,1,1,1982,0,0,0,0,0,0,0,0,0,0
80151,0,1,1982,28,28,28,28,28,28,28,28,28,28
80151,1,1,1982,17,14,21,10,12,17,28,13,0,22
80152,1,1,1982,11,11,11,11,11,11,11,11,11,11
80153,1,1,1982,23,23,23,23,23,23,23,23,23,23
80154,1,1,1982,25,25,25,25,25,25,25,25,25,25
80155,1,1,1982,21,21,21,21,21,21,21,21,21,21
80156,1,1,1982,11,11,11,11,11,11,11,11,11,11
80157,1,1,1982,37,22,27,17,8,16,22,26,37,40
80158,0,1,1982,28,28,28,28,28,28,28,28,28,28
80158,1,1,1982,21,21,21,21,21,21,21,21,21,21
80159,1,1,1982,16,16,16,16,16,16,16,16,16,16
80160,1,1,1982,0,19,18,17,12,16,20,22,6,22
80161,1,1,1982,0,0,0,0,0,0,0,0,0,0
80161,2,1,1982,32,32,32,32,32,32,32,32,32,32
80162,1,1,1982,23,24,22,0,0,23,0,16,14,17
80162,2,1,1982,0,0,0,23,16,0,0,19,0,0
80163,0,1,1982,0,0,0,0,0,0,0,0,0,0
80163,1,1,1982,0,0,0,0,0,0,0,0,0,0
80164,0,1,1982,0,0,0,16,0,0,0,0,17,0
80164,1,1,1982,0,0,0,0,0,0,0,0,0,0
80165,1,1,1982,0,0,0,0,0,0,0,0,0,0
80165,2,1,1982,14,14,14,14,14,14,14,14,14,14
80166,1,1,1982,0,0,23,0,0,0,0,9,0,0
80167,0,1,1982,0,0,0,0,0,6,0,0,0,0
80167,1,1,1982,0,8,18,0,0,0,0,0,0,0
80168,1,1,1982,0,0,0,0,11,0,0,12,0,0
80168,2,1,1982,0,0,0,0,0,0,0,0,0,0
80169,1,1,1982,19,19,19,19,19,19,19,19,19,19
80169,2,1,1982,18,18,18,18,18,18,18,18,18,18
80170,1,1,1982,14,14,14,14,14,14,14,14,14,14
80171,1,1,1982,11,11,11,11,11,11,11,11,11,11
80172,1,1,1982,6,6,6,6,6,6,6,6,6,6
80173,1,1,1982,18,18,18,18,18,18,18,18,18,18
80173,2,1,1982,0,0,0,0,4,0,0,0,0,10
80174,1,1,1982,18,18,18,18,18,18,18,18,18,18
80175,1,1,1982,0,0,0,0,0,0,0,0,0,0
80176,1,1,1982,11,11,11,11,11,11,11,11,11,11
80177,1,1,1982,28,28,28,28,28,28,28,28,28,28
80178,0,1,1982,0,0,0,0,0,0,0,0,0,0
80178,1,1,1982,0,0,0,0,0,0,0,0,0,0
80179,1,1,1982,0,0,0,0,0,0,0,0,0,0
80180,1,1,1982,7,7,7,7,7,7,7,7,7,7
80180,2,1,1982,11,11,11,11,11,11,11,11,11,11
80181,1,1,1982,2,2,2,2,2,2,2,2,2,2
80182,1,1,1982,20,20,20,20,20,20,20,20,20,20
80182,2,1,1982,0,0,0,0,0,0,0,0,0,0
80183,1,1,1982,17,8,0,0,25,0,0,5,0,15
80184,1,1,1982,9,9,9,9,9,9,9,9,9,9
80185,1,1,1982,31,31,31,31,31,31,31,31,31,31
80186,0,1,1982,23,23,23,23,23,23,23,23,23,23
80186,1,1,1982,0,8,20,0,17,0,6,0,29,0
80187,1,1,1982,0,0,0,16,0,0,0,0,0,9
80187,2,1,1982,0,0,23,0,12,16,0,0,0,31
80188,1,1,1982,0,0,0,14,0,0,0,0,0,0
80188,2,1,1982,0,0,0,0,0,0,0,0,0,0
80190,1,1,1982,7,7,7,7,7,7,7,7,7,7
80191,1,1,1982,11,11,11,11,11,11,11,11,11,11
80191,2,1,1982,0,0,0,0,0,0,0,0,0,0
80192,1,1,1982,17,17,17,17,17,17,17,17,17,17
80193,1,1,1982,0,0,0,0,0,0,0,0,0,0
80194,1,1,1982,13,13,13,13,13,13,13,13,13,13
80194,2,1,1982,0,0,0,0,0,0,0,0,0,0
80195,1,1,1982,8,8,8,8,8,8,8,8,8,8
80196,1,1,1982,12,12,12,12,12,12,12,12,12,12
80196,2,1,1982,0,0,0,0,0,0,0,0,0,0
80197,1,1,1982,0,0,0,0,0,0,0,0,0,0
80198,1,1,1982,0,0,0,0,0,0,0,0,0,0
80198,2,1,1982,0,0,0,0,0,0,0,0,0,0
80199,1,1,1982,0,0,0,0,0,0,0,0,0,0
80200,1,1,1982,0,0,0,0,0,0,0,0,0,0
80200,2,1,1982,0,0,0,0,0,0,0,0,0,0
80201,1,1,1982,9,9,9,9,9,9,9,9,9,9
80202,0,1,1982,0,0,0,0,0,0,0,0,0,0
80202,1,1,1982,0,0,0,0,0,0,0,0,10,0
80203,0,1,1982,29,29,29,29,29,29,29,29,29,29
80203,1,1,1982,11,11,11,11,11,11,11,11,11,11
80204,1,1,1982,14,19,9,18,29,20,24,22,20,25
80205,1,1,1982,16,16,16,16,16,16,16,16,16,16
80206,0,1,1982,0,0,0,0,0,0,0,0,0,0
80206,1,1,1982,0,0,28,12,0,0,0,0,0,0
80207,1,1,1982,9,9,9,9,9,9,9,9,9,9
80208,1,1,1982,9,9,0,10,0,14,22,16,23,20
80208,2,1,1982,9,11,5,13,11,15,16,24,26,14
80209,1,1,1982,15,15,15,15,15,15,15,15,15,15
80209,2,1,1982,0,18,0,0,0,0,0,0,10,0
80210,1,1,1982,66,66,66,66,66,66,66,66,66,66
80210,2,1,1982,0,0,0,0,0,25,0,0,0,0
80211,1,1,1982,21,21,21,21,21,21,21,21,21,21
80212,1,1,1982,20,20,20,20,20,20,20,20,20,20
80213,1,1,1982,14,14,14,14,14,14,14,14,14,14
80214,1,1,1982,13,13,13,13,13,13,13,13,13,13
80215,1,1,1982,9,9,9,9,9,9,9,9,9,9
80215,2,1,1982,0,0,0,0,0,0,0,0,0,0
80216,1,1,1982,9,0,0,18,0,0,0,0,0,0
80217,0,1,1982,18,0,23,14,0,12,8,0,0,20
80217,1,1,1982,0,0,0,0,0,0,0,13,0,0
80218,1,1,1982,0,0,13,17,20,0,12,17,24,0
80219,1,1,1982,6,6,6,6,6,6,6,6,6,6
80219,2,1,1982,3,3,3,3,3,3,3,3,3,3
80219,3,1,1982,0,0,0,0,0,0,0,0,0,0
80219,4,1,1982,0,0,0,0,0,0,0,0,0,0
80220,0,1,1982,6,6,6,6,6,6,6,6,6,6
80220,0,2,1982,31,31,31,31,31,31,31,31,31,31
80220,1,1,1982,32,38,26,12,12,18,22,11,18,14
80221,1,1,1982,0,0,0,0,0,0,0,0,0,0
80221,2,1,1982,0,0,0,23,0,0,0,0,0,0
80222,1,1,1982,25,25,25,25,25,25,25,25,25,25
80223,1,1,1982,40,40,40,40,40,40,40,40,40,40
80224,1,1,1982,16,16,16,16,16,16,16,16,16,16
80225,1,1,1982,0,0,0,0,0,0,0,0,0,0
80225,2,1,1982,0,0,0,0,0,0,0,0,0,0
80226,1,1,1982,22,22,22,22,22,22,22,22,22,22
80227,1,1,1982,27,27,27,27,27,27,27,27,27,27
80227,2,1,1982,4,10,0,0,0,0,0,0,0,0
80227,3,1,1982,0,0,0,0,0,0,0,0,0,0
80227,4,1,1982,0,0,0,0,0,0,0,0,0,0
80228,1,1,1982,26,26,26,26,26,26,26,26,26,26
80230,1,1,1982,19,17,22,18,25,9,9,14,13,0
80231,0,1,1982,21,21,21,21,21,21,21,21,21,21
80231,1,1,1982,2,2,2,2,2,2,2,2,2,2
80232,1,1,1982,3,3,3,3,3,3,3,3,3,3
80232,2,1,1982,0,0,0,0,0,0,0,0,0,0
80233,1,1,1982,25,25,25,25,25,25,25,25,25,25
80234,1,1,1982,12,12,12,12,12,12,12,12,12,12
80235,1,1,1982,11,11,11,11,11,11,11,11,11,11
80235,2,1,1982,21,27,18,11,12,18,20,18,10,15
80236,1,1,1982,13,13,13,13,13,13,13,13,13,13
80237,1,1,1982,20,20,20,20,20,20,20,20,20,20
80237,2,1,1982,0,0,0,0,0,0,0,0,0,0
80238,1,1,1982,0,0,0,0,0,0,0,0,0,0
80239,1,1,1982,0,0,0,0,0,0,0,0,0,0
80239,2,1,1982,0,0,0,0,0,0,0,0,0,0
80240,1,1,1982,8,8,8,8,8,8,8,8,8,8
80240,2,1,1982,0,20,0,0,19,16,0,8,9,0
80241,1,1,1982,30,30,30,30,30,30,30,30,30,30
80242,0,1,1982,24,24,24,24,24,24,24,24,24,24
80242,1,1,1982,24,29,10,0,20,23,0,19,14,32
80243,1,1,1982,13,13,13,13,13,13,13,13,13,13
80243,2,1,1982,0,0,0,0,0,0,16,0,0,0
80244,1,1,1982,0,0,0,0,0,0,0,0,0,0
80245,1,1,1982,0,0,0,0,0,0,0,0,0,0
80245,2,1,1982,0,17,0,0,0,0,0,0,0,0
80245,3,1,1982,8,7,0,0,20,0,0,0,0,0
80246,1,1,1982,3,3,3,3,3,3,3,3,3,3
80246,2,1,1982,3,3,3,3,3,3,3,3,3,3
80247,0,1,1982,0,0,0,0,0,0,0,0,0,0
80247,1,1,1982,25,25,25,25,25,25,25,25,25,25
80247,2,1,1982,0,0,0,0,0,0,0,0,0,0
80248,1,1,1982,8,26,23,0,24,14,10,8,17,7
80249,1,1,1982,22,22,22,22,22,22,22,22,22,22
80249,2,1,1982,0,0,0,0,0,0,0,0,0,0
80250,1,1,1982,1,1,1,1,1,1,1,1,1,1
80250,2,1,1982,0,0,0,0,0,0,0,0,0,0
80251,1,1,1982,0,0,0,0,0,0,0,0,0,0
80252,1,1,1982,30,30,30,30,30,30,30,30,30,30
80253,1,1,1982,25,25,25,25,25,25,25,25,25,25
80254,1,1,1982,3,3,3,3,3,3,3,3,3,3
80255,1,1,1982,22,22,22,22,22,22,22,22,22,22
80256,1,1,1982,0,0,0,0,0,0,0,0,0,0
80256,2,1,1982,0,0,0,0,0,0,0,0,0,0
80257,1,1,1982,11,11,11,11,11,11,11,11,11,11
80257,2,1,1982,0,0,0,0,0,0,0,0,0,0
80258,1,1,1982,18,18,18,18,18,18,18,18,18,18
80259,1,1,1982,9,9,9,9,9,9,9,9,9,9
80260,1,1,1982,4,4,4,4,4,4,4,4,4,4
80260,2,1,1982,22,22,22,22,22,22,22,22,22,22
80261,1,1,1982,16,16,16,16,16,16,16,16,16,16
80262,1,1,1982,21,21,21,21,21,21,21,21,21,21
80263,1,1,1982,0,0,0,0,0,0,0,0,0,0
80264,1,1,1982,22,22,22,22,22,22,22,22,22,22
80264,2,1,1982,0,15,0,0,0,0,0,0,0,0
80265,1,1,1982,0,0,0,0,0,0,0,0,0,0
80265,2,1,1982,0,0,0,0,0,0,0,0,0,0
80266,0,1,1982,0,0,0,0,0,0,0,0,0,0
80266,1,1,1982,0,0,0,0,0,0,0,0,0,0
80267,1,1,1982,22,22,22,22,22,22,22,22,22,22
80268,1,1,1982,17,17,17,17,17,17,17,17,17,17
80269,1,1,1982,0,0,16,16,0,8,5,12,0,8
80270,1,1,1982,12,12,12,12,12,12,12,12,12,12
80271,1,1,1982,14,14,14,14,14,14,14,14,14,14
80271,2,1,1982,12,12,12,12,12,12,12,12,12,12
80272,1,1,1982,5,5,5,5,5,5,5,5,5,5
80273,1,1,1982,14,14,14,14,14,14,14,14,14,14
80273,2,1,1982,0,0,0,5,0,0,0,0,0,0
80274,1,1,1982,0,0,0,0,0,0,0,0,0,0
80274,2,1,1982,0,0,0,0,0,0,0,0,0,0
80275,1,1,1982,0,0,0,0,0,0,0,0,0,0
80276,1,1,1982,0,0,0,0,0,0,0,0,0,0
80276,2,1,1982,0,0,0,0,0,0,0,0,0,0
80277,1,1,1982,20,28,31,36,11,25,5,31,13,23
80278,1,1,1982,0,0,0,0,0,0,0,0,0,0
80279,1,1,1982,0,0,0,0,0,0,0,0,0,0
80279,2,1,1982,0,0,0,0,0,10,0,0,0,0
80280,1,1,1982,8,8,8,8,8,8,8,8,8,8
80281,0,1,1982,9,9,9,9,9,9,9,9,9,9
80281,0,2,1982,32,9,0,23,39,17,18,0,39,0
80281,0,3,1982,18,2,0,0,24,0,20,4,6,0
80281,0,4,1982,24,16,5,14,10,0,17,23,27,19
80281,1,1,1982,21,21,21,21,21,21,21,21,21,21
80282,1,1,1982,0,0,0,0,0,0,0,0,0,0
80282,2,1,1982,0,0,0,0,0,0,0,0,0,0
80283,1,1,1982,0,0,0,0,0,0,0,0,0,0
80283,2,1,1982,0,0,0,0,0,0,0,0,0,0
80284,1,1,1982,16,16,16,16,16,16,16,16,16,16
80285,1,1,1982,0,0,0,0,0,0,0,0,0,0
80285,2,1,1982,0,0,0,0,0,0,0,0,0,0
80286,1,1,1982,0,0,0,0,0,0,0,0,0,0
80287,1,1,1982,19,19,19,19,19,19,19,19,19,19
80287,2,1,1982,0,0,0,0,0,0,0,0,0,0
80288,1,1,1982,28,28,28,28,28,28,28,28,28,28
80289,1,1,1982,0,0,0,0,0,0,0,0,0,0
80289,2,1,1982,21,21,21,21,21,21,21,21,21,21
80290,1,1,1982,33,33,33,33,33,33,33,33,33,33
80290,2,1,1982,0,0,0,0,0,0,0,0,0,0
80291,0,1,1982,0,0,0,0,0,0,0,0,0,0
80291,1,1,1982,0,0,0,0,0,0,0,0,0,0
80292,1,1,1982,0,12,5,0,0,0,0,0,0,0
80292,2,1,1982,10,0,0,0,0,0,0,9,0,0
80293,1,1,1982,7,7,7,7,7,7,7,7,7,7
80293,2,1,1982,0,0,0,0,0,0,0,0,0,0
80294,1,1,1982,6,10,7,0,18,0,0,0,0,3
80294,2,1,1982,0,0,7,0,15,0,12,10,0,0
80295,1,1,1982,20,20,20,20,20,20,20,20,20,20
80295,2,1,1982,0,0,0,0,0,0,0,0,0,0
80296,1,1,1982,21,21,21,21,21,21,21,21,21,21
80297,1,1,1982,0,0,0,0,11,0,0,23,0,0
80298,1,1,1982,37,0,0,0,0,8,10,0,22,11
80299,1,1,1982,0,0,0,0,0,0,0,0,0,0
80300,1,1,1982,13,25,18,0,30,13,28,10,31,27
80301,1,1,1982,16,13,13,17,10,27,20,26,22,16
80302,1,1,1982,0,13,40,27,20,0,0,0,0,0
80303,1,1,1982,35,35,35,35,35,35,35,35,35,35
80304,1,1,1982,11,11,11,11,11,11,11,11,11,11
80304,2,1,1982,0,0,0,0,0,0,0,0,0,0
80305,1,1,1982,13,13,13,13,13,13,13,13,13,13
80306,1,1,1982,0,0,0,0,0,0,0,0,0,0
80307,1,1,1982,6,6,6,6,6,6,6,6,6,6
80308,0,1,1982,7,0,0,0,23,24,0,0,0,0
80308,1,1,1982,0,0,0,0,0,0,0,1,0,0
80309,0,1,1982,0,0,0,0,0,0,0,0,0,0
80309,1,1,1982,12,0,11,24,0,0,29,20,0,5
80310,1,1,1982,23,23,23,23,23,23,23,23,23,23
80311,1,1,1982,0,0,0,0,0,0,0,0,0,0
80312,1,1,1982,6,6,6,6,6,6,6,6,6,6
80312,2,1,1982,1,1,1,1,1,1,1,1,1,1
80313,1,1,1982,19,19,19,19,19,19,19,19,19,19
80314,1,1,1982,21,21,21,21,21,21,21,21,21,21
80315,1,1,1982,7,7,7,7,7,7,7,7,7,7
80316,0,1,1982,20,20,20,20,20,20,20,20,20,20
80316,1,1,1982,0,0,0,0,0,0,0,0,0,0
80317,1,1,1982,20,20,20,20,20,20,20,20,20,20
80318,0,1,1982,0,0,0,29,0,15,3,0,0,0
80318,1,1,1982,0,0,0,0,0,0,0,0,0,0
80319,1,1,1982,0,0,0,0,0,0,0,0,0,0
80319,2,1,1982,1,1,1,1,1,1,1,1,1,1
80320,1,1,1982,0,0,0,0,0,0,0,0,0,0
80321,1,1,1982,23,23,23,23,23,23,23,23,23,23
80321,2,1,1982,0,0,0,0,0,0,0,0,0,0
80322,1,1,1982,21,21,21,21,21,21,21,21,21,21
80322,2,1,1982,11,11,11,11,11,11,11,11,11,11
80323,1,1,1982,0,0,0,0,0,0,0,0,0,0
80324,1,1,1982,8,8,8,8,8,8,8,8,8,8
80325,1,1,1982,0,0,0,0,0,0,0,0,0,0
80326,1,1,1982,0,0,0,0,0,0,0,0,0,5
80327,1,1,1982,0,0,0,0,0,0,0,0,0,0
80327,2,1,1982,0,0,0,0,0,0,0,0,0,0
80328,1,1,1982,15,15,15,15,15,15,15,15,15,15
80328,2,1,1982,0,0,0,0,0,0,0,0,0,0
80329,1,1,1982,0,0,0,0,0,0,0,0,0,0
80330,1,1,1982,13,13,13,13,13,13,13,13,13,13
80331,1,1,1982,21,21,21,21,21,21,21,21,21,21
80332,1,1,1982,6,6,6,6,6,6,6,6,6,6
80333,0,1,1982,7,7,7,7,7,7,7,7,7,7
80333,1,1,1982,32,0,0,14,18,0,0,14,13,13
80334,0,1,1982,0,0,0,26,0,0,12,0,0,0
80334,1,1,1982,0,0,0,0,23,1,0,0,0,0
80335,1,1,1982,20,20,20,20,20,20,20,20,20,20
80336,1,1,1982,0,0,0,0,10,4,0,0,0,0
80336,2,1,1982,0,0,0,0,0,0,0,0,0,0
80337,1,1,1982,25,25,25,25,25,25,25,25,25,25
80337,2,1,1982,0,0,0,0,0,0,0,0,0,0
80338,1,1,1982,32,32,32,32,32,32,32,32,32,32
80339,1,1,1982,0,0,0,0,0,0,0,0,0,0
80339,2,1,1982,0,0,0,0,0,0,0,0,0,0
80340,1,1,1982,0,0,0,0,0,0,0,0,0,0
80341,0,1,1982,0,0,0,0,0,0,0,0,0,0
80341,1,1,1982,0,0,0,0,0,0,0,0,0,0
80342,0,1,1982,0,0,0,0,0,0,0,0,0,0
80342,2,1,1982,0,0,0,0,0,0,0,0,0,0
80343,1,1,1982,20,20,20,20,20,20,20,20,20,20
80344,1,1,1982,0,0,0,0,0,0,0,0,0,0
80344,2,1,1982,0,0,0,0,0,0,0,0,0,0
80345,1,1,1982,10,10,10,10,10,10,10,10,10,10
80345,2,1,1982,0,0,0,0,0,0,0,0,0,0
80346,1,1,1982,8,8,8,8,8,8,8,8,8,8
80347,1,1,1982,35,35,35,35,35,35,35,35,35,35
80348,1,1,1982,24,24,24,24,24,24,24,24,24,24
80348,2,1,1982,0,0,0,0,0,0,0,0,0,0
80349,0,1,1982,26,26,26,26,26,26,26,26,26,26
80349,1,1,1982,19,25,19,3,12,9,18,15,25,17
80350,1,1,1982,4,4,4,4,4,4,4,4,4,4
80351,1,1,1982,20,27,0,0,0,31,7,0,0,32
80352,1,1,1982,0,0,0,0,0,0,0,0,0,0
80352,2,1,1982,0,0,0,0,0,0,0,0,0,0
80353,1,1,1982,14,14,14,14,14,14,14,14,14,14
80353,2,1,1982,0,0,0,0,0,0,0,0,0,2
80354,1,1,1982,34,34,34,34,34,34,34,34,34,34
80355,1,1,1982,20,20,20,20,20,20,20,20,20,20
80356,0,1,1982,0,0,0,0,8,0,0,0,0,0
80356,0,2,1982,0,0,4,0,0,0,0,0,0,0
80356,1,1,1982,0,0,0,0,0,0,0,0,0,0
80357,1,1,1982,0,0,0,0,0,0,0,0,0,0
80357,2,1,1982,0,0,0,0,0,0,0,0,0,0
80358,1,1,1982,18,18,18,18,18,18,18,18,18,18
80359,1,1,1982,0,0,0,0,0,0,0,0,0,0
80359,2,1,1982,0,0,0,0,0,0,0,0,0,0
80360,1,1,1982,8,8,8,8,8,8,8,8,8,8
80361,1,1,1982,0,0,0,0,0,0,0,0,0,0
80362,1,1,1982,12,12,12,12,12,12,12,12,12,12
80363,1,1,1982,18,18,18,18,18,18,18,18,18,18
80364,0,1,1982,3,3,3,3,3,3,3,3,3,3
80364,1,1,1982,27,27,27,27,27,27,27,27,27,27
80365,1,1,1982,0,0,0,0,0,0,0,0,0,0
80365,2,1,1982,0,24,0,0,0,0,0,0,0,0
80366,1,1,1982,8,8,8,8,8,8,8,8,8,8
80367,1,1,1982,27,27,27,27,27,27,27,27,27,27
80368,1,1,1982,0,0,0,0,0,0,0,0,0,0
80368,2,1,1982,0,0,0,0,0,0,0,0,0,0
80369,1,1,1982,6,6,6,6,6,6,6,6,6,6
80370,1,1,1982,4,4,4,4,4,4,4,4,4,4
80370,2,1,1982,0,0,0,0,0,0,0,0,0,0
80371,1,1,1982,0,0,0,0,10,0,7,11,0,0
80371,2,1,1982,19,19,19,19,19,19,19,19,19,19
80372,1,1,1982,21,21,21,21,21,21,21,21,21,21
80373,0,1,1982,0,0,0,0,0,0,0,0,0,0
80373,1,1,1982,7,7,9,0,5,23,8,18,11,12
80374,1,1,1982,0,0,0,0,0,0,0,0,0,0
80375,1,1,1982,0,0,0,0,0,0,0,0,0,0
80376,1,1,1982,28,28,28,28,28,28,28,28,28,28
80377,1,1,1982,0,0,0,0,0,0,0,0,0,0
80377,2,1,1982,0,0,0,0,0,0,0,0,0,0
80377,3,1,1982,0,0,0,0,0,0,0,18,16,0
80378,0,1,1982,0,0,0,0,0,0,0,0,0,0
80378,1,1,1982,16,13,29,24,20,0,0,0,15,17
80379,1,1,1982,0,0,0,0,0,0,0,0,0,0
80380,1,1,1982,0,0,0,0,0,0,0,0,0,0
80380,2,1,1982,8,8,8,8,8,8,8,8,8,8
80381,1,1,1982,0,0,0,0,0,0,0,0,0,0
80381,2,1,1982,0,0,0,0,0,0,0,0,0,0
80382,1,1,1982,3,3,3,3,3,3,3,3,3,3
80383,1,1,1982,6,13,8,15,7,0,0,6,14,11
80384,1,1,1982,13,13,13,13,13,13,13,13,13,13
80385,1,1,1982,13,13,13,13,13,13,13,13,13,13
80386,1,1,1982,39,39,39,39,39,39,39,39,39,39
80387,1,1,1982,0,0,0,0,0,0,0,0,0,0
80388,1,1,1982,0,0,0,0,0,0,0,0,0,0
80388,2,1,1982,0,0,0,0,0,0,0,0,0,0
80389,1,1,1982,0,0,0,0,0,0,0,0,0,0
80390,1,1,1982,20,20,20,20,20,20,20,20,20,20
80391,1,1,1982,0,0,0,0,10,16,0,0,0,0
80392,0,1,1982,24,24,24,24,24,24,24,24,24,24
80392,1,1,1982,0,0,0,0,0,0,0,4,0,0
80393,0,1,1982,0,0,0,0,0,0,0,0,0,0
80393,1,1,1982,0,0,0,3,0,0,0,0,12,0
80394,1,1,1982,7,7,7,7,7,7,7,7,7,7