ST_CASE,VEH_NO,PER_NO,YEAR,P1,P2,P3,P4,P5,P6,P7,P8,P9,P10
80394,2,1,1982,5,5,5,5,5,5,5,5,5,5
80395,1,1,1982,0,0,0,0,0,0,0,0,0,0
80395,2,1,1982,0,0,0,0,0,0,0,0,0,0
80396,1,1,1982,0,0,0,0,0,0,0,0,0,0
80396,2,1,1982,0,0,0,0,0,0,0,0,0,0
80397,1,1,1982,0,0,0,0,0,0,0,0,0,0
80398,1,1,1982,0,0,0,0,0,0,0,0,0,0
80398,2,1,1982,17,17,17,17,17,17,17,17,17,17
80398,3,1,1982,0,0,0,8,8,0,0,0,0,0
80398,4,1,1982,10,0,9,8,0,0,0,0,0,0
80399,1,1,1982,0,0,0,0,0,0,0,0,0,0
80400,1,1,1982,9,9,9,9,9,9,9,9,9,9
80401,1,1,1982,17,17,17,17,17,17,17,17,17,17
80402,1,1,1982,15,15,15,15,15,15,15,15,15,15
80402,2,1,1982,0,0,0,0,0,0,0,0,0,0
80403,1,1,1982,0,0,0,0,0,0,0,0,0,0
80404,1,1,1982,0,0,0,0,0,0,0,0,0,0
80405,0,1,1982,22,0,0,0,0,10,0,0,9,17
80405,1,1,1982,0,0,0,0,0,0,0,0,0,0
80406,1,1,1982,0,0,0,0,0,0,0,0,0,0
80407,1,1,1982,0,0,0,0,0,0,0,0,0,0
80407,2,1,1982,0,0,0,0,0,0,0,0,0,0
80408,1,1,1982,0,0,0,0,0,0,0,0,0,0
80408,2,1,1982,0,0,0,0,0,0,0,0,0,0
80409,1,1,1982,11,11,11,11,11,11,11,11,11,11
80410,1,1,1982,0,0,0,0,0,0,0,0,0,0
80411,1,1,1982,27,27,27,27,27,27,27,27,27,27
80412,1,1,1982,21,21,21,21,21,21,21,21,21,21
80413,0,1,1982,0,0,0,0,0,0,0,0,0,0
80413,1,1,1982,17,0,0,0,0,0,0,6,0,15
80414,1,1,1982,19,19,19,19,19,19,19,19,19,19
80414,2,1,1982,0,0,0,0,0,0,0,0,0,0
80415,1,1,1982,13,13,13,13,13,13,13,13,13,13
80416,1,1,1982,2,2,2,2,2,2,2,2,2,2
80417,0,1,1982,0,0,0,0,0,0,0,0,0,0
80417,1,1,1982,2,2,2,2,2,2,2,2,2,2
80418,0,1,1982,0,19,18,35,0,16,39,35,21,41
80418,1,1,1982,8,0,0,0,0,0,0,0,0,7
80419,1,1,1982,0,0,0,0,0,0,0,0,0,0
80419,2,1,1982,0,0,0,0,0,0,0,0,0,0
80420,1,1,1982,0,0,0,0,0,0,0,0,0,36
80421,0,1,1982,0,0,0,0,3,0,0,0,0,0
80421,1,1,1982,0,0,0,0,0,0,0,0,0,0
80422,1,1,1982,28,14,13,17,28,14,25,13,25,19
80423,1,1,1982,0,0,0,0,0,0,0,0,0,0
80423,2,1,1982,0,0,0,0,0,0,7,0,0,0
80423,3,1,1982,0,0,0,0,0,0,0,0,0,0
80424,1,1,1982,4,4,4,4,4,4,4,4,4,4
80425,1,1,1982,32,32,32,32,32,32,32,32,32,32
80426,0,1,1982,33,33,33,33,33,33,33,33,33,33
80426,1,1,1982,25,25,25,25,25,25,25,25,25,25
80427,1,1,1982,15,11,20,27,13,20,23,27,5,30
80428,1,1,1982,10,10,10,10,10,10,10,10,10,10
80429,1,1,1982,24,24,24,24,24,24,24,24,24,24
80430,0,1,1982,14,14,14,14,14,14,14,14,14,14
80430,1,1,1982,11,11,11,11,11,11,11,11,11,11
80431,0,1,1982,19,19,19,19,19,19,19,19,19,19
80431,1,1,1982,0,0,0,0,0,0,0,0,0,0
80432,1,1,1982,12,14,22,17,18,0,24,34,22,17
80433,1,1,1982,0,0,0,0,0,0,0,0,0,0
80434,1,1,1982,28,28,28,28,28,28,28,28,28,28
80435,1,1,1982,0,0,0,0,0,0,0,0,0,0
80435,2,1,1982,0,0,0,0,0,0,0,0,0,0
80436,0,1,1982,24,18,15,20,0,18,16,0,0,28
80436,1,1,1982,17,17,17,17,17,17,17,17,17,17
80437,1,1,1982,7,7,7,7,7,7,7,7,7,7
80438,1,1,1982,0,0,11,0,0,0,0,0,0,0
80439,1,1,1982,0,0,0,0,0,0,0,0,0,0
80439,2,1,1982,0,0,0,0,0,0,0,0,0,0
80440,1,1,1982,0,0,0,0,0,0,0,0,0,0
80441,1,1,1982,0,10,12,0,0,10,0,7,12,0
80442,1,1,1982,22,22,22,22,22,22,22,22,22,22
80442,2,1,1982,0,8,0,0,0,0,0,0,0,0
80443,1,1,1982,0,0,0,0,0,0,0,0,0,0
80444,1,1,1982,21,21,21,21,21,21,21,21,21,21
80445,1,1,1982,10,10,10,10,10,10,10,10,10,10
80446,1,1,1982,0,0,0,0,0,0,0,0,0,0
80447,1,1,1982,3,3,3,3,3,3,3,3,3,3
80448,1,1,1982,15,15,15,15,15,15,15,15,15,15
80449,1,1,1982,15,15,15,15,15,15,15,15,15,15
80450,1,1,1982,0,0,0,0,0,0,0,0,0,0
80450,2,1,1982,0,0,0,0,0,0,0,0,0,0
80451,1,1,1982,19,19,19,19,19,19,19,19,19,19
80452,1,1,1982,22,18,17,21,23,9,19,34,15,15
80453,0,1,1982,0,0,0,0,0,0,0,0,0,0
80453,1,1,1982,0,0,0,0,0,0,0,0,0,0
80454,1,1,1982,0,0,0,0,0,0,0,0,0,0
80455,1,1,1982,0,0,0,0,0,0,0,0,0,0
80455,2,1,1982,0,0,0,0,0,0,0,0,0,8
80456,1,1,1982,0,0,0,0,0,10,0,0,0,0
80457,1,1,1982,11,0,0,0,0,0,0,0,6,0
80458,1,1,1982,35,35,35,35,35,35,35,35,35,35
80459,1,1,1982,0,0,0,0,0,0,0,0,0,0
80459,2,1,1982,0,0,15,0,0,0,0,0,0,0
80459,3,1,1982,0,0,0,0,0,0,0,0,0,0
80460,1,1,1982,25,25,25,25,25,25,25,25,25,25
80460,2,1,1982,17,13,27,10,16,17,3,21,18,15
80461,0,1,1982,0,0,0,0,0,0,0,0,0,0
80461,1,1,1982,30,0,28,17,0,15,21,8,19,21
80462,1,1,1982,18,18,18,18,18,18,18,18,18,18
80463,1,1,1982,9,9,9,9,9,9,9,9,9,9
80464,1,1,1982,0,0,0,0,0,0,0,0,0,9
80465,1,1,1982,0,0,0,0,0,0,0,0,0,0
80466,1,1,1982,22,22,22,22,22,22,22,22,22,22
80467,1,1,1982,0,0,0,0,0,0,0,0,0,0
80467,2,1,1982,0,0,0,0,0,0,0,0,0,0
80468,1,1,1982,15,15,15,15,15,15,15,15,15,15
80468,2,1,1982,0,9,0,0,0,0,0,0,0,0
80469,1,1,1982,0,0,0,0,5,0,0,0,0,0
80470,1,1,1982,16,16,16,16,16,16,16,16,16,16
80471,1,1,1982,12,12,12,12,12,12,12,12,12,12
80472,1,1,1982,0,0,0,0,0,0,0,0,0,0
80472,2,1,1982,0,0,0,0,0,0,0,0,0,0
80473,0,1,1982,0,0,0,0,0,0,0,0,0,0
80473,1,1,1982,0,0,0,0,0,0,0,0,0,0
80474,1,1,1982,0,0,0,0,0,0,0,0,0,0
80474,2,1,1982,0,0,0,0,0,0,0,0,0,0
80475,1,1,1982,0,12,13,18,11,24,0,8,0,0
80476,1,1,1982,1,1,1,1,1,1,1,1,1,1
80477,1,1,1982,19,19,19,19,19,19,19,19,19,19
80478,0,1,1982,15,15,15,15,15,15,15,15,15,15
80478,1,1,1982,0,0,0,0,0,0,0,0,0,0
80479,1,1,1982,14,14,14,14,14,14,14,14,14,14
80480,1,1,1982,0,0,0,0,0,0,0,0,0,0
80480,2,1,1982,0,0,0,0,0,0,14,0,0,0
80481,1,1,1982,26,26,26,26,26,26,26,26,26,26
80482,1,1,1982,16,16,16,16,16,16,16,16,16,16
80483,0,1,1982,0,0,0,0,0,0,0,0,0,0
80483,1,1,1982,0,0,0,0,0,0,0,0,0,0
80484,1,1,1982,0,0,0,0,0,0,0,0,0,0
80485,1,1,1982,10,10,10,10,10,10,10,10,10,10
80486,0,1,1982,0,0,0,0,0,0,0,0,0,0
80486,1,1,1982,12,12,12,12,12,12,12,12,12,12
80487,1,1,1982,20,20,20,20,20,20,20,20,20,20
80488,1,1,1982,21,21,21,21,21,21,21,21,21,21
80489,0,1,1982,8,8,8,8,8,8,8,8,8,8
80489,1,1,1982,0,0,24,19,33,0,0,17,0,6
80490,1,1,1982,18,18,18,18,18,18,18,18,18,18
80491,1,1,1982,21,21,21,21,21,21,21,21,21,21
80492,1,1,1982,15,15,15,15,15,15,15,15,15,15
80493,0,1,1982,11,11,11,11,11,11,11,11,11,11
80493,1,1,1982,13,0,0,17,0,9,16,31,0,0
80494,1,1,1982,0,0,0,0,0,0,0,0,0,0
80495,1,1,1982,7,7,7,7,7,7,7,7,7,7
80496,1,1,1982,0,0,0,0,0,0,0,0,0,0
80496,2,1,1982,0,0,0,0,0,0,0,0,0,0
80497,1,1,1982,0,0,0,0,0,0,0,0,0,0
80497,2,1,1982,0,0,0,0,0,0,0,0,0,0
80498,1,1,1982,0,0,0,0,0,0,0,0,0,0
80499,1,1,1982,18,18,18,18,18,18,18,18,18,18
80500,1,1,1982,0,0,0,0,0,0,0,0,0,0
80500,2,1,1982,0,0,0,0,0,0,0,0,0,0
80500,3,1,1982,0,0,0,0,0,0,0,0,0,0
80500,4,1,1982,0,0,0,0,0,0,0,18,0,0
80501,1,1,1982,25,25,25,25,25,25,25,25,25,25
80502,0,1,1982,0,0,0,0,0,0,0,0,0,0
80502,1,1,1982,29,29,29,29,29,29,29,29,29,29
80503,1,1,1982,17,17,17,17,17,17,17,17,17,17
80504,1,1,1982,11,11,11,11,11,11,11,11,11,11
80505,1,1,1982,29,29,29,29,29,29,29,29,29,29
80506,1,1,1982,12,10,22,19,15,2,18,24,9,10
80506,2,1,1982,13,17,24,22,14,16,12,10,16,16
80506,3,1,1982,11,17,0,13,0,20,0,26,25,17
80507,1,1,1982,38,11,0,0,16,17,0,27,0,0
80508,1,1,1982,0,0,0,0,0,0,0,0,0,0
80509,1,1,1982,0,0,0,0,0,0,0,0,0,0
80510,0,1,1982,19,19,19,19,19,19,19,19,19,19
80510,1,1,1982,0,0,0,0,0,0,0,0,0,0
80511,1,1,1982,0,0,0,0,0,0,0,0,0,0
80512,1,1,1982,0,0,0,0,0,0,0,0,0,0
80512,2,1,1982,0,0,0,0,0,0,0,0,0,0
80513,1,1,1982,0,0,0,0,0,0,0,0,0,0
80514,1,1,1982,12,12,12,12,12,12,12,12,12,12
80515,1,1,1982,0,0,0,0,0,0,0,0,0,0
80516,1,1,1982,7,7,7,7,7,7,7,7,7,7
80517,1,1,1982,0,0,0,20,0,0,0,0,0,13
80517,2,1,1982,0,0,0,0,0,0,0,0,0,0
80518,1,1,1982,0,0,0,0,0,0,0,0,0,0
80518,2,1,1982,0,0,0,0,0,0,0,0,0,0
80519,0,1,1982,19,19,19,19,19,19,19,19,19,19
80519,1,1,1982,0,10,12,0,8,0,0,16,0,13
80519,2,1,1982,14,0,0,0,3,0,0,0,3,7
80520,1,1,1982,20,20,20,20,20,20,20,20,20,20
80521,0,1,1982,0,0,0,0,0,0,18,0,0,0
80521,1,1,1982,24,24,24,24,24,24,24,24,24,24
80522,1,1,1982,36,36,36,36,36,36,36,36,36,36
80523,1,1,1982,0,0,0,0,0,0,0,0,0,0
80523,2,1,1982,0,0,0,0,0,0,0,0,0,0
80523,3,1,1982,0,0,0,0,0,0,0,0,0,0
80524,0,1,1982,21,21,21,21,21,21,21,21,21,21
80524,1,1,1982,16,19,2,25,31,21,0,32,27,25
80525,1,1,1982,0,0,0,0,0,0,0,0,0,0
80526,1,1,1982,0,0,0,0,0,0,0,0,0,0
80526,2,1,1982,0,0,0,0,0,0,0,0,0,0
80527,1,1,1982,0,0,0,0,0,0,0,0,0,0
80528,1,1,1982,0,0,0,0,0,0,0,0,0,0
80528,2,1,1982,0,0,0,0,0,0,0,0,0,0
80529,1,1,1982,27,27,27,27,27,27,27,27,27,27
80529,2,1,1982,0,0,0,0,0,0,0,0,0,0
80530,1,1,1982,28,28,28,28,28,28,28,28,28,28
80531,0,1,1982,13,13,13,13,13,13,13,13,13,13
80531,1,1,1982,0,0,0,0,0,0,0,0,0,0
80532,0,1,1982,5,5,5,5,5,5,5,5,5,5
80532,1,1,1982,0,0,0,0,0,0,0,0,0,0
80532,2,1,1982,0,0,0,0,0,0,0,0,0,0
80533,1,1,1982,0,0,0,0,0,0,0,0,0,0
80534,1,1,1982,0,0,0,0,0,0,0,0,0,0
80534,2,1,1982,0,0,0,0,0,0,0,0,0,0
80535,1,1,1982,33,33,33,33,33,33,33,33,33,33
80535,2,1,1982,0,0,0,0,0,0,0,0,0,0
80536,0,1,1982,0,0,0,0,0,0,0,0,0,0
80536,1,1,1982,33,33,33,33,33,33,33,33,33,33
80537,0,1,1982,0,34,0,20,0,18,0,18,6,0
80537,1,1,1982,26,26,26,26,26,26,26,26,26,26
80538,1,1,1982,15,15,15,15,15,15,15,15,15,15
80538,2,1,1982,0,0,0,0,0,0,0,0,0,0
80539,0,1,1982,0,0,0,0,0,0,0,0,0,0
80539,0,2,1982,0,0,0,0,0,0,0,28,0,0
80539,1,1,1982,0,0,0,0,0,0,0,0,0,0
80540,1,1,1982,23,23,23,23,23,23,23,23,23,23
80541,0,1,1982,26,26,26,26,26,26,26,26,26,26
80541,1,1,1982,23,0,31,30,0,19,0,24,12,7
80542,1,1,1982,0,0,0,0,0,0,0,0,0,0
80542,2,1,1982,0,0,0,0,0,0,0,0,0,0
80543,1,1,1982,0,0,0,0,0,0,0,0,0,0
80543,2,1,1982,0,0,0,0,0,0,0,0,0,0
80544,1,1,1982,0,0,0,0,0,0,0,0,0,0
80545,1,1,1982,0,0,0,0,0,0,0,0,0,0
80545,2,1,1982,0,0,0,0,0,0,0,0,0,0
80546,1,1,1982,11,11,11,11,11,11,11,11,11,11
80547,1,1,1982,0,0,0,0,0,0,0,0,0,0
80548,0,1,1982,28,28,28,28,28,28,28,28,28,28
80548,1,1,1982,0,0,0,0,0,0,18,0,0,0
80549,1,1,1982,6,6,6,6,6,6,6,6,6,6
80550,1,1,1982,0,0,13,0,0,0,0,0,0,0
80551,1,1,1982,0,0,0,0,0,0,0,0,0,0
80551,2,1,1982,0,0,0,0,0,0,0,0,0,0
80552,2,1,1982,0,0,0,0,0,0,0,0,0,0
80553,1,1,1982,20,20,20,20,20,20,20,20,20,20
80554,0,1,1982,0,0,0,0,0,0,0,0,0,0
80554,1,1,1982,0,0,0,0,0,0,0,0,0,0
80555,1,1,1982,14,14,14,14,14,14,14,14,14,14
80556,1,1,1982,0,0,0,0,0,0,0,0,0,0
80557,1,1,1982,25,24,19,22,14,17,12,3,10,20
80558,1,1,1982,35,35,35,35,35,35,35,35,35,35
80559,1,1,1982,0,0,0,0,0,0,0,0,0,0
80559,2,1,1982,0,0,0,0,0,0,0,0,0,0
80560,1,1,1982,14,14,14,14,14,14,14,14,14,14
80561,1,1,1982,0,0,0,0,0,0,0,0,0,0
80562,1,1,1982,13,13,13,13,13,13,13,13,13,13
80563,1,1,1982,16,16,16,16,16,16,16,16,16,16
80564,0,1,1982,25,25,25,25,25,25,25,25,25,25
80564,1,1,1982,0,0,0,0,0,0,0,0,0,0
80565,0,1,1982,0,0,0,0,0,0,0,0,0,0
80565,0,2,1982,0,0,0,0,0,0,0,0,0,0
80565,1,1,1982,0,0,0,0,0,0,0,0,0,0
80566,1,1,1982,0,0,0,0,0,0,0,0,0,0
80566,2,1,1982,0,0,0,0,0,0,0,0,0,0
80567,1,1,1982,32,32,32,32,32,32,32,32,32,32
80568,1,1,1982,15,15,15,15,15,15,15,15,15,15
80569,1,1,1982,32,32,32,32,32,32,32,32,32,32
80569,2,1,1982,0,0,0,0,0,0,0,0,0,0
80570,1,1,1982,0,0,0,0,0,0,0,0,0,0
80570,2,1,1982,0,0,0,0,0,0,0,0,0,0
80571,1,1,1982,18,18,18,18,18,18,18,18,18,18
80571,2,1,1982,25,25,25,25,25,25,25,25,25,25
80572,1,1,1982,14,14,14,14,14,14,14,14,14,14
80573,1,1,1982,0,0,0,0,0,0,0,0,0,0
80574,1,1,1982,27,27,27,27,27,27,27,27,27,27
80575,1,1,1982,0,0,0,0,0,0,0,0,0,0
80575,2,1,1982,0,4,15,0,0,0,0,0,0,0
80575,3,1,1982,0,0,0,0,14,28,0,0,0,0
80575,4,1,1982,0,0,0,0,0,0,0,0,0,0
80576,1,1,1982,0,0,0,0,0,0,0,0,0,0
80576,2,1,1982,0,0,0,0,0,0,0,0,0,0
80577,1,1,1982,0,0,0,0,0,0,0,0,0,0
80577,2,1,1982,0,0,9,0,0,0,0,0,0,0
80578,1,1,1982,5,5,5,5,5,5,5,5,5,5
80578,2,1,1982,13,13,13,13,13,13,13,13,13,13
80579,1,1,1982,0,0,0,0,0,16,0,0,0,0
80580,1,1,1982,23,23,23,23,23,23,23,23,23,23
80580,2,1,1982,0,0,0,0,0,0,0,0,0,0
80581,1,1,1982,0,0,0,0,0,0,0,16,0,0
80582,1,1,1982,0,0,0,0,0,0,0,0,0,0
80582,2,1,1982,0,0,0,0,0,0,0,0,0,0
80583,1,1,1982,30,30,30,30,30,30,30,30,30,30
80583,2,1,1982,1,1,1,1,1,1,1,1,1,1
80584,0,1,1982,24,25,20,33,31,24,15,27,31,0
80584,1,1,1982,0,0,0,0,0,0,12,0,0,0
80585,0,1,1982,0,0,0,0,0,0,0,0,0,0
80585,1,1,1982,0,0,0,0,0,0,0,0,0,0
80586,1,1,1982,12,12,12,12,12,12,12,12,12,12
80587,1,1,1982,0,0,0,0,0,0,0,0,0,0
80587,2,1,1982,0,0,0,0,0,0,0,0,0,0
80588,1,1,1982,30,30,30,30,30,30,30,30,30,30
80589,1,1,1982,22,22,22,22,22,22,22,22,22,22
80590,1,1,1982,0,0,0,0,0,0,0,0,0,0
80591,1,1,1982,24,24,24,24,24,24,24,24,24,24
80591,2,1,1982,0,20,13,0,0,0,0,11,10,0
80592,1,1,1982,0,0,0,0,0,0,0,0,0,0
80592,2,1,1982,16,16,16,16,16,16,16,16,16,16
80593,1,1,1982,0,0,0,0,0,0,0,0,0,0
80593,2,1,1982,0,0,0,0,0,0,0,0,0,0
80594,0,1,1982,20,20,20,20,20,20,20,20,20,20
80594,1,1,1982,4,4,4,4,4,4,4,4,4,4
80595,1,1,1982,0,0,0,0,0,0,0,0,0,0
80596,1,1,1982,0,0,0,0,0,0,0,0,0,0
80597,1,1,1982,0,0,0,0,0,0,0,0,0,0
80598,1,1,1982,0,0,0,0,0,0,0,0,0,0
80598,2,1,1982,0,0,0,0,0,0,0,0,0,0
80599,1,1,1982,5,19,0,0,0,13,18,11,3,0
80600,1,1,1982,0,0,0,0,0,0,0,0,0,0
80600,2,1,1982,0,0,0,0,0,0,0,0,0,0
90001,1,1,1982,0,0,0,0,0,0,0,0,0,0
90001,2,1,1982,4,4,4,4,4,4,4,4,4,4
90002,1,1,1982,0,0,7,0,0,0,0,0,0,0
90002,2,1,1982,6,0,0,13,17,18,0,36,0,7
90003,1,1,1982,19,19,19,19,19,19,19,19,19,19
90004,1,1,1982,29,29,29,29,29,29,29,29,29,29
90005,0,1,1982,0,15,0,0,0,19,18,0,13,8
90005,1,1,1982,0,0,0,0,0,0,0,0,0,0
90006,1,1,1982,18,9,0,0,0,0,0,9,7,0
90006,2,1,1982,20,0,0,0,0,0,8,0,0,0
90007,1,1,1982,11,15,10,16,20,6,5,23,17,24
90007,2,1,1982,18,0,20,23,0,0,0,0,0,14
90008,1,1,1982,0,0,19,9,0,0,0,6,16,0
90008,2,1,1982,0,0,0,0,0,0,0,0,0,0
90009,1,1,1982,0,0,0,0,0,0,0,0,0,0
90010,0,1,1982,13,13,13,13,13,13,13,13,13,13
90010,0,2,1982,47,6,0,0,0,37,20,22,9,17
90010,2,1,1982,0,0,0,11,8,14,0,9,0,14
90010,3,1,1982,35,0,0,7,7,0,12,5,16,6
90011,1,1,1982,16,16,16,16,16,16,16,16,16,16
90012,1,1,1982,0,0,0,0,0,0,0,0,0,0
90012,2,1,1982,11,20,19,38,15,15,22,17,13,19
90013,0,1,1982,21,21,21,21,21,21,21,21,21,21
90013,1,1,1982,0,0,0,0,0,0,0,0,0,0
90014,1,1,1982,0,0,0,0,0,0,0,36,0,19
90014,2,1,1982,11,0,0,0,0,0,0,0,0,0
90015,1,1,1982,22,22,22,22,22,22,22,22,22,22
90016,1,1,1982,0,0,0,0,0,0,0,0,0,0
90016,2,1,1982,0,0,0,0,0,0,0,0,0,0
90016,3,1,1982,0,0,0,0,0,0,0,6,0,9
90017,1,1,1982,0,0,0,0,0,0,0,0,0,0
90018,1,1,1982,16,16,16,16,16,16,16,16,16,16
90019,1,1,1982,23,23,23,23,23,23,23,23,23,23
90020,1,1,1982,0,0,0,0,0,0,0,0,0,0
90020,2,1,1982,0,0,0,0,0,0,0,0,0,0
90021,1,1,1982,15,0,0,0,18,19,10,15,19,22
90021,2,1,1982,0,5,0,0,0,0,0,5,0,0
90022,1,1,1982,13,13,13,13,13,13,13,13,13,13
90023,1,1,1982,12,12,12,12,12,12,12,12,12,12
90024,1,1,1982,29,29,29,29,29,29,29,29,29,29
90024,2,1,1982,11,0,0,0,0,0,0,0,9,0
90025,0,1,1982,14,14,14,14,14,14,14,14,14,14
90025,1,1,1982,0,0,0,0,0,0,0,0,0,0
90026,1,1,1982,19,14,27,20,28,24,25,17,12,29
90027,1,1,1982,0,0,0,0,0,0,0,0,0,0
90027,2,1,1982,0,0,0,0,0,7,0,0,0,20
90027,3,1,1982,14,0,24,8,0,0,0,0,0,3
90027,4,1,1982,0,0,0,0,0,0,0,15,23,0
90028,1,1,1982,17,7,0,0,27,0,0,24,0,5
90028,2,1,1982,14,7,20,10,5,0,14,0,0,23
90029,1,1,1982,0,0,0,0,0,0,0,0,0,0
90030,1,1,1982,0,0,0,0,0,0,0,0,0,0
90031,1,1,1982,21,21,21,21,21,21,21,21,21,21
90032,1,1,1982,34,15,13,9,30,12,12,18,26,26
90033,1,1,1982,0,0,0,0,0,0,0,0,0,0
90033,2,1,1982,18,18,18,18,18,18,18,18,18,18
90034,1,1,1982,22,22,22,22,22,22,22,22,22,22
90035,1,1,1982,0,0,0,0,0,0,0,1,0,0
90035,2,1,1982,0,0,0,0,0,0,0,0,0,0
90036,1,1,1982,8,8,8,8,8,8,8,8,8,8
90037,1,1,1982,0,0,0,0,0,0,0,0,0,0
90037,2,1,1982,16,16,16,16,16,16,16,16,16,16
90038,1,1,1982,25,7,38,36,17,0,16,27,28,17
90039,1,1,1982,0,0,0,0,32,0,32,26,20,0
90039,2,1,1982,0,0,6,5,0,0,0,12,0,0
90040,1,1,1982,9,0,0,11,0,0,0,35,20,17
90040,2,1,1982,33,0,12,7,0,0,0,0,16,17
90040,3,1,1982,0,0,15,0,0,11,19,0,22,7
90041,1,1,1982,0,0,0,0,0,0,0,0,0,0
90041,2,1,1982,9,9,9,9,9,9,9,9,9,9
90042,1,1,1982,0,0,0,0,0,0,0,0,0,0
90042,2,1,1982,0,0,0,15,0,0,0,0,0,0
90042,3,1,1982,0,0,0,0,0,0,0,0,0,0
90043,1,1,1982,0,0,0,0,27,16,0,0,0,14
90043,2,1,1982,0,0,0,0,0,0,0,0,0,0
90044,1,1,1982,0,0,0,0,0,0,0,0,0,0
90044,2,1,1982,3,7,0,9,7,21,16,0,26,22
90045,1,1,1982,7,7,7,7,7,7,7,7,7,7
90045,2,1,1982,0,0,0,0,0,0,0,0,0,0
90046,1,1,1982,21,21,21,21,21,21,21,21,21,21
90047,1,1,1982,0,0,41,0,16,17,18,16,23,25
90047,2,1,1982,0,0,21,0,7,12,0,20,4,0
90048,1,1,1982,25,25,25,25,25,25,25,25,25,25
90048,2,1,1982,0,0,0,0,0,0,0,0,0,0
90049,1,1,1982,13,13,13,13,13,13,13,13,13,13
90049,2,1,1982,12,0,0,0,0,8,0,0,0,0
90050,1,1,1982,0,0,0,0,0,0,0,0,0,0
90050,2,1,1982,0,0,0,6,0,0,0,0,0,0
90051,1,1,1982,11,16,9,0,0,0,0,0,0,0
90051,2,1,1982,0,0,0,0,0,0,0,0,0,0
90052,1,1,1982,0,0,0,0,0,0,0,0,0,0
90052,2,1,1982,0,0,0,0,0,0,0,0,0,0
90053,1,1,1982,10,10,10,10,10,10,10,10,10,10
90054,1,1,1982,0,0,0,0,0,0,0,0,0,0
90055,1,1,1982,12,14,23,0,4,12,7,13,19,12
90055,2,1,1982,3,3,3,3,3,3,3,3,3,3
90056,1,1,1982,24,24,24,24,24,24,24,24,24,24
90057,1,1,1982,12,0,0,0,0,0,0,19,0,0
90057,2,1,1982,0,0,0,0,0,0,0,0,0,0
90058,1,1,1982,6,13,29,0,13,20,13,12,17,15
90059,1,1,1982,14,0,0,24,14,0,8,0,0,10
90059,2,1,1982,0,0,9,0,0,14,0,0,0,0
90060,0,1,1982,18,13,0,0,23,7,23,10,9,26
90060,1,1,1982,17,34,13,0,16,16,0,19,17,12
90061,1,1,1982,13,14,9,6,0,20,21,11,11,27
90061,2,1,1982,0,0,0,0,0,0,0,0,0,0
90062,1,1,1982,0,18,16,0,0,29,0,0,0,0
90062,2,1,1982,9,0,15,10,13,21,7,28,10,11
90063,1,1,1982,5,11,24,5,6,18,25,27,19,15
90063,2,1,1982,0,0,0,0,6,0,0,0,0,0
90064,1,1,1982,12,8,23,0,21,12,19,28,33,10
90065,1,1,1982,20,0,16,4,11,0,0,27,0,11
90066,1,1,1982,0,0,0,0,0,0,0,0,0,0
90067,1,1,1982,16,16,16,16,16,16,16,16,16,16
90068,0,1,1982,0,0,0,13,0,0,0,0,0,0
90068,1,1,1982,0,0,0,0,0,0,0,0,0,29
90069,1,1,1982,22,23,16,17,0,0,16,0,25,0
90070,1,1,1982,0,0,0,0,0,0,0,0,0,0
90070,2,1,1982,16,16,16,16,16,16,16,16,16,16
90071,0,1,1982,0,0,6,5,16,11,14,18,8,7
90071,1,1,1982,22,20,13,0,0,0,0,21,11,0
90072,1,1,1982,0,13,0,0,0,0,0,0,0,0
90072,2,1,1982,0,0,0,0,0,0,0,0,0,0
90072,3,1,1982,0,0,0,0,0,4,8,0,0,0
90073,1,1,1982,16,16,16,16,16,16,16,16,16,16
90073,2,1,1982,0,0,0,0,0,0,0,0,0,0
90073,3,1,1982,0,0,0,0,0,0,0,0,0,11
90074,1,1,1982,10,15,23,10,19,11,27,25,19,32
90075,1,1,1982,0,0,0,0,0,0,10,0,0,0
90075,2,1,1982,0,0,0,0,0,0,0,0,0,0
90076,1,1,1982,24,24,24,24,24,24,24,24,24,24
90077,0,1,1982,0,0,5,0,12,0,12,0,17,5
90077,1,1,1982,9,0,0,0,0,0,0,0,0,19
90078,1,1,1982,15,0,0,0,0,0,0,24,0,0
90079,1,1,1982,12,12,12,12,12,12,12,12,12,12
90080,1,1,1982,0,0,0,0,0,0,22,0,0,0
90080,2,1,1982,0,0,0,0,0,0,0,0,0,0
90081,1,1,1982,0,0,19,0,18,0,0,16,9,13
90082,1,1,1982,0,0,0,29,0,0,0,17,0,28
90083,1,1,1982,0,0,0,0,0,0,0,0,0,0
90083,2,1,1982,0,0,0,0,0,0,0,0,8,0
90084,1,1,1982,0,0,0,0,0,0,0,0,0,0
90085,1,1,1982,0,0,11,0,0,0,7,0,0,0
90085,2,1,1982,0,0,0,0,0,0,0,0,0,0
90085,3,1,1982,0,0,0,0,0,0,0,0,0,0
90086,1,1,1982,17,17,17,17,17,17,17,17,17,17
90087,1,1,1982,19,19,19,19,19,19,19,19,19,19
90088,1,1,1982,15,10,10,10,0,8,9,9,13,21
90088,2,1,1982,5,0,10,18,15,0,12,11,13,1
90089,0,1,1982,0,0,0,0,0,25,35,0,0,43
90089,1,1,1982,0,0,0,0,20,0,5,0,0,0
90090,1,1,1982,12,12,12,12,12,12,12,12,12,12
90091,0,1,1982,26,26,26,26,26,26,26,26,26,26
90091,1,1,1982,0,0,0,0,0,0,0,0,0,0
90092,1,1,1982,0,26,17,0,0,0,0,0,0,0
90093,1,1,1982,0,0,0,0,10,0,0,0,33,0
90094,0,1,1982,0,0,0,0,0,0,0,0,0,0
90094,1,1,1982,0,0,7,0,0,0,6,0,0,0
90095,1,1,1982,18,15,0,0,19,0,0,5,20,9
90096,0,1,1982,0,0,0,0,0,0,0,0,0,0