ST_CASE,VEH_NO,PER_NO,YEAR,P1,P2,P3,P4,P5,P6,P7,P8,P9,P10
90096,1,1,1982,0,4,0,0,0,0,0,0,0,0
90097,1,1,1982,25,25,25,25,25,25,25,25,25,25
90098,1,1,1982,27,27,27,27,27,27,27,27,27,27
90099,0,1,1982,0,0,0,0,10,0,12,0,0,0
90099,1,1,1982,0,0,0,0,0,0,22,15,0,0
90100,1,1,1982,21,0,0,10,11,15,23,0,0,10
90101,1,1,1982,10,29,26,15,4,6,24,22,12,0
90102,1,1,1982,0,0,0,0,0,0,0,0,0,0
90102,2,1,1982,0,9,0,0,0,0,0,3,12,0
90103,1,1,1982,0,0,0,0,0,0,0,0,0,0
90103,2,1,1982,23,23,23,23,23,23,23,23,23,23
90104,1,1,1982,5,5,5,5,5,5,5,5,5,5
90104,2,1,1982,0,20,0,10,0,0,0,0,13,0
90105,1,1,1982,15,0,0,0,12,0,0,0,0,0
90105,2,1,1982,0,0,0,20,21,0,0,16,0,0
90106,1,1,1982,9,9,9,9,9,9,9,9,9,9
90107,1,1,1982,9,0,0,15,0,10,7,31,0,7
90108,1,1,1982,23,23,23,23,23,23,23,23,23,23
90109,1,1,1982,11,11,11,11,11,11,11,11,11,11
90110,0,1,1982,3,0,0,28,31,13,0,0,0,0
90110,0,2,1982,26,28,28,27,0,16,21,0,0,18
90110,1,1,1982,0,0,0,0,0,0,0,0,0,0
90111,1,1,1982,0,38,27,0,28,19,23,14,27,30
90112,1,1,1982,19,19,19,19,19,19,19,19,19,19
90113,1,1,1982,0,24,0,0,0,0,14,0,0,0
90113,2,1,1982,0,0,0,0,5,0,0,0,0,13
90113,3,1,1982,0,0,0,0,0,0,0,0,0,0
90114,1,1,1982,0,0,12,0,5,0,0,0,0,0
90114,2,1,1982,0,0,0,0,0,0,0,0,0,0
90114,3,1,1982,0,0,0,26,0,0,0,0,0,11
90115,1,1,1982,16,16,16,16,16,16,16,16,16,16
90116,0,1,1982,25,25,25,25,25,25,25,25,25,25
90116,1,1,1982,0,0,0,11,0,0,14,0,0,0
90117,1,1,1982,0,6,25,0,9,0,0,15,0,9
90118,0,1,1982,0,0,0,20,0,0,0,0,0,0
90118,1,1,1982,0,0,0,0,0,0,0,0,10,0
90119,1,1,1982,0,0,0,0,0,0,0,0,0,0
90119,2,1,1982,0,0,0,0,0,0,0,0,0,0
90120,1,1,1982,27,27,27,27,27,27,27,27,27,27
90121,1,1,1982,0,0,0,15,0,0,0,0,12,17
90122,1,1,1982,28,28,28,28,28,28,28,28,28,28
90123,1,1,1982,21,21,21,21,21,21,21,21,21,21
90124,0,1,1982,0,19,0,0,12,20,25,0,0,0
90125,1,1,1982,0,0,0,0,0,0,0,0,0,0
90125,2,1,1982,0,5,0,0,0,0,10,0,0,0
90125,3,1,1982,0,0,0,0,0,0,0,3,0,0
90126,1,1,1982,23,23,23,23,23,23,23,23,23,23
90127,1,1,1982,15,7,17,20,6,15,8,10,7,26
90128,1,1,1982,17,13,20,0,14,10,0,10,0,0
90129,1,1,1982,14,0,8,9,20,10,5,7,0,5
90129,2,1,1982,14,16,16,16,0,32,16,0,0,10
90130,1,1,1982,16,26,0,0,0,0,0,0,12,0
90130,2,1,1982,12,12,12,12,12,12,12,12,12,12
90131,1,1,1982,13,0,17,10,12,11,27,8,13,11
90132,1,1,1982,18,10,11,0,0,13,25,30,0,0
90133,1,1,1982,30,30,30,30,30,30,30,30,30,30
90134,1,1,1982,0,0,0,0,0,0,0,0,0,0
90135,1,1,1982,10,10,10,10,10,10,10,10,10,10
90136,1,1,1982,22,22,22,22,22,22,22,22,22,22
90136,2,1,1982,20,20,20,20,20,20,20,20,20,20
90137,1,1,1982,12,5,9,13,0,13,20,16,19,20
90138,0,1,1982,0,0,0,0,0,0,10,0,11,0
90138,1,1,1982,17,0,0,0,0,0,0,0,0,16
90139,1,1,1982,5,0,4,6,10,9,20,0,6,7
90139,2,1,1982,24,0,0,7,0,18,19,10,0,27
90140,1,1,1982,23,23,23,23,23,23,23,23,23,23
90140,2,1,1982,0,0,0,0,0,0,0,0,0,0
90141,1,1,1982,0,0,0,0,0,0,4,9,0,0
90142,1,1,1982,4,0,0,0,0,33,0,0,0,0
90143,1,1,1982,0,27,24,27,25,19,35,0,23,0
90144,1,1,1982,0,0,0,0,0,0,0,0,0,0
90144,2,1,1982,18,6,0,0,28,22,19,19,0,0
90145,1,1,1982,9,21,0,0,8,14,0,0,0,21
90145,2,1,1982,21,14,15,12,15,17,20,0,0,23
90146,1,1,1982,15,15,15,15,15,15,15,15,15,15
90146,2,1,1982,0,0,0,0,0,0,0,0,0,0
90147,1,1,1982,0,4,12,8,14,0,19,16,3,0
90147,2,1,1982,0,0,0,0,14,19,25,0,12,0
90148,1,1,1982,0,0,0,0,0,0,0,0,0,0
90148,2,1,1982,0,0,0,0,0,0,0,0,0,0
90149,1,1,1982,11,0,0,0,0,0,0,13,16,0
90149,2,1,1982,25,25,25,25,25,25,25,25,25,25
90150,1,1,1982,19,13,0,10,20,32,0,30,19,18
90151,1,1,1982,20,17,0,0,0,20,0,14,31,0
90152,0,1,1982,0,0,0,0,0,0,0,0,0,0
90152,1,1,1982,0,0,0,0,0,0,0,0,8,0
90153,0,1,1982,0,0,0,0,0,19,0,11,36,0
90153,1,1,1982,0,0,0,0,0,0,0,0,12,0
90154,1,1,1982,0,0,0,0,0,0,0,0,0,0
90154,2,1,1982,0,0,0,0,0,0,0,0,0,0
90155,1,1,1982,17,18,20,29,32,19,0,22,16,9
90156,1,1,1982,18,0,21,13,28,18,14,25,10,29
90157,1,1,1982,19,5,9,24,13,14,24,26,18,18
90158,1,1,1982,0,21,13,0,0,0,0,0,0,0
90158,2,1,1982,0,0,0,0,0,0,0,0,0,0
90159,1,1,1982,6,6,6,6,6,6,6,6,6,6
90159,2,1,1982,0,0,0,0,0,0,0,0,0,7
90160,0,1,1982,25,20,14,29,0,12,10,22,26,0
90160,1,1,1982,0,0,0,0,0,0,9,7,0,0
90161,1,1,1982,15,15,15,15,15,15,15,15,15,15
90162,1,1,1982,30,0,18,16,22,0,23,20,15,15
90163,0,1,1982,0,0,0,0,0,0,0,0,0,0
90163,1,1,1982,0,0,0,0,0,0,13,4,0,0
90164,1,1,1982,1,1,1,1,1,1,1,1,1,1
90164,2,1,1982,0,0,0,22,0,0,0,0,0,0
90165,1,1,1982,15,15,15,15,15,15,15,15,15,15
90166,1,1,1982,0,15,11,6,5,0,9,12,11,0
90166,2,1,1982,0,0,0,0,0,0,0,0,0,0
90167,1,1,1982,19,19,19,19,19,19,19,19,19,19
90167,2,1,1982,24,11,0,11,0,0,10,16,20,7
90168,1,1,1982,0,0,0,0,0,0,15,0,0,8
90169,1,1,1982,0,0,0,0,0,0,0,0,0,0
90169,2,1,1982,13,13,13,13,13,13,13,13,13,13
90170,0,1,1982,10,10,11,12,0,24,0,0,17,11
90170,3,1,1982,0,0,0,0,0,0,0,0,0,0
90171,1,1,1982,5,5,5,5,5,5,5,5,5,5
90171,2,1,1982,12,0,0,20,0,0,0,7,7,0
90171,3,1,1982,0,0,0,0,0,0,16,0,2,10
90172,0,1,1982,17,0,0,0,0,0,0,0,24,13
90172,1,1,1982,18,10,19,10,21,18,25,7,19,12
90173,0,1,1982,0,0,0,0,0,0,0,0,0,0
90173,1,1,1982,10,10,10,10,10,10,10,10,10,10
90174,1,1,1982,19,19,19,19,19,19,19,19,19,19
90174,2,1,1982,2,2,2,2,2,2,2,2,2,2
90175,0,1,1982,44,44,44,44,44,44,44,44,44,44
90175,1,1,1982,14,10,7,0,0,0,12,29,7,10
90176,0,1,1982,0,0,0,0,0,0,0,0,0,0
90176,1,1,1982,0,0,0,13,0,7,0,0,0,0
90177,1,1,1982,0,0,0,0,0,0,0,0,0,0
90178,1,1,1982,0,0,0,0,0,0,0,0,0,0
90179,1,1,1982,0,0,0,0,0,0,0,0,0,0
90179,2,1,1982,0,0,0,0,0,0,0,0,0,0
90180,1,1,1982,16,16,16,16,16,16,16,16,16,16
90180,2,1,1982,0,0,0,0,0,0,0,0,0,0
90180,3,1,1982,0,0,0,0,0,0,0,0,0,0
90181,1,1,1982,0,0,0,0,0,0,0,0,0,0
90181,2,1,1982,3,3,3,3,3,3,3,3,3,3
90182,1,1,1982,0,10,0,26,0,0,18,0,0,0
90183,1,1,1982,4,21,0,0,0,0,0,0,0,3
90184,1,1,1982,17,17,17,17,17,17,17,17,17,17
90185,1,1,1982,0,0,0,0,0,0,0,0,0,0
90185,2,1,1982,16,16,16,16,16,16,16,16,16,16
90186,1,1,1982,0,0,0,0,0,0,0,0,0,0
90186,2,1,1982,0,17,18,0,14,0,0,0,0,0
90187,1,1,1982,0,0,0,0,0,0,0,0,0,0
90188,1,1,1982,0,0,0,0,0,0,0,0,0,0
90188,2,1,1982,13,0,22,17,27,0,18,0,0,27
90189,1,1,1982,15,15,15,15,15,15,15,15,15,15
90189,2,1,1982,13,13,13,13,13,13,13,13,13,13
90190,1,1,1982,8,8,8,8,8,8,8,8,8,8
90190,2,1,1982,8,0,0,0,0,0,3,17,0,6
90191,1,1,1982,6,12,16,20,4,5,11,27,9,9
90192,1,1,1982,13,13,13,13,13,13,13,13,13,13
90193,1,1,1982,11,17,11,8,15,7,31,14,26,20
90193,2,1,1982,0,0,0,0,0,0,0,0,0,0
90193,3,1,1982,0,10,0,0,0,11,0,0,0,7
90194,0,1,1982,0,0,0,0,0,0,0,0,0,0
90194,1,1,1982,0,0,0,0,0,0,0,0,0,0
90195,1,1,1982,0,0,0,0,0,0,0,0,0,0
90195,2,1,1982,0,3,0,0,0,0,0,0,0,0
90195,3,1,1982,0,0,0,0,0,0,0,0,0,0
90196,1,1,1982,20,20,20,20,20,20,20,20,20,20
90196,2,1,1982,0,0,0,0,0,0,0,0,7,0
90197,1,1,1982,9,9,9,9,9,9,9,9,9,9
90197,2,1,1982,8,8,8,8,8,8,8,8,8,8
90197,3,1,1982,15,15,15,15,15,15,15,15,15,15
90198,1,1,1982,0,0,27,0,0,0,0,0,0,0
90198,2,1,1982,22,11,0,0,13,15,0,0,0,0
90199,0,1,1982,0,0,0,0,0,0,0,0,0,0
90199,1,1,1982,20,0,22,4,37,17,10,0,12,0
90200,1,1,1982,0,0,0,0,0,0,0,0,0,0
90200,2,1,1982,0,0,0,0,0,0,0,0,0,0
90201,1,1,1982,11,11,11,11,11,11,11,11,11,11
90202,0,1,1982,0,0,0,0,0,0,0,0,0,0
90202,1,1,1982,0,0,0,0,0,0,0,0,0,0
90203,1,1,1982,13,13,13,13,13,13,13,13,13,13
90203,2,1,1982,0,15,0,6,0,0,0,0,0,0
90204,1,1,1982,9,25,19,25,12,26,17,20,21,21
90205,1,1,1982,0,21,0,14,18,0,12,8,0,10
90206,1,1,1982,22,3,10,22,13,13,20,19,14,11
90207,1,1,1982,25,25,25,25,25,25,25,25,25,25
90208,1,1,1982,9,20,28,26,15,40,14,13,12,13
90209,1,1,1982,16,16,16,16,16,16,16,16,16,16
90210,1,1,1982,14,14,14,14,14,14,14,14,14,14
90211,1,1,1982,15,15,15,15,15,15,15,15,15,15
90212,1,1,1982,0,0,0,0,0,0,0,0,0,0
90213,1,1,1982,0,0,0,0,0,0,15,0,24,0
90214,1,1,1982,0,0,0,0,0,0,0,0,0,0
90215,1,1,1982,0,0,0,0,0,0,0,0,0,0
90216,1,1,1982,15,15,15,15,15,15,15,15,15,15
90217,1,1,1982,0,0,0,0,0,0,0,0,0,0
90217,2,1,1982,8,8,8,8,8,8,8,8,8,8
90218,1,1,1982,2,2,2,2,2,2,2,2,2,2
90219,1,1,1982,0,0,0,0,0,0,0,0,0,0
90219,2,1,1982,29,29,29,29,29,29,29,29,29,29
90220,0,1,1982,0,0,0,0,0,7,0,0,0,0
90220,1,1,1982,0,0,0,0,0,0,0,0,0,0
90221,1,1,1982,0,0,0,0,0,0,0,0,0,0
90221,2,1,1982,0,0,0,0,0,0,0,0,0,0
90221,3,1,1982,0,0,0,0,0,0,0,0,0,0
90222,0,1,1982,20,0,0,27,0,0,0,0,0,0
90222,1,1,1982,0,0,0,0,0,0,0,13,0,3
90223,1,1,1982,0,0,0,0,0,0,0,0,0,0
90223,2,1,1982,0,0,0,0,0,0,0,0,0,0
90223,3,1,1982,0,0,0,0,12,0,0,0,0,0
90224,1,1,1982,17,17,17,17,17,17,17,17,17,17
90224,2,1,1982,0,0,0,0,12,0,0,0,0,7
90225,0,1,1982,0,0,0,0,0,0,0,0,0,0
90225,1,1,1982,0,0,10,0,0,0,0,0,0,0
90226,1,1,1982,23,4,7,10,8,15,13,9,30,6
90227,1,1,1982,16,16,16,16,16,16,16,16,16,16
90228,1,1,1982,21,21,21,21,21,21,21,21,21,21
90229,1,1,1982,0,0,0,0,0,0,0,0,0,0
90230,1,1,1982,0,0,0,0,0,0,0,0,0,0
90230,2,1,1982,17,17,17,17,17,17,17,17,17,17
90231,1,1,1982,15,15,15,15,15,15,15,15,15,15
90232,0,1,1982,0,0,0,0,0,0,0,0,0,0
90232,0,2,1982,0,0,0,0,0,11,0,0,0,0
90232,1,1,1982,0,0,0,0,0,8,0,0,0,0
90233,1,1,1982,5,5,5,5,5,5,5,5,5,5
90234,1,1,1982,29,0,16,8,23,5,11,0,18,0
90235,1,1,1982,14,0,0,0,12,11,0,14,16,0
90235,2,1,1982,0,0,0,0,0,0,0,0,0,0
90236,1,1,1982,0,0,0,0,0,0,0,0,0,0
90236,2,1,1982,11,7,0,0,26,14,0,11,7,0
90237,1,1,1982,0,0,9,0,0,0,0,0,0,19
90238,1,1,1982,0,0,0,0,0,20,0,13,0,0
90238,2,1,1982,4,4,4,4,4,4,4,4,4,4
90239,0,1,1982,12,12,12,12,12,12,12,12,12,12
90239,1,1,1982,19,19,19,19,19,19,19,19,19,19
90240,0,1,1982,11,31,10,15,34,30,21,20,16,23
90240,1,1,1982,21,0,14,4,0,0,0,0,18,9
90241,1,1,1982,8,8,8,8,8,8,8,8,8,8
90242,1,1,1982,18,18,18,18,18,18,18,18,18,18
90243,1,1,1982,24,24,24,24,24,24,24,24,24,24
90244,1,1,1982,20,0,0,0,0,0,0,0,0,0
90245,1,1,1982,13,20,12,20,13,17,21,18,22,12
90245,2,1,1982,5,11,0,0,0,0,0,0,8,15
90246,1,1,1982,0,0,25,0,0,0,0,0,0,16
90247,1,1,1982,14,14,14,14,14,14,14,14,14,14
90248,1,1,1982,27,27,7,11,12,16,21,8,11,22
90249,1,1,1982,0,0,0,0,0,0,0,0,0,0
90249,2,1,1982,0,0,0,0,0,9,0,0,0,0
90250,1,1,1982,0,0,0,0,17,18,0,0,0,0
90250,2,1,1982,5,5,5,5,5,5,5,5,5,5
90251,1,1,1982,38,12,0,13,23,13,12,7,24,11
90252,1,1,1982,27,13,0,17,16,30,0,17,21,13
90253,1,1,1982,24,24,24,24,24,24,24,24,24,24
90254,1,1,1982,14,5,0,10,13,0,23,14,11,12
90255,1,1,1982,10,10,10,10,10,10,10,10,10,10
90255,2,1,1982,20,20,20,20,20,20,20,20,20,20
90256,0,1,1982,22,0,0,23,31,36,20,15,0,0
90256,1,1,1982,0,14,10,6,16,13,23,27,9,13
90257,1,1,1982,21,21,21,21,21,21,21,21,21,21
90258,1,1,1982,0,0,0,0,0,0,0,0,0,0
90258,2,1,1982,0,0,0,0,0,0,0,0,0,0
90259,1,1,1982,0,0,0,0,0,0,0,0,0,0
90260,1,1,1982,14,14,14,14,14,14,14,14,14,14
90261,1,1,1982,19,19,19,19,19,19,19,19,19,19
90262,1,1,1982,9,22,18,18,0,15,13,16,24,13
90262,2,1,1982,0,0,0,0,13,7,0,10,15,0
90263,1,1,1982,0,0,0,0,0,0,0,0,0,0
90264,1,1,1982,0,0,0,0,0,0,0,0,0,0
90264,2,1,1982,0,0,0,0,0,0,0,0,0,0
90265,0,1,1982,21,21,21,21,21,21,21,21,21,21
90265,1,1,1982,19,27,29,3,15,21,5,3,6,16
90266,0,1,1982,0,0,0,0,0,0,0,0,0,0
90266,1,1,1982,0,10,0,0,0,0,0,14,0,0
90267,1,1,1982,19,19,19,19,19,19,19,19,19,19
90268,1,1,1982,23,23,23,23,23,23,23,23,23,23
90269,1,1,1982,0,0,0,0,0,0,0,0,0,0
90269,2,1,1982,15,15,15,15,15,15,15,15,15,15
90270,1,1,1982,20,20,20,20,20,20,20,20,20,20
90270,2,1,1982,0,0,0,0,0,0,0,0,0,0
90271,1,1,1982,0,0,0,0,0,15,0,2,0,0
90271,2,1,1982,0,4,0,0,0,0,0,0,0,0
90271,3,1,1982,17,0,0,15,0,0,6,0,0,0
90271,4,1,1982,0,0,0,12,39,0,0,0,0,0
90272,1,1,1982,7,5,7,0,4,10,7,0,0,19
90272,2,1,1982,16,13,13,0,0,13,15,24,9,0
90273,1,1,1982,30,30,30,30,30,30,30,30,30,30
90274,1,1,1982,6,15,10,0,6,8,14,0,9,18
90275,1,1,1982,9,9,5,4,7,0,22,8,14,6
90276,1,1,1982,18,0,10,0,3,0,0,0,0,0
90276,2,1,1982,0,0,0,0,0,0,0,0,0,0
90276,3,1,1982,0,0,0,0,0,0,0,0,0,0
90276,4,1,1982,0,0,0,0,0,0,0,11,0,0
90277,1,1,1982,20,20,20,20,20,20,20,20,20,20
90278,0,1,1982,0,0,0,0,20,0,0,0,0,0
90278,1,1,1982,0,0,0,0,0,0,0,0,0,0
90279,1,1,1982,7,0,24,13,7,18,25,13,0,17
90280,1,1,1982,23,23,23,23,23,23,23,23,23,23
90281,1,1,1982,6,6,6,6,6,6,6,6,6,6
90281,2,1,1982,24,0,0,27,0,0,0,0,0,0
90282,1,1,1982,11,11,11,11,11,11,11,11,11,11
90283,1,1,1982,25,25,25,25,25,25,25,25,25,25
90283,2,1,1982,0,12,0,0,0,5,10,0,9,0
90284,1,1,1982,22,22,22,22,22,22,22,22,22,22
90285,0,1,1982,0,0,0,0,0,0,0,0,0,0
90285,1,1,1982,0,0,0,0,0,0,0,0,0,0
90286,1,1,1982,0,0,0,0,0,0,0,0,0,12
90286,2,1,1982,0,0,0,0,0,0,0,0,0,0
90286,3,1,1982,0,0,0,0,0,0,0,0,0,7
90287,1,1,1982,19,19,19,19,19,19,19,19,19,19
90288,1,1,1982,0,12,22,7,14,10,26,23,23,19
90289,1,1,1982,0,0,0,0,0,5,0,0,0,0
90289,2,1,1982,0,0,0,0,3,0,13,0,0,15
90290,1,1,1982,0,0,0,0,0,0,0,0,0,0
90291,1,1,1982,0,0,0,0,0,0,0,0,0,0
90292,1,1,1982,0,21,14,0,0,12,11,0,0,11
90293,0,1,1982,0,0,0,0,0,0,0,0,0,0
90293,1,1,1982,0,0,0,0,0,0,0,0,0,0
90293,2,1,1982,0,0,0,0,0,0,0,0,0,0
90294,0,1,1982,0,0,9,0,0,17,10,23,7,0
90294,0,2,1982,0,0,0,0,0,0,0,0,0,0
90294,1,1,1982,0,0,0,0,0,0,0,0,0,0
90295,1,1,1982,15,15,15,15,15,15,15,15,15,15
90296,1,1,1982,0,10,14,10,17,19,17,23,13,18
90297,1,1,1982,16,16,16,16,16,16,16,16,16,16
90298,1,1,1982,17,0,18,9,13,0,12,20,0,18
90299,1,1,1982,7,7,7,7,7,7,7,7,7,7
90300,1,1,1982,20,20,20,20,20,20,20,20,20,20
90301,1,1,1982,22,22,22,22,22,22,22,22,22,22
90301,2,1,1982,8,8,8,8,8,8,8,8,8,8
90302,1,1,1982,19,19,19,19,19,19,19,19,19,19
90303,1,1,1982,0,0,8,12,26,17,4,0,9,6
90303,2,1,1982,0,0,10,0,9,0,9,11,18,15
90304,1,1,1982,20,20,20,20,20,20,20,20,20,20
90305,1,1,1982,0,0,0,0,15,22,27,0,8,0
90306,1,1,1982,15,15,15,15,15,15,15,15,15,15
90306,2,1,1982,0,0,0,0,0,0,0,0,0,0
90307,1,1,1982,9,19,0,0,0,0,0,0,0,0
90307,2,1,1982,0,0,0,0,0,0,0,0,0,0
90308,0,1,1982,4,4,4,4,4,4,4,4,4,4
90308,1,1,1982,0,0,0,0,0,0,0,0,0,0
90309,1,1,1982,18,0,15,0,0,0,0,0,0,7
90310,0,1,1982,0,0,0,0,0,0,0,0,0,0
90310,1,1,1982,0,0,0,0,0,0,0,0,0,0
90311,0,1,1982,0,0,0,0,0,15,0,0,29,17
90311,1,1,1982,0,0,0,8,0,0,0,0,17,0
90312,1,1,1982,0,0,0,0,0,0,0,0,0,0
90312,2,1,1982,0,0,0,0,0,0,0,0,0,0
90313,1,1,1982,0,0,0,0,0,0,0,0,0,0
90313,2,1,1982,0,0,0,0,0,0,0,0,0,0
90313,3,1,1982,0,0,0,0,0,0,0,0,10,0
90314,0,1,1982,0,0,0,0,0,0,0,0,0,0
90315,0,1,1982,18,18,18,18,18,18,18,18,18,18
90315,1,1,1982,15,15,15,15,15,15,15,15,15,15
90316,1,1,1982,6,12,18,16,0,0,20,0,0,30
90317,1,1,1982,14,0,0,13,0,0,17,0,0,0
90318,1,1,1982,30,30,30,30,30,30,30,30,30,30
90319,1,1,1982,0,0,0,0,0,0,0,0,0,0
90319,2,1,1982,0,0,0,0,0,10,15,0,0,0
90320,1,1,1982,14,12,7,0,9,0,0,22,6,7
90320,2,1,1982,24,24,24,24,24,24,24,24,24,24
90321,1,1,1982,15,7,0,0,0,0,0,16,20,0
90322,1,1,1982,18,0,0,0,0,24,0,0,0,0
90322,2,1,1982,0,0,0,0,0,0,0,0,0,0
90323,1,1,1982,15,15,15,15,15,15,15,15,15,15
90324,1,1,1982,0,0,0,0,0,0,0,0,0,0
90324,2,1,1982,0,0,0,0,0,0,0,15,0,0
90325,1,1,1982,15,13,12,21,0,18,9,22,8,21
90325,2,1,1982,19,0,0,40,15,30,15,16,36,16
90326,1,1,1982,0,0,0,0,0,0,0,0,17,0
90326,2,1,1982,15,15,15,15,15,15,15,15,15,15
90327,1,1,1982,12,0,16,0,0,5,0,0,0,18
90328,0,1,1982,0,0,0,0,0,0,0,0,0,0
90328,1,1,1982,0,16,0,8,19,0,5,0,0,0
90329,1,1,1982,26,21,10,22,40,23,20,20,13,26
90330,1,1,1982,2,2,2,2,2,2,2,2,2,2
90330,2,1,1982,0,0,0,0,14,0,0,10,0,0
90330,3,1,1982,10,19,14,0,0,0,0,19,0,19
90330,4,1,1982,29,0,0,0,0,0,0,0,12,16
90331,1,1,1982,21,24,18,0,15,25,9,13,18,14
90332,0,1,1982,0,0,0,0,0,0,0,0,0,0
90332,1,1,1982,0,0,0,0,0,0,0,13,0,0
90333,1,1,1982,7,14,20,9,3,0,10,10,16,21
90333,2,1,1982,0,0,0,0,0,0,0,0,0,0
90333,3,1,1982,0,0,0,16,20,0,0,5,0,0
90334,1,1,1982,0,0,0,0,0,0,0,0,0,0
90334,2,1,1982,0,0,0,0,0,0,0,0,0,0
90334,3,1,1982,0,0,0,0,0,0,0,0,0,0
90335,1,1,1982,0,0,0,0,0,0,9,0,0,0
90335,2,1,1982,0,0,0,0,0,0,0,0,0,0
90336,0,1,1982,0,0,0,0,0,0,0,0,0,0
90336,1,1,1982,5,0,29,0,13,0,23,0,0,0
90337,0,1,1982,0,26,9,0,14,0,0,8,0,0
90337,1,1,1982,0,0,0,0,0,0,0,0,0,0
90338,1,1,1982,24,8,17,12,14,9,16,14,9,3
90339,1,1,1982,30,30,30,30,30,30,30,30,30,30
90340,1,1,1982,10,12,8,9,22,28,15,14,28,14
90340,2,1,1982,25,27,11,23,16,25,0,19,12,24
90341,1,1,1982,0,0,0,0,0,0,0,0,0,0
90341,2,1,1982,0,0,0,0,0,0,0,0,0,0
90342,1,1,1982,21,21,21,21,21,21,21,21,21,21
90343,1,1,1982,23,23,23,23,23,23,23,23,23,23
90344,1,1,1982,0,0,0,0,0,0,0,0,0,0
90344,2,1,1982,0,0,0,0,0,0,0,0,0,0
90345,1,1,1982,14,14,14,14,14,14,14,14,14,14
90346,1,1,1982,0,0,3,0,0,0,0,0,0,0
90347,1,1,1982,18,18,18,18,18,18,18,18,18,18
90348,0,1,1982,0,0,0,0,0,0,0,0,0,0
90348,0,2,1982,46,28,12,11,28,10,9,12,5,7
90348,0,3,1982,28,22,36,0,25,8,24,26,0,25
90348,1,1,1982,30,30,30,30,30,30,30,30,30,30
90349,0,1,1982,0,0,0,0,17,0,0,0,0,0
90349,1,1,1982,0,0,0,0,0,0,0,0,0,0
90350,1,1,1982,0,0,0,0,0,0,0,0,0,0
90350,2,1,1982,27,27,27,27,27,27,27,27,27,27
90351,1,1,1982,4,4,4,4,4,4,4,4,4,4
90351,2,1,1982,12,12,12,12,12,12,12,12,12,12
90352,1,1,1982,5,35,0,29,23,28,25,10,0,30
90352,2,1,1982,20,20,20,20,20,20,20,20,20,20
90353,1,1,1982,0,0,0,0,0,0,0,0,0,0
90353,2,1,1982,3,3,3,3,3,3,3,3,3,3
90354,1,1,1982,20,20,20,20,20,20,20,20,20,20
90354,2,1,1982,0,0,5,0,0,5,0,13,0,0
90355,1,1,1982,14,14,14,14,14,14,14,14,14,14
90355,2,1,1982,17,17,17,17,17,17,17,17,17,17
90356,1,1,1982,0,0,0,0,0,0,0,0,0,0
90356,2,1,1982,16,16,16,16,16,16,16,16,16,16
90357,0,1,1982,0,0,0,13,0,0,0,0,0,20
90357,2,1,1982,0,0,0,0,0,0,0,15,0,0
90358,0,1,1982,0,0,0,0,0,0,0,0,0,0
90358,1,1,1982,23,23,0,27,27,0,10,6,23,10
90359,0,1,1982,0,0,0,0,0,0,0,0,0,0
90359,1,1,1982,16,0,20,12,0,0,0,0,22,0
90360,0,1,1982,0,0,0,0,0,0,0,0,0,0
90360,1,1,1982,0,0,0,0,0,0,0,0,0,0
90361,1,1,1982,6,0,8,18,0,11,0,0,9,2
90361,2,1,1982,2,4,32,18,0,26,13,10,14,19
90362,1,1,1982,4,10,23,9,33,11,20,8,15,14
90363,1,1,1982,21,21,21,21,21,21,21,21,21,21
90364,1,1,1982,0,0,4,24,18,25,35,12,25,20
90365,1,1,1982,32,32,32,32,32,32,32,32,32,32
90365,2,1,1982,0,11,0,8,0,0,10,0,0,12
90365,3,1,1982,13,14,0,13,8,6,0,0,0,0
90365,4,1,1982,0,9,0,0,0,0,0,0,17,0
90366,0,1,1982,15,15,15,15,15,15,15,15,15,15
90366,1,1,1982,6,6,6,6,6,6,6,6,6,6
90367,1,1,1982,0,0,0,0,0,0,0,0,0,0
90367,2,1,1982,18,18,18,18,18,18,18,18,18,18
90368,0,1,1982,0,0,0,0,0,0,0,0,0,0
90368,1,1,1982,0,0,0,0,0,0,0,0,0,0
90369,1,1,1982,15,15,15,15,15,15,15,15,15,15
90370,1,1,1982,26,19,23,22,20,0,11,16,0,11
90370,2,1,1982,18,14,2,20,0,0,13,0,5,9
90371,1,1,1982,0,5,21,27,0,0,0,0,21,0
90372,1,1,1982,0,0,0,0,0,0,0,0,0,0
90372,2,1,1982,11,11,11,11,11,11,11,11,11,11
90373,0,1,1982,0,0,0,0,0,0,0,0,0,0
90373,0,2,1982,0,0,0,0,0,0,0,0,0,0
90373,1,1,1982,0,0,0,0,7,0,10,0,0,0
90374,1,1,1982,27,20,19,10,8,0,14,20,4,19
90375,1,1,1982,0,0,0,0,0,18,0,12,8,0
90375,2,1,1982,13,17,2,0,0,0,13,23,6,0
90376,1,1,1982,0,0,0,0,0,0,0,0,0,0
90377,1,1,1982,9,9,9,9,9,9,9,9,9,9
90378,0,1,1982,0,0,0,0,0,0,12,0,0,0
90378,1,1,1982,21,10,0,0,0,0,0,0,0,0
90379,1,1,1982,25,25,25,25,25,25,25,25,25,25
90379,2,1,1982,0,0,0,0,0,0,0,0,0,0
90379,3,1,1982,16,15,0,0,21,0,0,7,0,17
90379,4,1,1982,6,18,15,0,9,17,30,0,14,11
90380,1,1,1982,28,28,28,28,28,28,28,28,28,28
90381,0,1,1982,0,0,0,0,0,0,0,0,0,0
90381,1,1,1982,0,0,0,0,9,0,0,19,0,0
90382,1,1,1982,11,11,11,11,11,11,11,11,11,11