ST_CASE,VEH_NO,PER_NO,YEAR,P1,P2,P3,P4,P5,P6,P7,P8,P9,P10
90383,1,1,1982,11,11,11,11,11,11,11,11,11,11
90383,2,1,1982,7,7,7,7,7,7,7,7,7,7
90384,0,1,1982,0,0,0,0,0,0,0,0,0,0
90384,1,1,1982,0,2,14,6,0,10,19,8,9,13
90385,1,1,1982,3,3,3,3,3,3,3,3,3,3
90385,2,1,1982,0,0,0,19,0,0,0,0,0,0
90386,1,1,1982,14,14,14,14,14,14,14,14,14,14
90387,1,1,1982,21,21,21,21,21,21,21,21,21,21
90388,1,1,1982,0,0,0,0,0,0,0,0,0,0
90388,2,1,1982,0,0,0,16,0,0,0,0,0,0
90389,1,1,1982,10,10,10,10,10,10,10,10,10,10
90390,1,1,1982,27,27,27,27,27,27,27,27,27,27
90390,2,1,1982,25,25,25,25,25,25,25,25,25,25
90391,1,1,1982,16,16,16,16,16,16,16,16,16,16
90392,1,1,1982,0,0,0,0,0,9,0,0,0,0
90392,2,1,1982,0,19,0,0,0,0,0,7,0,0
90393,1,1,1982,0,0,8,0,15,7,11,0,12,0
90394,0,1,1982,0,0,0,0,0,0,0,0,0,0
90394,1,1,1982,0,32,0,35,0,8,0,0,13,23
90395,0,1,1982,0,0,0,0,0,0,0,0,0,0
90395,1,1,1982,0,0,0,0,0,0,0,0,0,0
90396,1,1,1982,22,22,22,22,22,22,22,22,22,22
90396,2,1,1982,0,0,0,0,0,0,0,0,0,0
90397,1,1,1982,0,16,0,0,0,0,12,0,0,0
90398,1,1,1982,20,21,26,40,26,25,17,29,0,13
90399,1,1,1982,22,22,22,22,22,22,22,22,22,22
90399,2,1,1982,1,1,1,1,1,1,1,1,1,1
90400,1,1,1982,27,27,27,27,27,27,27,27,27,27
90400,2,1,1982,0,0,0,0,0,23,16,22,17,0
90401,0,1,1982,36,36,36,36,36,36,36,36,36,36
90401,1,1,1982,0,0,0,10,4,0,6,0,0,0
90402,1,1,1982,10,9,5,21,10,16,12,18,11,15
90402,2,1,1982,1,1,1,1,1,1,1,1,1,1
90403,1,1,1982,18,18,18,18,18,18,18,18,18,18
90404,1,1,1982,11,11,11,11,11,11,11,11,11,11
90405,1,1,1982,20,10,29,16,14,13,12,7,27,38
90406,1,1,1982,11,11,11,11,11,11,11,11,11,11
90407,1,1,1982,31,9,11,15,6,13,19,14,24,28
90408,1,1,1982,32,32,32,32,32,32,32,32,32,32
90408,2,1,1982,20,0,15,0,22,0,0,14,16,0
90409,1,1,1982,12,12,12,12,12,12,12,12,12,12
90410,1,1,1982,0,0,9,31,0,0,0,13,36,24
90411,1,1,1982,8,27,4,15,7,26,6,2,10,7
90411,2,1,1982,16,16,16,16,16,16,16,16,16,16
90412,0,1,1982,0,15,0,20,28,0,39,10,0,17
90412,2,1,1982,0,0,0,0,0,0,0,0,0,0
90413,1,1,1982,0,0,0,0,0,0,0,0,0,0
90413,2,1,1982,17,17,17,17,17,17,17,17,17,17
90414,0,1,1982,0,0,0,0,0,0,0,0,0,0
90414,1,1,1982,0,0,24,16,0,11,0,0,7,18
90415,0,1,1982,13,0,0,0,0,0,0,0,0,0
90415,0,2,1982,0,0,0,0,0,24,0,0,0,0
90415,1,1,1982,0,0,0,0,0,0,0,0,0,0
90416,1,1,1982,12,10,13,31,7,9,7,11,3,18
90416,2,1,1982,6,0,36,0,10,0,0,0,11,0
90417,1,1,1982,12,12,12,12,12,12,12,12,12,12
90417,2,1,1982,0,0,0,12,0,0,0,0,0,0
90418,0,1,1982,44,31,17,12,12,15,8,36,13,26
90418,1,1,1982,22,0,0,0,8,0,0,0,0,5
90419,1,1,1982,0,0,0,0,0,0,0,0,0,0
90419,2,1,1982,0,0,0,0,0,0,0,0,0,0
90420,0,1,1982,0,0,0,0,0,0,0,0,0,0
90420,1,1,1982,0,0,0,0,0,0,0,0,0,0
90421,0,1,1982,0,0,0,0,0,0,0,0,0,0
90421,1,1,1982,13,23,0,13,0,0,11,15,0,0
90422,1,1,1982,0,0,0,0,0,0,0,0,0,0
90423,1,1,1982,8,0,0,0,0,0,0,0,0,0
90423,2,1,1982,0,0,0,0,0,0,0,0,0,0
90424,1,1,1982,19,19,19,19,19,19,19,19,19,19
90424,2,1,1982,10,12,27,0,14,23,20,0,18,14
90425,1,1,1982,4,27,24,4,24,6,13,26,14,0
90425,2,1,1982,23,0,31,25,0,15,0,13,0,0
90426,1,1,1982,9,19,0,19,20,13,6,0,19,0
90427,0,1,1982,25,25,25,25,25,25,25,25,25,25
90427,1,1,1982,0,0,0,0,0,0,0,0,0,0
90427,2,1,1982,0,0,0,0,0,0,0,0,0,0
90428,1,1,1982,27,27,27,27,27,27,27,27,27,27
90429,1,1,1982,0,0,0,0,0,0,0,0,0,0
90429,2,1,1982,6,6,6,6,6,6,6,6,6,6
90430,1,1,1982,12,18,28,19,15,22,22,11,4,13
90430,2,1,1982,0,0,0,0,21,10,0,0,0,0
90431,0,1,1982,0,0,0,0,0,0,0,0,0,0
90431,0,2,1982,0,11,0,19,21,35,5,15,0,0
90431,1,1,1982,12,20,13,0,0,12,0,28,8,0
90432,1,1,1982,0,0,0,0,0,0,0,0,0,0
90432,2,1,1982,13,7,13,15,10,33,12,7,19,0
90433,0,1,1982,15,15,15,15,15,15,15,15,15,15
90433,1,1,1982,0,0,0,0,0,0,0,0,0,15
90434,1,1,1982,0,0,0,0,0,0,0,0,0,11
90434,2,1,1982,0,0,0,0,0,0,0,0,0,0
90435,0,1,1982,0,0,0,0,0,0,0,0,0,0
90435,1,1,1982,0,0,0,0,0,0,0,7,0,0
90436,1,1,1982,0,0,0,0,0,0,0,0,0,0
90436,2,1,1982,22,0,0,33,0,0,0,0,0,0
90437,1,1,1982,22,17,20,12,33,22,12,27,0,24
90438,1,1,1982,0,10,20,5,11,0,0,0,0,0
90438,2,1,1982,0,6,0,0,0,0,0,16,17,12
90439,1,1,1982,0,0,0,0,0,0,0,14,0,0
90439,2,1,1982,11,23,11,10,13,13,10,4,10,15
90440,0,1,1982,18,18,18,18,18,18,18,18,18,18
90440,1,1,1982,1,1,1,1,1,1,1,1,1,1
90441,0,1,1982,0,0,0,0,0,0,20,40,0,0
90441,1,1,1982,0,0,0,0,0,0,0,0,0,0
90442,1,1,1982,0,0,0,0,0,0,0,0,0,0
90442,2,1,1982,0,0,0,0,0,0,0,0,0,0
90443,0,1,1982,0,14,15,0,11,0,25,0,0,5
90443,1,1,1982,0,13,26,0,13,0,0,19,0,0
90444,1,1,1982,13,13,13,13,13,13,13,13,13,13
90444,2,1,1982,23,14,16,15,7,29,15,24,19,29
90445,1,1,1982,20,20,20,20,20,20,20,20,20,20
90446,1,1,1982,18,18,18,18,18,18,18,18,18,18
90446,2,1,1982,15,15,15,15,15,15,15,15,15,15
90447,0,1,1982,0,20,0,0,0,0,0,0,0,0
90447,1,1,1982,34,4,10,0,1,5,0,0,0,13
90448,1,1,1982,0,0,0,0,0,0,0,0,0,0
90448,2,1,1982,8,8,0,19,5,9,34,18,0,17
90449,0,1,1982,20,14,6,0,21,19,0,0,7,12
90449,0,2,1982,0,15,13,32,0,0,0,0,0,7
90449,1,1,1982,0,0,0,0,0,0,0,0,0,0
90450,1,1,1982,11,27,30,12,13,16,31,13,14,17
90450,2,1,1982,12,19,12,16,7,14,15,11,18,27
90451,1,1,1982,23,23,23,23,23,23,23,23,23,23
90452,0,1,1982,8,8,8,8,8,8,8,8,8,8
90452,1,1,1982,0,16,0,0,0,15,0,0,0,16
90453,1,1,1982,0,0,0,0,0,0,0,0,0,0
90454,0,1,1982,20,8,8,28,11,26,24,2,10,29
90454,1,1,1982,14,14,14,14,14,14,14,14,14,14
90455,1,1,1982,0,0,0,0,0,0,0,0,0,0
90455,2,1,1982,0,0,0,0,0,0,0,22,0,0
90456,0,1,1982,0,0,0,16,0,20,0,0,0,0
90456,1,1,1982,0,0,0,0,0,0,0,0,0,0
90457,1,1,1982,0,0,3,19,8,0,0,5,0,10
90457,2,1,1982,0,0,0,0,0,0,8,0,0,0
90458,1,1,1982,0,18,0,0,16,0,0,0,0,0
90458,2,1,1982,0,0,0,0,0,0,0,0,0,0
90459,1,1,1982,0,0,0,0,0,0,0,0,0,0
90459,2,1,1982,24,24,24,24,24,24,24,24,24,24
90460,1,1,1982,0,0,0,17,23,0,16,0,0,8
90460,2,1,1982,0,0,0,0,0,21,0,24,16,0
90461,1,1,1982,18,18,18,18,18,18,18,18,18,18
90462,1,1,1982,0,0,0,0,0,0,0,0,0,0
90462,2,1,1982,14,14,14,14,14,14,14,14,14,14
90463,0,1,1982,0,0,0,0,0,0,0,0,0,0
90463,1,1,1982,0,0,0,0,0,0,0,0,0,0
90464,1,1,1982,13,9,20,9,20,15,14,14,12,23
90464,2,1,1982,0,0,0,0,0,0,0,0,0,0
100001,1,1,1982,14,14,14,14,14,14,14,14,14,14
100002,1,1,1982,34,34,34,34,34,34,34,34,34,34
100003,0,1,1982,0,0,0,0,0,0,0,0,0,0
100003,1,1,1982,0,0,0,0,0,0,0,0,0,0
100004,1,1,1982,13,13,13,13,13,13,13,13,13,13
100004,2,1,1982,0,0,0,0,0,0,0,0,0,0
100004,3,1,1982,10,9,16,4,4,14,14,17,3,18
100005,0,1,1982,0,0,0,0,0,0,0,0,0,0
100005,0,2,1982,0,0,0,0,0,0,0,0,0,0
100005,2,1,1982,0,0,0,0,0,0,0,0,0,0
100006,0,1,1982,11,11,11,11,11,11,11,11,11,11
100006,1,1,1982,22,22,22,22,22,22,22,22,22,22
100007,1,1,1982,13,13,13,13,13,13,13,13,13,13
100007,2,1,1982,0,0,0,0,0,0,0,0,0,0
100008,0,1,1982,0,0,0,0,0,0,0,0,0,0
100008,1,1,1982,0,0,0,0,0,0,0,0,0,0
100009,1,1,1982,19,19,19,19,19,19,19,19,19,19
100009,2,1,1982,0,0,0,0,0,0,0,0,0,0
100010,1,1,1982,0,0,0,0,0,0,0,0,0,0
100010,2,1,1982,0,0,17,0,0,0,0,0,0,0
100011,0,1,1982,32,32,32,32,32,32,32,32,32,32
100011,1,1,1982,0,0,0,0,0,0,0,0,0,0
100012,1,1,1982,12,12,12,12,12,12,12,12,12,12
100013,0,1,1982,0,0,0,0,0,0,0,0,0,0
100013,1,1,1982,0,0,0,0,0,0,0,0,15,0
100014,1,1,1982,21,21,21,21,21,21,21,21,21,21
100015,1,1,1982,0,0,0,0,0,0,0,0,0,0
100015,2,1,1982,0,0,0,0,0,0,0,0,0,0
100016,1,1,1982,36,36,36,36,36,36,36,36,36,36
100016,2,1,1982,18,18,18,18,18,18,18,18,18,18
100017,1,1,1982,0,0,0,0,0,0,0,0,0,0
100017,2,1,1982,24,24,24,24,24,24,24,24,24,24
100018,1,1,1982,1,1,1,1,1,1,1,1,1,1
100018,2,1,1982,0,0,0,0,0,0,0,0,0,0
100019,0,1,1982,19,19,19,19,19,19,19,19,19,19
100019,1,1,1982,0,0,0,0,0,0,0,0,0,0
100020,1,1,1982,9,9,9,9,9,9,9,9,9,9
100020,2,1,1982,13,13,13,13,13,13,13,13,13,13
100020,3,1,1982,1,1,1,1,1,1,1,1,1,1
100021,1,1,1982,0,0,0,0,0,0,0,0,0,0
100022,1,1,1982,0,0,0,0,0,0,0,0,0,0
100022,2,1,1982,22,22,22,22,22,22,22,22,22,22
100023,1,1,1982,23,23,23,23,23,23,23,23,23,23
100024,1,1,1982,18,18,18,18,18,18,18,18,18,18
100024,2,1,1982,8,8,8,8,8,8,8,8,8,8
100025,1,1,1982,0,0,0,0,0,0,0,0,0,0
100026,1,1,1982,22,22,22,22,22,22,22,22,22,22
100027,1,1,1982,10,10,10,10,10,10,10,10,10,10
100028,1,1,1982,20,20,20,20,20,20,20,20,20,20
100029,1,1,1982,29,29,29,29,29,29,29,29,29,29
100030,1,1,1982,0,0,0,0,0,0,0,0,0,0
100030,2,1,1982,3,3,3,3,3,3,3,3,3,3
100031,1,1,1982,0,0,0,0,0,0,0,0,0,0
100031,2,1,1982,3,3,3,3,3,3,3,3,3,3
100032,1,1,1982,0,0,0,0,0,0,0,0,0,0
100032,2,1,1982,0,0,0,0,0,0,0,0,0,0
100032,3,1,1982,0,0,0,0,0,0,0,0,0,0
100033,1,1,1982,16,16,16,16,16,16,16,16,16,16
100034,1,1,1982,0,0,0,0,0,0,0,0,0,0
100034,2,1,1982,0,0,0,0,0,0,0,0,0,0
100035,0,1,1982,0,0,0,0,0,0,0,0,0,0
100035,1,1,1982,0,0,0,0,0,0,0,0,0,0
100036,1,1,1982,24,24,24,24,24,24,24,24,24,24
100037,1,1,1982,0,0,0,0,0,0,0,0,0,0
100037,2,1,1982,19,19,19,19,19,19,19,19,19,19
100038,1,1,1982,26,10,20,25,33,43,16,7,28,24
100039,1,1,1982,18,18,18,18,18,18,18,18,18,18
100040,1,1,1982,8,6,6,0,0,0,0,0,16,0
100040,2,1,1982,0,0,0,0,0,0,0,0,0,0
100041,1,1,1982,26,26,26,26,26,26,26,26,26,26
100042,0,1,1982,25,25,25,25,25,25,25,25,25,25
100042,1,1,1982,14,14,14,14,14,14,14,14,14,14
100043,1,1,1982,3,3,3,3,3,3,3,3,3,3
100043,2,1,1982,0,0,0,0,0,0,0,0,0,0
100044,1,1,1982,13,13,13,13,13,13,13,13,13,13
100044,2,1,1982,20,20,20,20,20,20,20,20,20,20
100045,1,1,1982,9,9,9,9,9,9,9,9,9,9
100046,0,1,1982,0,0,0,0,0,0,0,0,0,0
100046,1,1,1982,23,23,23,23,23,23,23,23,23,23
100047,0,1,1982,0,0,0,0,0,0,0,0,0,0
100047,1,1,1982,0,0,0,0,0,0,0,0,0,0
100048,1,1,1982,9,16,5,20,14,12,21,14,10,18
100049,1,1,1982,11,11,11,11,11,11,11,11,11,11
100050,1,1,1982,0,0,0,0,0,0,0,0,0,0
100050,2,1,1982,0,0,0,0,0,0,0,0,0,0
100051,1,1,1982,6,0,0,0,0,0,0,0,0,0
100051,2,1,1982,0,0,0,0,0,0,0,0,0,0
100052,1,1,1982,0,0,0,0,0,0,0,0,0,0
100053,0,1,1982,25,25,25,25,25,25,25,25,25,25
100053,1,1,1982,8,22,9,16,12,5,8,19,19,20
100054,1,1,1982,20,20,20,20,20,20,20,20,20,20
100054,2,1,1982,12,12,12,12,12,12,12,12,12,12
100055,1,1,1982,0,0,0,0,0,0,0,0,0,0
100056,1,1,1982,0,0,0,0,14,0,0,0,3,0
100056,2,1,1982,17,17,17,17,17,17,17,17,17,17
100057,1,1,1982,3,3,3,3,3,3,3,3,3,3
100058,1,1,1982,13,13,13,13,13,13,13,13,13,13
100059,1,1,1982,0,0,0,0,0,0,0,0,0,0
100061,1,1,1982,14,14,14,14,14,14,14,14,14,14
100061,2,1,1982,0,0,0,0,0,0,0,0,0,0
100062,1,1,1982,0,0,0,0,0,0,0,0,0,0
100062,2,1,1982,5,5,5,5,5,5,5,5,5,5
100063,1,1,1982,15,15,15,15,15,15,15,15,15,15
100063,2,1,1982,20,20,20,20,20,20,20,20,20,20
100064,1,1,1982,15,5,12,10,0,5,11,29,5,20
100064,2,1,1982,0,0,0,0,0,0,0,0,0,0
100065,1,1,1982,0,0,0,0,0,0,0,0,0,0
100065,2,1,1982,0,0,0,0,0,0,0,0,0,0
100066,0,1,1982,32,32,32,32,32,32,32,32,32,32
100066,1,1,1982,0,0,0,0,0,0,0,0,0,0
100067,1,1,1982,0,0,0,0,0,0,0,0,0,0
100067,2,1,1982,0,0,0,0,0,0,0,0,0,0
100068,0,1,1982,0,0,0,0,0,0,0,0,0,0
100068,1,1,1982,0,0,0,0,0,0,0,0,0,0
100069,1,1,1982,0,0,8,0,0,0,0,0,0,0
100069,2,1,1982,0,0,0,0,0,12,0,0,0,0
100069,3,1,1982,0,0,0,0,0,0,0,0,0,0
100069,4,1,1982,0,0,0,0,0,0,0,0,0,0
100070,0,1,1982,44,44,44,44,44,44,44,44,44,44
100070,1,1,1982,4,4,4,4,4,4,4,4,4,4
100072,1,1,1982,15,15,15,15,15,15,15,15,15,15
100073,1,1,1982,4,4,4,4,4,4,4,4,4,4
100074,1,1,1982,0,0,0,0,0,0,0,0,0,0
100074,2,1,1982,10,10,10,10,10,10,10,10,10,10
100075,1,1,1982,0,0,0,0,0,0,0,0,0,0
100076,0,1,1982,0,0,0,0,0,0,0,0,0,0
100076,1,1,1982,0,0,0,0,0,0,0,0,0,0
100076,2,1,1982,0,0,0,0,0,0,0,0,0,0
100077,1,1,1982,22,22,22,22,22,22,22,22,22,22
100078,1,1,1982,0,0,0,0,0,0,0,0,0,0
100078,2,1,1982,0,0,0,0,0,0,0,0,0,0
100079,1,1,1982,0,0,0,0,0,0,0,0,0,0
100079,2,1,1982,0,0,0,0,0,0,0,0,0,0
100079,3,1,1982,0,0,0,0,0,0,0,0,0,0
100080,1,1,1982,42,42,42,42,42,42,42,42,42,42
100080,2,1,1982,5,5,5,5,5,5,5,5,5,5
100081,1,1,1982,16,16,16,16,16,16,16,16,16,16
100082,1,1,1982,15,15,15,15,15,15,15,15,15,15
100083,1,1,1982,0,0,0,0,0,0,0,0,0,0
100084,0,1,1982,0,0,0,0,0,0,0,0,0,0
100084,1,1,1982,0,0,0,0,0,0,0,0,0,0
100085,1,1,1982,25,25,25,25,25,25,25,25,25,25
100086,1,1,1982,23,23,23,23,23,23,23,23,23,23
100087,1,1,1982,0,0,0,0,0,0,0,0,0,0
100087,2,1,1982,13,13,13,13,13,13,13,13,13,13
100088,1,1,1982,9,9,9,9,9,9,9,9,9,9
100089,0,1,1982,21,21,21,21,21,21,21,21,21,21
100089,1,1,1982,0,0,0,0,0,0,0,0,0,0
100090,1,1,1982,20,20,20,20,20,20,20,20,20,20
100091,1,1,1982,17,17,17,17,17,17,17,17,17,17
100092,1,1,1982,0,0,0,0,0,34,15,0,0,13
100093,1,1,1982,0,0,0,15,0,0,16,0,0,18
100093,2,1,1982,0,0,0,0,0,0,0,0,0,0
100094,1,1,1982,0,0,0,0,0,0,0,0,0,0
100094,2,1,1982,28,28,28,28,28,28,28,28,28,28
100095,0,1,1982,20,20,20,20,20,20,20,20,20,20
100095,1,1,1982,9,9,9,9,9,9,9,9,9,9
100096,0,1,1982,28,30,22,5,38,14,24,25,16,32
100096,0,2,1982,15,26,15,14,21,22,12,22,16,6
100096,1,1,1982,15,15,15,15,15,15,15,15,15,15
100096,2,1,1982,22,22,22,22,22,22,22,22,22,22
100097,1,1,1982,0,0,0,0,0,0,0,0,0,0
100098,1,1,1982,0,0,0,0,0,0,0,0,0,0
100099,0,1,1982,0,0,0,0,0,0,0,0,0,0
100099,1,1,1982,0,0,0,0,0,0,0,0,0,0
100100,1,1,1982,0,0,0,0,0,0,0,0,0,0
100101,1,1,1982,30,30,30,30,30,30,30,30,30,30
100101,2,1,1982,0,0,0,0,0,0,0,0,0,0
100101,3,1,1982,0,0,0,0,0,0,0,0,0,0
100102,1,1,1982,0,0,0,0,0,0,0,0,0,0
100103,1,1,1982,20,20,20,20,20,20,20,20,20,20
100104,1,1,1982,15,15,15,15,15,15,15,15,15,15
100105,0,1,1982,18,18,18,18,18,18,18,18,18,18
100105,1,1,1982,0,0,0,0,0,0,0,0,0,0
100106,1,1,1982,18,18,18,18,18,18,18,18,18,18
100106,2,1,1982,0,0,0,0,0,0,0,0,0,0
100107,0,1,1982,0,0,0,0,0,0,0,0,0,0
100107,1,1,1982,0,0,0,0,0,0,0,0,0,0
100108,0,1,1982,0,0,0,0,0,0,0,0,0,0
100108,1,1,1982,0,0,0,0,0,0,0,0,0,0
100109,0,1,1982,0,0,0,0,0,0,0,0,0,0
100109,1,1,1982,0,0,0,0,0,0,0,0,0,0
100110,0,1,1982,29,29,29,29,29,29,29,29,29,29
100110,1,1,1982,0,0,0,0,0,0,0,0,0,0
100111,1,1,1982,0,0,0,0,0,0,0,0,0,0
100111,2,1,1982,0,0,0,0,0,0,0,0,0,0
100111,3,1,1982,0,0,0,0,0,0,0,0,0,0
100111,4,1,1982,0,0,0,0,0,0,0,0,6,0
100111,5,1,1982,0,0,0,0,0,0,0,0,0,0
100111,6,1,1982,0,0,0,0,0,0,0,0,0,0
100112,1,1,1982,9,9,9,9,9,9,9,9,9,9
100112,2,1,1982,0,0,0,0,0,0,0,0,0,0
100113,1,1,1982,20,20,20,20,20,20,20,20,20,20
100114,1,1,1982,0,0,0,0,0,0,0,0,0,0
100114,2,1,1982,0,0,0,0,0,0,0,0,0,0
100115,1,1,1982,0,0,0,0,0,0,0,0,0,0
100115,2,1,1982,0,0,0,0,0,0,0,0,0,0
100116,0,2,1982,0,0,0,0,0,0,0,0,0,0
100116,1,1,1982,18,18,18,18,18,18,18,18,18,18
100117,0,1,1982,25,25,25,25,25,25,25,25,25,25
100117,1,1,1982,0,8,9,0,0,11,0,7,0,0
110001,0,1,1982,0,0,0,0,0,0,0,0,0,0
110001,1,1,1982,31,31,31,31,31,31,31,31,31,31
110002,0,1,1982,0,0,0,13,18,43,26,20,0,0
110002,0,2,1982,14,14,14,14,14,14,14,14,14,14
110002,1,1,1982,0,0,0,0,0,0,0,0,0,0
110003,1,1,1982,0,0,0,0,0,0,0,0,0,0
110003,2,1,1982,0,0,0,0,0,0,0,0,0,0
110004,0,1,1982,0,0,0,0,0,0,0,12,0,21
110004,0,2,1982,0,0,0,0,0,0,0,0,0,0
110004,0,3,1982,0,0,0,0,0,0,0,0,0,0
110004,1,1,1982,0,0,0,0,0,0,0,0,0,0
110005,0,1,1982,0,0,0,0,16,0,0,0,0,0
110005,1,1,1982,0,0,0,0,0,0,0,0,0,0
110006,1,1,1982,5,5,5,5,5,5,5,5,5,5
110006,2,1,1982,0,11,0,0,0,0,0,0,0,0
110007,1,1,1982,0,0,0,0,0,0,0,0,23,0
110007,2,1,1982,0,0,0,0,0,0,0,0,7,0
110007,3,1,1982,0,0,0,0,0,0,0,0,0,0
110008,1,1,1982,0,0,0,0,0,0,0,0,0,0
110008,2,1,1982,0,0,0,0,0,0,0,0,0,0
110008,3,1,1982,0,0,0,0,0,0,0,0,0,0
110008,4,1,1982,0,0,0,0,0,13,0,0,0,0
110008,5,1,1982,3,3,3,3,3,3,3,3,3,3
110009,0,1,1982,0,0,0,0,0,0,0,0,0,0
110009,1,1,1982,0,0,0,0,3,0,0,0,0,2
110010,0,1,1982,0,0,0,0,0,0,0,0,0,0
110010,1,1,1982,0,0,16,0,0,0,0,0,0,0
110011,1,1,1982,15,15,15,15,15,15,15,15,15,15
110012,0,1,1982,30,30,30,30,30,30,30,30,30,30
110012,1,1,1982,8,8,8,8,8,8,8,8,8,8
110013,1,1,1982,12,12,12,12,12,12,12,12,12,12
110014,1,1,1982,0,0,0,0,0,0,0,0,0,0
110015,0,1,1982,17,17,17,17,17,17,17,17,17,17
110015,1,1,1982,0,0,3,0,0,0,0,8,0,0
110016,0,1,1982,0,0,0,0,0,0,0,0,0,0
110016,1,1,1982,0,0,0,0,0,0,0,0,0,0
110017,0,1,1982,0,0,0,0,0,0,0,0,0,0
110017,1,1,1982,0,0,0,17,9,0,0,17,11,0
110018,1,1,1982,8,0,11,10,27,31,24,0,26,20
110018,2,1,1982,18,13,16,5,24,0,29,0,16,7
110019,1,1,1982,32,32,32,32,32,32,32,32,32,32
110019,2,1,1982,0,0,0,0,0,0,0,0,0,0
110020,1,1,1982,10,10,10,10,10,10,10,10,10,10
110020,2,1,1982,0,0,0,0,0,0,0,0,0,0
110021,1,1,1982,18,9,20,14,6,33,15,16,16,29
110022,1,1,1982,32,32,32,32,32,32,32,32,32,32
110023,1,1,1982,0,0,0,0,0,0,0,0,0,21
110024,1,1,1982,20,20,20,20,20,20,20,20,20,20
110024,2,1,1982,0,0,0,0,0,0,0,0,0,0
110025,1,1,1982,0,0,0,0,0,0,0,0,0,6
110025,2,1,1982,0,0,0,0,0,0,0,0,0,0
110026,0,1,1982,0,0,0,0,0,0,0,0,0,0
110026,1,1,1982,0,0,0,0,0,0,0,0,0,0
110027,1,1,1982,4,4,4,4,4,4,4,4,4,4
110028,1,1,1982,0,0,0,0,0,0,0,0,0,0
110028,2,1,1982,18,18,18,18,18,18,18,18,18,18
110029,1,1,1982,7,18,8,10,10,20,22,24,10,17
110029,2,1,1982,0,0,0,0,0,0,0,0,0,0
110030,1,1,1982,0,0,0,0,0,0,0,0,0,0
110030,2,1,1982,0,0,0,0,0,0,0,0,0,0
110031,1,1,1982,0,0,0,0,0,0,0,0,0,0
110032,1,1,1982,0,0,0,0,0,0,0,0,0,0
110033,1,1,1982,9,9,9,9,9,9,9,9,9,9
110034,1,1,1982,24,24,24,24,24,24,24,24,24,24
120001,0,1,1982,0,0,0,0,21,0,14,0,0,15
120001,0,2,1982,0,0,0,0,28,0,0,12,0,7
120001,1,1,1982,2,2,2,2,2,2,2,2,2,2
120001,2,1,1982,2,2,2,2,2,2,2,2,2,2
120002,0,1,1982,0,0,0,0,21,0,11,0,0,0
120002,1,1,1982,18,18,18,18,18,18,18,18,18,18
120003,0,1,1982,0,0,13,0,10,19,0,0,0,23
120003,1,1,1982,0,0,0,0,0,0,0,0,0,0
120004,0,1,1982,0,0,0,0,0,0,0,20,0,0
120004,1,1,1982,21,13,21,21,20,23,9,23,19,25
120005,1,1,1982,0,0,0,0,0,8,0,0,0,0
120005,2,1,1982,0,0,0,0,0,0,0,0,0,0
120006,1,1,1982,13,7,20,17,0,21,23,12,12,23
120006,2,1,1982,0,0,0,0,0,0,17,10,13,10
120007,1,1,1982,22,22,22,22,22,22,22,22,22,22
120008,0,1,1982,25,7,34,17,14,22,11,19,44,23
120008,0,2,1982,28,14,0,0,23,17,0,0,0,0
120009,1,1,1982,0,0,0,0,0,0,0,0,0,0
120009,2,1,1982,0,0,0,0,0,0,0,0,0,0
120010,1,1,1982,14,4,20,19,24,11,21,14,16,12
120011,0,1,1982,0,0,0,0,0,21,0,8,0,20
120011,1,1,1982,0,0,0,0,0,0,0,0,0,0
120012,1,1,1982,0,4,4,0,0,0,0,0,0,3
120012,2,1,1982,0,0,16,0,0,0,0,0,0,0
120013,1,1,1982,0,10,0,0,0,0,0,0,0,0
120013,2,1,1982,0,0,0,14,0,0,0,0,0,0
120014,1,1,1982,0,0,0,0,28,0,0,0,0,0
120014,2,1,1982,0,0,0,0,0,0,0,10,0,0
120015,1,1,1982,0,0,0,0,0,7,0,7,0,0
120015,2,1,1982,0,0,19,0,0,11,0,0,0,0
120017,1,1,1982,0,0,0,0,0,0,0,0,0,0
120017,2,1,1982,0,0,0,0,0,0,0,0,0,0
120018,1,1,1982,0,0,18,13,12,28,13,10,14,6
120019,1,1,1982,38,38,38,38,38,38,38,38,38,38
120019,2,1,1982,0,0,0,0,0,0,0,0,0,0
120020,0,1,1982,13,0,10,16,0,0,0,13,5,6
120020,1,1,1982,0,0,0,0,0,0,0,0,0,0
120021,0,1,1982,0,0,0,0,0,0,0,0,0,0
120021,1,1,1982,0,0,0,0,0,0,0,0,0,0
120022,1,1,1982,16,16,16,16,16,16,16,16,16,16
120022,2,1,1982,27,27,27,27,27,27,27,27,27,27
120023,0,1,1982,21,0,0,0,0,9,0,0,7,0
120023,1,1,1982,27,27,27,27,27,27,27,27,27,27
120024,1,1,1982,0,0,0,0,0,0,0,3,0,0
120024,2,1,1982,21,21,21,21,21,21,21,21,21,21
120025,1,1,1982,0,0,0,0,0,0,0,0,0,0
120027,1,1,1982,0,0,0,21,0,0,0,0,0,0
120027,2,1,1982,0,0,0,0,0,0,0,0,0,0
120028,1,1,1982,17,17,17,17,17,17,17,17,17,17
120029,1,1,1982,14,14,18,28,23,5,5,22,13,12
120030,1,1,1982,0,0,0,0,12,0,0,0,17,0
120030,2,1,1982,14,0,0,10,4,0,0,9,0,0
120031,1,1,1982,19,16,29,23,19,0,18,21,22,0