ST_CASE,VEH_NO,PER_NO,YEAR,P1,P2,P3,P4,P5,P6,P7,P8,P9,P10
120031,2,1,1982,0,0,0,0,0,0,0,0,0,0
120032,1,1,1982,0,0,0,0,0,3,0,0,0,0
120032,2,1,1982,0,0,13,0,0,0,3,0,0,0
120033,0,1,1982,0,41,18,0,0,0,22,0,0,0
120033,1,1,1982,0,0,0,0,0,0,22,0,0,0
120034,1,1,1982,48,48,48,48,48,48,48,48,48,48
120035,1,1,1982,20,36,17,25,20,28,8,36,31,34
120036,1,1,1982,22,20,0,0,13,20,17,0,28,0
120037,1,1,1982,21,23,0,15,23,11,0,0,21,14
120037,2,1,1982,0,21,0,0,0,0,0,0,0,0
120038,1,1,1982,30,30,30,30,30,30,30,30,30,30
120038,2,1,1982,17,17,17,17,17,17,17,17,17,17
120039,0,1,1982,11,46,0,12,16,0,6,0,0,12
120039,1,1,1982,0,12,0,0,0,0,0,0,0,0
120040,1,1,1982,10,19,15,0,12,24,19,18,12,29
120041,1,1,1982,21,16,15,0,0,25,20,27,0,19
120042,1,1,1982,11,11,11,11,11,11,11,11,11,11
120042,2,1,1982,9,9,9,9,9,9,9,9,9,9
120043,1,1,1982,0,0,0,0,0,0,0,0,0,0
120043,2,1,1982,0,0,0,0,0,0,0,0,0,0
120044,1,1,1982,59,59,59,59,59,59,59,59,59,59
120044,2,1,1982,0,11,0,0,11,0,0,0,0,0
120045,0,1,1982,11,0,0,6,0,10,0,0,0,0
120045,1,1,1982,0,0,8,0,0,0,0,0,0,0
120046,1,1,1982,0,11,0,18,0,9,0,0,0,0
120047,1,1,1982,6,12,0,24,0,2,2,11,16,3
120047,2,1,1982,20,20,20,20,20,20,20,20,20,20
120047,3,1,1982,0,0,0,0,0,0,18,0,0,0
120048,0,1,1982,0,18,0,0,0,0,0,0,0,0
120048,1,1,1982,0,0,20,0,0,0,0,12,0,0
120049,1,1,1982,0,0,0,0,0,0,0,0,0,0
120049,2,1,1982,0,0,0,0,0,0,0,0,0,0
120050,1,1,1982,23,23,23,23,23,23,23,23,23,23
120050,2,1,1982,17,8,14,13,4,8,18,13,9,10
120051,1,1,1982,13,14,11,21,18,21,12,17,21,25
120052,1,1,1982,0,0,0,0,0,0,0,0,0,0
120052,2,1,1982,10,0,0,0,0,0,0,0,15,12
120053,0,1,1982,12,12,12,12,12,12,12,12,12,12
120053,1,1,1982,12,12,12,12,12,12,12,12,12,12
120054,1,1,1982,0,0,0,0,0,0,0,0,0,0
120054,2,1,1982,20,20,20,20,20,20,20,20,20,20
120055,1,1,1982,14,13,13,19,0,22,0,0,19,5
120056,1,1,1982,0,0,0,0,0,0,0,0,0,0
120056,2,1,1982,0,0,0,0,0,0,0,0,0,0
120057,1,1,1982,0,0,0,0,0,0,0,0,0,0
120058,1,1,1982,0,0,0,0,0,31,0,0,0,0
120058,2,1,1982,0,0,0,0,0,3,0,0,0,18
120059,0,1,1982,0,7,0,0,8,0,3,0,3,0
120059,1,1,1982,0,0,17,0,0,0,0,0,10,0
120060,1,1,1982,13,33,28,0,0,0,13,13,4,0
120061,1,1,1982,0,0,20,0,0,0,0,0,13,0
120061,2,1,1982,20,20,20,20,20,20,20,20,20,20
120062,1,1,1982,0,0,16,0,0,0,0,0,0,0
120062,2,1,1982,0,0,0,0,0,0,0,0,0,0
120063,0,1,1982,15,29,23,15,0,12,16,14,0,27
120063,1,1,1982,0,0,0,0,0,0,6,0,0,0
120064,1,1,1982,0,0,0,0,0,0,0,0,0,0
120064,2,1,1982,0,0,0,0,0,0,0,0,0,0
120065,0,1,1982,19,19,19,19,19,19,19,19,19,19
120065,1,1,1982,0,0,0,20,0,0,0,20,0,0
120066,1,1,1982,0,0,0,0,0,0,0,0,0,0
120066,2,1,1982,10,0,0,2,15,0,9,16,13,0
120067,1,1,1982,16,37,12,24,8,3,22,16,11,26
120067,2,1,1982,0,0,0,17,0,0,0,0,5,0
120068,1,1,1982,11,16,7,24,11,15,10,15,15,14
120069,1,1,1982,41,33,27,24,22,19,22,20,13,21
120070,0,1,1982,0,0,0,0,6,0,0,0,0,0
120070,1,1,1982,0,0,0,0,0,0,11,2,0,0
120071,1,1,1982,0,0,0,0,0,0,0,0,0,0
120071,2,1,1982,0,0,0,0,0,0,0,0,0,0
120072,1,1,1982,0,0,0,0,0,0,0,0,0,20
120072,2,1,1982,0,0,0,0,0,0,0,0,0,0
120073,0,1,1982,0,0,0,0,0,0,0,0,0,0
120073,1,1,1982,4,4,4,4,4,4,4,4,4,4
120074,0,1,1982,0,0,32,12,28,12,39,14,0,0
120074,1,1,1982,1,1,1,1,1,1,1,1,1,1
120075,0,1,1982,0,0,0,0,0,11,0,0,0,0
120075,1,1,1982,0,0,0,0,0,0,0,0,0,0
120077,1,1,1982,8,0,0,0,0,0,0,8,12,0
120078,1,1,1982,0,0,0,0,0,0,0,0,0,0
120078,2,1,1982,0,0,0,0,0,0,0,0,0,0
120079,1,1,1982,0,0,21,0,9,33,29,17,0,0
120080,0,1,1982,0,0,8,10,0,0,0,0,0,18
120080,0,2,1982,0,10,0,13,0,0,0,0,0,0
120080,1,1,1982,0,0,0,10,0,0,0,0,0,0
120081,1,1,1982,20,20,20,20,20,20,20,20,20,20
120082,1,1,1982,0,10,22,16,10,32,30,16,21,36
120083,0,1,1982,19,16,41,33,39,30,0,31,26,9
120083,1,1,1982,0,0,0,0,0,0,0,0,0,0
120084,1,1,1982,0,0,0,0,0,0,0,0,0,0
120085,0,1,1982,18,18,18,18,18,18,18,18,18,18
120085,1,1,1982,0,11,0,0,0,0,3,0,0,0
120086,0,1,1982,0,0,0,0,0,0,0,0,0,0
120086,1,1,1982,0,0,0,0,0,26,0,0,0,0
120087,1,1,1982,0,0,0,0,0,0,0,9,0,0
120087,2,1,1982,0,0,22,0,0,0,0,20,0,0
120088,1,1,1982,0,0,0,0,0,0,0,0,0,0
120089,1,1,1982,0,0,8,0,0,0,0,24,0,0
120090,1,1,1982,0,28,26,0,17,34,0,30,25,0
120091,1,1,1982,0,0,0,0,0,0,0,0,0,0
120091,2,1,1982,0,0,0,0,0,0,0,0,0,0
120092,1,1,1982,10,28,5,15,24,5,14,18,17,8
120092,2,1,1982,29,16,27,12,20,18,21,30,23,13
120093,1,1,1982,13,0,0,0,0,0,0,0,0,0
120093,2,1,1982,0,10,34,0,0,0,0,0,0,0
120094,1,1,1982,14,31,21,14,21,26,21,20,46,20
120095,1,1,1982,0,0,0,0,0,0,0,0,0,0
120095,2,1,1982,7,0,0,0,0,0,0,0,0,0
120095,3,1,1982,1,1,1,1,1,1,1,1,1,1
120095,4,1,1982,0,0,0,0,0,0,0,0,0,0
120096,0,1,1982,0,0,0,0,0,0,0,0,0,0
120096,1,1,1982,19,19,19,19,19,19,19,19,19,19
120097,0,1,1982,24,16,15,18,40,14,0,18,23,35
120097,1,1,1982,0,0,0,20,0,29,0,24,17,0
120098,1,1,1982,0,0,3,0,0,0,0,0,0,0
120098,2,1,1982,0,15,0,0,0,0,0,0,0,23
120099,1,1,1982,0,0,0,0,0,0,0,0,0,0
120099,2,1,1982,0,0,0,0,0,0,0,0,0,0
120099,3,1,1982,0,0,0,0,0,0,0,0,0,0
120099,4,1,1982,0,0,0,0,0,0,0,0,0,0
120099,5,1,1982,0,0,0,0,0,0,0,0,0,0
120100,1,1,1982,0,0,0,0,0,0,0,0,0,0
120100,2,1,1982,0,0,0,0,0,0,0,0,0,0
120101,0,1,1982,0,0,0,0,0,6,26,0,0,0
120101,1,1,1982,0,0,0,0,0,0,0,0,0,0
120102,1,1,1982,21,21,21,21,21,21,21,21,21,21
120103,1,1,1982,0,0,0,0,0,0,0,0,0,0
120103,2,1,1982,24,24,24,24,24,24,24,24,24,24
120104,0,1,1982,0,0,0,0,0,0,0,0,0,0
120104,1,1,1982,0,0,17,10,0,17,12,0,0,0
120105,1,1,1982,0,18,10,11,11,11,17,10,20,21
120106,1,1,1982,0,0,0,0,0,0,0,0,0,0
120106,2,1,1982,0,0,0,0,0,0,0,0,13,0
120107,0,1,1982,0,14,0,0,15,17,0,18,18,20
120107,1,1,1982,11,11,11,11,11,11,11,11,11,11
120108,0,1,1982,24,0,0,0,0,37,0,0,0,0
120108,1,1,1982,30,30,30,30,30,30,30,30,30,30
120109,1,1,1982,29,14,24,35,19,18,32,7,20,29
120110,1,1,1982,0,0,0,0,0,0,0,0,0,0
120111,1,1,1982,0,0,0,0,0,0,0,0,0,0
120111,2,1,1982,0,0,0,0,0,0,0,0,0,0
120112,1,1,1982,5,5,5,5,5,5,5,5,5,5
120112,2,1,1982,14,0,14,7,10,0,0,0,15,0
120113,1,1,1982,16,16,16,16,16,16,16,16,16,16
120114,0,1,1982,23,23,23,23,23,23,23,23,23,23
120114,1,1,1982,0,0,0,0,0,0,0,0,0,0
120115,0,1,1982,35,35,35,35,35,35,35,35,35,35
120115,1,1,1982,36,36,36,36,36,36,36,36,36,36
120116,1,1,1982,24,24,24,24,24,24,24,24,24,24
120117,1,1,1982,0,0,0,0,0,0,0,0,0,0
120117,2,1,1982,0,0,0,0,0,0,0,0,0,0
120118,1,1,1982,0,0,0,0,0,0,0,0,0,0
120118,2,1,1982,63,63,63,63,63,63,63,63,63,63
120119,0,1,1982,23,23,23,23,23,23,23,23,23,23
120119,1,1,1982,0,0,0,0,0,0,0,0,0,0
120120,1,1,1982,0,0,0,0,0,0,0,0,0,0
120121,1,1,1982,0,0,0,0,0,0,0,0,0,0
120121,2,1,1982,0,0,0,6,0,0,0,12,0,0
120122,1,1,1982,0,0,0,0,0,0,0,6,0,0
120122,2,1,1982,0,0,0,0,0,0,0,0,0,0
120123,1,1,1982,25,25,25,25,25,25,25,25,25,25
120124,1,1,1982,7,7,7,7,7,7,7,7,7,7
120125,0,1,1982,0,0,0,0,0,0,0,0,0,0
120125,1,1,1982,0,0,0,0,4,0,0,0,0,0
120126,1,1,1982,0,0,0,0,0,0,0,0,0,0
120127,0,1,1982,0,0,0,0,0,0,0,0,0,0
120127,1,1,1982,0,0,0,0,0,0,0,0,0,0
120128,1,1,1982,24,24,24,24,24,24,24,24,24,24
120128,2,1,1982,0,0,0,0,0,0,0,0,0,0
120129,1,1,1982,0,0,0,0,0,0,0,0,0,0
120129,2,1,1982,0,0,0,0,0,0,0,0,0,0
120130,0,1,1982,0,0,0,0,17,0,9,0,0,0
120130,1,1,1982,0,0,0,0,5,0,0,0,0,0
120131,0,1,1982,30,32,25,22,36,6,29,20,43,0
120131,1,1,1982,0,0,25,0,0,0,0,0,0,0
120132,1,1,1982,0,0,0,0,0,0,0,0,0,0
120132,2,1,1982,17,18,0,0,0,0,0,0,16,10
120133,0,1,1982,12,12,12,12,12,12,12,12,12,12
120133,1,1,1982,0,0,0,0,0,0,0,0,0,0
120134,0,1,1982,0,0,0,0,0,0,0,0,0,27
120134,1,1,1982,0,0,0,0,0,4,0,0,0,0
120134,2,1,1982,0,0,0,0,0,0,0,0,0,0
120135,1,1,1982,4,0,17,19,7,6,12,13,31,15
120135,2,1,1982,19,5,15,13,14,15,14,6,31,22
120136,0,1,1982,0,0,0,0,0,0,0,0,0,0
120136,1,1,1982,0,0,0,0,0,0,0,0,0,0
120137,1,1,1982,31,20,0,17,5,20,25,41,14,19
120138,0,1,1982,28,28,28,28,28,28,28,28,28,28
120138,1,1,1982,0,0,0,0,0,0,9,4,13,0
120140,1,1,1982,9,9,9,9,9,9,9,9,9,9
120141,1,1,1982,0,0,0,0,0,0,0,0,0,0
120141,2,1,1982,0,0,0,0,0,0,0,0,0,0
120142,1,1,1982,26,26,26,26,26,26,26,26,26,26
120142,2,1,1982,0,0,0,0,0,0,0,0,0,0
120143,1,1,1982,41,41,41,41,41,41,41,41,41,41
120144,0,1,1982,0,0,35,0,13,19,19,0,0,0
120144,1,1,1982,0,0,0,0,0,0,0,0,0,0
120144,2,1,1982,0,0,0,9,0,20,0,0,0,0
120145,0,1,1982,0,0,0,0,0,0,0,0,0,0
120145,1,1,1982,0,0,0,0,0,0,0,0,0,0
120145,2,1,1982,0,0,0,0,0,0,0,0,0,0
120146,1,1,1982,23,23,23,23,23,23,23,23,23,23
120147,0,1,1982,0,0,0,0,0,0,0,0,0,0
120147,1,1,1982,0,0,0,0,9,0,0,0,0,0
120148,1,1,1982,0,0,0,0,0,0,0,0,0,0
120148,2,1,1982,0,0,0,0,0,0,0,0,0,0
120149,0,1,1982,0,5,13,0,4,0,16,14,0,5
120149,1,1,1982,13,13,13,13,13,13,13,13,13,13
120150,1,1,1982,28,17,14,22,20,20,18,20,11,20
120150,2,1,1982,0,11,20,6,13,0,0,16,0,0
120151,1,1,1982,28,28,28,28,28,28,28,28,28,28
120152,0,1,1982,0,0,0,0,0,0,0,0,0,0
120152,1,1,1982,0,0,0,0,0,0,0,0,0,0
120153,1,1,1982,19,10,27,5,0,0,18,0,17,9
120153,2,1,1982,0,0,0,0,0,0,0,0,5,0
120154,1,1,1982,20,23,0,10,8,23,7,25,0,18
120155,1,1,1982,9,9,9,9,9,9,9,9,9,9
120156,0,1,1982,0,0,0,0,0,0,0,0,0,0
120156,1,1,1982,0,0,0,0,0,0,0,0,0,0
120157,1,1,1982,0,0,0,0,0,0,0,0,0,0
120158,0,1,1982,0,0,0,0,0,0,0,0,0,0
120158,1,1,1982,0,0,0,0,0,0,0,0,0,0
120159,1,1,1982,29,29,29,29,29,29,29,29,29,29
120160,1,1,1982,24,0,0,0,14,0,24,0,0,18
120161,0,1,1982,0,0,0,0,0,0,0,0,0,0
120161,1,1,1982,0,0,0,0,0,0,0,0,0,0
120162,0,1,1982,0,0,0,0,0,0,0,0,0,28
120162,1,1,1982,0,0,0,0,0,0,0,0,0,0
120162,2,1,1982,0,0,0,0,0,0,0,0,0,0
120162,3,1,1982,0,0,0,0,0,0,0,0,0,0
120162,4,1,1982,0,0,0,0,0,0,0,0,0,7
120162,5,1,1982,0,0,0,0,0,0,0,0,0,0
120164,1,1,1982,5,7,0,24,0,4,16,0,0,0
120165,1,1,1982,14,14,14,14,14,14,14,14,14,14
120165,2,1,1982,0,0,0,0,0,0,0,0,0,0
120165,3,1,1982,16,5,0,0,6,0,0,0,0,0
120165,4,1,1982,0,0,0,0,0,0,0,0,0,0
120165,5,1,1982,0,0,0,0,0,0,0,0,0,0
120165,6,1,1982,0,0,0,0,0,0,0,0,0,0
120165,7,1,1982,0,0,0,0,0,0,0,0,0,0
120166,1,1,1982,0,0,0,0,0,0,0,0,0,0
120166,2,1,1982,0,0,0,0,0,0,0,0,0,0
120167,1,1,1982,0,0,0,0,0,0,0,0,0,0
120167,2,1,1982,0,0,0,0,0,0,0,0,19,0
120168,1,1,1982,16,16,16,16,16,16,16,16,16,16
120168,2,1,1982,0,0,0,0,0,0,3,0,0,0
120169,1,1,1982,21,0,14,8,2,11,8,16,0,24
120169,2,1,1982,0,16,0,13,11,7,0,15,21,10
120170,1,1,1982,22,21,25,9,12,11,8,13,11,35
120170,2,1,1982,0,0,0,0,0,0,0,0,0,0
120171,1,1,1982,13,13,13,13,13,13,13,13,13,13
120171,2,1,1982,15,15,15,15,15,15,15,15,15,15
120172,0,1,1982,0,0,0,0,0,0,0,0,0,0
120172,1,1,1982,0,0,0,0,0,0,0,0,0,0
120173,0,1,1982,0,0,0,0,0,11,0,0,0,19
120173,1,1,1982,0,9,0,0,0,0,0,0,0,0
120174,1,1,1982,12,12,12,12,12,12,12,12,12,12
120174,2,1,1982,7,7,7,7,7,7,7,7,7,7
120175,0,1,1982,4,0,0,0,0,0,0,0,20,0
120175,1,1,1982,0,0,0,0,0,0,0,0,0,0
120176,1,1,1982,0,0,0,0,0,0,0,0,0,0
120176,2,1,1982,0,0,0,0,0,0,0,0,0,0
120178,0,1,1982,13,34,13,21,0,0,0,0,34,0
120178,1,1,1982,0,0,0,0,0,18,0,0,0,0
120179,0,1,1982,0,0,0,0,0,31,0,0,0,0
120179,1,1,1982,0,0,0,0,0,0,0,0,0,0
120180,1,1,1982,1,1,1,1,1,1,1,1,1,1
120180,2,1,1982,0,0,0,0,0,0,0,0,0,0
120181,1,1,1982,0,0,0,0,0,0,0,0,0,0
120181,2,1,1982,0,0,0,0,0,0,0,0,0,0
120182,0,1,1982,0,11,22,12,0,0,0,0,0,0
120182,1,1,1982,0,29,0,0,0,0,0,0,0,0
120183,0,1,1982,0,0,0,19,0,0,0,16,28,0
120183,0,2,1982,0,0,0,0,0,0,0,0,0,0
120183,1,1,1982,0,0,0,0,0,0,0,0,0,0
120184,1,1,1982,0,0,0,0,0,0,4,0,0,0
120184,2,1,1982,0,0,0,0,0,0,0,0,0,0
120185,1,1,1982,0,0,0,0,0,0,0,0,0,0
120185,2,1,1982,0,0,0,0,0,0,0,0,0,0
120185,3,1,1982,0,0,0,0,0,0,0,0,0,0
120186,1,1,1982,0,0,0,0,0,0,0,0,0,0
120187,1,1,1982,0,0,0,0,4,0,0,0,0,0
120188,0,1,1982,12,0,0,0,14,0,6,0,0,0
120188,1,1,1982,0,0,0,0,0,0,0,0,0,0
120189,1,1,1982,13,13,13,13,13,13,13,13,13,13
120190,1,1,1982,0,0,0,0,3,0,0,0,0,0
120190,2,1,1982,0,0,0,0,0,0,0,13,0,0
120190,3,1,1982,17,0,0,0,0,0,0,0,20,0
120191,1,1,1982,19,19,19,19,19,19,19,19,19,19
120192,0,1,1982,0,0,0,0,0,0,0,0,0,0
120192,1,1,1982,12,12,12,12,12,12,12,12,12,12
120193,0,1,1982,16,16,16,16,16,16,16,16,16,16
120193,1,1,1982,16,16,16,16,16,16,16,16,16,16
120194,1,1,1982,28,28,28,28,28,28,28,28,28,28
120194,2,1,1982,0,0,0,0,0,0,0,8,0,12
120195,1,1,1982,11,11,11,11,11,11,11,11,11,11
120195,2,1,1982,25,0,0,24,22,0,0,0,0,17
120196,0,1,1982,27,27,27,27,27,27,27,27,27,27
120196,1,1,1982,27,27,27,27,27,27,27,27,27,27
120197,1,1,1982,0,0,0,0,0,0,0,0,0,0
120197,2,1,1982,0,0,0,0,0,0,0,0,0,0
120198,0,1,1982,0,0,0,0,0,0,0,0,0,0
120198,1,1,1982,0,0,0,0,0,0,0,0,0,0
120199,0,1,1982,0,11,0,0,0,0,0,0,0,0
120199,1,1,1982,0,0,18,0,21,16,0,12,15,0
120200,1,1,1982,0,0,0,0,0,0,0,0,0,0
120200,2,1,1982,23,23,23,23,23,23,23,23,23,23
120201,1,1,1982,0,24,0,0,0,0,0,3,0,0
120201,2,1,1982,0,0,0,0,0,0,0,0,0,0
120202,1,1,1982,0,0,0,16,0,0,0,0,17,0
120202,2,1,1982,0,0,0,0,0,0,0,0,0,0
120203,0,1,1982,0,0,0,7,0,0,0,0,0,10
120203,1,1,1982,10,0,0,0,0,0,0,0,0,0
120203,2,1,1982,0,0,21,0,0,0,20,0,0,0
120204,1,1,1982,12,0,14,25,21,28,37,15,10,9
120205,1,1,1982,0,0,0,0,0,0,22,0,0,0
120205,2,1,1982,0,0,0,0,0,0,0,0,12,0
120206,0,1,1982,16,16,16,16,16,16,16,16,16,16
120206,1,1,1982,13,18,8,18,15,19,13,9,5,8
120207,1,1,1982,0,0,0,0,0,4,0,0,0,0
120207,2,1,1982,0,0,0,0,0,0,0,0,0,0
120207,3,1,1982,0,0,0,0,0,0,19,0,0,0
120208,1,1,1982,0,0,0,0,0,11,0,0,0,0
120208,2,1,1982,7,9,26,18,23,19,18,24,12,13
120209,0,1,1982,0,0,0,0,0,0,0,0,0,0
120209,1,1,1982,0,11,17,12,29,15,33,21,29,17
120210,1,1,1982,0,0,0,0,0,0,0,0,0,0
120210,2,1,1982,0,17,0,0,13,0,0,0,0,0
120210,3,1,1982,0,0,0,0,0,0,0,0,0,0
120211,1,1,1982,0,0,0,0,0,0,0,30,0,0
120211,2,1,1982,17,17,17,17,17,17,17,17,17,17
120212,0,1,1982,20,0,0,0,1,0,2,12,0,0
120212,1,1,1982,16,31,4,23,10,24,9,19,31,6
120213,1,1,1982,15,15,15,15,15,15,15,15,15,15
120214,1,1,1982,18,18,18,18,18,18,18,18,18,18
120214,2,1,1982,11,11,11,11,11,11,11,11,11,11
120215,1,1,1982,0,0,0,0,0,0,0,0,0,0
120215,2,1,1982,0,0,0,0,0,0,0,9,0,12
120216,1,1,1982,18,18,18,18,18,18,18,18,18,18
120216,2,1,1982,0,0,0,0,0,0,0,0,0,0
120217,1,1,1982,0,0,0,0,0,0,0,0,0,0
120217,2,1,1982,0,0,0,0,0,0,0,0,0,0
120218,1,1,1982,22,22,22,22,22,22,22,22,22,22
120218,2,1,1982,0,0,17,0,0,0,0,0,0,0
120219,0,1,1982,0,17,0,11,0,0,0,0,0,0
120219,1,1,1982,0,0,0,0,12,0,0,0,0,0
120219,2,1,1982,0,0,0,0,0,0,0,0,0,0
120220,1,1,1982,0,0,0,0,0,0,0,0,0,0
120220,2,1,1982,0,0,0,0,0,0,0,0,0,0
120221,0,1,1982,0,16,10,0,0,0,23,0,0,16
120221,1,1,1982,0,0,0,0,0,0,0,0,0,0
120222,0,1,1982,0,9,0,0,0,0,0,0,0,0
120222,1,1,1982,0,0,0,0,0,0,0,0,0,0
120223,1,1,1982,0,0,0,0,0,0,0,0,23,0
120224,0,1,1982,0,0,0,0,0,0,6,0,0,0
120224,1,1,1982,0,0,0,0,0,0,0,0,0,0
120225,1,1,1982,0,0,0,0,0,0,0,0,0,0
120225,2,1,1982,0,0,0,0,0,0,0,0,0,0
120226,1,1,1982,28,28,28,28,28,28,28,28,28,28
120227,1,1,1982,15,15,15,15,15,15,15,15,15,15
120228,1,1,1982,0,17,0,0,0,0,0,0,0,11
120229,1,1,1982,12,40,18,10,3,16,18,26,19,19
120230,1,1,1982,0,0,0,0,0,0,0,0,0,0
120230,2,1,1982,0,0,0,0,0,0,0,0,0,0
120231,0,1,1982,0,0,0,0,0,0,0,0,0,0
120231,1,1,1982,0,0,0,0,0,0,0,0,0,0
120232,0,1,1982,0,0,0,0,0,0,0,0,0,0
120232,1,1,1982,0,0,0,0,0,0,0,0,0,0
120233,1,1,1982,0,0,0,0,0,0,0,0,0,0
120233,2,1,1982,0,0,0,0,0,0,0,0,0,0
120234,1,1,1982,0,0,0,0,0,0,0,0,12,0
120234,2,1,1982,0,0,0,0,0,0,0,0,0,0
120235,1,1,1982,5,6,3,12,12,0,10,17,19,24
120235,2,1,1982,0,0,0,0,0,0,0,3,0,0
120236,1,1,1982,0,0,0,0,0,0,0,0,0,0
120236,2,1,1982,0,7,0,0,0,3,0,4,0,0
120237,0,1,1982,13,13,13,13,13,13,13,13,13,13
120237,1,1,1982,0,0,0,0,0,0,0,0,0,0
120238,1,1,1982,0,0,0,0,0,0,0,0,0,0
120239,1,1,1982,1,1,1,1,1,1,1,1,1,1
120239,2,1,1982,0,13,0,7,0,0,0,0,0,0
120240,1,1,1982,4,4,4,4,4,4,4,4,4,4
120241,1,1,1982,0,0,0,0,0,0,0,0,0,0
120241,2,1,1982,0,0,0,0,0,18,0,0,0,0
120242,1,1,1982,14,21,20,20,16,12,25,4,15,9
120242,2,1,1982,0,0,0,0,0,0,0,0,0,0
120243,1,1,1982,0,0,0,0,0,0,0,0,0,0
120243,2,1,1982,0,0,0,0,0,0,0,0,0,0
120244,0,1,1982,0,11,0,0,0,16,0,0,0,0
120244,1,1,1982,0,0,0,0,0,0,0,0,0,0
120245,1,1,1982,0,0,0,0,0,0,11,0,0,0
120245,2,1,1982,0,0,0,0,0,0,0,0,0,0
120246,0,1,1982,0,0,0,0,0,0,0,0,0,0
120246,1,1,1982,0,0,0,0,0,0,0,0,0,0
120247,1,1,1982,10,10,10,10,10,10,10,10,10,10
120247,2,1,1982,0,0,0,0,0,0,25,0,0,0
120248,0,1,1982,0,0,0,0,0,0,0,0,0,0
120248,1,1,1982,0,0,0,0,0,0,0,0,0,0
120249,0,1,1982,0,0,0,0,0,0,0,0,23,0
120249,1,1,1982,0,0,0,0,0,0,18,0,0,0
120250,1,1,1982,0,0,0,0,0,0,0,0,0,0
120251,1,1,1982,0,0,0,0,0,0,0,16,0,0
120251,2,1,1982,0,0,0,0,0,0,0,0,0,0
120252,0,1,1982,0,10,0,0,0,0,0,7,0,6
120252,1,1,1982,11,0,0,0,0,0,0,0,0,0
120253,1,1,1982,15,20,0,35,28,0,0,10,4,3
120253,2,1,1982,0,0,0,0,0,0,0,0,0,0
120254,0,1,1982,16,16,16,16,16,16,16,16,16,16
120254,1,1,1982,0,0,0,0,0,0,0,0,0,0
120254,2,1,1982,0,0,0,0,0,0,0,0,0,0
120255,1,1,1982,12,15,22,27,6,23,18,23,19,26
120256,1,1,1982,0,26,23,9,22,21,0,13,18,0
120257,1,1,1982,31,31,31,31,31,31,31,31,31,31
120258,0,1,1982,39,39,39,39,39,39,39,39,39,39
120258,1,1,1982,29,0,0,0,0,0,16,0,12,0
120259,1,1,1982,26,26,26,26,26,26,26,26,26,26
120259,2,1,1982,0,0,0,0,0,0,0,0,0,0
120260,0,1,1982,0,0,21,0,0,0,0,0,0,0
120260,1,1,1982,0,0,0,0,0,19,0,0,0,0
120261,0,1,1982,17,17,17,17,17,17,17,17,17,17
120261,1,1,1982,0,0,0,8,0,0,0,24,27,0
120262,0,1,1982,0,0,0,0,0,0,0,6,0,0
120262,1,1,1982,0,0,0,0,0,0,0,0,0,0
120262,2,1,1982,8,0,0,0,0,0,10,8,0,0
120263,1,1,1982,24,24,24,24,24,24,24,24,24,24
120264,1,1,1982,27,27,27,27,27,27,27,27,27,27
120265,0,1,1982,0,0,14,0,0,0,0,8,0,0
120265,0,2,1982,0,0,0,0,0,0,0,9,0,0
120265,1,1,1982,0,22,0,0,13,11,0,0,0,23
120266,1,1,1982,15,18,21,0,20,33,29,12,22,31
120266,2,1,1982,0,0,0,0,0,0,0,0,0,0
120267,0,1,1982,0,0,0,0,0,0,0,0,0,0
120267,0,2,1982,0,0,0,28,0,0,0,0,0,0
120267,0,3,1982,0,0,12,0,0,25,0,0,0,0
120267,0,4,1982,0,16,0,19,0,0,25,0,8,0
120267,1,1,1982,17,0,0,0,0,0,0,0,0,0
120267,2,1,1982,0,0,0,0,0,0,0,0,0,0
120268,1,1,1982,20,20,20,20,20,20,20,20,20,20
120268,2,1,1982,0,0,0,0,0,0,0,0,0,0
120269,1,1,1982,5,5,5,5,5,5,5,5,5,5
120269,2,1,1982,1,1,1,1,1,1,1,1,1,1
120269,3,1,1982,12,12,12,12,12,12,12,12,12,12
120270,1,1,1982,0,0,13,30,16,20,16,19,33,27
120271,0,1,1982,0,18,5,17,15,29,19,0,0,35
120271,1,1,1982,4,4,4,4,4,4,4,4,4,4
120272,1,1,1982,14,0,0,0,13,28,9,3,7,0
120273,1,1,1982,0,0,0,0,0,0,0,0,0,0
120273,2,1,1982,0,0,0,0,0,0,0,0,0,0
120274,1,1,1982,6,6,6,6,6,6,6,6,6,6
120275,1,1,1982,11,11,11,11,11,11,11,11,11,11
120276,0,1,1982,0,0,0,0,0,0,0,0,0,0
120276,1,1,1982,10,0,10,0,27,32,27,34,16,17
120277,1,1,1982,10,10,10,10,10,10,10,10,10,10
120277,2,1,1982,0,0,0,0,0,0,0,0,0,0
120277,3,1,1982,0,0,0,0,0,0,0,0,0,0
120278,1,1,1982,0,0,0,0,0,0,0,0,0,0
120278,2,1,1982,0,0,0,0,0,0,0,0,0,0
120278,3,1,1982,0,0,0,0,0,0,0,0,0,0
120279,1,1,1982,6,6,6,6,6,6,6,6,6,6
120280,1,1,1982,0,0,0,0,0,0,0,0,0,0
120280,2,1,1982,0,0,0,0,0,0,0,0,0,0
120281,1,1,1982,0,0,0,0,0,0,0,0,0,0
120281,2,1,1982,0,0,0,0,0,0,0,0,0,0
120282,0,1,1982,29,43,27,39,8,19,28,26,29,23
120282,1,1,1982,0,0,0,0,0,0,0,0,0,0
120283,0,1,1982,20,20,20,20,20,20,20,20,20,20
120283,1,1,1982,6,6,6,6,6,6,6,6,6,6
120284,1,1,1982,21,21,21,21,21,21,21,21,21,21
120285,1,1,1982,0,0,0,0,0,0,0,0,0,0