ST_CASE,VEH_NO,PER_NO,YEAR,P1,P2,P3,P4,P5,P6,P7,P8,P9,P10
120285,2,1,1982,0,0,0,0,0,0,0,0,0,0
120286,1,1,1982,6,6,6,6,6,6,6,6,6,6
120287,1,1,1982,0,6,0,0,0,0,0,0,11,0
120288,0,1,1982,5,5,5,5,5,5,5,5,5,5
120288,1,1,1982,0,13,0,0,0,0,0,30,24,11
120289,0,1,1982,2,2,2,2,2,2,2,2,2,2
120289,1,1,1982,12,22,28,21,8,8,20,20,25,20
120290,0,1,1982,0,0,0,0,0,0,0,0,0,0
120290,1,1,1982,0,0,0,0,0,0,0,0,0,0
120291,1,1,1982,16,0,0,22,0,9,0,0,0,0
120291,2,1,1982,0,5,0,0,0,0,0,0,21,11
120292,1,1,1982,0,0,0,0,0,0,0,0,0,0
120292,2,1,1982,0,0,0,0,0,5,0,0,0,0
120293,1,1,1982,0,0,0,0,0,0,0,0,0,0
120293,2,1,1982,0,0,0,0,0,0,0,0,0,16
120293,3,1,1982,0,0,0,0,0,0,0,0,0,0
120293,4,1,1982,0,0,0,0,0,0,0,0,0,0
120294,1,1,1982,0,0,0,0,0,0,0,0,0,0
120294,2,1,1982,0,0,0,0,0,0,0,0,0,0
120295,1,1,1982,0,0,0,0,0,0,0,0,0,0
120295,2,1,1982,0,0,0,0,0,0,0,0,0,0
120296,0,1,1982,0,0,0,0,0,0,0,0,0,0
120296,1,1,1982,0,0,0,0,0,0,0,0,0,0
120297,1,1,1982,0,0,0,0,0,0,0,0,0,0
120297,2,1,1982,0,0,0,0,0,0,0,0,0,0
120298,0,1,1982,0,0,0,0,0,0,0,0,0,0
120298,1,1,1982,0,0,0,0,0,0,0,0,0,0
120299,1,1,1982,0,0,0,0,0,0,0,0,0,0
120299,2,1,1982,0,0,0,0,0,0,4,0,0,0
120300,1,1,1982,20,12,0,10,10,10,9,19,10,16
120301,1,1,1982,0,0,0,0,0,0,0,0,0,0
120301,2,1,1982,0,0,0,0,0,0,0,0,0,0
120302,0,1,1982,0,0,0,0,0,0,0,0,0,0
120302,1,1,1982,0,0,0,0,0,0,0,0,0,0
120303,1,1,1982,0,0,0,0,0,0,0,9,0,0
120303,2,1,1982,0,0,17,0,0,0,0,0,0,0
120304,1,1,1982,0,0,0,0,0,0,0,0,0,32
120304,2,1,1982,0,0,0,0,0,0,0,0,0,0
120305,1,1,1982,13,13,13,13,13,13,13,13,13,13
120305,2,1,1982,0,0,0,0,0,0,0,0,0,0
120306,0,1,1982,21,21,27,20,21,15,23,25,13,26
120306,1,1,1982,0,0,0,0,0,0,0,0,0,0
120306,2,1,1982,0,0,0,0,0,0,0,0,0,0
120307,0,1,1982,34,34,34,34,34,34,34,34,34,34
120307,1,1,1982,0,0,0,0,0,0,0,0,0,0
120308,0,1,1982,0,0,0,0,0,0,0,0,0,0
120308,1,1,1982,0,0,0,0,0,0,0,0,26,0
120309,1,1,1982,0,0,0,0,0,0,20,0,0,0
120309,2,1,1982,0,0,0,0,0,0,0,9,0,0
120309,3,1,1982,0,0,0,0,0,0,0,0,0,0
120310,1,1,1982,14,12,0,23,16,20,23,0,9,18
120311,1,1,1982,0,0,0,0,0,0,0,0,0,0
120311,2,1,1982,0,0,0,0,0,0,0,0,0,0
120311,3,1,1982,0,0,0,0,0,0,0,0,0,0
120312,0,1,1982,23,23,23,23,23,23,23,23,23,23
120312,1,1,1982,6,6,6,6,6,6,6,6,6,6
120313,0,1,1982,0,0,0,0,0,0,0,0,0,0
120313,1,1,1982,0,0,0,0,0,0,0,0,0,0
120314,1,1,1982,15,15,15,15,15,15,15,15,15,15
120314,2,1,1982,3,3,3,3,3,3,3,3,3,3
120315,1,1,1982,19,19,19,19,19,19,19,19,19,19
120316,1,1,1982,0,0,0,0,0,0,0,0,0,0
120316,2,1,1982,0,0,0,0,6,0,0,0,0,0
120316,3,1,1982,0,0,0,0,0,0,0,0,0,0
120316,4,1,1982,0,0,0,0,0,0,0,0,0,0
120316,5,1,1982,0,0,0,0,0,0,0,0,0,0
120317,1,1,1982,37,37,37,37,37,37,37,37,37,37
120318,1,1,1982,33,33,33,33,33,33,33,33,33,33
120319,0,1,1982,0,23,20,15,31,18,0,6,0,37
120319,1,1,1982,0,3,0,0,0,0,0,0,0,0
120320,1,1,1982,20,12,27,10,15,14,0,31,13,0
120320,2,1,1982,0,11,0,0,0,0,0,21,0,0
120321,0,1,1982,0,0,23,0,0,7,15,24,3,15
120321,1,1,1982,0,0,0,0,0,0,0,0,0,0
120322,1,1,1982,0,0,11,0,0,0,0,0,0,4
120322,2,1,1982,0,0,14,24,0,0,0,0,0,17
120323,1,1,1982,11,11,11,11,11,11,11,11,11,11
120324,1,1,1982,25,25,25,25,25,25,25,25,25,25
120324,2,1,1982,0,0,0,0,0,0,0,0,0,0
120325,1,1,1982,0,0,0,0,0,0,0,0,0,0
120325,2,1,1982,23,18,11,10,18,0,9,33,20,13
120326,1,1,1982,10,10,10,10,10,10,10,10,10,10
120326,2,1,1982,0,0,0,0,0,0,0,0,0,0
120327,1,1,1982,4,19,25,16,17,25,25,15,0,18
120328,1,1,1982,0,0,0,0,0,0,0,0,0,0
120328,2,1,1982,0,0,0,0,0,0,0,0,0,0
120329,1,1,1982,12,12,12,12,12,12,12,12,12,12
120330,1,1,1982,28,28,28,28,28,28,28,28,28,28
120330,2,1,1982,0,16,0,10,0,0,29,0,0,0
120331,1,1,1982,0,0,0,0,0,0,0,0,0,0
120331,2,1,1982,0,0,0,0,0,0,0,0,0,0
120331,3,1,1982,0,0,0,0,0,0,0,0,0,0
120332,0,1,1982,20,20,20,20,20,20,20,20,20,20
120332,1,1,1982,11,11,11,11,11,11,11,11,11,11
120333,0,1,1982,0,0,0,0,3,0,0,0,0,0
120333,1,1,1982,0,0,0,0,0,0,0,0,0,0
120334,0,1,1982,22,22,22,22,22,22,22,22,22,22
120334,1,1,1982,0,0,0,0,0,0,0,0,0,0
120335,0,1,1982,0,0,15,21,0,20,0,14,17,22
120335,1,1,1982,10,0,0,0,0,21,0,0,0,0
120336,0,1,1982,0,0,20,0,0,0,0,0,0,0
120336,1,1,1982,0,0,0,12,0,13,0,13,0,0
120337,0,1,1982,0,0,0,0,0,0,0,0,0,0
120337,1,1,1982,0,0,0,0,0,0,0,0,0,0
120338,1,1,1982,0,0,0,0,0,0,0,0,0,0
120338,2,1,1982,0,0,0,0,0,0,0,0,0,0
120339,1,1,1982,0,0,0,0,0,0,0,0,0,0
120339,2,1,1982,0,7,0,9,20,14,9,18,0,18
120340,0,1,1982,33,33,33,33,33,33,33,33,33,33
120340,1,1,1982,0,0,10,0,0,0,0,0,0,25
120340,2,1,1982,0,0,0,0,16,0,0,0,0,0
120340,3,1,1982,0,0,0,0,0,0,0,0,0,0
120340,4,1,1982,0,0,0,0,0,0,0,0,0,0
120341,1,1,1982,0,0,6,0,0,0,0,0,0,0
120341,2,1,1982,0,0,0,0,0,0,0,0,0,0
120342,1,1,1982,0,0,0,0,0,0,0,0,0,0
120343,0,1,1982,0,9,0,0,0,0,0,0,0,0
120343,0,2,1982,10,14,0,0,0,0,0,19,0,20
120343,1,1,1982,16,0,0,0,0,0,0,0,0,19
120344,1,1,1982,0,0,0,0,0,0,0,0,0,0
120344,2,1,1982,16,0,0,0,0,0,0,0,0,0
120345,0,1,1982,23,12,0,20,12,16,0,0,0,0
120345,1,1,1982,0,0,0,0,0,0,0,0,10,0
120346,1,1,1982,24,24,24,24,24,24,24,24,24,24
120347,1,1,1982,0,0,0,0,0,0,0,0,0,0
120347,2,1,1982,0,18,0,0,0,0,0,0,0,0
120348,1,1,1982,7,7,7,7,7,7,7,7,7,7
120348,2,1,1982,0,0,0,0,0,0,0,0,0,0
120349,1,1,1982,0,0,0,0,0,0,0,0,0,0
120349,2,1,1982,0,0,0,12,0,0,0,0,0,0
120350,1,1,1982,26,20,15,15,19,0,16,26,20,15
120351,1,1,1982,0,0,0,0,0,0,0,0,0,0
120351,2,1,1982,0,0,0,0,0,0,0,0,0,0
120352,1,1,1982,0,0,0,0,0,0,0,0,0,0
120353,0,1,1982,0,5,0,0,0,0,4,0,0,0
120353,1,1,1982,0,0,0,0,0,0,7,0,0,0
120354,1,1,1982,0,0,0,0,0,0,0,0,0,0
120354,2,1,1982,0,0,0,0,0,0,0,0,0,0
120355,1,1,1982,0,0,0,0,0,0,0,0,0,0
120355,2,1,1982,0,0,0,0,0,0,0,0,0,0
120356,1,1,1982,22,22,22,22,22,22,22,22,22,22
120356,2,1,1982,14,10,16,14,12,11,24,5,10,17
120357,1,1,1982,0,0,0,0,0,0,0,0,0,0
120357,2,1,1982,0,5,0,0,0,26,24,0,14,0
120358,0,1,1982,23,23,23,23,23,23,23,23,23,23
120358,1,1,1982,0,0,0,0,0,0,0,0,0,0
120359,1,1,1982,0,0,0,0,0,0,0,0,0,0
120360,1,1,1982,22,22,22,22,22,22,22,22,22,22
120360,2,1,1982,12,12,12,12,12,12,12,12,12,12
120361,0,1,1982,0,0,0,0,0,0,0,0,0,0
120361,1,1,1982,0,0,0,0,0,0,0,0,0,12
120362,0,1,1982,0,0,0,0,0,10,0,0,0,0
120362,1,1,1982,7,5,23,24,19,23,20,29,12,8
120363,1,1,1982,22,22,22,22,22,22,22,22,22,22
120364,1,1,1982,0,18,0,0,0,0,0,0,0,0
120364,2,1,1982,0,0,0,9,0,0,0,0,0,0
120365,1,1,1982,17,0,0,0,0,0,0,0,0,0
120365,2,1,1982,0,0,0,18,0,21,0,0,15,0
120366,1,1,1982,0,0,8,0,0,0,0,14,0,0
120366,2,1,1982,0,0,0,0,0,0,7,0,0,17
120367,1,1,1982,21,21,21,21,21,21,21,21,21,21
120367,2,1,1982,8,8,8,8,8,8,8,8,8,8
120368,1,1,1982,4,4,4,4,4,4,4,4,4,4
120368,2,1,1982,0,10,11,0,0,7,26,8,0,0
120369,0,1,1982,9,0,0,0,0,0,0,12,0,0
120369,1,1,1982,22,18,12,10,0,24,0,0,9,0
120370,0,1,1982,0,17,0,5,0,0,18,0,0,0
120370,0,2,1982,12,0,0,0,13,0,25,0,0,0
120370,1,1,1982,0,0,0,0,0,0,0,0,0,0
120371,0,1,1982,1,1,1,1,1,1,1,1,1,1
120371,1,1,1982,0,0,0,0,0,0,0,0,0,0
120372,1,1,1982,0,0,0,0,0,0,4,0,0,0
120372,2,1,1982,0,23,0,15,0,0,0,0,0,0
120373,1,1,1982,11,11,11,11,11,11,11,11,11,11
120374,0,1,1982,25,0,0,10,4,3,8,0,6,0
120374,1,1,1982,0,0,0,13,0,0,0,0,0,0
120375,1,1,1982,0,0,0,0,0,0,0,0,0,0
120375,2,1,1982,0,0,0,0,0,0,0,0,0,0
120376,1,1,1982,0,0,0,0,0,0,0,0,0,0
120376,2,1,1982,15,15,15,15,15,15,15,15,15,15
120377,1,1,1982,16,16,16,16,16,16,16,16,16,16
120378,1,1,1982,5,0,0,0,0,0,0,13,0,0
120378,2,1,1982,0,0,0,0,0,0,13,0,0,0
120379,1,1,1982,20,20,20,20,20,20,20,20,20,20
120380,0,1,1982,0,0,14,0,13,0,0,0,0,0
120380,1,1,1982,0,0,0,0,0,0,0,0,0,0
120381,1,1,1982,11,11,11,11,11,11,11,11,11,11
120381,2,1,1982,0,0,0,0,0,0,0,0,0,0
120382,1,1,1982,22,22,22,22,22,22,22,22,22,22
120382,2,1,1982,4,4,4,4,4,4,4,4,4,4
120383,1,1,1982,0,0,0,0,0,0,0,0,0,0
120383,2,1,1982,0,0,0,0,0,0,0,0,0,0
120384,1,1,1982,0,0,0,0,0,0,0,0,0,0
120384,2,1,1982,24,24,24,24,24,24,24,24,24,24
120385,1,1,1982,9,9,9,9,9,9,9,9,9,9
120385,2,1,1982,2,2,2,2,2,2,2,2,2,2
120386,0,1,1982,0,0,0,0,0,0,0,0,0,0
120386,1,1,1982,0,0,0,0,0,0,0,0,0,0
120387,1,1,1982,0,0,0,0,0,0,0,0,0,0
120388,1,1,1982,20,20,20,20,20,20,20,20,20,20
120389,1,1,1982,0,0,0,0,0,0,0,0,0,0
120389,2,1,1982,0,0,0,0,0,0,0,0,0,0
120390,1,1,1982,0,15,0,0,0,0,0,5,0,9
120390,2,1,1982,0,0,0,0,0,0,0,0,0,0
120391,1,1,1982,0,0,0,0,0,0,0,0,0,0
120391,2,1,1982,0,0,0,0,0,0,0,0,0,0
120392,0,1,1982,7,0,0,0,0,0,0,10,0,0
120392,1,1,1982,0,15,0,0,0,0,0,0,0,0
120392,2,1,1982,0,0,0,0,0,0,0,0,0,0
120392,3,1,1982,0,0,0,0,0,0,0,0,0,11
120393,1,1,1982,0,0,0,0,0,0,0,0,0,0
120393,2,1,1982,0,0,0,0,0,0,0,0,0,0
120394,0,1,1982,0,0,0,0,0,0,0,0,0,0
120394,1,1,1982,0,0,0,0,0,0,0,0,0,0
120395,1,1,1982,0,0,0,0,0,0,0,0,0,0
120395,2,1,1982,0,0,0,0,0,0,0,0,0,0
120395,3,1,1982,0,0,0,0,0,0,0,0,0,0
120396,1,1,1982,11,11,11,11,11,11,11,11,11,11
120397,1,1,1982,0,0,0,0,0,0,0,0,0,0
120397,2,1,1982,0,0,0,0,0,0,0,0,0,0
120397,3,1,1982,0,0,0,0,0,0,0,0,0,0
120397,4,1,1982,0,0,0,0,0,0,0,0,0,0
120397,5,1,1982,0,0,0,0,0,0,0,0,0,0
120398,1,1,1982,0,0,0,0,0,0,0,0,25,0
120399,1,1,1982,18,18,18,18,18,18,18,18,18,18
120400,0,1,1982,0,0,0,0,0,0,0,0,0,0
120400,0,2,1982,0,0,0,0,0,0,0,0,0,0
120400,1,1,1982,22,18,26,11,17,20,26,21,23,20
120401,1,1,1982,0,0,0,0,0,0,0,0,0,0
120401,2,1,1982,0,0,0,0,0,0,0,0,0,0
120402,1,1,1982,0,0,0,0,0,0,0,0,0,0
120403,1,1,1982,0,0,7,0,0,0,0,0,0,0
120403,2,1,1982,0,10,0,0,0,0,0,0,0,0
120404,1,1,1982,3,3,3,3,3,3,3,3,3,3
120404,2,1,1982,0,0,0,0,0,0,0,0,0,0
120405,0,1,1982,0,0,0,0,0,0,0,0,0,0
120405,1,1,1982,0,0,0,0,0,0,0,0,0,0
120406,0,1,1982,0,0,0,0,0,0,0,0,0,0
120406,1,1,1982,0,0,0,0,0,0,0,0,0,0
120407,1,1,1982,0,0,0,0,0,0,0,0,0,0
120407,2,1,1982,0,0,0,0,0,0,0,0,0,0
120408,1,1,1982,0,0,0,0,0,0,0,0,0,0
120408,2,1,1982,0,0,0,0,0,0,0,0,0,0
120409,0,1,1982,6,0,0,0,0,0,0,8,0,0
120409,1,1,1982,0,0,0,0,21,0,0,0,0,0
120410,0,1,1982,0,0,0,0,0,0,0,0,0,0
120410,1,1,1982,1,1,1,1,1,1,1,1,1,1
120411,0,1,1982,0,0,0,0,0,0,0,0,0,0
120411,1,1,1982,0,0,0,0,0,0,0,0,0,0
120412,0,1,1982,0,0,0,0,0,0,0,0,0,0
120412,1,1,1982,0,0,0,0,0,0,0,0,0,15
120413,1,1,1982,20,20,20,20,20,20,20,20,20,20
120413,2,1,1982,0,0,0,0,0,0,0,0,0,0
120414,1,1,1982,17,17,17,17,17,17,17,17,17,17
120415,1,1,1982,0,0,0,0,0,0,0,0,0,9
120415,2,1,1982,0,0,0,0,0,0,0,0,0,0
120415,3,1,1982,0,0,0,0,0,0,0,0,12,0
120416,1,1,1982,0,0,0,0,0,0,0,0,0,0
120416,2,1,1982,0,0,0,0,0,0,0,0,0,0
120417,0,1,1982,0,12,14,30,0,0,0,18,0,0
120417,0,2,1982,0,20,0,27,0,0,0,0,0,15
120417,0,3,1982,0,0,0,0,0,0,0,0,0,0
120417,1,1,1982,0,0,0,21,0,0,0,0,0,0
120418,1,1,1982,20,23,30,20,22,0,13,9,11,14
120419,0,1,1982,0,0,0,0,15,0,0,0,0,0
120419,1,1,1982,0,0,0,0,0,0,0,0,0,0
120419,2,1,1982,0,0,0,0,0,0,0,0,0,0
120419,3,1,1982,0,0,0,0,0,0,0,0,0,0
120420,0,1,1982,21,0,35,0,0,0,18,0,0,27
120420,1,1,1982,0,8,0,0,0,0,0,13,0,0
120421,0,1,1982,0,0,0,0,0,0,0,0,0,0
120421,0,2,1982,0,0,0,0,0,0,0,0,0,0
120421,0,3,1982,0,0,0,0,0,0,0,0,0,0
120421,0,4,1982,0,0,0,23,0,0,0,0,0,13
120421,0,5,1982,0,0,0,0,0,0,0,0,0,0
120421,0,6,1982,0,0,0,0,0,0,0,0,0,0
120421,0,7,1982,0,0,0,0,0,0,0,0,0,0
120421,0,8,1982,0,0,0,0,0,0,0,0,0,0
120421,1,1,1982,0,0,0,0,0,0,0,0,0,0
120422,1,1,1982,0,0,0,0,0,0,0,0,0,0
120422,2,1,1982,0,0,0,0,0,0,0,0,0,12
120423,1,1,1982,26,26,26,26,26,26,26,26,26,26
120424,1,1,1982,0,0,0,0,0,0,0,0,0,31
120424,2,1,1982,0,8,0,0,0,3,0,0,0,0
120425,1,1,1982,20,20,20,20,20,20,20,20,20,20
120425,2,1,1982,0,0,0,0,0,0,0,0,0,0
120426,1,1,1982,0,0,17,0,11,0,20,0,0,20
120426,2,1,1982,0,0,29,0,0,0,0,0,0,0
120427,1,1,1982,0,0,0,0,0,0,0,0,0,0
120427,2,1,1982,0,0,0,0,0,0,0,0,0,0
120428,1,1,1982,17,17,17,17,17,17,17,17,17,17
120429,1,1,1982,16,16,16,16,16,16,16,16,16,16
120430,0,1,1982,0,14,12,0,27,24,31,14,36,0
120430,1,1,1982,0,0,27,15,24,14,0,8,0,0
120431,1,1,1982,20,14,18,22,22,28,21,15,15,15
120431,2,1,1982,15,13,28,12,33,11,18,21,15,11
120432,1,1,1982,11,11,11,11,11,11,11,11,11,11
120432,2,1,1982,0,0,0,0,0,0,0,0,0,0
120433,1,1,1982,40,13,0,25,14,36,25,13,22,19
120433,2,1,1982,0,0,0,0,0,0,0,0,0,0
120434,1,1,1982,0,0,12,0,0,0,0,0,0,0
120434,2,1,1982,14,3,13,28,6,11,19,8,7,8
120435,1,1,1982,18,18,18,18,18,18,18,18,18,18
120435,2,1,1982,23,19,0,13,13,10,5,0,11,5
120435,3,1,1982,18,18,18,18,18,18,18,18,18,18
120436,1,1,1982,16,16,16,16,16,16,16,16,16,16
120436,2,1,1982,0,25,4,3,0,0,0,15,0,0
120437,1,1,1982,15,0,39,0,26,22,17,10,0,11
120438,1,1,1982,0,0,0,0,0,0,0,0,0,0
120438,2,1,1982,0,0,0,0,0,0,0,0,0,0
120439,0,1,1982,0,0,9,0,0,0,0,0,0,0
120439,1,1,1982,0,0,0,0,0,0,0,0,0,0
120440,1,1,1982,19,19,19,19,19,19,19,19,19,19
120441,0,1,1982,0,0,0,0,3,14,33,15,19,0
120441,0,2,1982,0,42,0,0,0,0,0,18,0,0
120441,1,1,1982,0,0,0,0,0,0,0,0,0,0
120442,0,1,1982,0,0,23,0,0,0,0,0,0,0
120442,1,1,1982,1,1,1,1,1,1,1,1,1,1
120443,1,1,1982,4,0,0,0,0,0,0,15,0,0
120443,2,1,1982,0,0,0,0,0,0,0,0,0,0
120444,1,1,1982,0,0,0,0,0,0,0,0,0,0
120444,2,1,1982,0,0,0,0,0,0,0,0,0,0
120445,0,1,1982,0,0,0,0,0,0,0,0,0,0
120445,1,1,1982,0,0,0,0,0,0,0,0,0,0
120446,1,1,1982,0,10,0,0,0,0,0,3,0,0
120446,2,1,1982,12,12,12,12,12,12,12,12,12,12
120447,1,1,1982,0,0,0,0,9,0,0,12,25,0
120448,0,1,1982,0,0,0,0,0,0,4,18,0,0
120448,1,1,1982,0,0,0,0,0,0,9,0,0,0
120449,1,1,1982,25,25,25,25,25,25,25,25,25,25
120450,1,1,1982,0,0,0,0,0,0,0,0,0,0
120450,2,1,1982,0,0,0,0,14,0,0,0,0,0
120451,1,1,1982,0,0,0,0,0,0,0,0,0,0
120452,1,1,1982,18,18,18,18,18,18,18,18,18,18
120453,1,1,1982,0,0,0,0,0,0,0,0,0,0
120454,1,1,1982,0,0,0,0,0,0,0,0,0,0
120454,2,1,1982,0,0,0,0,0,0,0,0,0,0
120455,1,1,1982,0,0,0,0,0,0,0,0,0,0
120456,1,1,1982,15,15,15,15,15,15,15,15,15,15
120457,0,1,1982,0,0,0,0,0,0,0,0,0,0
120457,1,1,1982,0,0,0,0,0,0,0,0,0,0
120458,1,1,1982,9,9,9,9,9,9,9,9,9,9
120458,2,1,1982,9,0,27,0,19,14,21,19,12,0
120459,1,1,1982,0,0,0,0,0,0,0,7,0,0
120459,2,1,1982,0,0,0,0,0,0,0,0,0,0
120460,0,1,1982,36,36,36,36,36,36,36,36,36,36
120460,1,1,1982,15,10,34,18,0,0,0,16,24,23
120461,1,1,1982,0,0,0,0,0,0,0,0,0,0
120461,2,1,1982,0,0,0,0,0,0,0,0,23,0
120461,3,1,1982,0,0,0,0,0,0,0,0,0,0
120462,0,1,1982,0,0,0,0,0,0,0,0,0,0
120462,1,1,1982,0,0,0,0,0,0,0,0,0,0
120463,1,1,1982,20,20,20,20,20,20,20,20,20,20
120463,2,1,1982,0,0,0,0,0,0,0,0,0,0
120464,1,1,1982,16,16,16,16,16,16,16,16,16,16
120465,0,1,1982,30,30,30,30,30,30,30,30,30,30
120465,1,1,1982,0,0,0,0,0,7,0,0,0,0
120466,1,1,1982,11,11,11,11,11,11,11,11,11,11
120466,2,1,1982,0,0,0,0,0,0,0,0,0,0
120467,0,1,1982,0,0,0,0,0,0,0,0,0,0
120467,1,1,1982,0,0,0,0,0,0,0,0,0,0
120468,1,1,1982,19,0,12,0,0,13,0,0,14,0
120469,0,1,1982,0,0,0,0,0,0,0,0,0,0
120469,1,1,1982,0,0,0,0,0,0,0,0,0,0
120470,1,1,1982,14,11,23,5,10,28,0,15,18,25
120470,2,1,1982,6,10,9,13,9,7,10,16,6,14
120471,1,1,1982,0,0,0,0,0,0,0,0,0,0
120471,2,1,1982,8,0,0,0,0,0,0,0,0,0
120472,1,1,1982,22,22,22,22,22,22,22,22,22,22
120473,1,1,1982,8,8,8,8,8,8,8,8,8,8
120474,1,1,1982,0,0,0,0,0,0,0,0,0,0
120475,1,1,1982,0,0,0,0,0,0,0,0,0,0
120475,2,1,1982,29,29,29,29,29,29,29,29,29,29
120476,1,1,1982,0,0,0,0,0,0,0,0,0,0
120476,2,1,1982,0,0,0,0,0,0,0,0,0,0
120477,1,1,1982,14,14,14,14,14,14,14,14,14,14
120478,1,1,1982,10,10,10,10,10,10,10,10,10,10
120478,2,1,1982,12,12,12,12,12,12,12,12,12,12
120479,0,1,1982,17,17,17,17,17,17,17,17,17,17
120479,1,1,1982,0,0,0,0,0,0,0,0,0,0
120480,1,1,1982,27,27,27,27,27,27,27,27,27,27
120480,2,1,1982,17,17,17,17,17,17,17,17,17,17
120481,1,1,1982,0,0,0,0,0,0,0,0,0,0
120481,2,1,1982,0,0,0,0,0,0,0,0,0,0
120482,1,1,1982,0,0,10,0,0,0,0,0,0,0
120483,1,1,1982,9,5,7,14,8,0,8,0,9,0
120483,2,1,1982,18,13,10,19,32,28,14,12,17,11
120484,1,1,1982,0,0,11,0,4,0,0,0,0,0
120485,1,1,1982,0,0,0,0,0,0,0,0,0,0
120486,1,1,1982,19,19,19,19,19,19,19,19,19,19
120487,0,1,1982,2,2,2,2,2,2,2,2,2,2
120487,1,1,1982,0,14,0,0,16,0,0,0,0,0
120488,0,1,1982,21,21,21,21,21,21,21,21,21,21
120488,1,1,1982,7,0,13,28,15,0,25,29,17,12
120489,1,1,1982,0,0,0,0,12,3,0,0,0,0
120490,1,1,1982,18,27,0,11,22,19,19,32,16,26
120491,1,1,1982,11,11,11,11,11,11,11,11,11,11
120492,1,1,1982,0,21,0,15,0,24,0,0,0,0
120493,0,1,1982,0,0,13,17,23,0,0,13,0,10
120493,1,1,1982,0,0,0,0,0,0,0,0,0,0
120494,1,1,1982,20,20,20,20,20,20,20,20,20,20
120495,1,1,1982,0,0,0,0,0,0,0,0,0,0
120495,2,1,1982,0,0,0,0,0,0,0,0,0,0
120496,1,1,1982,24,8,24,0,0,0,0,0,0,0
120497,1,1,1982,0,0,0,0,0,0,0,14,0,0
120497,2,1,1982,0,0,0,0,0,0,0,0,0,0
120497,3,1,1982,0,0,0,0,0,0,0,0,0,0
120497,4,1,1982,0,0,0,0,0,0,0,0,0,0
120498,1,1,1982,0,0,0,0,9,0,0,0,0,0
120499,0,1,1982,0,0,0,0,0,22,0,26,27,11
120499,1,1,1982,0,0,0,0,0,0,0,0,0,0
120500,1,1,1982,0,0,0,9,0,16,0,19,0,0
120500,2,1,1982,0,0,17,0,21,0,12,5,0,0
120501,1,1,1982,0,0,0,0,0,0,0,0,0,0
120501,2,1,1982,0,0,0,0,0,0,0,0,0,0
120501,3,1,1982,17,17,17,17,17,17,17,17,17,17
120502,1,1,1982,10,21,11,16,14,4,0,20,31,14
120502,2,1,1982,0,0,0,0,0,0,0,0,0,0
120502,3,1,1982,0,0,0,0,0,0,0,0,0,0
120502,4,1,1982,0,0,0,0,0,0,0,0,0,0
120503,0,1,1982,0,0,0,0,0,0,0,0,0,0
120503,1,1,1982,0,0,0,0,0,0,0,0,0,0
120504,0,1,1982,0,0,0,0,0,0,0,0,0,0
120504,1,1,1982,0,0,0,0,0,0,0,0,0,0
120504,2,1,1982,0,0,0,0,0,0,0,0,0,0
120505,0,1,1982,0,0,0,0,0,0,0,0,0,0
120505,1,1,1982,0,0,0,0,0,0,0,0,0,0
120506,0,1,1982,0,0,0,20,0,0,13,0,0,0
120506,1,1,1982,0,0,0,0,0,0,0,0,0,0
120507,1,1,1982,0,0,0,0,0,0,0,0,0,0
120508,0,1,1982,0,0,0,0,0,0,0,0,0,0
120508,1,1,1982,23,23,23,23,23,23,23,23,23,23
120509,0,1,1982,0,0,0,0,0,9,0,0,10,7
120509,0,2,1982,0,0,0,0,5,0,0,0,0,0
120509,1,1,1982,0,0,0,0,0,0,0,0,0,0
120510,1,1,1982,20,13,12,15,4,10,20,0,13,4
120511,0,1,1982,2,2,2,2,2,2,2,2,2,2
120511,1,1,1982,10,10,10,10,10,10,10,10,10,10
120511,2,1,1982,0,0,0,0,0,0,0,0,0,0
120512,0,1,1982,20,20,20,20,20,20,20,20,20,20
120512,1,1,1982,0,0,0,0,0,0,0,0,0,0
120513,0,1,1982,0,0,0,0,0,0,0,0,0,0
120513,1,1,1982,5,13,12,31,0,12,19,11,17,24
120514,1,1,1982,0,18,0,0,0,0,0,0,0,13
120514,2,1,1982,0,0,0,0,0,0,0,0,0,0
120515,0,1,1982,0,0,0,0,0,0,0,0,0,0
120515,1,1,1982,7,9,28,9,41,18,14,14,13,23
120516,0,1,1982,6,6,6,6,6,6,6,6,6,6
120516,1,1,1982,0,0,0,0,0,0,0,0,0,0
120517,1,1,1982,11,11,11,11,11,11,11,11,11,11
120517,2,1,1982,0,0,0,0,0,0,0,0,0,0
120518,0,1,1982,11,0,24,0,0,0,0,9,0,0
120518,1,1,1982,0,0,15,0,0,0,12,0,0,0
120519,1,1,1982,0,0,0,0,0,0,0,0,0,0
120520,0,1,1982,0,0,0,0,0,0,0,0,0,0
120520,1,1,1982,0,0,0,0,0,0,0,0,0,0
120521,1,1,1982,5,5,5,5,5,5,5,5,5,5
120522,0,1,1982,0,20,0,0,0,0,0,0,0,0
120522,1,1,1982,8,8,8,8,8,8,8,8,8,8
120523,1,1,1982,26,26,26,26,26,26,26,26,26,26
120524,1,1,1982,0,0,0,0,0,0,0,0,0,0
120524,2,1,1982,17,12,17,6,6,9,6,13,19,19
120525,1,1,1982,9,9,9,9,9,9,9,9,9,9
120526,1,1,1982,29,29,29,29,29,29,29,29,29,29
120527,1,1,1982,0,0,0,0,0,0,0,0,0,0
120528,1,1,1982,22,22,22,22,22,22,22,22,22,22
120529,1,1,1982,16,16,16,16,16,16,16,16,16,16
120529,2,1,1982,20,27,27,19,12,16,31,18,17,8
120530,1,1,1982,16,17,27,14,7,32,17,17,20,35
120531,1,1,1982,16,16,16,16,16,16,16,16,16,16
120531,2,1,1982,0,0,0,0,0,0,0,0,0,0
120532,1,1,1982,18,18,18,18,18,18,18,18,18,18