ST_CASE,VEH_NO,PER_NO,YEAR,P1,P2,P3,P4,P5,P6,P7,P8,P9,P10
121306,2,1,1982,9,9,9,9,9,9,9,9,9,9
121307,1,1,1982,0,0,0,0,0,0,0,0,0,0
121307,2,1,1982,0,0,0,0,0,0,0,0,0,0
121308,0,1,1982,9,12,15,30,18,25,19,23,26,26
121308,1,1,1982,18,16,0,33,27,9,19,0,26,18
121309,1,1,1982,0,0,0,0,0,0,0,0,0,0
121309,2,1,1982,0,0,0,0,0,0,0,0,0,0
121310,1,1,1982,0,9,0,17,0,0,0,0,0,0
121310,2,1,1982,0,0,0,0,0,0,0,0,0,0
121310,3,1,1982,0,0,0,0,0,0,0,0,0,0
121311,1,1,1982,10,0,3,0,0,0,20,0,0,0
121312,1,1,1982,14,20,5,5,0,0,0,44,26,8
121313,1,1,1982,0,17,9,9,13,0,0,0,15,13
121313,2,1,1982,0,0,0,0,0,0,0,0,0,0
121314,1,1,1982,0,0,0,0,0,0,0,0,0,0
121314,2,1,1982,11,0,0,0,0,0,10,19,12,0
121315,0,1,1982,0,0,20,0,0,0,0,0,0,10
121315,1,1,1982,0,11,11,0,0,12,0,0,0,0
121316,1,1,1982,20,29,14,11,18,15,16,7,7,25
121316,2,1,1982,0,0,3,0,0,0,0,0,11,0
121317,1,1,1982,15,15,15,15,15,15,15,15,15,15
121318,1,1,1982,21,0,15,17,0,0,0,0,4,18
121318,2,1,1982,0,0,0,0,0,0,0,0,0,0
121318,3,1,1982,0,0,0,0,7,0,0,0,0,0
121319,1,1,1982,0,0,8,0,8,0,11,0,0,0
121320,0,1,1982,0,0,0,0,0,0,0,0,0,0
121320,1,1,1982,0,0,0,0,0,0,0,0,0,0
121321,1,1,1982,13,0,0,18,0,0,13,0,0,0
121322,1,1,1982,36,36,36,36,36,36,36,36,36,36
121323,1,1,1982,0,0,0,0,0,0,0,0,0,0
121324,1,1,1982,22,22,22,22,22,22,22,22,22,22
121324,2,1,1982,0,0,18,0,0,21,0,20,0,0
121325,1,1,1982,0,0,0,0,0,0,0,0,0,0
121325,2,1,1982,0,0,0,9,0,0,0,0,0,0
121326,1,1,1982,0,0,0,0,0,0,0,0,0,0
121326,2,1,1982,0,0,13,0,0,16,0,0,0,0
121327,0,1,1982,6,6,6,6,6,6,6,6,6,6
121327,1,1,1982,0,14,0,0,0,0,0,11,0,3
121328,1,1,1982,0,30,0,0,0,0,0,0,0,0
121329,0,1,1982,0,0,0,0,0,0,0,0,0,0
121329,1,1,1982,9,2,14,6,0,13,11,0,48,3
121330,1,1,1982,39,19,13,14,20,7,7,18,15,0
121330,2,1,1982,0,0,0,0,0,0,0,0,0,0
121331,1,1,1982,0,16,0,0,20,21,29,0,11,7
121332,1,1,1982,32,6,0,0,0,0,15,0,20,0
121333,1,1,1982,25,0,0,0,0,0,0,19,0,0
121334,1,1,1982,19,19,19,19,19,19,19,19,19,19
121335,1,1,1982,0,0,0,0,0,0,0,0,0,0
121336,1,1,1982,0,0,0,0,0,0,0,0,0,0
121336,2,1,1982,26,15,34,24,23,33,18,42,24,0
121337,1,1,1982,0,0,0,0,0,0,0,0,0,0
121337,2,1,1982,0,0,0,0,0,0,0,0,0,0
121338,1,1,1982,0,0,0,0,0,0,0,0,0,0
121338,2,1,1982,0,0,0,0,0,0,0,0,0,0
121339,0,1,1982,0,0,0,0,0,0,0,0,0,0
121339,1,1,1982,0,0,0,0,0,0,0,0,0,0
121340,1,1,1982,0,0,0,0,0,16,0,20,0,0
121341,1,1,1982,25,15,34,18,15,22,15,4,31,31
121342,1,1,1982,0,0,0,0,18,12,0,0,0,15
121343,0,1,1982,0,0,0,0,0,0,0,0,0,0
121343,1,1,1982,0,4,0,0,0,0,0,0,0,0
121344,0,1,1982,0,21,35,27,25,14,0,31,20,4
121344,1,1,1982,14,25,0,0,9,14,0,0,12,20
121345,0,1,1982,0,13,0,0,19,0,26,5,0,0
121345,0,2,1982,0,0,0,11,0,0,0,0,0,0
121345,1,1,1982,0,0,0,0,0,0,0,0,0,0
121346,1,1,1982,0,0,14,0,0,0,0,0,0,0
121347,0,1,1982,0,0,0,0,0,0,0,0,0,0
121347,1,1,1982,0,15,0,0,0,0,0,17,26,0
121348,0,1,1982,0,0,0,0,0,0,0,0,10,0
121348,0,2,1982,0,0,0,0,0,0,0,0,0,0
121348,1,1,1982,14,0,8,0,0,0,0,0,0,14
121349,1,1,1982,0,8,0,0,0,0,21,14,0,0
121349,2,1,1982,0,0,0,0,0,4,0,0,0,0
121349,3,1,1982,0,0,0,0,0,0,0,0,0,0
121350,1,1,1982,0,0,0,0,0,0,0,0,0,0
121351,0,1,1982,10,0,0,0,15,0,27,0,0,0
121351,1,1,1982,11,15,27,13,26,25,9,28,27,24
121352,1,1,1982,0,0,0,15,11,0,0,18,0,0
121353,1,1,1982,26,9,27,13,17,13,21,14,19,20
121354,1,1,1982,0,25,22,18,0,11,0,27,5,0
121354,2,1,1982,0,0,24,0,0,5,0,0,0,0
121355,1,1,1982,13,9,10,8,17,19,23,12,16,11
121356,1,1,1982,5,23,0,0,0,12,0,8,26,0
121357,1,1,1982,14,0,0,22,0,10,0,0,30,36
121358,1,1,1982,0,0,0,0,0,0,0,0,0,0
121358,2,1,1982,0,0,0,0,0,0,0,0,0,0
121359,0,1,1982,0,0,0,0,0,0,0,0,0,0
121359,1,1,1982,0,0,0,0,0,0,0,0,13,26
121360,0,1,1982,0,0,0,0,0,0,0,0,0,0
121360,1,1,1982,0,0,0,0,11,0,0,0,0,0
121361,1,1,1982,0,15,0,0,0,0,0,0,0,0
121362,0,1,1982,22,22,22,22,22,22,22,22,22,22
121362,1,1,1982,29,0,19,9,8,13,25,34,5,10
121363,1,1,1982,0,0,0,0,29,0,0,0,0,13
121363,2,1,1982,0,0,0,0,0,0,0,0,0,0
121364,1,1,1982,9,9,9,9,9,9,9,9,9,9
121364,2,1,1982,6,6,6,6,6,6,6,6,6,6
121365,1,1,1982,16,43,0,16,27,14,37,19,12,9
121366,1,1,1982,13,13,13,13,13,13,13,13,13,13
121367,0,1,1982,0,0,0,0,0,0,0,0,0,0
121367,0,2,1982,0,0,0,0,0,0,0,0,0,0
121367,1,1,1982,26,26,26,26,26,26,26,26,26,26
121368,0,1,1982,0,0,0,0,31,0,0,18,27,34
121368,1,1,1982,17,0,10,0,0,4,0,19,21,22
121369,0,1,1982,0,11,0,0,6,6,0,0,0,0
121369,1,1,1982,3,12,5,5,7,5,14,4,16,16
121370,1,1,1982,0,0,0,0,0,0,0,0,0,0
121370,2,1,1982,0,0,0,0,0,0,0,0,0,0
121371,0,1,1982,0,11,0,0,34,0,0,32,0,0
121371,1,1,1982,0,0,0,0,0,30,0,17,0,0
121372,0,1,1982,12,0,0,0,22,0,17,0,0,0
121372,1,1,1982,0,0,0,0,0,0,0,0,0,0
121373,0,1,1982,0,0,0,0,0,0,0,0,0,0
121373,1,1,1982,0,0,0,0,0,0,0,0,0,0
121374,0,1,1982,0,0,9,16,19,0,15,11,0,18
121374,1,1,1982,30,20,20,12,17,13,7,0,6,16
121375,1,1,1982,0,0,0,0,0,0,0,0,0,0
121375,2,1,1982,15,0,0,0,0,0,5,0,12,0
121376,1,1,1982,0,0,0,0,0,0,0,19,0,0
121376,2,1,1982,0,0,0,0,0,0,0,0,0,0
121377,1,1,1982,0,0,0,0,0,0,0,0,0,0
121377,2,1,1982,0,0,0,0,0,0,0,0,0,0
121378,0,1,1982,32,32,32,32,32,32,32,32,32,32
121378,1,1,1982,33,18,30,20,14,13,0,26,31,14
121379,1,1,1982,22,22,22,22,22,22,22,22,22,22
121380,1,1,1982,0,0,0,0,0,0,0,0,0,0
121380,2,1,1982,0,0,0,0,0,0,0,0,0,0
121381,1,1,1982,0,0,0,0,0,0,23,0,0,0
121382,1,1,1982,43,16,13,10,18,28,10,28,20,25
121383,0,1,1982,13,13,13,13,13,13,13,13,13,13
121383,1,1,1982,0,0,28,0,7,0,0,8,12,0
121384,0,1,1982,0,0,10,0,0,18,9,12,0,24
121384,1,1,1982,9,0,22,19,19,0,23,9,0,20
121385,1,1,1982,21,19,34,20,17,7,0,6,16,12
121386,0,1,1982,20,0,0,0,0,0,10,12,10,0
121386,1,1,1982,11,8,9,17,13,12,13,18,34,0
121387,1,1,1982,0,5,11,0,14,9,0,0,5,8
121387,2,1,1982,0,0,0,0,0,0,0,0,0,0
121388,1,1,1982,0,0,0,0,0,0,0,0,0,0
121388,2,1,1982,11,12,0,0,0,0,0,15,0,0
121389,0,1,1982,10,0,0,0,0,0,0,23,0,0
121389,1,1,1982,13,0,11,0,13,0,0,18,11,0
121390,1,1,1982,19,10,0,11,0,15,19,9,0,0
121390,2,1,1982,34,0,19,0,0,26,0,13,0,21
121390,3,1,1982,13,20,18,10,29,22,21,16,6,0
121391,1,1,1982,26,26,26,26,26,26,26,26,26,26
121392,1,1,1982,5,13,0,8,10,0,7,0,31,0
121393,1,1,1982,0,0,0,0,0,0,20,0,0,0
121394,1,1,1982,12,19,26,26,20,28,23,18,6,13
121395,1,1,1982,15,15,15,15,15,15,15,15,15,15
121396,0,1,1982,0,0,0,0,9,0,0,0,0,0
121396,1,1,1982,0,0,0,0,0,0,0,0,0,0
121397,1,1,1982,0,0,0,0,0,0,0,0,0,0
121397,2,1,1982,0,0,0,0,0,0,0,0,0,0
121398,0,1,1982,0,0,0,0,0,0,0,13,0,0
121398,1,1,1982,0,0,0,0,0,0,0,0,0,0
121399,0,1,1982,0,0,0,0,0,0,0,0,0,0
121399,1,1,1982,0,0,0,0,0,0,0,0,0,0
121400,0,1,1982,0,0,0,10,0,25,2,0,0,0
121400,1,1,1982,0,0,0,0,0,0,0,0,0,0
121401,1,1,1982,21,21,21,21,21,21,21,21,21,21
121401,2,1,1982,0,0,0,0,0,0,20,0,0,0
121402,1,1,1982,24,24,24,24,24,24,24,24,24,24
121403,0,1,1982,3,11,0,32,14,20,7,33,11,16
121403,1,1,1982,0,0,0,0,0,0,0,0,0,0
121404,1,1,1982,0,0,0,0,0,0,0,0,0,12
121405,1,1,1982,0,0,0,0,0,0,0,0,0,0
121405,2,1,1982,0,0,0,0,0,0,0,0,0,0
121406,1,1,1982,0,0,0,0,4,18,0,10,5,0
121406,2,1,1982,12,0,14,0,0,0,0,0,0,0
121407,1,1,1982,22,22,22,22,22,22,22,22,22,22
121408,0,1,1982,0,0,0,0,0,0,0,0,0,0
121408,1,1,1982,0,0,0,0,0,0,0,0,0,0
121408,2,1,1982,0,0,0,0,0,0,0,0,0,0
121409,1,1,1982,0,0,0,0,0,0,0,0,17,0
121409,2,1,1982,0,0,0,0,0,0,0,0,0,0
121410,1,1,1982,29,29,29,29,29,29,29,29,29,29
121411,1,1,1982,23,23,23,23,23,23,23,23,23,23
121411,2,1,1982,0,0,0,0,0,0,0,0,0,0
121412,1,1,1982,14,19,7,28,13,20,10,8,7,29
121412,2,1,1982,0,5,0,18,0,12,4,0,5,9
121413,1,1,1982,24,3,10,0,10,8,0,7,0,0
121413,2,1,1982,0,0,0,33,0,0,0,0,13,0
121415,1,1,1982,15,15,15,15,15,15,15,15,15,15
121416,1,1,1982,18,11,6,17,23,19,16,23,0,0
121416,2,1,1982,0,0,0,16,0,4,0,0,13,0
121417,1,1,1982,0,0,0,0,0,0,0,0,0,0
121417,2,1,1982,0,0,0,0,0,0,0,0,0,0
121418,1,1,1982,0,0,0,0,0,0,0,0,0,0
121419,1,1,1982,0,0,15,0,0,0,0,0,0,0
121419,2,1,1982,25,25,25,25,25,25,25,25,25,25
121420,0,1,1982,0,0,0,0,0,0,0,0,0,0
121420,1,1,1982,0,0,0,0,0,4,0,0,0,0
121421,0,1,1982,0,0,0,0,0,0,0,0,0,0
121421,1,1,1982,0,0,0,0,0,0,0,0,0,0
121422,1,1,1982,6,6,6,6,6,6,6,6,6,6
121422,2,1,1982,0,0,0,0,0,0,0,0,0,0
121422,3,1,1982,0,0,0,0,0,0,0,0,4,0
121423,0,1,1982,0,17,0,0,0,0,0,0,18,0
121423,1,1,1982,0,0,0,0,0,0,0,4,0,0
121424,0,1,1982,0,0,13,13,0,0,21,0,8,0
121424,0,2,1982,0,0,0,0,0,0,0,0,0,0
121424,1,1,1982,11,11,11,11,11,11,11,11,11,11
121425,0,1,1982,0,19,0,0,22,0,0,0,0,0
121425,1,1,1982,12,0,0,0,0,0,0,0,0,0
121426,1,1,1982,10,0,6,0,14,0,8,0,19,7
121427,0,1,1982,0,0,0,0,14,0,0,0,0,0
121427,1,1,1982,0,0,0,0,0,0,0,0,0,0
121428,1,1,1982,11,11,11,11,11,11,11,11,11,11
121429,0,1,1982,0,0,0,0,0,0,8,4,0,0
121429,1,1,1982,0,0,0,0,0,0,0,0,0,0
121430,1,1,1982,0,0,0,0,0,0,0,0,0,0
121431,0,1,1982,0,0,0,0,0,0,0,0,0,0
121431,1,1,1982,0,0,0,0,0,0,0,0,0,0
121432,1,1,1982,0,0,0,0,0,0,0,0,0,0
121432,2,1,1982,0,0,0,0,0,0,0,0,0,0
121433,1,1,1982,0,0,0,0,0,0,2,0,0,7
121433,2,1,1982,21,14,0,0,0,0,4,20,27,8
121434,0,1,1982,0,0,0,0,0,14,32,0,7,0
121434,1,1,1982,0,0,0,0,0,0,0,0,0,9
121435,1,1,1982,0,0,24,0,23,7,0,0,0,14
121435,2,1,1982,0,0,0,0,0,0,16,0,19,0
121436,1,1,1982,0,0,0,0,0,0,0,0,0,0
121436,2,1,1982,0,0,0,14,0,0,15,12,0,0
121437,1,1,1982,22,0,0,0,0,20,0,0,0,0
121438,1,1,1982,0,0,0,0,0,0,0,0,0,0
121439,1,1,1982,0,0,0,0,0,0,0,0,0,0
121439,2,1,1982,0,0,0,0,0,0,0,0,0,0
121440,1,1,1982,0,13,0,0,0,0,0,24,0,0
121441,1,1,1982,0,0,0,0,0,0,0,0,0,0
121441,2,1,1982,0,0,0,0,0,21,0,0,0,0
121442,1,1,1982,16,6,29,20,13,10,10,22,18,0
121442,2,1,1982,0,0,0,0,0,0,0,0,0,0
121443,0,1,1982,0,0,0,0,0,0,0,0,0,0
121443,1,1,1982,0,0,0,0,0,0,0,0,0,6
121444,0,1,1982,0,0,0,0,0,0,0,0,0,0
121444,1,1,1982,0,0,0,0,0,0,0,0,0,0
121445,1,1,1982,18,0,6,29,11,13,0,8,0,0
121446,0,1,1982,0,0,0,0,0,0,0,0,0,0
121446,1,1,1982,0,0,11,0,0,0,0,0,0,0
121447,0,1,1982,9,7,0,0,0,0,0,0,0,0
121447,1,1,1982,20,0,0,0,0,0,0,0,19,0
121448,1,1,1982,0,0,0,0,0,0,0,0,0,0
121448,2,1,1982,0,0,0,0,0,0,0,0,0,25
121449,0,1,1982,13,3,27,0,20,14,17,0,0,0
121449,1,1,1982,18,18,18,18,18,18,18,18,18,18
121451,1,1,1982,0,0,0,0,0,0,0,0,0,0
121451,2,1,1982,8,8,8,8,8,8,8,8,8,8
121453,1,1,1982,10,15,20,17,12,15,0,14,12,27
121453,2,1,1982,19,8,8,21,5,0,16,3,7,20
121454,0,1,1982,0,0,0,0,0,0,0,0,0,0
121454,1,1,1982,0,7,0,15,13,0,0,16,0,10
121455,0,1,1982,17,17,17,17,17,17,17,17,17,17
121455,1,1,1982,0,0,21,0,0,0,0,0,0,0
121455,2,1,1982,0,0,27,0,0,0,0,0,0,0
121456,1,1,1982,14,20,0,0,15,0,31,0,0,19
121457,0,1,1982,0,0,0,0,0,0,0,0,0,28
121457,1,1,1982,37,0,16,20,0,11,12,28,0,12
121458,0,1,1982,0,0,0,0,0,0,15,0,0,0
121458,1,1,1982,0,0,0,0,0,0,0,0,0,0
121459,0,1,1982,0,0,0,0,0,0,0,0,0,0
121459,1,1,1982,0,0,0,0,0,0,0,0,0,0
121460,1,1,1982,0,0,0,0,0,25,0,0,0,0
121460,2,1,1982,0,0,0,0,0,0,0,0,0,0
121461,1,1,1982,0,0,0,0,0,0,0,0,0,0
121461,2,1,1982,10,0,0,0,0,0,0,0,0,0
121462,1,1,1982,0,0,0,0,0,0,0,0,0,0
121462,2,1,1982,0,0,15,0,0,9,0,0,7,13
121463,1,1,1982,2,2,2,2,2,2,2,2,2,2
121463,2,1,1982,1,1,1,1,1,1,1,1,1,1
121464,1,1,1982,0,0,0,0,0,0,0,0,0,0
121464,2,1,1982,0,0,0,0,0,0,0,0,0,0
121465,0,1,1982,0,0,0,0,0,0,0,0,0,0
121465,1,1,1982,0,0,0,0,0,0,0,0,0,0
121466,1,1,1982,0,0,0,0,0,0,0,0,0,0
121467,0,1,1982,0,0,0,0,12,0,0,33,0,16
121467,1,1,1982,0,0,0,0,0,0,0,0,18,21
121468,1,1,1982,0,0,0,27,0,0,0,0,0,0
121468,2,1,1982,0,0,0,0,0,0,0,0,0,0
121468,3,1,1982,0,0,0,0,0,0,0,0,0,0
121470,0,1,1982,0,0,0,0,0,0,0,0,15,0
121470,0,2,1982,0,0,0,0,0,0,0,0,0,0
121470,1,1,1982,4,4,4,4,4,4,4,4,4,4
121471,1,1,1982,12,12,12,12,12,12,12,12,12,12
121472,1,1,1982,0,0,0,0,0,0,19,0,0,0
121472,2,1,1982,0,0,0,0,0,0,0,0,0,0
121473,1,1,1982,20,20,20,20,20,20,20,20,20,20
121474,1,1,1982,11,0,0,0,0,0,0,0,0,0
121474,2,1,1982,0,0,0,0,0,0,0,0,0,0
121475,1,1,1982,0,0,0,0,0,11,0,0,0,0
121475,2,1,1982,0,0,0,0,0,0,0,0,0,0
121476,0,1,1982,0,0,8,0,0,0,0,0,0,0
121476,0,2,1982,0,0,0,0,0,0,0,0,0,0
121476,1,1,1982,14,0,17,0,0,0,0,6,0,0
121477,1,1,1982,10,4,6,10,11,14,8,17,17,14
121479,1,1,1982,0,0,0,0,0,0,0,0,15,0
121479,2,1,1982,0,0,0,0,0,0,0,0,0,0
121480,0,1,1982,0,0,0,0,0,0,0,0,0,0
121480,1,1,1982,0,0,0,0,0,0,0,0,0,0
121481,1,1,1982,16,16,16,16,16,16,16,16,16,16
121481,2,1,1982,5,0,12,0,0,0,0,0,0,0
121482,1,1,1982,0,0,0,0,0,0,0,0,0,0
121483,1,1,1982,0,0,0,0,0,0,0,0,0,0
121483,2,1,1982,0,0,0,0,0,0,0,0,0,0
121483,3,1,1982,0,0,0,0,0,16,0,19,0,0
121484,1,1,1982,0,28,27,16,0,0,19,0,23,26
121484,2,1,1982,22,0,0,24,0,0,0,0,18,13
121485,0,1,1982,0,21,12,0,0,4,17,0,13,0
121485,1,1,1982,16,0,21,11,0,18,0,11,15,2
121486,1,1,1982,14,9,7,16,18,5,0,16,23,19
121487,0,1,1982,0,0,0,0,0,0,0,0,0,0
121487,1,1,1982,0,0,0,0,0,0,0,0,0,0
121488,0,1,1982,0,2,0,0,0,0,0,14,0,0
121488,1,1,1982,0,13,0,0,0,0,0,0,0,0
121489,1,1,1982,17,11,4,13,14,10,8,9,9,13
121489,2,1,1982,12,0,0,0,0,8,0,0,0,0
121490,0,1,1982,27,27,27,27,27,27,27,27,27,27
121490,1,1,1982,6,0,0,0,0,0,0,0,0,0
121490,2,1,1982,0,0,0,0,0,0,0,0,0,0
121491,1,1,1982,18,21,17,21,11,0,19,15,16,14
121492,0,1,1982,0,15,26,22,0,0,19,0,0,0
121492,1,1,1982,0,0,0,0,0,0,4,0,6,0
121493,1,1,1982,0,0,0,0,0,0,0,0,0,0
121493,2,1,1982,8,0,0,0,0,0,0,0,0,0
121493,3,1,1982,0,0,0,0,5,0,0,0,0,0
121494,1,1,1982,12,0,11,22,0,0,0,0,23,0
121494,2,1,1982,20,20,20,20,20,20,20,20,20,20
121495,0,1,1982,19,17,0,15,0,0,8,0,16,4
121495,1,1,1982,0,0,0,0,0,0,0,0,0,0
121496,1,1,1982,0,0,11,0,0,0,0,0,0,0
121496,2,1,1982,0,0,0,0,0,0,0,0,0,0
121497,0,1,1982,21,0,18,0,0,0,18,0,15,0
121497,1,1,1982,0,0,4,0,0,0,0,0,0,0
121498,1,1,1982,0,0,0,17,0,0,0,23,0,0
121499,1,1,1982,16,13,23,9,22,22,28,13,8,7
121499,2,1,1982,0,0,0,0,0,0,0,9,0,10
121501,1,1,1982,0,0,0,0,0,0,0,0,0,0
121501,2,1,1982,0,0,0,0,0,0,0,0,0,0
121502,0,1,1982,0,0,0,0,0,0,0,0,0,0
121502,0,2,1982,0,0,0,0,0,0,0,0,0,0
121502,1,1,1982,0,0,0,0,0,0,3,0,0,0
121502,2,1,1982,0,0,0,0,0,0,0,0,0,0
121502,3,1,1982,0,9,0,0,0,0,0,0,11,0
121503,1,1,1982,18,11,0,13,22,22,3,15,23,21
121504,1,1,1982,0,0,0,0,0,0,0,0,3,0
121504,2,1,1982,0,0,0,0,0,0,0,0,0,0
121504,3,1,1982,0,24,0,0,0,3,0,11,0,0
121505,1,1,1982,3,14,15,18,14,15,19,15,25,40
121506,1,1,1982,9,9,0,10,0,0,13,0,0,4
121506,2,1,1982,0,0,3,25,0,5,0,0,7,0
121507,1,1,1982,2,2,2,2,2,2,2,2,2,2
121507,2,1,1982,30,30,30,30,30,30,30,30,30,30
121507,3,1,1982,30,30,30,30,30,30,30,30,30,30
121508,1,1,1982,24,14,23,12,0,21,5,32,0,18
121508,2,1,1982,0,0,16,0,0,0,0,0,0,0
121509,1,1,1982,0,0,0,0,0,0,0,0,0,0
121509,2,1,1982,0,0,0,0,0,0,0,0,0,0
121510,1,1,1982,0,0,0,0,0,20,0,0,0,0
121510,2,1,1982,0,11,16,16,14,11,23,5,19,22
121511,1,1,1982,0,0,0,0,0,0,0,0,0,0
121511,2,1,1982,0,0,0,0,0,0,0,0,0,0
121511,3,1,1982,0,0,0,10,0,0,0,0,0,0
121512,1,1,1982,16,0,3,0,12,0,0,8,0,0
121513,1,1,1982,0,0,0,0,0,0,0,8,0,0
121514,1,1,1982,12,0,19,0,0,19,0,0,0,0
121515,1,1,1982,18,16,22,10,8,6,20,21,7,5
121516,0,1,1982,0,0,0,24,0,0,0,0,41,14
121516,1,1,1982,20,0,13,9,0,6,0,0,0,0
121517,1,1,1982,17,21,34,8,16,24,16,20,19,29
121518,1,1,1982,0,0,8,0,0,0,0,17,0,0
121518,2,1,1982,0,0,0,0,0,0,0,0,0,0
121518,3,1,1982,0,0,0,0,0,0,0,0,0,0
121519,1,1,1982,6,6,6,6,6,6,6,6,6,6
121519,2,1,1982,0,0,0,0,0,0,0,0,0,0
121520,1,1,1982,0,0,0,0,0,0,0,0,0,26
121520,2,1,1982,0,8,0,0,0,0,0,0,0,0
121521,1,1,1982,12,12,12,12,12,12,12,12,12,12
121521,2,1,1982,0,0,0,0,0,0,0,0,0,0
121522,0,1,1982,20,0,0,18,11,17,0,9,0,0
121522,1,1,1982,4,4,4,4,4,4,4,4,4,4
121523,1,1,1982,0,0,0,0,0,0,0,0,0,0
121523,2,1,1982,0,0,0,0,0,0,0,0,0,0
121524,1,1,1982,19,20,30,20,27,2,15,17,23,27
121525,1,1,1982,0,0,0,10,9,0,9,0,20,12
121526,1,1,1982,0,0,0,0,0,0,0,0,0,0
121527,1,1,1982,24,21,17,12,0,20,33,28,24,10
121527,2,1,1982,0,0,0,0,0,0,0,0,0,0
121528,1,1,1982,0,0,0,0,0,4,0,0,0,0
121529,1,1,1982,29,30,26,12,13,13,22,44,6,21
121530,1,1,1982,18,23,21,19,25,28,19,10,7,13
121530,2,1,1982,0,0,0,0,0,0,0,0,0,0
121531,1,1,1982,5,0,0,0,12,19,0,0,0,0
121531,2,1,1982,0,5,0,0,17,28,0,18,0,0
121532,0,1,1982,0,10,0,0,0,0,0,0,14,0
121532,1,1,1982,0,0,0,0,0,0,3,0,0,0
121533,1,1,1982,0,0,0,0,0,0,0,0,0,0
121533,2,1,1982,0,0,0,0,0,0,0,0,0,0
121533,3,1,1982,0,0,0,0,0,16,0,0,11,0
121534,1,1,1982,13,4,0,4,0,0,0,0,0,2
121535,1,1,1982,15,28,15,14,18,7,11,16,7,13
121535,2,1,1982,0,0,0,0,0,0,0,0,0,0
121536,0,1,1982,18,31,0,0,0,9,0,25,0,0
121536,1,1,1982,0,0,0,0,0,8,0,0,19,0
121537,1,1,1982,0,0,0,0,0,0,0,0,0,10
121538,1,1,1982,19,38,11,21,29,14,16,17,17,22
121538,2,1,1982,0,0,0,0,0,0,0,0,0,0
121539,0,1,1982,0,0,0,11,16,7,0,13,0,3
121539,1,1,1982,0,0,4,0,0,0,0,0,0,24
121540,1,1,1982,0,0,0,0,0,0,0,0,0,0
121540,2,1,1982,0,0,0,0,0,0,0,0,0,0
121541,1,1,1982,0,0,0,0,0,0,0,0,0,0
121541,2,1,1982,0,13,0,0,0,0,0,0,0,0
121542,0,1,1982,0,0,0,0,0,0,0,0,0,0
121542,1,1,1982,0,0,0,0,0,0,0,0,0,0
121543,1,1,1982,30,11,0,0,0,0,0,10,0,0
121543,2,1,1982,0,0,14,0,0,0,14,0,17,0
121544,1,1,1982,13,0,9,0,0,13,0,23,0,0
121545,0,1,1982,23,12,0,0,0,0,0,7,0,0
121545,1,1,1982,0,0,0,0,0,0,0,0,0,0
121546,1,1,1982,0,0,11,0,0,7,0,0,0,9
121547,1,1,1982,0,0,9,0,16,0,0,0,0,0
121548,1,1,1982,15,20,17,23,14,22,20,31,0,7
121549,0,1,1982,0,0,0,0,0,0,0,0,0,0
121549,1,1,1982,0,0,0,0,0,5,14,0,0,0
121549,2,1,1982,0,0,0,0,0,0,0,0,0,0
121550,1,1,1982,12,0,0,0,0,0,0,0,19,10
121550,2,1,1982,0,0,0,0,0,0,0,0,0,0
121551,1,1,1982,0,0,0,0,0,0,0,28,0,0
121552,1,1,1982,15,15,15,15,15,15,15,15,15,15
121553,1,1,1982,0,0,15,0,0,0,0,0,0,0
121553,2,1,1982,6,0,0,0,2,7,0,0,7,0
121554,0,1,1982,0,0,0,0,0,0,0,0,0,0
121554,1,1,1982,0,0,0,0,0,0,0,0,0,15
121555,0,1,1982,0,0,0,0,3,0,0,18,0,0
121555,1,1,1982,0,0,0,0,0,6,0,0,0,0
121556,1,1,1982,0,0,0,0,0,0,0,10,0,0
121557,1,1,1982,22,22,22,22,22,22,22,22,22,22
121558,1,1,1982,0,0,0,0,0,0,0,0,0,0
121559,1,1,1982,0,0,0,0,0,0,0,0,0,0
121559,2,1,1982,0,0,0,0,0,0,0,0,0,0
121560,0,1,1982,0,0,0,0,0,16,0,0,0,0
121560,1,1,1982,0,0,0,0,0,0,0,0,0,9
121561,0,1,1982,0,0,28,25,21,41,0,17,0,0
121561,1,1,1982,0,0,0,0,0,0,0,0,0,0
121562,1,1,1982,12,0,13,14,0,0,9,0,4,0
121562,2,1,1982,0,0,0,6,0,9,0,0,0,0
121562,3,1,1982,13,0,0,0,0,0,0,0,0,0
121563,1,1,1982,25,0,24,39,17,23,12,0,24,20
121564,1,1,1982,0,0,0,0,0,0,0,0,0,0
121564,2,1,1982,0,0,0,0,0,0,0,0,0,0
121565,1,1,1982,0,0,0,0,0,0,0,0,0,0
121565,2,1,1982,0,18,0,0,0,4,0,0,0,0
121566,1,1,1982,0,0,0,0,0,0,0,0,0,0
121567,1,1,1982,24,5,23,17,19,0,0,4,0,0
121568,0,1,1982,14,0,0,39,0,17,34,11,0,0
121568,1,1,1982,0,27,12,0,9,0,0,18,0,0
121569,1,1,1982,0,0,24,0,0,0,12,18,14,18
121570,0,1,1982,0,0,10,14,17,0,33,0,0,20
121570,1,1,1982,22,15,25,10,0,9,13,15,0,13
121571,1,1,1982,5,25,11,23,26,26,10,13,21,0
121572,0,1,1982,0,0,0,0,0,0,0,0,0,26
121572,1,1,1982,0,0,12,11,0,0,19,17,12,0
121573,1,1,1982,14,12,0,28,22,12,19,17,17,21
121574,1,1,1982,6,0,15,9,0,13,20,19,0,17
121575,1,1,1982,23,23,23,23,23,23,23,23,23,23
121575,2,1,1982,0,0,0,0,0,0,0,0,0,0
121576,1,1,1982,21,21,21,21,21,21,21,21,21,21
121577,0,1,1982,36,13,33,22,31,21,19,21,16,8
121577,1,1,1982,0,0,0,0,0,0,0,0,0,0
121578,1,1,1982,7,14,6,12,9,18,7,18,18,18
121579,0,1,1982,29,21,29,27,11,34,12,20,15,30
121579,1,1,1982,9,0,0,0,4,0,0,0,0,6