ST_CASE,VEH_NO,PER_NO,YEAR,P1,P2,P3,P4,P5,P6,P7,P8,P9,P10
121580,0,1,1982,0,0,0,0,0,18,16,0,34,17
121580,1,1,1982,0,0,0,0,0,0,0,0,18,0
121581,1,1,1982,0,18,6,17,9,15,20,19,18,15
121581,2,1,1982,18,25,17,27,16,27,0,30,19,12
121582,0,1,1982,0,0,0,0,0,0,0,0,0,0
121582,1,1,1982,0,0,0,0,0,0,0,0,0,0
121583,1,1,1982,0,0,0,0,0,0,0,0,0,0
121583,2,1,1982,4,0,0,0,0,0,0,0,0,0
121584,1,1,1982,0,0,0,0,0,0,0,0,0,0
121584,2,1,1982,0,0,0,0,0,0,0,0,0,0
121585,0,1,1982,0,0,0,0,0,0,0,0,0,10
121585,1,1,1982,8,0,17,0,0,0,0,0,0,15
121586,1,1,1982,14,19,10,22,5,23,20,0,0,26
121586,2,1,1982,0,0,0,0,0,0,0,10,0,0
121587,0,1,1982,32,0,0,0,0,20,0,8,28,0
121587,1,1,1982,0,10,0,0,0,0,0,0,0,0
121588,1,1,1982,17,16,14,10,13,0,25,19,30,28
121588,2,1,1982,12,0,18,12,16,12,14,2,7,17
121589,0,1,1982,0,0,0,21,15,0,8,0,2,20
121589,1,1,1982,5,11,28,17,18,0,12,9,6,15
121590,1,1,1982,18,19,0,0,0,0,0,0,7,0
121591,0,1,1982,17,16,35,22,9,48,23,30,16,13
121591,1,1,1982,24,12,9,10,9,19,9,19,13,18
121592,1,1,1982,0,0,9,0,0,0,0,21,0,16
121593,0,1,1982,0,0,0,0,0,0,0,0,0,9
121593,0,2,1982,0,2,0,14,0,18,0,0,6,0
121593,0,3,1982,0,0,0,0,0,0,0,0,0,0
121593,1,1,1982,8,8,8,8,8,8,8,8,8,8
121594,1,1,1982,0,16,0,0,15,0,0,0,0,0
121594,2,1,1982,15,0,10,0,0,23,0,0,0,0
121595,1,1,1982,0,0,0,0,0,0,0,0,0,0
121596,1,1,1982,0,0,0,0,15,0,0,0,0,24
121596,2,1,1982,0,0,0,0,0,0,0,0,0,0
121597,1,1,1982,0,0,0,0,0,0,0,0,0,0
121597,2,1,1982,0,0,0,0,0,0,0,0,0,0
121598,0,1,1982,23,18,31,21,0,23,23,14,36,24
121598,1,1,1982,0,0,0,0,0,0,0,0,0,25
121601,0,1,1982,0,0,0,0,0,0,32,0,0,0
121601,1,1,1982,0,0,0,0,0,0,0,0,0,0
121602,0,1,1982,0,0,0,0,0,0,0,0,0,0
121602,1,1,1982,4,5,8,0,17,0,0,10,9,7
121603,1,1,1982,32,7,15,20,0,5,11,9,20,20
121604,1,1,1982,0,0,0,0,0,0,0,0,0,0
121604,2,1,1982,0,0,0,0,0,0,0,0,0,0
121604,3,1,1982,0,0,0,0,0,0,0,0,0,0
121606,0,1,1982,10,0,0,21,24,19,0,0,13,22
121606,1,1,1982,0,0,0,7,0,0,0,0,0,0
121607,1,1,1982,19,7,13,17,21,7,9,15,6,11
121607,2,1,1982,0,0,0,0,0,0,0,0,0,0
121608,0,1,1982,0,0,0,0,0,0,0,0,0,0
121608,1,1,1982,0,0,0,0,0,0,0,0,0,9
121609,0,1,1982,0,0,0,0,0,0,0,0,0,0
121609,1,1,1982,12,0,0,0,17,0,0,0,0,0
121610,0,1,1982,0,0,0,0,0,0,0,0,0,0
121610,1,1,1982,0,0,0,0,0,0,0,0,0,0
121611,1,1,1982,0,11,0,10,0,0,0,11,0,0
121612,1,1,1982,5,13,8,8,8,15,34,8,8,7
121612,2,1,1982,14,38,7,11,15,21,22,27,9,21
121612,3,1,1982,0,0,0,0,0,0,0,0,0,0
121613,1,1,1982,35,21,13,5,11,27,35,8,23,26
121614,1,1,1982,0,0,0,0,0,0,0,0,0,0
121614,2,1,1982,0,0,0,0,0,0,0,0,0,0
121614,3,1,1982,0,0,0,0,0,0,0,0,0,0
121614,4,1,1982,0,0,0,0,0,0,0,0,0,0
121615,1,1,1982,0,0,0,0,0,0,0,0,0,0
121615,2,1,1982,0,11,0,0,0,0,0,0,0,0
121616,1,1,1982,31,31,31,31,31,31,31,31,31,31
121617,1,1,1982,0,0,9,20,19,0,0,22,0,23
121618,1,1,1982,0,0,0,9,0,0,0,0,10,0
121618,2,1,1982,0,0,19,0,0,24,0,0,0,0
121619,0,1,1982,0,18,7,0,0,0,0,0,13,7
121619,1,1,1982,0,0,18,0,0,0,0,0,0,0
121620,1,1,1982,0,0,0,0,0,0,0,0,0,0
121620,2,1,1982,25,4,11,0,22,6,8,23,24,24
121621,0,1,1982,0,20,0,10,0,0,14,0,0,14
121621,1,1,1982,0,21,0,0,0,0,0,0,0,0
121622,0,1,1982,0,10,0,0,0,0,19,0,0,0
121622,1,1,1982,19,0,19,0,0,0,0,26,0,0
121623,0,1,1982,16,0,10,0,0,7,0,0,0,7
121623,1,1,1982,0,0,5,0,0,0,0,17,0,0
121623,2,1,1982,0,0,0,0,0,0,0,0,0,0
121624,1,1,1982,0,0,0,0,0,0,0,0,0,0
121624,2,1,1982,0,0,26,0,0,0,0,12,0,0
121624,3,1,1982,0,0,0,0,0,0,0,0,0,0
121625,0,1,1982,0,0,0,0,0,0,0,0,0,0
121625,1,1,1982,0,0,0,0,6,0,0,0,0,0
121626,1,1,1982,0,0,0,0,0,17,0,0,0,0
121626,2,1,1982,0,0,0,0,0,0,0,0,0,20
121627,0,1,1982,3,3,3,3,3,3,3,3,3,3
121627,1,1,1982,3,3,3,3,3,3,3,3,3,3
121628,0,1,1982,17,0,14,0,0,25,13,0,9,12
121628,1,1,1982,4,4,4,4,4,4,4,4,4,4
121629,1,1,1982,17,8,25,13,9,2,17,8,9,27
121629,2,1,1982,0,0,0,0,0,0,0,0,0,0
121630,0,1,1982,32,32,32,32,32,32,32,32,32,32
121630,1,1,1982,0,0,0,20,0,0,0,12,0,0
121631,1,1,1982,7,18,19,24,24,17,23,20,4,20
121631,2,1,1982,0,0,0,0,0,0,0,0,0,0
121632,1,1,1982,17,21,25,10,24,10,6,10,25,5
121632,2,1,1982,0,0,0,0,0,0,0,0,0,0
121633,1,1,1982,28,28,28,28,28,28,28,28,28,28
121633,2,1,1982,0,0,0,0,0,0,0,0,0,0
121634,1,1,1982,15,15,0,20,23,15,28,0,29,16
121635,1,1,1982,19,17,19,44,29,18,19,27,29,28
121635,2,1,1982,0,0,4,0,0,9,0,0,0,0
121636,1,1,1982,0,13,0,0,6,0,17,20,16,18
121636,2,1,1982,0,20,0,0,0,0,0,0,0,0
121637,1,1,1982,0,0,0,0,0,0,14,0,0,0
121637,2,1,1982,0,0,0,0,0,6,0,0,0,0
121638,1,1,1982,0,0,0,0,0,0,0,0,0,0
121638,2,1,1982,0,0,0,0,0,0,0,0,0,12
121639,1,1,1982,7,7,7,7,7,7,7,7,7,7
121640,1,1,1982,12,12,12,12,12,12,12,12,12,12
121641,0,1,1982,0,0,0,0,0,0,19,0,0,0
121641,1,1,1982,0,0,0,0,0,0,0,0,0,0
121642,1,1,1982,17,17,17,17,17,17,17,17,17,17
121642,2,1,1982,7,13,16,13,24,16,16,2,12,10
121643,1,1,1982,5,19,16,19,11,14,10,24,19,20
121644,1,1,1982,34,23,28,23,25,20,9,17,31,32
121645,1,1,1982,0,9,0,0,0,0,0,0,0,6
121646,1,1,1982,1,1,1,1,1,1,1,1,1,1
121646,2,1,1982,0,0,0,0,0,9,0,0,0,0
121647,1,1,1982,18,22,10,25,17,12,34,20,23,30
121647,2,1,1982,11,0,0,0,0,0,0,0,0,0
121648,1,1,1982,11,8,29,10,24,9,0,10,17,9
121648,2,1,1982,12,0,0,0,0,0,11,0,0,11
121649,1,1,1982,0,0,0,0,0,0,0,0,0,0
121649,2,1,1982,0,0,0,0,0,0,0,0,0,0
121650,1,1,1982,0,6,0,0,0,24,0,0,0,0
121650,2,1,1982,0,0,0,0,0,0,0,17,0,0
121651,0,1,1982,37,17,0,0,45,0,26,25,32,14
121651,1,1,1982,10,10,10,10,10,10,10,10,10,10
121652,1,1,1982,0,0,0,0,0,0,0,0,0,0
121653,1,1,1982,18,27,13,21,0,0,5,17,6,7
121654,0,1,1982,0,0,0,0,18,0,0,0,19,13
121654,1,1,1982,41,24,24,0,0,27,0,38,19,17
121655,1,1,1982,6,0,16,0,0,0,0,0,0,25
121655,2,1,1982,4,0,0,0,0,0,0,0,0,0
121655,3,1,1982,0,0,0,0,0,0,0,0,0,0
121656,1,1,1982,17,17,17,17,17,17,17,17,17,17
121656,2,1,1982,5,5,5,5,5,5,5,5,5,5
121657,1,1,1982,12,16,0,0,13,6,0,18,9,19
121658,1,1,1982,27,15,29,35,18,25,26,14,21,18
121659,1,1,1982,0,10,0,0,0,0,4,0,3,0
121659,2,1,1982,0,7,0,0,0,0,0,15,4,0
121660,1,1,1982,0,0,0,0,0,0,0,0,0,0
121660,2,1,1982,0,0,0,0,0,0,0,0,0,0
121660,3,1,1982,0,0,0,0,0,0,0,0,0,0
121661,0,1,1982,0,0,0,0,0,0,0,0,0,0
121661,1,1,1982,1,1,1,1,1,1,1,1,1,1
121662,1,1,1982,0,0,0,0,0,9,0,0,0,0
121662,2,1,1982,0,0,0,0,0,8,0,0,9,0
121663,1,1,1982,0,23,17,0,18,41,3,16,0,0
121664,1,1,1982,0,0,0,0,0,0,0,0,0,0
121664,2,1,1982,0,0,0,0,0,0,0,0,0,0
121664,3,1,1982,0,0,17,0,0,14,0,15,0,0
121665,0,1,1982,0,0,0,0,0,0,0,0,0,0
121665,1,1,1982,0,0,0,0,0,0,0,0,0,0
121666,0,1,1982,36,37,15,0,14,0,13,26,0,9
121666,1,1,1982,0,0,0,0,0,0,0,0,0,0
121667,1,1,1982,0,22,23,0,23,24,31,20,13,17
121668,1,1,1982,0,0,0,0,0,0,0,0,0,0
121668,2,1,1982,0,0,0,0,0,0,0,0,15,0
121669,1,1,1982,20,11,25,12,19,19,27,19,17,33
121670,1,1,1982,10,0,8,0,14,0,16,26,26,0
121670,2,1,1982,0,19,11,19,9,21,12,19,16,10
121671,0,1,1982,7,26,30,12,21,18,28,18,37,12
121671,1,1,1982,0,0,0,0,0,0,0,0,0,11
121672,1,1,1982,0,18,0,0,11,0,0,10,22,8
121672,2,1,1982,0,0,0,0,0,8,0,0,0,0
121673,1,1,1982,0,0,0,0,0,12,0,0,0,15
121674,1,1,1982,4,4,4,4,4,4,4,4,4,4
121675,1,1,1982,0,0,0,0,0,0,0,0,0,0
121675,2,1,1982,0,0,0,0,0,0,0,0,0,0
121676,0,1,1982,0,0,5,0,0,32,13,0,0,22
121676,1,1,1982,7,0,21,13,0,0,0,0,0,0
121677,1,1,1982,0,0,0,0,0,0,0,0,0,0
121677,2,1,1982,0,0,0,0,0,0,0,0,0,0
121678,1,1,1982,0,0,0,0,0,0,0,0,0,0
121678,2,1,1982,0,0,0,0,0,0,0,0,0,0
121679,1,1,1982,11,21,10,29,6,9,8,5,18,14
121680,0,1,1982,18,0,16,0,0,0,16,0,0,0
121680,1,1,1982,0,0,0,0,0,20,0,0,7,0
121681,1,1,1982,0,0,0,0,14,0,0,8,0,0
121682,1,1,1982,20,0,16,0,0,7,25,0,5,0
121683,1,1,1982,0,0,0,0,0,0,0,0,0,0
121683,2,1,1982,0,0,0,0,0,0,0,0,0,0
121684,1,1,1982,17,18,15,0,9,17,16,11,0,18
121684,2,1,1982,0,0,0,0,0,0,0,0,0,0
121685,0,1,1982,26,26,26,26,26,26,26,26,26,26
121685,1,1,1982,0,0,0,0,0,0,0,0,0,0
121686,1,1,1982,0,0,0,0,0,0,16,0,0,0
121686,2,1,1982,0,0,0,0,0,0,0,0,0,0
121687,1,1,1982,22,14,20,14,9,19,21,11,14,10
121688,1,1,1982,0,0,0,0,0,0,0,0,0,0
121689,0,1,1982,0,0,0,0,0,0,0,0,0,0
121689,1,1,1982,14,8,10,7,7,0,0,10,11,17
121690,0,1,1982,18,28,23,32,31,35,24,21,35,22
121690,1,1,1982,0,0,0,0,13,0,0,0,0,23
121691,1,1,1982,8,17,5,0,0,13,8,12,0,0
121692,1,1,1982,0,0,0,0,0,0,0,0,0,0
121693,1,1,1982,18,6,12,33,24,18,17,8,17,3
121693,2,1,1982,23,17,15,26,0,5,0,0,0,17
121694,0,1,1982,0,0,0,0,0,8,0,0,0,0
121694,1,1,1982,0,0,0,0,0,0,0,0,0,0
121695,1,1,1982,0,0,0,0,0,0,0,0,0,0
121695,2,1,1982,0,0,0,0,0,0,0,0,0,0
121695,3,1,1982,0,0,0,0,0,0,0,0,0,0
121696,1,1,1982,0,0,0,0,0,0,0,0,0,0
121696,2,1,1982,0,0,0,0,0,0,12,0,0,0
121697,1,1,1982,0,0,0,8,11,2,0,0,0,0
121698,1,1,1982,6,6,6,6,6,6,6,6,6,6
121699,1,1,1982,0,0,0,20,15,0,13,0,0,0
121699,2,1,1982,0,0,0,0,0,0,0,0,0,0
121700,1,1,1982,4,0,0,0,0,0,0,0,0,0
121701,1,1,1982,10,10,10,10,10,10,10,10,10,10
121701,2,1,1982,0,0,8,40,0,27,0,19,0,10
121702,0,1,1982,9,13,0,7,0,0,19,0,15,14
121702,1,1,1982,0,0,24,0,0,0,0,22,0,7
121703,1,1,1982,10,27,18,23,17,14,23,17,26,13
121704,1,1,1982,17,17,17,17,17,17,17,17,17,17
121705,1,1,1982,30,0,0,9,18,8,0,6,0,0
121705,2,1,1982,0,0,0,0,0,0,0,0,0,0
121706,1,1,1982,6,17,19,9,6,18,42,27,10,21
121707,1,1,1982,0,0,0,0,0,0,0,0,0,0
121707,2,1,1982,0,0,0,0,0,0,0,0,0,0
121708,1,1,1982,0,0,0,0,0,0,0,0,0,0
121708,2,1,1982,13,13,13,13,13,13,13,13,13,13
121709,0,1,1982,6,0,0,0,24,0,0,10,0,0
121709,1,1,1982,2,2,2,2,2,2,2,2,2,2
121710,0,1,1982,20,0,0,0,0,0,0,14,0,0
121710,1,1,1982,0,0,0,0,0,0,0,0,0,0
121711,1,1,1982,0,12,28,9,6,0,0,17,0,0
121712,0,1,1982,8,0,25,22,0,0,0,0,0,0
121712,0,2,1982,0,0,0,0,0,0,0,0,0,0
121712,1,1,1982,11,11,11,11,11,11,11,11,11,11
121713,0,1,1982,0,0,0,0,0,0,0,0,0,0
121713,1,1,1982,0,0,15,0,0,0,0,0,0,0
121714,0,1,1982,40,23,0,0,0,0,0,14,17,12
121714,1,1,1982,0,0,0,0,13,0,0,0,0,0
121715,0,1,1982,0,4,0,9,0,0,8,0,0,0
121715,1,1,1982,5,14,18,19,14,8,10,14,0,9
121716,0,1,1982,28,28,28,28,28,28,28,28,28,28
121716,1,1,1982,6,6,6,6,6,6,6,6,6,6
121717,0,1,1982,0,0,0,0,0,0,0,0,0,0
121717,0,2,1982,0,0,0,0,0,33,0,0,0,0
121717,1,1,1982,0,14,0,0,0,0,0,0,0,0
121718,0,1,1982,0,0,0,0,11,0,11,0,24,0
121718,1,1,1982,6,6,6,6,6,6,6,6,6,6
121719,0,1,1982,0,0,0,5,0,0,0,20,0,16
121719,1,1,1982,0,0,0,0,0,0,0,0,11,0
121720,1,1,1982,15,15,15,15,15,15,15,15,15,15
121721,1,1,1982,5,5,5,5,5,5,5,5,5,5
121722,1,1,1982,0,0,0,0,0,0,0,0,0,0
121722,2,1,1982,0,0,0,0,0,0,0,0,0,0
121723,0,1,1982,0,0,0,0,0,12,0,0,0,0
121723,1,1,1982,0,0,0,0,0,0,0,0,0,4
121724,0,1,1982,0,0,0,0,0,0,0,0,0,0
121724,1,1,1982,0,0,0,0,0,0,0,0,0,0
121725,1,1,1982,21,12,15,24,0,22,24,7,26,18
121726,1,1,1982,1,1,1,1,1,1,1,1,1,1
121727,0,1,1982,2,2,2,2,2,2,2,2,2,2
121727,1,1,1982,0,0,0,0,0,0,0,0,0,0
121728,0,1,1982,0,0,0,0,0,0,0,0,0,0
121728,1,1,1982,0,0,0,0,0,0,0,0,0,0
121729,1,1,1982,0,0,0,10,4,0,0,8,0,0
121729,2,1,1982,17,17,17,17,17,17,17,17,17,17
121730,0,1,1982,0,0,0,0,0,0,0,0,0,0
121730,1,1,1982,0,0,0,0,0,0,0,0,0,14
121731,1,1,1982,27,28,29,14,23,24,15,0,26,6
121731,2,1,1982,0,0,0,0,0,0,0,0,0,0
121732,1,1,1982,8,13,0,31,20,11,19,18,12,12
121733,1,1,1982,0,0,0,0,27,0,0,0,0,0
121734,1,1,1982,0,14,20,0,12,19,0,29,0,8
121735,1,1,1982,0,0,19,0,0,0,0,0,0,0
121736,0,1,1982,0,20,28,16,15,32,22,11,8,11
121736,1,1,1982,18,0,33,0,26,8,0,0,19,17
121737,1,1,1982,28,28,28,28,28,28,28,28,28,28
121738,1,1,1982,10,16,0,22,25,12,11,12,7,16
121739,0,1,1982,12,12,12,12,12,12,12,12,12,12
121739,1,1,1982,0,0,0,0,0,0,0,0,0,0
121740,1,1,1982,3,3,3,3,3,3,3,3,3,3
121740,2,1,1982,0,0,0,0,0,0,0,0,0,0
121741,1,1,1982,0,0,0,0,0,0,0,0,0,0
121741,2,1,1982,0,0,2,0,0,0,0,0,0,0
121742,1,1,1982,5,5,5,5,5,5,5,5,5,5
121742,2,1,1982,0,0,0,0,0,0,0,0,0,0
121743,1,1,1982,0,0,0,0,0,0,0,0,0,0
121743,2,1,1982,0,0,0,0,0,0,0,0,0,0
121744,1,1,1982,4,0,0,0,0,0,0,0,0,0
121744,2,1,1982,0,0,0,0,0,0,0,0,0,0
121745,0,1,1982,0,0,0,0,0,0,0,7,0,0
121745,1,1,1982,0,0,0,15,0,0,9,0,6,0
121746,1,1,1982,0,0,0,0,0,15,0,0,5,0
121746,2,1,1982,0,0,0,0,0,0,0,0,0,0
121747,1,1,1982,0,0,0,0,0,0,0,0,0,0
121747,2,1,1982,0,13,0,21,27,12,0,0,0,0
121748,1,1,1982,0,0,17,15,12,11,12,18,14,6
121748,2,1,1982,0,0,0,0,0,0,0,0,0,0
121749,1,1,1982,31,14,21,9,0,12,21,32,13,15
121749,2,1,1982,7,7,7,7,7,7,7,7,7,7
121749,3,1,1982,19,20,15,13,13,5,12,16,21,17
121750,1,1,1982,0,10,9,6,14,29,9,11,22,17
121750,2,1,1982,0,5,0,0,0,0,0,0,0,0
121750,3,1,1982,0,0,11,0,0,10,5,0,0,0
121751,1,1,1982,23,17,18,23,17,18,10,17,22,20
121752,1,1,1982,0,0,0,0,0,0,0,0,0,9
121752,2,1,1982,17,17,17,17,17,17,17,17,17,17
121753,1,1,1982,0,0,0,0,3,0,0,0,0,3
121754,0,1,1982,14,22,24,18,37,37,27,33,43,18
121754,1,1,1982,0,0,0,0,0,0,0,0,10,0
121755,1,1,1982,0,0,0,0,0,0,0,0,0,0
121755,2,1,1982,20,0,0,0,0,0,0,0,0,0
121756,0,1,1982,0,0,0,0,0,0,0,0,0,0
121756,1,1,1982,0,0,0,0,0,14,0,0,0,0
121757,0,1,1982,0,0,0,0,0,0,0,0,0,0
121757,1,1,1982,0,0,0,0,0,0,0,0,0,0
121758,0,1,1982,16,20,15,0,13,18,29,7,0,17
121758,1,1,1982,11,9,2,19,8,0,14,13,13,12
121759,1,1,1982,10,10,10,10,10,10,10,10,10,10
121760,1,1,1982,0,21,0,0,0,0,0,0,0,0
121760,2,1,1982,0,0,0,0,0,0,0,0,0,0
121760,3,1,1982,0,0,0,0,0,0,0,0,0,0
121761,1,1,1982,1,1,1,1,1,1,1,1,1,1
121761,2,1,1982,0,0,0,0,0,0,0,0,0,0
121762,0,1,1982,17,0,0,7,12,0,0,20,20,9
121762,1,1,1982,0,0,0,0,0,0,0,0,8,0
121763,1,1,1982,0,21,0,0,0,0,0,0,0,0
121764,1,1,1982,7,25,0,13,0,0,0,11,0,0
121765,0,1,1982,30,10,12,0,11,25,27,41,26,25
121765,1,1,1982,11,0,0,10,0,5,0,0,0,0
121766,1,1,1982,0,0,0,0,11,0,0,0,0,0
121766,2,1,1982,0,0,0,0,13,0,10,14,0,2
121767,1,1,1982,6,6,6,6,6,6,6,6,6,6
121767,2,1,1982,0,0,0,0,0,0,0,0,0,0
121768,1,1,1982,0,0,0,0,0,0,0,0,0,0
121768,2,1,1982,0,0,0,0,0,0,0,0,0,0
121769,1,1,1982,0,0,0,0,0,0,0,18,0,0
121770,1,1,1982,0,0,0,0,0,0,0,0,0,0
121771,1,1,1982,0,13,10,20,12,0,11,19,13,0
121772,1,1,1982,0,0,0,0,0,0,18,18,4,0
121772,2,1,1982,0,0,26,0,0,0,0,0,0,3
121773,0,1,1982,0,0,0,0,0,0,0,0,0,0
121773,1,1,1982,0,0,0,0,0,0,0,0,0,15
121774,1,1,1982,0,13,21,0,0,0,0,0,0,34
121775,1,1,1982,0,2,0,0,0,0,11,21,0,8
121775,2,1,1982,0,0,0,0,0,0,0,0,0,0
121776,0,1,1982,0,12,0,21,15,0,0,0,22,0
121776,1,1,1982,0,0,0,0,0,0,0,0,0,0
121777,1,1,1982,0,0,0,0,0,0,0,0,5,0
121777,2,1,1982,0,0,0,0,0,0,0,0,0,0
121778,0,1,1982,0,0,0,0,0,0,0,0,0,0
121778,1,1,1982,0,0,0,0,0,0,0,0,0,0
121779,0,1,1982,0,0,0,0,0,0,0,0,0,0
121779,1,1,1982,0,18,0,9,0,0,0,0,0,18
121780,1,1,1982,18,23,9,9,8,8,25,10,18,0
121780,2,1,1982,0,0,0,0,0,0,0,0,0,0
121781,1,1,1982,0,0,0,0,0,0,0,0,0,0
121781,2,1,1982,0,4,7,8,0,7,0,0,7,0
121782,1,1,1982,17,5,12,0,31,4,20,0,19,0
121783,0,1,1982,0,0,4,27,0,0,0,0,0,0
121783,1,1,1982,10,40,8,0,11,6,11,7,25,17
121784,1,1,1982,0,0,4,0,6,33,5,0,17,0
121784,2,1,1982,9,5,14,22,9,24,9,19,9,32
121785,1,1,1982,9,0,0,0,0,0,11,0,0,0
121787,1,1,1982,0,0,0,0,0,0,0,0,0,0
121787,2,1,1982,0,0,0,0,0,0,0,0,0,0
121788,1,1,1982,8,21,35,29,17,14,10,22,15,33
121789,1,1,1982,0,0,0,21,0,0,0,0,0,13
121790,1,1,1982,18,21,12,15,17,22,17,8,27,9
121790,2,1,1982,7,7,7,7,7,7,7,7,7,7
121791,0,1,1982,0,0,0,0,21,0,0,0,0,30
121791,1,1,1982,0,0,0,24,0,0,0,0,8,10
121792,1,1,1982,7,0,0,0,0,0,0,0,0,0
121792,2,1,1982,0,0,0,0,0,0,0,0,0,0
121793,1,1,1982,0,0,0,0,0,0,0,0,0,0
121793,2,1,1982,0,8,0,0,0,0,0,0,0,0
121793,3,1,1982,0,0,0,0,0,0,0,0,0,0
121794,0,1,1982,0,0,0,0,0,6,0,30,11,0
121794,0,2,1982,0,20,0,21,13,0,22,12,0,0
121794,1,1,1982,10,10,10,10,10,10,10,10,10,10
121795,1,1,1982,16,20,20,23,19,21,17,30,18,35
121796,1,1,1982,25,20,11,13,10,15,20,12,23,17
121797,0,1,1982,0,0,0,0,0,0,0,2,0,24
121797,0,2,1982,0,0,0,0,0,0,0,0,0,0
121797,1,1,1982,0,0,9,0,0,0,13,0,0,0
121798,1,1,1982,0,0,0,0,10,0,0,0,7,0
121798,2,1,1982,0,0,0,0,0,0,0,0,0,0
121799,0,1,1982,27,0,12,0,0,0,23,0,0,13
121799,1,1,1982,13,4,19,22,23,6,16,13,5,9
121800,1,1,1982,0,0,0,0,0,0,0,0,0,0
121800,2,1,1982,19,19,19,19,19,19,19,19,19,19
121801,1,1,1982,0,0,32,0,16,5,13,5,25,11
121801,2,1,1982,0,0,0,0,0,0,0,0,0,0
121802,0,1,1982,0,10,0,0,0,6,0,0,0,0
121802,1,1,1982,23,0,0,0,0,3,0,10,0,0
121803,1,1,1982,13,13,13,13,13,13,13,13,13,13
121804,1,1,1982,0,0,0,0,0,0,0,0,0,0
121804,2,1,1982,0,0,0,0,0,0,0,0,0,0
121805,1,1,1982,13,17,28,7,0,0,0,0,0,0
121806,0,1,1982,25,25,25,25,25,25,25,25,25,25
121806,1,1,1982,48,0,7,14,7,0,0,0,10,0
121807,1,1,1982,0,0,0,0,0,0,0,0,0,0
121807,2,1,1982,0,0,0,0,0,0,0,0,0,0
121808,0,1,1982,10,0,16,9,0,33,0,0,0,0
121808,1,1,1982,19,20,10,15,20,14,10,10,13,24
121809,0,1,1982,22,13,43,17,22,21,34,29,39,11
121809,1,1,1982,17,17,17,17,17,17,17,17,17,17
121810,1,1,1982,0,0,0,0,0,0,0,0,0,0
121810,2,1,1982,0,0,0,0,0,0,0,0,0,0
121811,1,1,1982,10,0,14,0,0,0,5,0,0,0
121812,1,1,1982,0,12,16,0,23,0,7,0,0,11
121812,2,1,1982,0,0,0,0,0,0,0,13,0,0
121813,1,1,1982,15,15,15,15,15,15,15,15,15,15
121814,1,1,1982,0,0,0,0,0,0,0,0,0,0
121814,2,1,1982,0,0,0,0,0,10,0,0,7,0
121815,0,1,1982,45,45,45,45,45,45,45,45,45,45
121815,1,1,1982,0,0,0,0,0,0,0,0,0,0
121816,1,1,1982,0,0,0,0,0,0,0,0,0,9
121816,2,1,1982,0,0,0,0,0,0,0,0,0,0
121817,1,1,1982,0,0,0,0,0,0,10,0,0,0
121817,2,1,1982,0,0,0,0,0,0,0,0,0,0
121818,1,1,1982,28,10,10,0,20,11,12,24,21,13
121819,1,1,1982,8,0,0,0,0,15,0,0,26,0
121819,2,1,1982,0,0,0,0,0,0,0,0,0,0
121820,0,1,1982,0,0,11,0,0,0,0,0,0,0
121820,1,1,1982,0,0,0,0,0,0,0,0,0,0
121821,0,1,1982,0,0,0,18,0,0,0,13,16,0
121821,1,1,1982,0,0,0,0,0,10,10,0,27,0
121822,0,1,1982,0,0,0,0,0,0,0,0,0,0
121822,1,1,1982,0,0,0,0,0,0,0,0,0,0
121823,0,1,1982,0,0,0,0,0,0,0,0,0,0
121823,1,1,1982,0,0,0,0,0,0,0,0,0,0
121824,0,1,1982,0,0,0,0,8,0,0,0,0,9
121824,1,1,1982,0,0,0,0,0,0,0,0,0,0
121825,1,1,1982,19,17,17,0,0,27,0,10,0,15
121826,1,1,1982,0,0,0,7,3,0,11,0,5,0
121826,2,1,1982,0,0,0,0,0,0,0,0,0,0
121827,1,1,1982,0,0,0,15,0,6,0,0,0,0
121827,2,1,1982,0,0,0,0,0,0,0,0,0,0
121827,3,1,1982,0,0,0,0,0,0,0,0,0,0
121828,1,1,1982,0,0,16,29,5,0,12,20,0,0
121829,0,1,1982,0,18,0,0,0,0,0,0,16,0
121829,1,1,1982,22,8,17,23,16,27,16,24,16,16
121830,0,1,1982,22,31,22,49,24,24,19,11,12,27
121830,1,1,1982,0,0,0,0,0,0,0,0,0,0
121831,1,1,1982,12,17,24,12,21,17,28,14,13,16
121832,0,1,1982,14,0,0,0,5,0,0,0,12,16
121832,1,1,1982,26,25,16,22,14,0,0,16,0,23
121833,1,1,1982,0,6,12,19,18,24,27,4,6,5
121834,0,1,1982,0,17,0,0,0,0,0,0,0,0
121834,1,1,1982,4,12,14,15,24,10,13,35,13,0
121835,1,1,1982,0,0,0,0,0,0,0,0,0,0
121835,2,1,1982,0,0,0,0,0,0,0,0,0,0
121836,1,1,1982,0,0,0,0,0,0,0,0,11,0
121836,2,1,1982,0,0,0,0,0,0,0,0,0,0
121837,0,1,1982,6,6,6,6,6,6,6,6,6,6
121837,1,1,1982,0,0,0,0,0,10,14,0,0,0
121838,1,1,1982,10,10,18,10,6,28,20,5,17,22
121839,1,1,1982,0,0,22,17,0,0,17,12,0,0
121839,2,1,1982,4,4,4,4,4,4,4,4,4,4
121840,1,1,1982,31,21,13,17,19,25,14,13,22,21
121841,0,1,1982,0,0,0,0,0,0,0,0,0,0
121841,1,1,1982,0,0,0,0,0,0,0,0,0,0
121842,1,1,1982,15,0,0,0,0,0,0,0,0,0
121842,2,1,1982,0,0,0,0,0,0,0,0,0,0
121843,0,1,1982,0,0,16,0,0,13,0,12,14,0
121843,1,1,1982,0,18,0,0,7,0,0,0,0,0
121844,1,1,1982,0,0,0,0,0,0,0,0,0,0
121844,2,1,1982,0,0,0,0,0,0,0,0,0,0
121845,0,1,1982,0,0,0,0,0,0,0,0,0,0
121845,1,1,1982,0,0,0,0,0,0,0,0,0,0
121846,0,1,1982,0,0,0,0,0,0,0,0,0,0