ST_CASE,VEH_NO,PER_NO,YEAR,P1,P2,P3,P4,P5,P6,P7,P8,P9,P10
121846,1,1,1982,15,16,15,11,0,6,20,18,0,15
121847,0,1,1982,0,0,0,17,0,33,26,0,0,0
121847,1,1,1982,5,19,18,16,16,7,0,30,16,16
121848,1,1,1982,0,0,0,0,0,0,0,0,0,0
121848,2,1,1982,0,0,0,0,0,0,0,0,7,0
121849,1,1,1982,13,13,13,13,13,13,13,13,13,13
121850,1,1,1982,0,18,0,0,0,0,0,0,0,0
121851,0,1,1982,0,0,0,0,0,0,0,0,0,0
121851,1,1,1982,17,0,16,13,6,0,0,7,0,12
121852,1,1,1982,0,0,0,0,7,0,0,0,0,0
121852,2,1,1982,12,22,13,19,28,22,0,26,0,8
121853,1,1,1982,16,4,6,19,39,13,21,20,12,19
121854,0,1,1982,25,0,0,0,0,0,0,0,0,0
121854,1,1,1982,0,0,0,0,0,0,0,0,0,0
121855,0,1,1982,26,23,0,14,0,16,8,9,0,0
121855,1,1,1982,18,18,18,18,18,18,18,18,18,18
121856,0,1,1982,0,0,0,0,0,0,0,0,0,0
121856,1,1,1982,0,0,0,0,0,0,0,0,0,0
121857,1,1,1982,0,15,0,0,18,0,22,0,0,0
121857,2,1,1982,0,0,0,0,0,0,0,10,0,0
121858,1,1,1982,17,37,27,25,27,26,19,39,25,21
121859,0,1,1982,0,0,0,0,0,0,0,7,0,0
121859,1,1,1982,0,0,0,0,0,0,0,0,0,0
121860,0,1,1982,0,0,20,0,15,0,0,0,23,0
121860,1,1,1982,0,0,0,4,17,0,0,0,0,0
121861,1,1,1982,0,18,0,0,16,0,25,0,43,29
121862,1,1,1982,19,10,0,7,0,0,0,0,0,0
121863,0,1,1982,4,5,0,0,0,22,0,0,0,0
121863,1,1,1982,14,14,14,14,14,14,14,14,14,14
121864,0,1,1982,0,0,15,0,0,27,17,27,19,11
121864,1,1,1982,6,19,20,8,7,12,10,5,22,16
121865,1,1,1982,21,14,20,20,28,4,25,23,4,27
121866,0,1,1982,0,0,0,0,0,0,0,0,0,0
121866,1,1,1982,31,36,14,22,27,0,13,10,20,0
121867,1,1,1982,0,0,0,14,0,0,0,0,0,0
121867,2,1,1982,0,0,0,0,0,0,0,0,0,0
121868,1,1,1982,17,17,19,22,9,18,9,29,15,21
121870,1,1,1982,0,0,0,0,0,8,0,0,0,0
121871,1,1,1982,0,18,0,5,5,0,0,12,0,0
121871,2,1,1982,9,0,0,0,0,0,0,0,0,0
121872,1,1,1982,7,4,17,7,7,15,4,11,15,20
121872,2,1,1982,0,0,0,0,0,0,0,0,0,0
121873,1,1,1982,0,0,0,0,0,0,0,0,0,0
121873,2,1,1982,0,0,0,0,0,0,0,0,0,0
121874,1,1,1982,18,0,12,9,7,4,3,10,5,7
121874,2,1,1982,9,9,9,9,9,9,9,9,9,9
121875,1,1,1982,0,0,0,3,0,8,0,16,12,0
121875,2,1,1982,0,2,0,0,6,0,0,5,11,0
121876,1,1,1982,14,10,0,0,0,0,0,0,0,0
121876,2,1,1982,0,0,0,0,0,3,0,0,0,16
121877,1,1,1982,0,0,0,0,0,0,0,0,0,0
121877,2,1,1982,0,0,0,0,0,0,0,0,0,0
121878,0,1,1982,16,27,21,9,14,34,8,14,18,0
121878,1,1,1982,0,34,0,0,0,0,0,0,0,0
121879,0,1,1982,10,17,23,11,31,12,28,14,15,23
121879,1,1,1982,0,0,29,8,0,0,0,0,0,0
121880,1,1,1982,0,0,0,0,0,0,13,0,13,0
121881,1,1,1982,7,6,9,19,21,15,10,25,28,22
121882,1,1,1982,9,10,18,30,0,10,0,19,0,0
121883,0,1,1982,3,17,0,0,0,0,0,0,0,0
121883,1,1,1982,0,0,0,0,0,0,0,0,0,0
121883,2,1,1982,0,21,0,18,0,0,0,0,0,0
121884,0,1,1982,0,0,0,0,0,0,0,0,0,10
121884,1,1,1982,0,0,0,0,0,0,0,0,0,0
121885,1,1,1982,0,0,0,0,0,0,19,0,19,0
121885,2,1,1982,0,0,0,0,0,0,0,0,0,0
121886,1,1,1982,0,0,0,0,0,0,0,0,0,0
121886,2,1,1982,0,0,0,0,0,0,0,0,0,0
121886,3,1,1982,0,0,0,0,0,0,0,0,0,0
121886,4,1,1982,0,0,0,0,0,0,0,0,0,0
121887,1,1,1982,0,0,0,0,0,0,0,0,0,0
121888,1,1,1982,0,0,0,0,0,0,0,0,0,0
121888,2,1,1982,0,0,16,0,0,0,0,0,0,0
121889,0,1,1982,0,0,0,0,21,9,0,0,0,10
121889,0,2,1982,26,2,39,0,13,15,0,13,9,21
121889,0,3,1982,2,0,0,0,0,0,32,12,0,29
121889,1,1,1982,10,10,10,10,10,10,10,10,10,10
121890,0,1,1982,0,0,0,0,0,0,0,0,0,0
121890,1,1,1982,0,0,0,0,0,0,0,0,0,0
121891,1,1,1982,0,0,0,0,0,10,0,0,0,0
121892,1,1,1982,17,0,8,19,20,7,15,21,0,24
121892,2,1,1982,19,26,0,0,16,23,15,0,0,8
121893,0,1,1982,0,0,0,0,0,0,9,0,0,0
121893,1,1,1982,0,0,0,0,0,0,0,0,0,0
121894,1,1,1982,0,0,0,0,0,0,8,0,0,0
121895,1,1,1982,0,0,0,0,0,0,0,0,0,0
121895,2,1,1982,0,0,0,0,0,0,0,0,0,0
121896,1,1,1982,0,11,13,25,13,9,8,9,28,16
121896,2,1,1982,7,20,11,0,27,29,36,26,22,21
121897,0,1,1982,0,0,0,0,0,0,0,0,0,0
121897,1,1,1982,8,0,0,0,0,0,0,0,0,0
121898,0,1,1982,43,18,12,11,29,8,23,28,20,0
121898,1,1,1982,0,0,0,0,0,0,0,10,0,0
121899,1,1,1982,0,0,0,0,0,0,0,25,0,26
121900,0,1,1982,0,0,6,0,0,21,0,0,0,0
121900,0,2,1982,0,0,0,12,0,15,0,0,0,0
121900,1,1,1982,15,19,28,23,0,16,9,8,15,13
121901,1,1,1982,0,0,0,0,0,0,0,0,0,0
121901,2,1,1982,20,20,20,20,20,20,20,20,20,20
121902,1,1,1982,12,21,0,10,0,0,0,20,0,0
121903,1,1,1982,0,8,16,0,15,11,4,15,9,0
121904,1,1,1982,11,18,8,13,20,8,21,30,17,27
121905,1,1,1982,6,2,0,5,25,15,4,14,10,14
121905,2,1,1982,0,0,0,0,0,0,0,0,0,0
121906,0,1,1982,0,0,0,13,12,0,0,0,0,0
121906,1,1,1982,0,0,0,0,0,0,10,12,0,0
121907,1,1,1982,0,0,0,0,0,0,0,0,0,0
121908,1,1,1982,0,0,0,0,0,0,0,0,0,0
121908,2,1,1982,0,0,0,0,0,0,0,0,0,0
121909,0,1,1982,18,15,9,21,0,18,16,16,33,15
121909,1,1,1982,0,0,0,0,0,0,16,0,0,0
121910,0,1,1982,0,0,0,0,0,0,0,0,0,0
121910,1,1,1982,16,0,22,0,0,13,17,12,0,13
121911,1,1,1982,0,0,0,0,0,0,0,0,0,0
121911,2,1,1982,0,0,0,3,0,0,0,0,0,0
121912,1,1,1982,0,23,17,0,45,24,36,11,28,19
121913,1,1,1982,25,27,23,25,12,24,24,12,8,24
121914,0,1,1982,26,19,0,32,26,21,31,9,24,21
121914,1,1,1982,6,19,20,6,24,9,25,23,26,13
121915,0,1,1982,27,27,27,27,27,27,27,27,27,27
121915,1,1,1982,11,0,20,30,25,0,22,17,29,21
121917,1,1,1982,19,17,28,19,13,31,6,21,11,15
121917,2,1,1982,20,5,11,21,27,7,22,24,29,14
121918,1,1,1982,18,15,6,10,24,11,0,10,22,13
121918,2,1,1982,0,0,0,0,17,9,0,21,13,19
121919,0,1,1982,16,10,25,31,36,32,32,12,25,25
121919,1,1,1982,13,18,16,12,13,18,14,8,15,24
121920,1,1,1982,15,15,15,15,15,15,15,15,15,15
121921,0,1,1982,14,0,0,0,0,0,0,0,0,0
121921,1,1,1982,0,0,0,0,0,0,0,0,0,0
121922,0,1,1982,0,0,0,0,0,0,0,0,0,0
121922,1,1,1982,0,0,0,0,0,0,0,0,0,0
121923,1,1,1982,17,0,0,20,13,34,11,22,20,0
121924,1,1,1982,15,19,15,41,12,33,17,17,26,11
121925,1,1,1982,0,16,4,0,29,10,0,21,18,0
121926,0,1,1982,4,4,4,4,4,4,4,4,4,4
121926,0,2,1982,0,0,7,10,22,0,0,0,0,0
121926,0,3,1982,0,0,7,0,0,0,16,0,5,0
121926,0,4,1982,0,0,0,0,0,0,0,0,0,0
121926,0,5,1982,0,0,0,36,0,0,18,23,0,16
121926,0,6,1982,0,0,0,13,0,25,0,0,0,11
121926,1,1,1982,27,12,14,13,21,24,24,9,0,16
121927,0,1,1982,16,41,13,25,23,23,30,24,21,14
121927,1,1,1982,17,17,17,17,17,17,17,17,17,17
121928,0,1,1982,0,0,0,0,0,0,0,0,0,0
121928,1,1,1982,0,0,0,0,0,0,0,0,0,0
121929,1,1,1982,0,0,0,0,0,0,0,0,0,0
121929,2,1,1982,5,0,0,0,0,0,0,0,0,0
121930,1,1,1982,21,21,21,21,21,21,21,21,21,21
121931,1,1,1982,14,14,17,17,4,12,7,20,9,14
121932,0,1,1982,0,0,0,0,0,0,0,0,0,0
121932,0,2,1982,0,0,0,0,0,0,0,10,0,0
121932,1,1,1982,21,20,0,32,0,21,18,16,15,19
121933,1,1,1982,12,27,20,8,22,0,17,24,26,21
121933,2,1,1982,0,0,0,13,0,0,0,0,0,0
121934,0,1,1982,0,0,0,0,0,0,0,0,0,0
121934,1,1,1982,0,0,0,0,0,0,0,0,0,0
121935,1,1,1982,16,19,10,7,13,20,13,22,21,32
121936,1,1,1982,31,31,2,23,16,15,26,24,31,20
121936,2,1,1982,0,0,0,0,0,0,0,0,0,16
121937,0,1,1982,24,15,0,0,16,0,15,13,14,0
121937,1,1,1982,34,15,19,0,0,0,8,34,9,16
121939,0,1,1982,0,0,0,6,0,0,0,0,0,0
121939,0,2,1982,0,0,0,0,0,0,0,0,0,0
121939,1,1,1982,0,0,0,0,0,0,0,0,0,0
121940,1,1,1982,0,0,0,0,0,0,0,0,0,13
121941,1,1,1982,0,0,0,0,0,0,0,0,0,0
121941,2,1,1982,0,0,0,0,0,0,0,0,0,0
121942,0,1,1982,0,0,0,19,0,0,0,0,0,0
121942,1,1,1982,0,0,0,0,0,0,0,0,0,0
121943,0,1,1982,7,14,19,0,0,0,28,0,0,31
121943,1,1,1982,15,15,15,15,15,15,15,15,15,15
121944,1,1,1982,13,8,15,0,9,10,19,0,16,0
121944,2,1,1982,6,24,21,28,23,12,11,6,11,18
121945,1,1,1982,0,0,0,23,0,0,0,0,0,0
121946,1,1,1982,0,0,0,0,18,0,0,0,8,0
121947,0,1,1982,0,15,12,0,14,0,0,19,0,0
121947,1,1,1982,0,0,14,4,0,12,17,0,26,12
121948,0,1,1982,0,34,0,0,0,0,0,29,5,0
121948,1,1,1982,0,0,0,0,0,0,0,0,0,0
121949,1,1,1982,0,0,0,0,0,0,0,0,0,0
121949,2,1,1982,0,0,0,0,0,0,0,0,0,0
121949,3,1,1982,0,0,0,0,0,0,0,0,0,0
121950,1,1,1982,15,26,10,0,11,18,15,0,0,11
121950,2,1,1982,0,0,0,0,0,0,0,0,10,0
121951,1,1,1982,20,0,6,22,0,0,15,10,0,0
121952,0,1,1982,0,0,0,0,11,14,9,0,0,0
121952,1,1,1982,24,13,23,11,0,17,22,0,33,32
121953,1,1,1982,0,16,0,0,15,13,5,0,16,10
121953,2,1,1982,12,12,12,12,12,12,12,12,12,12
121954,1,1,1982,18,18,18,18,18,18,18,18,18,18
121955,0,1,1982,21,4,0,13,0,0,8,0,19,0
121955,1,1,1982,15,15,15,15,15,15,15,15,15,15
121956,1,1,1982,5,7,0,18,0,0,0,6,0,0
121957,1,1,1982,15,0,0,0,0,21,14,0,19,6
121958,1,1,1982,29,20,9,16,19,20,40,17,18,21
121959,0,1,1982,0,0,0,0,0,0,0,0,0,0
121959,1,1,1982,4,0,0,0,0,0,0,0,0,0
121960,1,1,1982,0,0,0,0,0,14,0,10,0,14
121960,2,1,1982,0,0,0,0,0,0,0,0,0,0
121961,1,1,1982,0,0,0,0,0,0,0,0,0,0
121961,2,1,1982,0,0,0,0,0,0,0,0,0,0
121962,0,1,1982,0,0,0,0,0,0,0,0,0,0
121962,1,1,1982,0,0,0,0,6,0,0,0,0,0
121963,1,1,1982,17,20,16,16,17,9,11,26,16,12
121964,1,1,1982,16,18,21,24,26,16,41,0,22,20
121965,1,1,1982,4,0,2,9,23,23,6,0,0,19
121965,2,1,1982,0,0,0,0,0,0,0,0,0,0
121965,3,1,1982,0,0,7,0,0,0,0,0,3,0
121966,1,1,1982,0,0,25,17,0,0,0,27,0,0
121967,1,1,1982,0,0,0,0,0,0,0,0,0,0
121967,2,1,1982,0,0,23,0,0,0,0,0,0,0
121968,1,1,1982,0,0,0,20,16,8,29,0,0,21
121969,0,1,1982,17,6,2,13,16,37,14,18,19,15
121969,1,1,1982,0,0,0,0,0,0,11,0,0,0
121970,0,1,1982,30,19,0,0,0,8,9,0,0,7
121970,1,1,1982,27,8,23,0,0,0,0,21,14,19
121971,0,1,1982,0,0,0,0,0,0,0,0,0,18
121971,1,1,1982,0,0,9,0,0,0,0,9,12,0
121972,0,1,1982,0,0,0,0,0,0,0,0,0,0
121972,1,1,1982,0,0,0,0,0,0,0,0,0,0
121973,1,1,1982,0,0,0,0,0,0,0,0,6,0
121974,1,1,1982,0,22,0,10,26,11,0,11,16,0
121975,0,1,1982,48,22,32,37,16,21,15,16,26,26
121975,1,1,1982,0,0,0,0,0,0,0,0,20,0
121976,1,1,1982,0,0,0,0,0,0,0,0,0,0
121976,2,1,1982,18,28,16,28,22,15,25,14,12,14
121977,1,1,1982,15,14,7,9,13,12,13,33,9,26
121978,1,1,1982,0,0,0,0,0,0,0,0,0,0
121978,2,1,1982,0,0,0,0,0,0,0,0,0,0
121979,1,1,1982,0,0,0,11,14,19,0,19,4,0
121980,1,1,1982,0,19,11,0,0,0,0,20,24,9
121981,0,1,1982,0,0,0,20,15,14,29,29,0,28
121981,1,1,1982,11,17,14,10,18,20,10,15,10,0
121982,1,1,1982,20,15,30,27,26,9,7,28,9,14
121983,1,1,1982,0,0,0,0,0,0,0,0,0,0
121983,2,1,1982,0,0,0,0,0,6,0,0,0,0
121984,1,1,1982,22,22,19,19,12,0,14,0,6,17
121984,2,1,1982,0,0,0,0,0,0,0,0,0,0
121985,1,1,1982,2,8,20,8,0,24,24,9,25,16
121986,0,1,1982,0,0,0,0,0,0,7,0,0,0
121986,1,1,1982,0,0,0,0,17,0,0,0,0,9
121987,0,1,1982,0,0,0,0,0,0,0,0,0,0
121987,1,1,1982,0,0,0,0,0,0,0,0,0,0
121987,2,1,1982,0,0,16,17,0,0,0,17,0,5
121988,1,1,1982,3,21,16,16,15,0,14,13,13,20
121989,1,1,1982,0,0,0,0,0,0,11,0,0,0
121989,2,1,1982,0,0,0,0,0,0,0,0,0,0
121990,1,1,1982,10,0,0,19,0,13,0,8,2,18
121991,1,1,1982,15,15,15,15,15,15,15,15,15,15
121992,1,1,1982,0,0,0,0,0,0,0,0,20,0
121993,1,1,1982,0,0,0,0,0,0,0,0,0,0
121993,2,1,1982,0,14,0,28,0,0,20,0,0,0
121994,0,1,1982,23,21,24,11,16,24,33,27,30,27
121994,1,1,1982,28,0,20,23,18,0,0,10,15,21
121995,1,1,1982,0,0,24,0,0,0,0,0,0,0
121995,2,1,1982,0,0,0,0,0,0,0,0,0,0
121996,0,1,1982,24,8,29,14,23,15,17,28,25,22
121996,1,1,1982,0,0,0,0,0,0,0,0,0,0
121997,1,1,1982,0,0,0,0,0,0,0,0,0,0
121997,2,1,1982,0,0,0,0,0,0,0,0,0,0
121998,0,1,1982,26,18,29,18,21,11,37,18,11,29
121998,1,1,1982,0,0,0,0,0,0,0,0,0,0
121999,0,1,1982,10,15,29,30,24,19,18,17,22,33
121999,1,1,1982,0,0,0,0,0,0,0,0,0,0
122000,1,1,1982,0,0,0,0,0,0,0,0,0,0
122000,2,1,1982,0,0,0,0,0,0,0,17,0,0
122001,1,1,1982,22,20,37,13,20,23,19,9,22,12
122001,2,1,1982,0,0,0,0,4,0,0,0,0,0
122002,1,1,1982,0,0,0,13,0,0,0,0,0,0
122002,2,1,1982,0,0,0,0,0,0,0,0,0,0
122003,1,1,1982,11,0,20,9,13,3,13,8,6,12
122003,2,1,1982,0,0,0,0,0,0,0,0,0,0
122004,1,1,1982,0,0,0,0,0,0,19,0,0,0
122005,1,1,1982,18,15,13,14,9,16,16,10,19,9
122005,2,1,1982,26,25,24,0,10,15,14,20,16,20
122006,1,1,1982,14,9,30,11,21,38,16,19,0,23
122007,1,1,1982,14,12,13,18,29,15,13,18,22,20
122007,2,1,1982,0,0,0,0,0,0,0,0,0,0
122008,1,1,1982,17,20,30,15,7,16,28,17,21,20
122009,1,1,1982,16,14,7,34,16,12,22,11,8,20
122010,1,1,1982,12,0,0,0,7,0,0,0,0,0
122010,2,1,1982,0,0,0,0,0,0,0,0,0,0
122011,1,1,1982,0,0,0,0,23,0,0,0,0,0
122012,1,1,1982,0,0,0,0,0,19,0,9,0,0
122013,1,1,1982,0,0,18,0,27,0,0,0,0,0
122013,2,1,1982,0,0,3,0,0,0,0,0,0,0
122014,1,1,1982,32,22,15,16,11,12,22,30,21,17
122015,1,1,1982,0,0,0,0,0,0,0,0,0,0
122015,2,1,1982,0,0,0,0,0,0,0,0,0,0
122016,0,1,1982,0,0,0,0,0,0,0,0,0,0
122016,1,1,1982,0,0,0,0,0,0,0,0,0,0
122017,1,1,1982,0,0,0,0,0,0,0,0,0,0
122017,2,1,1982,0,0,0,0,0,0,0,0,0,0
122017,3,1,1982,0,0,0,0,0,0,0,0,0,0
122018,1,1,1982,26,24,0,20,18,9,21,29,25,22
122019,1,1,1982,0,0,0,0,0,0,0,0,0,0
122019,2,1,1982,0,0,0,0,0,0,0,0,0,0
122020,0,1,1982,0,0,0,0,0,0,0,0,0,0
122020,1,1,1982,0,0,0,0,0,0,0,0,0,0
122021,1,1,1982,10,12,13,3,12,17,19,28,9,9
122021,2,1,1982,13,24,10,6,10,32,16,21,24,17
122022,1,1,1982,8,21,27,0,0,10,14,31,12,1
122022,2,1,1982,0,0,0,0,0,0,0,0,0,0
122023,1,1,1982,10,12,13,21,31,19,20,20,7,29
122024,1,1,1982,0,0,0,0,0,0,0,0,0,0
122025,1,1,1982,0,0,0,0,0,0,0,0,0,0
122025,2,1,1982,0,0,0,0,0,0,0,0,0,0
122026,0,1,1982,22,34,9,22,0,16,45,18,20,24
122026,1,1,1982,38,19,23,0,0,14,0,19,0,0
122027,1,1,1982,31,9,6,19,18,30,20,27,17,15
122027,2,1,1982,0,0,0,0,0,0,0,0,0,18
122028,1,1,1982,62,62,62,62,62,62,62,62,62,62
122028,2,1,1982,0,0,0,0,0,0,0,0,0,0
122028,3,1,1982,0,0,0,0,0,0,0,14,0,0
122029,0,1,1982,11,0,0,0,0,0,0,0,22,35
122029,1,1,1982,29,33,17,21,10,16,7,44,14,10
122030,1,1,1982,34,13,21,0,17,14,6,7,33,10
122031,0,1,1982,0,0,28,22,0,4,0,0,0,0
122031,1,1,1982,0,0,0,0,0,0,0,0,0,0
122032,0,1,1982,0,0,0,0,0,0,0,0,0,0
122032,1,1,1982,0,0,0,0,0,0,0,0,0,0
122033,0,1,1982,0,0,12,24,0,14,0,0,31,3
122033,1,1,1982,33,11,3,12,15,13,7,13,18,15
122034,0,1,1982,0,22,0,0,19,0,7,10,0,0
122034,1,1,1982,6,12,25,11,7,20,32,16,14,11
122034,2,1,1982,14,19,17,5,28,6,22,27,22,22
122034,3,1,1982,0,0,0,0,0,0,0,0,0,0
122035,1,1,1982,28,0,0,0,0,0,0,15,0,0
122036,0,1,1982,34,0,0,18,12,11,0,9,15,0
122036,1,1,1982,0,0,0,0,0,0,0,0,0,0
122037,0,1,1982,0,0,0,0,0,0,0,0,0,0
122037,1,1,1982,0,0,0,0,0,0,0,0,0,0
122038,0,1,1982,0,0,0,0,0,13,0,7,0,6
122038,1,1,1982,0,0,7,0,0,17,0,0,0,0
122039,1,1,1982,0,0,0,0,0,0,0,0,0,0
122039,2,1,1982,0,0,0,0,0,0,12,0,0,0
122039,3,1,1982,0,0,0,0,0,0,0,0,0,0
122040,1,1,1982,0,0,0,0,0,0,0,0,0,0
122040,2,1,1982,5,0,11,11,0,0,14,0,8,10
122041,0,1,1982,0,0,0,0,0,0,0,0,0,0
122041,1,1,1982,0,0,0,0,0,0,0,0,0,0
122042,1,1,1982,0,0,0,0,0,0,0,0,0,0
122042,2,1,1982,0,0,0,0,0,0,0,8,0,0
122043,0,1,1982,0,0,0,0,0,0,0,0,30,0
122043,1,1,1982,0,0,0,0,14,0,0,0,0,0
122044,1,1,1982,0,0,0,0,0,0,7,0,12,0
122045,0,1,1982,0,0,0,0,0,0,8,0,28,0
122045,1,1,1982,0,0,0,0,0,0,0,0,0,0
122046,1,1,1982,0,0,0,0,0,0,0,0,0,0
122046,2,1,1982,0,0,0,0,0,0,0,0,0,0
122047,1,1,1982,0,0,0,0,0,0,0,0,0,0
122047,2,1,1982,0,0,0,0,0,0,0,0,0,0
122047,3,1,1982,0,0,0,0,0,0,0,0,0,0
122048,1,1,1982,0,0,0,0,0,0,0,0,0,0
122048,2,1,1982,0,0,0,0,0,0,0,0,26,0
122049,1,1,1982,7,8,21,12,16,6,19,4,8,0
122050,1,1,1982,0,0,0,0,0,0,0,0,0,0
122050,2,1,1982,0,0,0,0,0,0,0,0,0,9
122051,0,1,1982,18,14,26,23,17,30,33,17,25,26
122051,1,1,1982,0,0,0,0,0,0,0,0,0,0
122052,0,1,1982,0,0,0,0,0,0,0,0,0,0
122052,1,1,1982,0,0,0,0,0,0,9,0,0,0
122053,1,1,1982,0,10,0,0,14,0,16,0,0,10
122053,2,1,1982,0,0,0,0,0,0,0,0,0,0
122054,1,1,1982,8,8,8,8,8,8,8,8,8,8
122054,2,1,1982,17,0,0,0,13,9,11,0,0,0
122055,0,1,1982,0,28,20,0,7,25,5,0,11,13
122055,1,1,1982,33,9,23,0,25,0,11,28,16,15
122056,1,1,1982,0,0,3,0,0,0,0,0,0,0
122056,2,1,1982,0,0,0,0,0,0,0,0,0,0
122057,1,1,1982,26,30,17,14,23,0,12,24,16,19
122057,2,1,1982,0,0,0,0,0,0,0,0,0,0
122058,0,1,1982,21,0,12,0,18,22,0,17,0,0
122058,1,1,1982,0,0,0,0,0,0,0,0,0,0
122059,1,1,1982,29,6,9,14,11,11,16,12,12,13
122059,2,1,1982,12,15,19,0,0,0,0,0,0,0
122060,0,1,1982,0,0,0,6,0,4,12,0,0,14
122060,1,1,1982,0,0,0,0,0,0,0,0,0,0
122061,0,1,1982,0,9,21,0,0,0,0,9,0,8
122061,0,2,1982,19,18,0,20,22,0,12,21,0,0
122061,0,3,1982,0,19,27,17,4,0,7,10,0,0
122061,1,1,1982,3,3,3,3,3,3,3,3,3,3
122062,1,1,1982,11,9,0,25,0,12,0,18,0,0
122063,1,1,1982,0,0,0,0,0,0,0,0,11,0
122063,2,1,1982,0,0,0,0,0,0,0,0,0,7
122064,1,1,1982,0,0,0,0,0,0,0,0,0,0
122065,0,1,1982,0,0,0,0,0,20,0,0,4,0
122065,1,1,1982,0,0,0,0,21,0,24,0,0,0
122066,0,1,1982,0,0,7,0,0,0,0,0,0,25
122066,1,1,1982,0,0,0,0,0,0,0,0,0,0
122067,1,1,1982,37,5,23,0,5,0,17,10,0,27
122068,0,1,1982,0,12,0,0,0,0,6,13,0,0
122068,1,1,1982,0,0,0,0,0,0,0,0,0,0
122069,1,1,1982,0,0,14,0,0,0,0,0,0,0
122070,0,1,1982,0,0,0,0,0,0,0,0,0,0
122070,1,1,1982,0,0,0,0,0,0,0,0,0,0
122071,0,1,1982,0,8,0,0,0,0,15,0,0,0
122071,1,1,1982,0,0,0,0,0,0,0,0,0,0
122072,1,1,1982,8,8,8,8,8,8,8,8,8,8
122072,2,1,1982,11,0,0,0,0,0,0,0,6,0
122073,0,1,1982,28,0,5,36,31,25,13,18,7,9
122073,1,1,1982,0,0,0,0,0,0,0,0,0,0
122074,1,1,1982,14,24,19,32,24,12,20,25,28,17
122075,0,1,1982,0,0,0,0,0,0,14,0,0,18
122075,1,1,1982,0,0,0,0,0,0,0,0,0,0
122076,1,1,1982,12,25,20,20,20,25,25,28,26,27
122076,2,1,1982,0,0,0,0,3,0,0,0,0,0
122077,1,1,1982,0,20,20,7,32,15,30,24,24,20
122078,0,1,1982,14,0,0,0,9,0,11,0,6,0
122078,0,2,1982,0,21,0,8,7,0,12,0,6,0
122078,1,1,1982,12,12,20,23,27,21,19,11,18,0
122079,1,1,1982,0,30,0,14,0,11,5,9,10,14
122079,2,1,1982,0,0,0,0,0,0,0,0,0,0
122080,1,1,1982,0,0,0,6,0,0,0,0,0,0
122081,1,1,1982,0,0,0,0,0,0,0,0,0,0
122081,2,1,1982,0,0,0,0,0,0,0,0,0,0
122082,1,1,1982,0,0,3,0,10,0,16,0,17,6
122083,1,1,1982,29,0,12,0,10,0,16,21,0,11
122084,1,1,1982,9,12,9,0,21,10,13,14,21,0
122085,0,1,1982,27,0,10,7,15,17,8,0,11,0
122085,1,1,1982,0,0,0,0,9,0,0,26,0,0
122086,1,1,1982,0,0,0,0,0,0,0,0,0,0
122086,2,1,1982,0,0,0,0,0,0,0,0,0,0
122087,1,1,1982,0,0,0,0,0,0,0,0,0,0
122087,2,1,1982,0,0,0,0,0,0,0,0,0,0
122088,1,1,1982,0,0,0,0,0,0,0,0,7,0
122089,1,1,1982,0,0,0,0,0,0,0,0,0,0
122090,0,1,1982,0,0,0,0,7,0,0,0,0,0
122090,1,1,1982,0,0,11,0,0,0,0,0,0,0
122091,1,1,1982,22,22,22,22,22,22,22,22,22,22
122091,2,1,1982,0,0,0,13,0,15,13,0,0,0
122092,1,1,1982,20,0,11,26,12,25,16,27,26,21
122092,2,1,1982,15,9,15,20,10,16,5,26,13,24
122093,1,1,1982,9,0,0,0,0,9,0,0,0,0
122094,1,1,1982,0,0,18,0,0,0,0,0,0,0
122094,2,1,1982,0,0,0,0,0,0,0,0,0,0
122095,0,1,1982,13,13,13,13,13,13,13,13,13,13
122095,1,1,1982,0,0,0,0,0,0,0,24,5,0
122096,1,1,1982,8,6,31,9,13,23,19,16,11,7
122097,0,1,1982,0,0,11,0,0,0,18,0,0,0
122097,1,1,1982,0,0,0,0,0,12,0,0,0,0
122098,1,1,1982,0,0,0,22,0,0,0,16,0,0
122099,1,1,1982,0,0,0,0,0,0,0,0,0,0
122099,2,1,1982,0,0,0,0,0,0,0,0,0,0
122099,3,1,1982,0,0,0,19,0,0,0,0,0,14
122100,0,1,1982,0,0,0,0,0,0,0,0,0,0
122100,1,1,1982,0,0,0,0,0,0,0,0,0,0
122101,1,1,1982,0,0,0,0,0,0,0,0,0,0
122101,2,1,1982,0,0,0,0,0,0,0,15,0,0
122102,0,1,1982,0,0,0,0,0,0,19,0,0,0
122102,1,1,1982,0,0,0,0,0,0,0,0,0,0
122103,0,1,1982,49,0,0,0,0,0,21,15,0,0
122103,1,1,1982,0,0,0,0,8,0,0,0,0,0
122104,1,1,1982,0,0,0,0,0,0,0,0,0,0
122105,1,1,1982,13,13,13,13,13,13,13,13,13,13
122106,1,1,1982,4,6,8,11,11,24,17,17,15,7
122106,2,1,1982,0,0,0,0,0,0,0,0,0,0
122106,3,1,1982,0,0,0,0,0,0,0,0,0,0
122107,0,1,1982,0,0,0,10,0,0,0,19,0,4
122107,1,1,1982,2,0,0,18,0,7,7,0,0,0
122108,1,1,1982,26,26,26,26,26,26,26,26,26,26
122108,2,1,1982,23,23,23,23,23,23,23,23,23,23
122109,1,1,1982,0,0,0,0,0,0,0,0,0,0
122109,2,1,1982,0,0,0,0,0,0,0,0,0,0
122110,1,1,1982,0,0,0,0,0,0,0,0,0,0
122110,2,1,1982,0,0,0,0,0,0,0,0,0,0
122111,0,1,1982,17,0,0,12,27,0,20,0,0,0