ST_CASE,VEH_NO,PER_NO,YEAR,P1,P2,P3,P4,P5,P6,P7,P8,P9,P10
122111,1,1,1982,0,0,23,0,0,0,0,0,0,0
122112,0,1,1982,0,6,0,11,0,0,0,0,0,0
122112,1,1,1982,0,0,0,0,0,0,0,0,0,0
122113,1,1,1982,0,0,0,0,0,0,0,0,0,0
122113,2,1,1982,0,0,0,0,0,0,0,0,16,0
122114,1,1,1982,0,0,0,0,0,0,0,0,0,0
122114,2,1,1982,0,0,0,0,0,0,0,0,0,0
122115,1,1,1982,13,5,26,17,22,28,0,11,12,12
122116,1,1,1982,23,0,12,33,16,22,28,28,21,26
122116,2,1,1982,25,10,25,17,15,35,25,9,20,15
122117,0,1,1982,0,0,0,0,0,0,0,0,0,0
122117,1,1,1982,0,0,0,0,0,0,0,0,0,0
122118,0,1,1982,0,0,0,0,0,0,0,0,0,0
122118,1,1,1982,0,0,0,0,0,0,0,5,0,0
122119,1,1,1982,12,13,33,8,19,17,14,13,16,0
122119,2,1,1982,0,0,11,0,0,0,7,0,5,0
122120,1,1,1982,17,0,8,0,11,21,18,20,0,12
122120,2,1,1982,0,0,0,5,0,0,0,0,0,0
122120,3,1,1982,0,0,0,9,0,0,0,12,0,0
122121,1,1,1982,0,0,17,0,0,0,0,0,0,0
122121,2,1,1982,0,0,0,0,0,13,0,0,0,0
122121,3,1,1982,0,0,0,0,0,0,0,0,0,0
122122,1,1,1982,0,0,0,0,0,0,0,0,0,0
122122,2,1,1982,0,0,0,0,9,0,0,0,0,0
122123,1,1,1982,0,0,0,12,0,0,0,0,0,0
122123,2,1,1982,5,0,0,18,4,10,11,0,27,19
122124,1,1,1982,0,0,0,0,0,0,0,0,0,0
122124,2,1,1982,0,0,0,0,8,0,0,0,0,0
122125,1,1,1982,0,0,0,0,0,0,0,0,0,0
122125,2,1,1982,0,0,20,0,0,0,0,0,0,0
122125,3,1,1982,0,0,0,0,0,0,0,0,0,0
122126,0,1,1982,19,0,0,30,0,28,0,30,0,20
122126,1,1,1982,0,0,0,32,0,6,0,0,0,0
122127,1,1,1982,0,0,0,0,0,0,0,0,0,7
122128,0,1,1982,28,25,25,3,9,30,17,27,23,0
122128,1,1,1982,0,0,0,6,0,0,0,17,4,0
122129,0,1,1982,0,16,0,0,11,0,0,0,0,0
122129,1,1,1982,19,26,23,20,18,8,9,13,19,20
122130,1,1,1982,0,0,0,0,0,0,0,0,0,0
122130,2,1,1982,0,0,0,0,0,29,0,0,0,0
122131,1,1,1982,0,0,0,0,0,0,19,0,0,0
122131,2,1,1982,0,0,0,0,0,0,0,0,0,0
122132,0,1,1982,0,0,0,0,4,0,0,0,0,5
122132,1,1,1982,0,0,0,16,0,0,0,0,0,0
122133,1,1,1982,0,0,0,0,0,0,0,0,0,0
122133,2,1,1982,0,0,0,13,0,0,0,0,0,0
122134,1,1,1982,0,0,0,11,0,0,0,13,4,17
122135,1,1,1982,0,0,0,35,0,0,0,0,0,0
122135,2,1,1982,0,0,0,0,0,0,0,0,17,0
122136,0,1,1982,0,0,0,0,0,10,0,0,0,13
122136,0,2,1982,0,0,15,0,0,0,0,0,0,0
122136,0,3,1982,0,0,0,0,0,0,0,0,0,0
122136,1,1,1982,11,22,0,0,0,0,0,0,0,0
122137,1,1,1982,17,17,0,11,17,0,22,9,18,12
122138,0,1,1982,0,0,0,0,0,0,0,0,0,0
122138,1,1,1982,0,0,11,0,0,0,0,0,0,0
122139,0,1,1982,23,22,18,16,16,28,36,33,15,7
122139,1,1,1982,0,0,0,0,0,0,0,0,15,0
122140,1,1,1982,13,21,0,0,0,0,0,0,0,0
122140,2,1,1982,0,0,0,0,0,0,0,0,0,0
122141,1,1,1982,0,0,0,0,0,0,0,0,0,0
122141,2,1,1982,0,0,0,0,0,0,0,0,0,0
122142,1,1,1982,11,18,0,0,0,10,0,0,0,0
122142,2,1,1982,0,0,0,0,0,0,0,0,0,0
122142,3,1,1982,8,8,8,8,8,8,8,8,8,8
122143,1,1,1982,11,22,6,19,14,26,22,13,32,29
122144,1,1,1982,34,0,0,35,0,0,10,0,0,0
122145,0,1,1982,0,0,0,0,0,0,0,0,0,0
122145,1,1,1982,0,0,0,0,0,0,15,0,0,0
122146,1,1,1982,0,0,0,22,0,0,0,0,0,0
122147,0,1,1982,0,0,4,0,0,0,0,0,4,0
122147,1,1,1982,0,15,2,12,13,0,0,30,31,10
122148,0,1,1982,0,0,0,0,0,0,0,0,0,0
122148,1,1,1982,0,0,0,0,0,0,0,0,0,0
122149,1,1,1982,0,0,0,0,0,0,0,0,0,0
122149,2,1,1982,0,0,0,0,0,0,0,0,0,0
122150,1,1,1982,0,0,0,0,0,0,0,0,0,0
122150,2,1,1982,0,0,0,0,0,0,0,0,0,0
122151,0,1,1982,0,0,0,0,0,27,0,0,13,0
122151,1,1,1982,0,0,19,11,0,0,17,0,0,0
122152,0,1,1982,0,0,0,0,0,0,0,0,0,0
122152,1,1,1982,0,0,0,0,0,0,0,0,0,0
122153,1,1,1982,0,0,0,0,0,0,0,0,0,0
122153,2,1,1982,0,0,0,0,0,0,0,0,0,0
122154,1,1,1982,0,0,0,0,0,0,0,0,0,0
122155,1,1,1982,8,0,0,10,18,0,0,16,0,8
122155,2,1,1982,0,0,0,0,0,0,0,0,0,0
122156,0,1,1982,0,4,0,25,0,0,12,19,6,0
122156,0,2,1982,0,0,0,0,5,16,0,21,0,0
122156,0,3,1982,0,0,0,0,9,0,0,0,0,0
122156,1,1,1982,34,21,25,0,3,0,17,31,28,12
122157,1,1,1982,21,21,21,21,21,21,21,21,21,21
122158,1,1,1982,24,12,14,0,25,13,18,27,12,7
122158,2,1,1982,0,0,0,0,0,0,0,0,0,0
122159,1,1,1982,15,20,4,7,10,25,16,0,17,17
122159,2,1,1982,0,3,0,0,18,0,11,0,21,15
122160,1,1,1982,18,17,30,19,8,19,30,25,9,39
122161,1,1,1982,3,15,10,25,13,18,16,26,22,21
122162,0,1,1982,0,0,0,0,0,8,0,0,0,0
122162,1,1,1982,0,0,0,0,0,0,0,0,0,0
122163,1,1,1982,23,13,21,8,15,31,14,21,19,13
122164,1,1,1982,13,13,13,13,13,13,13,13,13,13
122165,0,1,1982,18,0,0,15,0,27,0,21,0,0
122165,1,1,1982,3,3,3,3,3,3,3,3,3,3
122166,0,1,1982,20,28,0,0,7,0,0,0,0,0
122166,1,1,1982,0,0,0,0,0,0,0,0,0,0
122167,0,1,1982,0,15,20,0,24,0,0,8,0,0
122167,1,1,1982,10,10,10,10,10,10,10,10,10,10
122167,2,1,1982,0,14,0,0,0,23,0,0,0,0
122167,3,1,1982,0,0,10,0,22,0,0,22,0,0
122168,0,1,1982,0,0,0,0,0,0,0,0,0,2
122168,1,1,1982,0,0,23,43,28,8,0,69,0,8
122169,1,1,1982,14,0,0,10,18,0,0,20,21,21
122170,1,1,1982,0,0,0,0,0,0,0,33,27,0
122170,2,1,1982,19,0,16,0,13,0,19,16,0,6
122171,1,1,1982,17,23,7,17,13,20,23,17,16,23
122172,0,1,1982,0,0,0,0,0,0,10,0,0,0
122172,1,1,1982,0,0,0,0,0,0,0,0,0,0
122173,0,1,1982,44,19,22,12,12,26,44,22,21,19
122173,1,1,1982,0,0,0,0,0,0,0,0,19,0
122174,1,1,1982,10,34,23,36,16,4,13,18,10,19
122174,2,1,1982,24,14,21,17,6,20,24,18,14,14
122175,1,1,1982,0,0,0,0,0,0,0,0,0,0
122175,2,1,1982,0,0,0,0,0,0,0,0,0,0
122175,3,1,1982,0,0,0,0,0,0,0,0,0,0
122176,1,1,1982,0,0,5,4,0,0,0,8,0,0
122176,2,1,1982,0,0,0,0,0,0,0,0,0,0
122177,0,1,1982,0,0,0,0,0,0,0,0,0,0
122177,1,1,1982,0,0,0,0,0,0,0,0,0,0
122178,1,1,1982,0,0,23,0,0,0,0,23,0,14
122178,2,1,1982,0,0,0,0,0,0,0,0,0,0
122179,1,1,1982,13,2,0,9,4,18,25,29,5,10
122180,0,1,1982,0,0,20,0,0,0,11,13,0,0
122180,1,1,1982,11,28,15,0,0,0,0,10,18,14
122181,1,1,1982,19,19,19,19,19,19,19,19,19,19
122182,1,1,1982,0,0,0,0,0,0,0,0,0,0
122182,2,1,1982,0,0,0,0,0,0,0,0,0,0
122183,0,1,1982,0,0,0,0,0,0,0,0,0,0
122183,1,1,1982,0,0,0,0,0,0,0,0,0,0
122184,0,1,1982,26,0,0,0,0,0,28,0,0,0
122184,1,1,1982,0,0,0,0,0,0,0,0,0,0
122185,1,1,1982,0,0,12,0,26,0,23,0,35,0
122185,2,1,1982,0,0,0,0,0,0,0,0,0,0
122186,1,1,1982,63,63,63,63,63,63,63,63,63,63
122186,2,1,1982,0,0,0,0,0,0,0,0,15,0
122186,3,1,1982,0,17,0,0,0,0,0,0,0,0
122186,4,1,1982,0,0,0,0,0,0,17,0,0,0
122186,5,1,1982,0,0,0,0,0,0,0,0,0,0
122187,1,1,1982,17,7,9,10,6,11,6,0,14,17
122187,2,1,1982,0,14,0,0,0,0,0,0,15,0
122188,1,1,1982,0,0,0,8,0,12,0,10,18,10
122189,1,1,1982,23,20,0,10,0,0,33,17,24,32
122190,0,1,1982,29,38,30,16,12,8,16,42,17,19
122190,1,1,1982,0,0,0,0,0,0,0,0,0,0
122191,1,1,1982,18,18,18,18,18,18,18,18,18,18
122192,0,1,1982,10,6,9,0,14,28,24,12,4,24
122192,1,1,1982,0,0,0,0,0,0,0,0,7,0
122193,1,1,1982,0,0,0,0,0,0,0,0,0,0
122193,2,1,1982,0,0,0,0,0,0,0,0,0,0
122194,0,1,1982,0,0,0,10,0,18,5,0,6,0
122194,0,2,1982,22,14,0,7,0,11,0,0,0,0
122194,0,3,1982,11,23,0,0,0,0,0,0,17,6
122194,1,1,1982,23,0,5,0,37,33,0,0,3,14
122195,1,1,1982,16,16,16,16,16,16,16,16,16,16
122196,0,1,1982,22,22,18,23,16,18,45,43,20,18
122196,1,1,1982,8,16,17,17,15,4,11,18,13,13
122197,1,1,1982,0,0,0,0,0,0,5,0,0,0
122198,0,1,1982,0,15,0,0,0,0,0,0,7,0
122198,1,1,1982,0,0,0,0,0,0,0,0,0,0
122199,1,1,1982,0,0,0,0,0,0,0,0,0,0
122199,2,1,1982,0,0,0,13,0,0,3,0,0,0
122200,1,1,1982,17,21,14,0,14,12,11,13,21,9
122201,1,1,1982,22,30,6,21,0,29,24,28,0,0
122202,1,1,1982,0,0,0,0,0,0,0,0,0,0
122202,2,1,1982,0,0,0,0,0,0,0,0,8,0
122203,1,1,1982,0,0,0,0,0,0,0,0,0,0
122203,2,1,1982,0,0,0,0,0,0,0,0,0,0
122204,0,1,1982,0,8,0,0,27,18,0,0,0,0
122204,1,1,1982,0,0,0,0,0,0,0,0,0,12
122205,1,1,1982,40,18,17,23,17,19,23,31,17,21
122206,1,1,1982,0,0,0,0,0,0,0,0,0,0
122206,2,1,1982,0,0,0,0,0,0,0,0,0,0
122206,3,1,1982,0,0,0,0,0,0,0,0,0,0
122207,1,1,1982,9,24,32,17,7,16,0,30,19,20
122208,0,1,1982,21,21,21,21,21,21,21,21,21,21
122208,1,1,1982,0,0,0,0,0,0,0,0,0,0
122209,0,1,1982,0,6,29,0,0,0,22,0,15,0
122209,1,1,1982,10,10,10,10,10,10,10,10,10,10
122209,2,1,1982,0,0,0,0,0,0,0,0,0,0
122210,0,1,1982,28,29,14,15,15,15,8,29,20,16
122210,1,1,1982,0,13,0,0,0,0,0,0,0,0
122211,0,1,1982,25,25,25,25,25,25,25,25,25,25
122211,1,1,1982,0,0,0,0,0,0,0,0,0,0
122211,2,1,1982,0,0,0,0,0,0,0,0,0,0
122212,0,1,1982,0,0,0,0,0,0,0,0,0,0
122212,1,1,1982,0,0,0,0,0,0,0,0,0,0
122212,2,1,1982,0,0,0,0,0,0,0,0,0,0
122213,1,1,1982,0,0,22,0,0,0,0,0,0,13
122214,1,1,1982,0,0,0,0,0,0,0,0,0,0
122214,2,1,1982,0,0,0,0,0,0,0,0,0,0
122215,1,1,1982,0,0,0,0,0,0,0,0,0,0
122215,2,1,1982,0,0,0,0,0,0,0,0,0,0
122216,1,1,1982,6,18,22,5,27,11,15,27,8,20
122216,2,1,1982,3,8,13,0,7,1,17,3,7,18
122217,1,1,1982,18,18,28,27,28,14,40,21,10,28
122218,1,1,1982,9,20,10,0,0,12,0,0,8,4
122218,2,1,1982,0,0,0,0,0,0,0,0,0,0
122219,1,1,1982,13,5,18,0,0,17,22,0,0,21
122219,2,1,1982,74,74,74,74,74,74,74,74,74,74
122221,0,1,1982,0,0,0,18,0,20,14,21,0,0
122221,1,1,1982,19,21,12,6,6,12,0,0,8,0
122222,0,1,1982,0,28,26,23,0,4,0,39,29,13
122222,1,1,1982,0,0,0,4,0,0,0,0,0,0
122223,1,1,1982,0,0,0,0,0,20,0,0,0,0
122224,1,1,1982,0,0,0,0,0,0,0,0,0,0
122224,2,1,1982,0,0,0,0,0,13,0,0,0,0
122224,3,1,1982,0,0,0,0,0,0,0,0,0,0
122225,0,1,1982,11,14,30,10,25,34,32,22,36,25
122225,1,1,1982,13,20,20,20,6,0,22,38,18,9
122226,1,1,1982,0,0,0,0,0,0,0,0,0,0
122226,2,1,1982,0,0,0,0,0,0,0,0,0,0
122226,3,1,1982,0,0,0,0,0,0,0,0,0,0
122227,1,1,1982,0,0,0,0,0,0,0,0,0,0
122227,2,1,1982,0,0,0,0,0,0,0,0,0,0
122228,1,1,1982,0,0,0,0,8,0,0,0,0,0
122228,2,1,1982,0,0,0,0,0,12,0,0,0,0
122229,1,1,1982,21,21,21,21,21,21,21,21,21,21
122230,1,1,1982,0,9,10,20,9,18,0,0,17,0
122231,0,1,1982,0,0,0,7,0,0,0,0,0,0
122231,1,1,1982,16,16,14,8,3,17,12,8,11,28
122232,0,1,1982,0,15,0,0,0,29,9,0,0,0
122232,1,1,1982,0,0,0,0,0,0,0,0,0,17
122233,0,1,1982,15,0,0,3,0,27,0,15,9,0
122233,1,1,1982,0,0,0,0,0,0,0,0,0,0
122234,1,1,1982,12,9,10,9,6,7,14,9,4,6
122234,2,1,1982,16,23,13,15,13,11,13,23,19,8
122235,0,1,1982,0,0,0,0,0,0,21,0,0,0
122235,0,2,1982,0,27,0,17,20,23,18,19,0,0
122235,1,1,1982,0,0,0,0,15,13,0,0,0,0
122236,1,1,1982,28,26,19,22,11,15,16,23,13,12
122236,2,1,1982,12,10,0,0,0,0,0,0,0,0
122237,1,1,1982,17,19,0,0,0,13,0,9,0,9
122237,2,1,1982,0,0,0,0,0,0,0,0,0,0
122237,3,1,1982,0,0,0,0,0,0,0,0,0,0
122238,0,1,1982,0,0,0,0,0,0,0,0,0,0
122238,1,1,1982,0,0,0,0,0,0,0,0,0,0
122239,1,1,1982,0,0,0,0,0,0,0,0,0,0
122239,2,1,1982,0,0,0,0,0,4,0,0,4,0
122240,1,1,1982,3,26,12,15,20,0,34,20,33,32
122241,0,1,1982,0,0,15,24,8,0,0,0,0,0
122241,1,1,1982,0,0,0,0,0,0,0,0,0,0
122242,1,1,1982,20,14,25,18,9,16,15,15,21,9
122243,1,1,1982,18,12,0,39,21,17,19,24,0,35
122244,0,1,1982,11,28,32,19,30,20,16,23,38,19
122244,0,2,1982,0,0,0,0,10,0,0,11,13,9
122244,1,1,1982,20,17,19,10,13,23,22,0,5,12
122245,1,1,1982,12,20,13,32,0,11,0,25,21,20
122245,2,1,1982,0,0,0,0,0,0,0,0,0,0
122246,1,1,1982,0,0,0,0,0,0,0,0,0,0
122247,1,1,1982,0,0,0,0,0,0,0,0,0,0
122247,2,1,1982,0,0,0,0,0,0,0,0,0,0
122248,0,1,1982,20,20,20,20,20,20,20,20,20,20
122248,1,1,1982,44,13,18,14,18,20,11,24,13,0
122249,1,1,1982,6,11,8,24,0,27,11,8,0,16
122249,2,1,1982,0,0,0,0,0,0,0,0,0,0
122249,3,1,1982,0,0,0,0,0,0,0,0,0,0
122250,1,1,1982,0,0,0,0,0,0,0,0,0,0
122250,2,1,1982,0,0,0,0,0,0,0,0,0,0
122251,1,1,1982,9,20,0,24,26,0,16,11,18,15
122251,2,1,1982,0,0,0,0,0,0,0,0,0,0
122252,1,1,1982,0,0,0,0,0,0,0,0,0,0
122252,2,1,1982,0,0,0,0,0,0,0,0,0,0
122253,0,1,1982,0,0,0,0,0,0,0,0,0,0
122253,1,1,1982,0,0,0,10,0,0,0,0,0,0
122254,1,1,1982,0,0,0,0,0,0,0,27,12,0
122254,2,1,1982,10,11,23,21,16,10,41,17,19,17
122255,1,1,1982,0,0,0,0,0,20,0,0,20,12
122255,2,1,1982,23,0,16,25,6,28,0,12,18,25
122255,3,1,1982,0,0,0,0,0,0,0,0,0,0
122256,1,1,1982,0,17,10,0,0,10,8,10,8,12
122257,1,1,1982,0,0,0,0,0,0,0,0,0,0
122257,2,1,1982,31,0,19,12,21,16,0,15,33,27
122258,1,1,1982,19,29,9,6,30,16,0,26,6,5
122258,2,1,1982,0,0,20,7,10,16,6,0,16,0
122258,3,1,1982,23,25,18,10,19,0,0,7,15,11
122259,1,1,1982,0,0,0,0,0,0,0,0,0,0
122259,2,1,1982,0,0,0,0,0,0,0,0,0,0
122260,1,1,1982,0,0,0,0,0,0,0,0,0,0
122260,2,1,1982,0,0,0,0,0,0,0,0,0,0
122261,0,1,1982,35,14,0,0,0,0,17,0,0,0
122261,1,1,1982,27,10,10,32,21,13,29,14,15,15
122262,1,1,1982,0,17,20,30,33,26,40,21,14,22
122262,2,1,1982,0,0,0,1,0,0,0,0,2,0
122263,1,1,1982,0,13,23,34,14,6,26,20,25,14
122264,1,1,1982,0,0,0,0,0,0,0,0,0,0
122265,0,1,1982,22,23,27,34,23,21,10,16,24,43
122265,1,1,1982,2,0,20,13,16,11,3,26,17,6
122266,0,1,1982,19,9,0,0,0,0,0,15,0,0
122266,1,1,1982,0,0,0,0,0,0,0,0,0,0
122267,0,1,1982,0,0,0,0,0,0,0,0,0,0
122267,1,1,1982,0,0,0,0,0,0,0,0,0,0
122268,1,1,1982,0,0,18,0,0,0,0,0,0,0
122269,1,1,1982,23,7,6,19,14,28,32,21,10,17
122270,0,1,1982,0,0,0,0,0,0,0,0,0,0
122270,1,1,1982,0,0,0,0,0,0,0,0,0,0
122271,1,1,1982,22,15,28,5,9,21,22,16,7,16
122272,0,1,1982,7,0,0,11,0,22,21,8,27,0
122272,1,1,1982,0,0,0,0,0,0,0,0,0,0
122273,1,1,1982,0,0,0,0,0,0,0,0,0,0
122273,2,1,1982,0,0,0,0,0,0,0,0,0,0
122274,0,1,1982,0,0,0,0,0,0,0,0,0,0
122274,1,1,1982,0,0,0,0,0,0,0,0,0,0
122275,0,1,1982,0,0,0,0,0,0,0,0,0,0
122275,1,1,1982,0,0,0,0,0,0,0,0,0,0
122276,1,1,1982,0,0,0,0,0,0,0,0,0,0
122276,2,1,1982,0,0,0,0,0,0,0,0,0,0
122277,1,1,1982,0,0,0,0,0,0,0,0,0,0
122277,2,1,1982,0,0,0,0,0,0,0,0,0,0
122278,0,1,1982,0,0,23,20,26,14,0,13,0,0
122278,1,1,1982,0,0,0,17,0,0,0,0,0,0
122279,1,1,1982,0,0,0,11,0,0,0,0,0,0
122280,1,1,1982,29,22,15,14,35,10,30,0,0,20
122281,0,1,1982,0,0,15,13,0,0,0,23,19,8
122281,1,1,1982,0,0,0,0,0,0,0,0,0,0
122282,1,1,1982,12,0,0,0,0,0,0,0,6,7
122282,2,1,1982,0,0,0,0,0,0,0,0,0,0
122283,0,1,1982,0,0,0,0,0,0,18,0,10,0
122283,1,1,1982,0,0,0,0,0,0,0,0,0,15
122284,1,1,1982,7,7,19,0,12,18,7,12,11,2
122284,2,1,1982,0,0,0,0,0,0,0,0,0,0
122285,0,1,1982,0,0,0,24,14,7,0,6,0,0
122285,1,1,1982,0,0,22,18,0,0,0,26,0,0
122285,2,1,1982,21,29,7,26,19,0,0,0,10,10
122286,1,1,1982,37,21,22,27,19,23,21,13,17,31
122287,1,1,1982,10,16,22,15,35,22,8,0,28,0
122288,1,1,1982,17,23,24,19,27,18,15,22,22,25
122289,0,1,1982,21,12,15,17,18,16,25,10,19,16
122289,1,1,1982,0,0,0,0,0,0,0,0,0,0
122290,1,1,1982,0,0,0,0,0,0,0,0,0,0
122290,2,1,1982,0,0,0,0,0,0,0,0,0,0
122291,1,1,1982,0,0,0,0,0,0,0,0,0,0
122291,2,1,1982,0,0,0,0,0,0,0,0,0,0
122292,1,1,1982,0,0,0,0,0,0,0,0,0,0
122292,2,1,1982,0,0,0,0,0,0,0,0,0,0
122293,1,1,1982,26,24,10,21,15,14,38,22,13,26
122294,0,1,1982,0,0,5,0,0,0,0,0,0,0
122294,1,1,1982,0,0,0,0,0,0,0,0,0,0
122295,1,1,1982,0,0,20,0,0,0,0,0,0,0
122295,2,1,1982,0,0,0,0,0,0,0,0,0,0
122296,1,1,1982,0,0,0,0,0,0,0,0,0,0
122296,2,1,1982,0,0,0,0,0,0,0,0,0,0
122297,0,1,1982,9,10,0,0,0,0,3,0,0,0
122297,1,1,1982,0,0,0,0,0,0,0,0,0,0
122298,1,1,1982,0,0,0,0,17,0,8,0,10,2
122299,1,1,1982,0,0,0,12,0,9,5,0,0,0
122299,2,1,1982,0,0,0,0,0,0,0,0,0,0
122300,1,1,1982,11,12,2,17,11,20,16,12,6,0
122300,2,1,1982,0,0,14,0,8,0,0,0,0,0
122301,1,1,1982,0,0,0,0,0,0,0,0,0,0
122301,2,1,1982,0,0,8,0,0,11,0,0,0,0
122302,0,1,1982,10,8,0,0,0,28,17,0,0,0
122302,1,1,1982,0,0,0,0,0,10,0,0,0,0
122303,0,1,1982,0,0,22,0,26,0,0,0,0,0
122303,1,1,1982,0,0,0,0,0,0,0,6,0,0
122304,1,1,1982,0,0,0,0,0,0,0,0,0,0
122304,2,1,1982,0,0,0,0,0,0,0,0,0,0
122304,3,1,1982,0,0,0,0,0,0,0,0,0,0
122304,4,1,1982,0,0,0,0,0,0,0,0,0,0
122305,1,1,1982,43,18,12,7,31,18,3,9,13,10
122306,1,1,1982,8,0,36,21,0,14,11,0,27,15
122307,1,1,1982,13,27,0,0,0,12,14,0,21,17
122308,1,1,1982,0,0,0,0,0,0,0,0,0,0
122308,2,1,1982,0,0,0,0,0,0,0,0,0,0
122309,1,1,1982,22,22,15,23,15,26,14,33,19,29
122310,1,1,1982,20,20,20,20,20,20,20,20,20,20
122310,2,1,1982,0,0,0,0,0,0,0,0,0,0
122311,0,1,1982,0,0,0,0,0,0,0,0,0,0
122311,1,1,1982,0,0,0,0,0,0,0,0,0,0
122312,1,1,1982,0,0,0,0,0,0,0,0,18,0
122312,2,1,1982,0,11,0,8,0,0,0,0,5,7
122312,3,1,1982,0,12,0,0,0,0,0,0,12,0
122313,1,1,1982,21,25,18,10,11,21,11,7,11,18
122314,1,1,1982,0,0,0,0,9,18,0,0,0,0
122314,2,1,1982,13,13,13,13,13,13,13,13,13,13
122315,0,1,1982,0,0,0,0,0,0,0,9,0,0
122315,1,1,1982,3,0,0,0,0,0,0,0,0,0
122316,0,1,1982,16,0,22,12,0,0,0,10,0,18
122316,1,1,1982,0,0,0,25,0,0,0,0,0,0
122317,0,1,1982,45,30,0,34,0,27,17,13,18,12
122317,1,1,1982,6,13,0,0,0,0,9,0,0,15
122318,1,1,1982,0,0,0,13,0,0,4,0,0,0
122318,2,1,1982,0,0,0,0,0,0,0,0,0,0
122319,1,1,1982,17,0,0,0,11,0,11,0,0,0
122320,0,1,1982,0,0,0,0,0,0,0,0,0,0
122320,1,1,1982,0,0,0,0,0,0,0,0,0,0
122321,0,1,1982,0,0,0,0,0,0,0,0,0,0
122321,0,2,1982,0,11,8,0,0,0,25,8,0,0
122321,1,1,1982,0,0,0,0,0,0,0,0,0,0
122322,1,1,1982,3,3,3,3,3,3,3,3,3,3
122322,2,1,1982,0,0,0,0,0,0,0,0,0,0
122322,3,1,1982,0,0,0,0,0,0,0,0,0,0
122322,4,1,1982,0,0,0,0,0,0,0,0,0,0
122323,1,1,1982,0,0,0,0,0,0,0,0,0,0
122323,2,1,1982,0,0,0,0,0,0,0,0,0,0
122324,1,1,1982,0,0,0,0,0,0,0,0,0,16
122324,2,1,1982,0,0,0,0,0,0,0,0,0,0
122324,3,1,1982,0,0,9,0,5,22,15,0,0,18
122325,1,1,1982,16,16,16,16,16,16,16,16,16,16
122326,1,1,1982,20,20,20,20,20,20,20,20,20,20
122327,1,1,1982,1,1,1,1,1,1,1,1,1,1
122327,2,1,1982,0,0,0,0,0,0,0,0,0,0
122328,1,1,1982,14,14,0,0,19,19,0,16,0,0
122328,2,1,1982,0,11,0,0,0,0,0,0,0,0
122329,1,1,1982,0,0,0,0,0,0,0,0,0,0
122329,2,1,1982,0,0,0,0,0,0,0,0,0,0
122330,1,1,1982,0,0,0,0,0,0,0,0,0,0
122331,0,1,1982,25,33,29,19,13,18,16,7,23,18
122331,0,2,1982,18,20,19,11,12,0,10,15,14,45
122331,1,1,1982,3,16,11,9,27,0,23,8,23,19
122332,0,1,1982,0,0,0,0,0,0,0,0,0,0
122332,1,1,1982,0,0,0,0,0,0,0,0,0,0
122333,0,1,1982,0,0,0,0,0,0,0,0,0,0
122333,1,1,1982,0,0,0,0,0,0,0,0,0,0
122334,1,1,1982,13,18,20,34,0,21,16,30,13,25
122335,0,1,1982,0,0,0,0,0,0,0,0,0,0
122335,1,1,1982,0,0,0,0,0,0,0,0,0,0
122336,1,1,1982,0,0,0,0,0,0,0,0,0,0
122336,2,1,1982,0,0,0,0,0,0,0,0,0,0
122337,1,1,1982,0,0,0,0,0,0,0,0,0,0
122337,2,1,1982,0,0,0,0,0,0,0,0,0,0
122338,1,1,1982,0,0,0,0,0,0,0,0,0,0
122338,2,1,1982,0,0,0,0,0,0,0,0,0,0
122339,1,1,1982,0,0,0,0,0,0,0,0,0,0
122339,2,1,1982,15,15,11,9,0,8,13,6,22,0
122340,0,1,1982,0,0,0,0,0,0,0,0,0,0
122340,1,1,1982,0,0,0,0,0,0,0,0,0,0
122341,0,1,1982,0,0,0,0,0,0,0,0,0,0
122341,1,1,1982,0,0,0,0,0,0,0,0,0,0
122342,1,1,1982,0,0,0,0,0,0,0,5,0,0
122343,1,1,1982,0,10,9,14,18,17,0,15,0,0
122344,0,1,1982,0,20,24,12,13,20,11,15,19,14
122344,1,1,1982,0,14,16,8,9,21,19,21,24,34
122345,0,1,1982,0,0,0,0,17,0,0,0,10,0
122345,1,1,1982,0,0,8,12,0,6,10,0,0,0
122346,1,1,1982,0,0,0,0,0,0,0,0,0,0
122346,2,1,1982,0,0,0,0,0,0,0,0,0,0
122347,0,1,1982,0,0,0,0,0,0,0,12,7,0
122347,0,2,1982,0,12,15,23,18,8,0,0,13,0
122347,1,1,1982,0,0,0,0,0,17,0,0,0,8
122348,0,1,1982,0,0,0,0,0,0,0,0,0,0
122348,1,1,1982,23,10,13,14,14,8,7,3,0,13
122349,0,1,1982,0,0,0,0,0,0,0,0,0,0
122349,1,1,1982,0,0,0,0,0,0,0,0,0,0
122350,0,1,1982,25,0,34,13,0,18,10,0,0,16
122350,1,1,1982,0,0,0,0,0,0,0,20,0,0
122351,1,1,1982,7,8,15,19,10,23,3,15,9,11
122351,2,1,1982,11,10,26,13,10,17,0,0,0,0
122351,3,1,1982,0,0,0,0,0,0,3,0,0,0
122352,1,1,1982,12,0,0,0,0,0,0,13,0,8
122353,1,1,1982,0,11,18,15,20,4,20,16,0,13
122353,2,1,1982,0,0,0,7,0,0,0,0,3,0
122354,0,1,1982,30,9,12,17,15,10,9,11,13,15
122354,1,1,1982,0,0,0,0,0,0,0,0,0,0
122355,0,1,1982,40,29,22,13,29,24,35,28,34,14
122355,1,1,1982,0,0,0,0,0,0,0,0,0,0
122356,0,1,1982,0,0,0,0,0,0,0,0,0,0
122356,1,1,1982,20,15,13,0,0,21,0,0,0,0
122358,0,1,1982,0,0,0,0,0,0,0,0,0,0
122358,1,1,1982,5,0,18,16,21,16,16,21,24,8
122359,0,1,1982,0,0,0,0,0,0,0,0,0,0
122359,1,1,1982,0,0,0,0,0,0,0,0,0,0
122360,1,1,1982,15,25,8,11,14,22,9,12,16,16
122361,0,1,1982,0,0,0,0,0,0,0,0,0,0