ST_CASE,VEH_NO,PER_NO,YEAR,P1,P2,P3,P4,P5,P6,P7,P8,P9,P10
122361,1,1,1982,0,0,0,0,0,0,0,0,0,0
122362,1,1,1982,0,7,0,0,0,0,0,0,0,0
122362,2,1,1982,0,0,0,0,0,9,13,0,0,0
122363,1,1,1982,28,18,21,17,10,7,9,8,7,12
122363,2,1,1982,0,0,14,0,0,0,0,0,0,0
122364,1,1,1982,19,31,15,8,0,0,0,0,0,0
122365,1,1,1982,0,0,0,0,0,0,0,0,0,0
122365,2,1,1982,0,0,0,0,0,0,0,0,0,0
122366,1,1,1982,14,21,13,21,23,5,10,25,9,35
122366,2,1,1982,17,38,18,21,24,26,41,33,25,24
122367,0,1,1982,0,0,0,0,0,0,0,0,0,0
122367,1,1,1982,0,0,0,0,0,0,0,0,0,0
122367,2,1,1982,0,0,0,0,0,0,0,0,0,0
122368,1,1,1982,0,25,19,0,16,11,0,14,15,22
122368,2,1,1982,0,0,0,0,0,0,0,0,0,0
122369,1,1,1982,8,10,24,14,25,16,11,22,23,24
122370,1,1,1982,0,0,0,0,0,0,0,0,0,0
122370,2,1,1982,0,0,0,0,0,0,0,0,0,0
122371,1,1,1982,0,0,0,0,0,23,0,0,0,0
122371,2,1,1982,0,0,0,0,0,7,0,0,0,0
122371,3,1,1982,0,0,0,0,0,0,0,0,0,0
122371,4,1,1982,0,0,0,0,0,0,0,0,0,0
122372,0,1,1982,0,0,19,18,0,3,0,0,0,0
122372,1,1,1982,0,0,0,0,0,0,0,0,0,0
122373,1,1,1982,16,10,28,10,0,22,16,13,25,4
122373,2,1,1982,0,0,0,0,0,0,0,0,0,0
122374,0,1,1982,0,0,0,0,0,0,0,0,0,0
122374,1,1,1982,0,0,0,0,0,0,0,0,0,0
122375,0,1,1982,0,0,0,0,0,0,0,0,0,0
122375,1,1,1982,0,0,0,0,0,0,0,0,0,0
122376,1,1,1982,22,16,20,11,0,19,22,4,26,13
122376,2,1,1982,0,0,0,0,0,0,0,0,0,0
122377,0,1,1982,0,0,0,0,0,0,0,0,0,0
122377,1,1,1982,0,0,0,0,0,0,0,0,0,0
122378,0,1,1982,33,0,0,0,19,20,23,22,0,0
122378,1,1,1982,19,25,21,21,0,29,0,24,15,0
122379,1,1,1982,0,0,3,0,0,0,0,0,10,0
122380,1,1,1982,26,26,26,26,26,26,26,26,26,26
122381,1,1,1982,0,0,0,0,16,10,18,10,0,9
122382,1,1,1982,0,0,0,0,0,0,0,0,0,0
122382,2,1,1982,0,0,0,0,0,0,0,14,0,21
122383,1,1,1982,11,15,9,15,7,19,7,14,15,10
122384,0,1,1982,14,15,20,0,0,0,0,15,0,0
122384,1,1,1982,8,8,3,31,12,16,12,7,8,20
122385,1,1,1982,0,17,0,13,17,17,14,4,6,16
122386,1,1,1982,25,10,29,7,11,0,0,10,13,18
122387,1,1,1982,34,31,23,10,19,13,16,18,23,17
122388,0,1,1982,0,16,0,0,0,0,0,23,21,0
122388,1,1,1982,15,15,15,15,15,15,15,15,15,15
122389,0,1,1982,0,0,0,0,0,0,0,0,0,0
122389,1,1,1982,0,0,0,0,0,0,0,0,0,0
122390,0,1,1982,0,0,0,0,0,24,13,0,0,0
122390,0,2,1982,0,0,0,0,0,0,0,0,0,0
122390,1,1,1982,17,13,8,9,14,27,7,9,25,18
122391,1,1,1982,0,0,0,0,0,0,0,0,0,0
122391,2,1,1982,0,0,0,0,0,0,0,0,0,0
122392,1,1,1982,0,0,0,0,0,0,0,0,0,0
122392,2,1,1982,0,0,0,0,0,0,0,0,0,0
122393,0,1,1982,0,0,0,0,0,0,0,0,0,0
122393,1,1,1982,24,25,20,26,24,18,28,17,14,12
122394,1,1,1982,0,6,0,0,19,0,0,0,0,0
122395,0,1,1982,0,0,0,0,0,0,0,0,0,0
122395,1,1,1982,0,0,0,0,0,0,0,0,0,0
122396,0,1,1982,28,0,0,0,0,0,0,31,0,0
122396,1,1,1982,0,0,0,6,0,0,0,0,0,0
122397,0,1,1982,17,18,32,35,9,11,24,29,13,7
122397,1,1,1982,0,0,0,0,0,0,19,0,0,0
122398,1,1,1982,0,0,0,0,0,0,0,0,0,0
122398,2,1,1982,0,0,0,0,0,0,0,0,0,0
122399,1,1,1982,0,0,0,13,0,0,0,0,0,0
122400,0,1,1982,15,0,0,32,0,0,12,43,16,0
122400,1,1,1982,0,16,0,0,0,0,0,0,0,0
122401,1,1,1982,0,0,0,0,0,0,0,0,0,0
122401,2,1,1982,0,0,0,0,0,0,0,0,0,0
122402,0,1,1982,0,0,0,0,0,0,0,0,0,0
122402,1,1,1982,0,0,0,0,0,0,0,0,0,0
122403,1,1,1982,4,8,16,16,18,24,9,16,35,8
122403,2,1,1982,16,10,0,5,10,18,25,10,7,14
122404,1,1,1982,12,12,12,12,12,12,12,12,12,12
122404,2,1,1982,0,0,0,0,0,0,0,0,0,5
122404,3,1,1982,0,0,12,0,0,0,0,0,0,0
122404,4,1,1982,0,0,29,0,0,0,0,0,25,0
122405,1,1,1982,25,10,14,15,17,16,21,21,22,17
122406,1,1,1982,20,17,20,0,8,22,0,21,17,18
122406,2,1,1982,0,0,0,0,0,0,0,0,0,0
122406,3,1,1982,0,0,0,0,0,0,0,0,0,0
122407,1,1,1982,0,0,0,0,0,0,0,0,0,0
122407,2,1,1982,0,0,0,0,0,0,0,0,0,0
122408,0,1,1982,20,21,0,18,0,0,37,0,26,0
122408,1,1,1982,0,0,0,0,0,0,0,0,0,0
122408,2,1,1982,0,0,0,0,0,0,0,0,0,0
122409,1,1,1982,0,19,0,0,0,0,9,0,0,0
122409,2,1,1982,17,12,0,0,0,0,0,0,3,0
122409,3,1,1982,0,0,22,0,0,0,0,0,0,0
122410,1,1,1982,0,0,12,0,0,0,0,0,7,0
122410,2,1,1982,0,0,0,0,0,0,0,0,0,0
122411,0,1,1982,0,0,0,0,0,11,0,0,0,0
122411,1,1,1982,0,0,0,0,0,0,0,0,0,0
122412,1,1,1982,19,5,5,24,36,8,23,17,10,10
122413,1,1,1982,17,17,17,17,17,17,17,17,17,17
122414,0,1,1982,17,14,0,0,22,11,15,0,0,0
122414,1,1,1982,0,0,0,0,0,0,0,9,0,0
122415,1,1,1982,19,28,0,9,0,0,25,8,0,0
122416,1,1,1982,10,10,10,10,10,10,10,10,10,10
122416,2,1,1982,0,0,0,9,0,17,0,0,0,0
122417,1,1,1982,0,36,0,0,0,0,0,0,0,0
122417,2,1,1982,0,0,0,0,0,0,0,0,0,0
122418,0,1,1982,0,0,0,0,0,0,0,0,0,9
122418,1,1,1982,0,7,0,0,0,0,0,0,0,0
122419,0,1,1982,18,16,21,12,20,0,0,0,18,0
122419,1,1,1982,0,0,0,0,0,0,0,0,0,0
122420,1,1,1982,0,0,0,0,0,0,0,0,0,0
122420,2,1,1982,0,0,0,0,9,0,0,0,0,0
122420,3,1,1982,0,0,0,0,0,0,0,6,0,0
122421,1,1,1982,12,8,23,7,17,12,0,7,11,10
122421,2,1,1982,0,0,0,0,0,0,0,0,0,0
122422,1,1,1982,0,0,0,0,0,0,0,0,0,0
122422,2,1,1982,0,0,0,0,0,0,0,0,0,0
122423,1,1,1982,0,0,0,0,0,0,0,0,0,0
122423,2,1,1982,0,0,0,0,0,0,0,0,0,0
122424,0,1,1982,0,0,0,0,0,0,0,0,0,0
122424,1,1,1982,0,0,15,10,0,0,0,11,16,0
122425,0,1,1982,7,23,0,24,9,17,35,26,0,31
122425,1,1,1982,19,0,0,13,0,0,0,16,28,0
130001,1,1,1982,19,16,14,20,14,27,23,11,2,24
130002,1,1,1982,11,13,13,16,0,21,15,21,0,6
130003,1,1,1982,0,0,0,0,0,0,0,0,0,0
130004,1,1,1982,0,0,0,0,0,0,0,0,0,0
130004,2,1,1982,0,0,0,0,0,0,0,0,11,0
130005,1,1,1982,0,12,22,0,11,0,19,0,0,0
130006,1,1,1982,20,20,20,20,20,20,20,20,20,20
130007,1,1,1982,31,31,31,31,31,31,31,31,31,31
130007,2,1,1982,0,0,0,0,0,0,0,0,0,0
130007,3,1,1982,0,0,0,0,0,0,0,0,0,0
130008,0,1,1982,0,0,0,14,0,0,0,10,14,0
130008,0,2,1982,9,21,7,0,0,15,11,15,28,0
130008,0,3,1982,0,0,0,0,8,0,18,13,0,11
130008,1,1,1982,0,0,0,0,0,0,0,0,0,0
130009,1,1,1982,21,21,21,21,21,21,21,21,21,21
130009,2,1,1982,0,0,9,0,0,0,0,3,0,0
130010,1,1,1982,26,26,26,26,26,26,26,26,26,26
130011,1,1,1982,0,0,0,0,0,0,0,0,0,0
130011,2,1,1982,9,9,9,9,9,9,9,9,9,9
130012,1,1,1982,26,26,26,26,26,26,26,26,26,26
130013,1,1,1982,0,0,0,0,0,0,0,0,0,0
130014,1,1,1982,34,34,34,34,34,34,34,34,34,34
130015,1,1,1982,6,6,6,6,6,6,6,6,6,6
130015,2,1,1982,19,19,19,19,19,19,19,19,19,19
130016,1,1,1982,0,0,0,0,0,0,0,0,0,0
130017,1,1,1982,8,8,8,8,8,8,8,8,8,8
130018,1,1,1982,26,26,26,26,26,26,26,26,26,26
130019,0,1,1982,9,9,9,9,9,9,9,9,9,9
130019,1,1,1982,0,0,9,0,0,0,0,0,0,0
130020,0,1,1982,0,0,0,0,0,0,0,0,0,0
130020,1,1,1982,7,7,7,7,7,7,7,7,7,7
130021,1,1,1982,20,20,20,20,20,20,20,20,20,20
130021,2,1,1982,0,0,0,0,0,0,0,0,0,0
130022,1,1,1982,0,0,0,0,0,0,0,0,0,0
130023,1,1,1982,15,15,15,15,15,15,15,15,15,15
130024,1,1,1982,16,16,16,16,16,16,16,16,16,16
130025,1,1,1982,0,0,0,0,0,0,0,0,0,0
130025,2,1,1982,0,0,0,0,0,0,0,0,0,0
130026,1,1,1982,0,0,0,0,0,0,0,0,0,0
130026,2,1,1982,21,21,21,21,21,21,21,21,21,21
130027,1,1,1982,0,0,0,0,0,0,0,0,0,0
130027,2,1,1982,25,25,25,25,25,25,25,25,25,25
130028,1,1,1982,0,0,17,0,0,0,0,0,0,0
130028,2,1,1982,24,24,24,24,24,24,24,24,24,24
130029,1,1,1982,15,15,15,15,15,15,15,15,15,15
130029,2,1,1982,0,0,0,0,0,0,0,0,0,0
130030,1,1,1982,12,0,12,0,0,11,0,0,0,0
130030,2,1,1982,9,9,9,9,9,9,9,9,9,9
130031,1,1,1982,0,0,0,0,0,0,0,0,0,0
130031,2,1,1982,0,0,0,0,0,0,0,0,0,0
130032,0,1,1982,0,0,0,0,0,0,0,0,0,0
130032,1,1,1982,11,11,11,11,11,11,11,11,11,11
130033,0,1,1982,16,16,16,16,16,16,16,16,16,16
130033,1,1,1982,0,0,0,0,0,0,0,0,0,0
130034,1,1,1982,28,28,28,28,28,28,28,28,28,28
130035,1,1,1982,20,20,20,20,20,20,20,20,20,20
130036,1,1,1982,0,0,0,0,0,0,0,0,0,0
130037,0,1,1982,0,0,0,0,17,0,0,0,0,0
130037,1,1,1982,0,0,0,0,0,0,0,0,0,0
130038,0,1,1982,0,0,0,0,0,0,0,0,0,0
130038,1,1,1982,0,0,0,0,0,0,0,0,0,0
130039,1,1,1982,19,19,19,19,19,19,19,19,19,19
130040,1,1,1982,12,12,12,12,12,12,12,12,12,12
130041,0,1,1982,24,24,24,24,24,24,24,24,24,24
130041,1,1,1982,0,0,0,0,0,7,0,0,0,7
130042,1,1,1982,25,25,25,25,25,25,25,25,25,25
130043,1,1,1982,0,0,0,0,0,0,0,0,0,0
130044,1,1,1982,13,13,13,13,13,13,13,13,13,13
130045,1,1,1982,0,0,0,0,0,0,0,0,0,0
130045,2,1,1982,14,14,14,14,14,14,14,14,14,14
130046,1,1,1982,11,11,11,11,11,11,11,11,11,11
130046,2,1,1982,0,0,0,0,0,0,7,0,0,0
130047,1,1,1982,0,3,0,0,0,25,7,22,4,8
130048,1,1,1982,0,0,0,0,0,0,0,0,0,0
130048,2,1,1982,0,0,0,0,0,0,0,0,0,0
130049,1,1,1982,0,0,0,0,0,0,0,0,0,0
130050,1,1,1982,0,0,0,0,0,0,0,0,0,0
130052,1,1,1982,13,13,13,13,13,13,13,13,13,13
130053,1,1,1982,0,0,0,0,0,0,0,0,0,0
130054,0,1,1982,0,10,0,0,0,0,0,0,0,0
130054,1,1,1982,0,0,0,0,0,0,0,0,0,0
130055,1,1,1982,11,11,11,11,11,11,11,11,11,11
130056,1,1,1982,36,36,36,36,36,36,36,36,36,36
130057,1,1,1982,0,0,0,0,8,0,0,0,8,0
130058,1,1,1982,6,6,6,6,6,6,6,6,6,6
130059,1,1,1982,14,14,14,14,14,14,14,14,14,14
130060,1,1,1982,19,10,0,0,18,0,0,13,26,18
130061,1,1,1982,0,0,0,0,0,0,0,0,0,0
130061,2,1,1982,0,0,0,0,0,0,0,0,0,0
130062,1,1,1982,15,0,0,0,0,19,10,31,14,0
130062,2,1,1982,0,0,0,0,0,0,0,0,0,0
130063,1,1,1982,14,0,0,0,0,0,0,15,0,0
130064,1,1,1982,0,0,0,0,4,0,3,0,0,0
130065,1,1,1982,0,0,0,0,0,0,0,0,0,0
130066,0,1,1982,32,13,9,0,13,19,21,0,18,0
130066,1,1,1982,0,17,0,0,0,0,0,0,0,0
130067,1,1,1982,16,24,16,3,11,27,21,22,18,24
130068,1,1,1982,0,0,0,0,0,0,0,0,0,0
130068,2,1,1982,0,0,0,0,0,0,0,0,0,0
130069,0,1,1982,25,25,25,25,25,25,25,25,25,25
130069,1,1,1982,4,4,4,4,4,4,4,4,4,4
130070,1,1,1982,0,0,0,0,15,0,23,0,0,0
130070,2,1,1982,0,0,0,0,0,0,0,0,0,0
130071,1,1,1982,26,26,26,26,26,26,26,26,26,26
130072,1,1,1982,0,0,0,0,0,0,0,0,0,0
130072,2,1,1982,0,0,0,0,0,0,0,0,0,0
130073,1,1,1982,25,25,25,25,25,25,25,25,25,25
130074,1,1,1982,22,12,14,12,5,24,22,25,0,15
130075,1,1,1982,12,12,12,12,12,12,12,12,12,12
130076,1,1,1982,0,0,0,0,0,9,0,0,0,0
130076,2,1,1982,0,0,0,0,0,0,0,0,0,0
130077,1,1,1982,0,0,0,0,0,0,0,0,0,0
130077,2,1,1982,20,20,20,20,20,20,20,20,20,20
130078,0,1,1982,0,0,0,0,0,0,0,0,0,0
130078,0,2,1982,0,0,25,19,0,0,25,33,0,13
130078,1,1,1982,0,0,0,0,0,0,0,0,0,0
130079,1,1,1982,5,18,16,0,19,17,28,11,0,0
130080,1,1,1982,0,0,0,0,0,0,0,0,0,0
130081,1,1,1982,19,19,19,19,19,19,19,19,19,19
130081,2,1,1982,17,0,0,11,0,29,0,0,0,0
130081,3,1,1982,0,0,0,0,0,0,0,0,0,0
130082,0,1,1982,1,1,1,1,1,1,1,1,1,1
130082,1,1,1982,0,0,0,0,0,0,0,0,0,0
130083,1,1,1982,0,0,0,0,0,0,0,0,0,0
130083,2,1,1982,33,33,33,33,33,33,33,33,33,33
130084,1,1,1982,0,0,0,0,0,0,0,0,0,0
130084,2,1,1982,0,0,0,0,0,0,0,0,0,0
130086,0,1,1982,27,27,27,27,27,27,27,27,27,27
130086,1,1,1982,0,0,0,0,0,0,0,0,0,22
130087,1,1,1982,0,0,0,0,0,0,0,0,0,0
130088,1,1,1982,14,14,14,14,14,14,14,14,14,14
130089,0,1,1982,18,18,18,18,18,18,18,18,18,18
130089,1,1,1982,0,0,0,0,0,0,0,0,0,0
130090,1,1,1982,12,12,12,12,12,12,12,12,12,12
130091,1,1,1982,29,29,29,29,29,29,29,29,29,29
130092,1,1,1982,0,0,0,0,0,0,0,0,0,0
130092,2,1,1982,0,0,0,0,0,0,0,0,0,0
130093,0,1,1982,42,42,42,42,42,42,42,42,42,42
130093,1,1,1982,0,0,0,0,0,0,0,16,0,0
130094,1,1,1982,19,19,19,19,19,19,19,19,19,19
130094,2,1,1982,0,5,11,0,21,18,2,26,0,14
130095,1,1,1982,0,0,0,0,0,0,0,0,0,0
130095,2,1,1982,0,0,0,0,0,0,0,0,0,0
130096,0,1,1982,0,3,13,0,0,0,0,0,0,6
130096,0,2,1982,0,0,0,0,0,0,0,0,0,0
130096,1,1,1982,0,0,0,0,0,0,0,0,0,0
130097,1,1,1982,0,0,0,0,0,0,0,0,0,0
130097,2,1,1982,0,0,22,0,0,0,0,0,0,0
130098,1,1,1982,0,0,15,30,5,0,0,11,18,5
130098,2,1,1982,0,0,0,0,0,0,0,0,0,0
130099,0,1,1982,0,24,27,0,0,0,0,9,36,0
130099,1,1,1982,0,0,0,0,0,0,0,0,0,0
130100,1,1,1982,0,0,0,0,0,0,0,0,0,0
130100,2,1,1982,0,0,0,0,0,0,0,0,0,0
130100,3,1,1982,0,0,0,0,0,0,0,0,0,0
130101,1,1,1982,20,20,20,20,20,20,20,20,20,20
130102,1,1,1982,0,0,0,0,0,0,0,0,0,0
130102,2,4,1982,0,0,0,0,0,0,0,0,0,0
130103,1,1,1982,0,0,0,0,0,0,0,0,0,0
130103,2,1,1982,0,0,0,0,0,0,0,0,0,0
130104,1,1,1982,41,41,41,41,41,41,41,41,41,41
130105,1,1,1982,22,22,22,22,22,22,22,22,22,22
130105,2,1,1982,0,0,0,0,0,0,0,0,0,0
130106,1,1,1982,33,33,33,33,33,33,33,33,33,33
130107,1,1,1982,0,0,0,0,0,0,0,0,0,0
130107,2,1,1982,0,0,0,0,0,0,0,0,0,0
130108,1,1,1982,17,17,17,17,17,17,17,17,17,17
130109,1,1,1982,21,21,21,21,21,21,21,21,21,21
130109,2,1,1982,14,0,6,0,0,19,0,15,0,0
130110,0,1,1982,27,27,27,27,27,27,27,27,27,27
130110,1,1,1982,0,13,0,0,0,0,14,0,0,0
130111,0,1,1982,15,15,15,15,15,15,15,15,15,15
130111,1,1,1982,0,0,0,0,0,0,0,0,0,0
130112,1,1,1982,0,0,0,0,0,0,0,0,0,0
130112,2,1,1982,0,9,0,0,0,0,0,0,0,0
130113,1,1,1982,0,0,0,0,0,0,0,0,0,0
130113,2,1,1982,0,0,0,0,0,0,0,0,0,0
130114,1,1,1982,23,23,23,23,23,23,23,23,23,23
130115,0,1,1982,0,0,0,0,0,0,0,0,0,0
130115,1,1,1982,0,0,0,0,0,0,0,0,0,0
130116,1,1,1982,0,0,0,0,0,0,0,0,0,0
130116,2,1,1982,5,5,5,5,5,5,5,5,5,5
130117,1,1,1982,22,0,0,0,0,8,0,0,0,4
130117,2,1,1982,0,0,4,0,0,0,0,0,0,0
130118,1,1,1982,0,0,0,23,11,0,0,0,0,0
130118,2,1,1982,0,0,0,0,0,0,0,0,0,0
130119,1,1,1982,33,12,19,10,33,0,0,30,25,21
130120,1,1,1982,0,18,0,0,0,0,0,0,0,24
130121,1,1,1982,19,8,22,18,17,18,7,21,0,3
130122,1,1,1982,0,0,16,31,0,24,8,0,0,21
130123,1,1,1982,6,0,0,0,0,0,0,0,0,0
130123,2,1,1982,0,0,0,0,0,0,0,8,0,0
130124,0,1,1982,0,0,0,0,0,0,0,0,0,0
130124,1,1,1982,0,0,0,0,0,0,0,0,0,0
130125,1,1,1982,0,0,0,0,0,0,0,0,0,0
130125,2,1,1982,0,0,0,0,0,0,0,0,0,0
130126,0,1,1982,29,18,0,0,0,0,0,0,0,13
130126,1,1,1982,0,0,0,0,0,0,0,11,0,0
130127,1,1,1982,20,21,12,14,9,3,22,13,13,11
130127,2,1,1982,0,0,21,15,26,0,0,19,7,21
130127,3,1,1982,0,0,0,0,0,0,0,0,0,0
130128,1,1,1982,20,20,20,20,20,20,20,20,20,20
130128,2,1,1982,0,0,0,0,0,0,0,0,0,0
130129,1,1,1982,15,15,15,15,15,15,15,15,15,15
130129,2,1,1982,0,0,0,0,0,0,0,0,0,0
130130,1,1,1982,18,18,18,18,18,18,18,18,18,18
130131,1,1,1982,0,0,0,0,0,0,0,0,0,0
130131,3,1,1982,0,0,0,0,0,0,0,0,0,0
130131,4,1,1982,0,0,0,0,0,0,0,0,0,0
130132,0,1,1982,0,0,0,0,0,0,0,0,0,0
130132,1,1,1982,0,0,0,0,0,0,0,0,0,0
130133,1,1,1982,19,19,19,19,19,19,19,19,19,19
130133,2,1,1982,0,0,0,0,0,0,0,13,0,0
130134,1,1,1982,0,0,4,0,0,0,2,0,0,0
130134,2,1,1982,0,0,0,0,0,0,0,0,0,0
130135,1,1,1982,31,31,31,31,31,31,31,31,31,31
130135,2,1,1982,0,0,0,0,0,0,0,0,0,0
130136,1,1,1982,8,0,0,11,12,0,15,0,5,0
130136,2,1,1982,6,6,6,6,6,6,6,6,6,6
130137,1,1,1982,0,0,0,0,0,0,0,0,0,0
130137,2,1,1982,16,16,16,16,16,16,16,16,16,16
130137,3,1,1982,0,0,0,0,0,0,0,0,0,0
130138,1,1,1982,10,10,10,10,10,10,10,10,10,10
130139,1,1,1982,0,0,0,0,0,0,0,0,0,0
130139,2,1,1982,0,0,0,0,0,0,0,0,0,0
130140,1,1,1982,0,0,0,0,0,0,0,0,0,0
130140,2,1,1982,0,0,0,0,0,0,0,0,0,0
130141,1,1,1982,24,24,24,24,24,24,24,24,24,24
130142,1,1,1982,25,25,25,25,25,25,25,25,25,25
130143,1,1,1982,19,19,19,19,19,19,19,19,19,19
130144,1,1,1982,0,0,0,0,0,0,0,0,0,0
130144,2,1,1982,2,2,2,2,2,2,2,2,2,2
130145,1,1,1982,0,0,0,0,0,0,0,0,0,0
130146,1,1,1982,11,24,8,9,14,14,18,0,30,30
130146,2,1,1982,0,0,0,0,0,0,0,0,0,0
130147,1,1,1982,19,19,19,19,19,19,19,19,19,19
130148,1,1,1982,22,22,22,22,22,22,22,22,22,22
130148,2,1,1982,0,0,0,0,0,0,0,0,0,0
130150,1,1,1982,0,0,0,0,0,0,0,0,0,0
130150,2,1,1982,0,0,0,19,0,0,0,5,0,13
130151,1,1,1982,17,17,17,17,17,17,17,17,17,17
130151,2,1,1982,0,0,0,0,0,0,0,0,0,0
130152,1,1,1982,0,0,0,0,0,0,0,0,0,0
130153,1,1,1982,21,21,21,21,21,21,21,21,21,21
130154,1,1,1982,22,22,22,22,22,22,22,22,22,22
130155,1,1,1982,21,21,21,21,21,21,21,21,21,21
130155,2,1,1982,0,0,0,0,0,0,0,0,0,0
130156,1,1,1982,4,4,4,4,4,4,4,4,4,4
130157,1,1,1982,25,25,25,25,25,25,25,25,25,25
130158,1,1,1982,27,27,27,27,27,27,27,27,27,27
130159,0,1,1982,0,0,0,0,0,0,0,0,0,0
130159,1,1,1982,0,0,0,0,12,0,0,0,0,0
130160,0,1,1982,26,26,26,26,26,26,26,26,26,26
130160,0,2,1982,11,13,0,0,19,0,0,0,0,0
130160,1,1,1982,0,0,14,0,0,11,13,0,23,6
130161,1,1,1982,0,0,0,0,0,0,0,0,0,0
130161,2,1,1982,0,0,0,0,0,0,0,0,13,0
130162,1,1,1982,14,14,14,14,14,14,14,14,14,14
130162,2,1,1982,3,3,3,3,3,3,3,3,3,3
130163,1,1,1982,0,0,0,0,0,0,0,0,0,0
130163,2,1,1982,9,0,0,0,0,0,0,0,0,0
130165,1,1,1982,0,0,0,0,0,0,0,0,0,0
130166,1,1,1982,0,0,0,0,0,0,0,0,0,0
130166,2,1,1982,18,18,18,18,18,18,18,18,18,18
130167,1,1,1982,0,0,0,0,0,0,0,0,0,0
130167,2,1,1982,0,0,0,0,0,0,0,0,0,0
130168,0,1,1982,8,7,0,15,0,0,0,18,0,0
130168,1,1,1982,0,0,0,0,0,0,0,0,0,0
130169,1,1,1982,0,0,0,0,0,0,0,0,26,0
130170,0,1,1982,0,0,0,0,0,0,0,0,0,0
130170,1,1,1982,0,0,0,0,0,0,0,0,0,0
130171,1,1,1982,10,14,12,25,29,26,24,27,19,11
130172,0,1,1982,0,0,0,0,0,0,0,0,0,0
130172,1,1,1982,0,0,0,0,0,0,0,0,0,0
130173,0,1,1982,0,0,0,0,0,0,0,0,0,0
130173,1,1,1982,0,0,0,0,0,0,0,0,0,0
130174,1,1,1982,0,0,0,0,0,0,0,0,0,0
130174,2,1,1982,0,0,0,0,0,0,0,0,0,0
130174,3,1,1982,0,0,0,0,0,0,0,0,0,0
130175,1,1,1982,26,26,26,26,26,26,26,26,26,26
130176,1,1,1982,16,16,16,16,16,16,16,16,16,16
130176,2,1,1982,0,0,0,0,0,0,0,0,0,0
130177,1,1,1982,3,3,3,3,3,3,3,3,3,3
130177,2,1,1982,0,0,0,0,0,0,0,0,0,0
130178,0,1,1982,23,23,23,23,23,23,23,23,23,23
130178,1,1,1982,4,4,4,4,4,4,4,4,4,4
130179,1,1,1982,0,0,23,0,0,0,0,0,0,0
130179,2,1,1982,0,0,0,0,0,6,0,0,0,0
130179,3,1,1982,0,0,0,0,0,0,0,0,0,11
130180,1,1,1982,0,9,12,0,12,25,33,11,10,0
130181,1,1,1982,0,0,0,0,0,0,0,0,0,0
130181,2,1,1982,0,0,0,0,0,0,0,0,0,0
130181,3,1,1982,0,0,0,0,0,0,0,0,0,0
130182,1,1,1982,27,27,27,27,27,27,27,27,27,27
130183,1,1,1982,0,0,0,0,12,0,0,0,0,0
130183,2,1,1982,0,0,0,0,0,0,0,0,0,0
130184,1,1,1982,0,0,0,0,0,0,0,0,0,0
130185,1,1,1982,16,16,16,16,16,16,16,16,16,16
130186,1,1,1982,0,0,0,0,0,0,0,8,0,0
130186,2,1,1982,27,27,27,27,27,27,27,27,27,27
130187,0,1,1982,21,12,0,0,5,0,5,12,15,15
130187,1,1,1982,13,13,13,13,13,13,13,13,13,13
130188,1,1,1982,0,10,18,0,9,0,0,9,0,0
130189,1,1,1982,20,20,20,20,20,20,20,20,20,20
130190,1,1,1982,0,0,0,0,0,0,0,0,0,0
130190,2,1,1982,0,0,0,0,0,0,0,0,0,0
130191,1,1,1982,0,0,0,0,0,0,0,0,0,0
130191,2,1,1982,0,0,0,0,0,0,0,0,0,0
130192,1,1,1982,0,0,0,0,0,0,0,0,0,0
130193,1,1,1982,17,17,17,17,17,17,17,17,17,17
130194,1,1,1982,33,33,33,33,33,33,33,33,33,33
130195,1,1,1982,0,0,0,35,0,0,0,0,0,0
130195,2,1,1982,17,26,21,17,23,5,0,31,0,0
130195,3,1,1982,7,7,7,7,7,7,7,7,7,7
130196,1,1,1982,22,22,22,22,22,22,22,22,22,22
130196,2,1,1982,0,0,0,0,0,0,0,0,0,0
130197,1,1,1982,24,24,24,24,24,24,24,24,24,24
130198,1,1,1982,25,25,25,25,25,25,25,25,25,25
130199,1,1,1982,19,19,19,19,19,19,19,19,19,19
130200,1,1,1982,6,6,6,6,6,6,6,6,6,6
130200,2,1,1982,0,0,0,0,0,0,0,0,0,0
130201,1,1,1982,0,0,0,0,0,0,0,0,0,0
130201,2,1,1982,0,0,0,0,0,0,0,0,0,0
130201,3,1,1982,0,0,0,0,0,0,0,0,0,0
130202,0,1,1982,10,0,0,0,19,0,0,21,24,17
130202,1,1,1982,0,0,0,0,0,0,0,0,0,0
130203,1,1,1982,5,5,5,5,5,5,5,5,5,5
130204,0,1,1982,0,0,0,0,0,0,0,0,0,0
130204,1,1,1982,14,14,14,14,14,14,14,14,14,14
130205,1,1,1982,14,14,14,14,14,14,14,14,14,14
130206,1,1,1982,1,1,1,1,1,1,1,1,1,1
130207,1,1,1982,0,0,0,0,0,0,0,0,0,0
130207,2,1,1982,11,0,0,8,11,0,0,0,11,30
130208,1,1,1982,23,23,23,23,23,23,23,23,23,23
130209,1,1,1982,0,0,0,0,0,0,0,0,0,0
130209,2,1,1982,0,0,0,0,0,0,0,0,0,0
130210,1,1,1982,8,6,13,15,13,8,19,14,8,14
130210,2,1,1982,0,0,5,0,0,0,0,14,0,0
130211,1,1,1982,0,0,0,0,0,0,0,0,0,0
130212,1,1,1982,26,24,39,0,12,24,22,17,38,35
130213,1,1,1982,5,9,15,4,30,20,23,4,20,11