ST_CASE,VEH_NO,PER_NO,YEAR,P1,P2,P3,P4,P5,P6,P7,P8,P9,P10
130508,1,1,1982,11,11,11,11,11,11,11,11,11,11
130509,0,1,1982,27,24,5,0,13,8,9,0,0,17
130509,1,1,1982,18,0,12,0,0,16,18,8,6,0
130510,1,1,1982,4,4,4,4,4,4,4,4,4,4
130510,2,1,1982,0,0,0,0,0,0,0,0,0,0
130511,1,1,1982,21,21,21,21,21,21,21,21,21,21
130512,1,1,1982,0,0,0,0,0,0,0,0,0,0
130512,2,1,1982,0,0,0,0,0,0,0,0,0,0
130513,1,1,1982,0,0,20,0,0,0,13,11,0,0
130514,1,1,1982,0,0,0,0,0,0,0,0,0,0
130514,2,1,1982,0,0,0,0,0,0,0,0,0,0
130515,0,1,1982,0,0,0,0,0,0,0,0,0,12
130515,1,1,1982,0,0,0,0,0,0,0,0,0,0
130516,0,1,1982,0,0,0,0,0,0,0,0,0,0
130516,1,1,1982,0,0,0,0,0,0,0,0,0,0
130517,1,1,1982,0,12,18,16,0,0,9,13,10,12
130517,2,1,1982,0,0,0,0,0,0,0,0,0,0
130518,1,1,1982,58,58,58,58,58,58,58,58,58,58
130519,1,1,1982,0,0,0,0,0,0,0,0,0,0
130519,2,1,1982,0,0,0,0,0,0,0,0,0,0
130520,1,1,1982,10,10,10,10,10,10,10,10,10,10
130521,1,1,1982,0,0,0,0,0,0,0,0,0,0
130521,2,1,1982,0,0,0,0,0,0,0,0,0,0
130522,0,1,1982,0,0,0,0,0,0,0,0,0,0
130522,1,1,1982,0,0,0,0,0,0,0,0,12,0
130523,1,1,1982,2,2,2,2,2,2,2,2,2,2
130523,2,1,1982,0,0,0,0,0,0,0,0,0,7
130523,3,1,1982,0,0,0,0,0,0,0,0,0,0
130523,4,1,1982,0,0,0,0,0,0,0,0,0,0
130524,1,1,1982,0,0,0,0,0,0,0,0,0,0
130524,2,1,1982,0,0,0,0,0,0,0,0,0,0
130525,0,1,1982,0,0,0,0,0,0,0,0,0,0
130525,1,1,1982,0,0,0,0,0,0,0,0,0,0
130526,1,1,1982,0,0,0,0,0,0,0,0,0,0
130526,2,1,1982,0,0,0,0,0,0,0,0,0,0
130526,3,1,1982,5,5,5,5,5,5,5,5,5,5
130527,1,1,1982,0,0,0,0,0,0,0,0,0,0
130527,2,1,1982,14,0,0,0,0,0,0,0,0,0
130528,1,1,1982,0,0,0,0,0,0,0,0,0,0
130529,1,1,1982,4,4,4,4,4,4,4,4,4,4
130529,2,1,1982,0,0,0,0,18,0,0,0,0,0
130530,1,1,1982,7,7,7,7,7,7,7,7,7,7
130530,2,1,1982,0,0,0,0,0,0,0,0,0,0
130530,3,1,1982,0,0,0,0,0,0,0,0,0,0
130531,0,1,1982,0,18,0,16,25,19,0,0,0,18
130531,1,1,1982,7,0,25,0,21,16,4,7,17,2
130532,1,1,1982,0,0,0,0,0,0,0,0,0,0
130532,2,1,1982,0,0,0,0,0,0,0,0,0,0
130532,3,1,1982,0,0,0,0,0,0,0,0,0,0
130533,1,1,1982,19,23,14,13,19,21,21,11,15,18
130534,1,1,1982,15,24,18,14,11,0,14,3,16,26
130535,1,1,1982,15,15,15,15,15,15,15,15,15,15
130535,2,1,1982,14,14,14,14,14,14,14,14,14,14
130536,1,1,1982,0,0,12,25,0,16,9,15,24,17
130537,1,1,1982,0,0,0,0,0,0,9,0,0,0
130538,1,1,1982,17,0,0,0,0,25,15,0,17,6
130539,1,1,1982,12,12,12,12,12,12,12,12,12,12
130540,1,1,1982,27,10,0,0,8,0,0,15,0,0
130540,2,1,1982,0,3,0,17,0,0,0,0,0,0
130541,1,1,1982,0,0,0,0,0,0,0,0,0,0
130541,2,1,1982,0,0,0,0,34,0,3,0,0,0
130542,1,1,1982,20,13,11,15,16,17,23,8,12,0
130543,1,1,1982,20,9,14,19,0,15,15,0,26,0
130544,1,1,1982,0,0,0,0,0,0,0,0,0,0
130544,2,1,1982,0,0,0,0,0,0,0,0,0,0
130545,1,1,1982,0,0,0,0,0,0,0,0,0,0
130545,2,1,1982,0,0,0,0,0,0,0,0,0,0
130546,0,1,1982,26,26,0,0,0,0,0,32,0,23
130546,1,1,1982,0,0,0,0,0,0,0,0,7,0
130546,2,1,1982,18,18,18,18,18,18,18,18,18,18
130547,1,1,1982,24,17,45,25,18,16,0,25,24,28
130548,1,1,1982,24,24,24,24,24,24,24,24,24,24
130549,0,1,1982,0,0,0,0,0,0,0,0,34,0
130549,1,1,1982,0,0,0,0,0,0,0,0,0,0
130550,1,1,1982,0,0,0,0,0,0,0,0,0,0
130550,2,1,1982,0,0,0,0,0,0,0,0,0,0
130551,1,1,1982,14,14,14,14,14,14,14,14,14,14
130552,1,1,1982,30,30,30,30,30,30,30,30,30,30
130553,1,1,1982,0,0,0,0,0,0,0,0,0,0
130553,2,1,1982,0,0,0,0,0,0,0,0,0,0
130554,1,1,1982,0,0,0,0,0,0,0,0,0,0
130554,2,1,1982,0,0,15,0,0,0,0,0,0,0
130555,1,1,1982,25,15,26,12,15,21,32,22,19,33
130556,1,1,1982,25,25,25,25,25,25,25,25,25,25
130557,1,1,1982,15,15,12,23,14,28,0,22,8,27
130558,0,1,1982,7,15,5,34,22,27,24,18,23,22
130558,1,1,1982,0,0,0,0,0,0,0,0,0,0
130559,1,1,1982,0,0,0,0,0,0,0,0,9,0
130559,2,1,1982,0,0,0,0,0,0,0,0,0,0
130560,1,1,1982,4,14,13,0,0,0,25,13,0,0
130561,1,1,1982,0,0,0,0,0,0,0,0,0,0
130561,2,1,1982,0,0,0,0,0,0,0,0,0,0
130561,3,1,1982,7,7,7,7,7,7,7,7,7,7
130562,0,1,1982,0,0,0,0,0,0,0,0,0,0
130562,1,1,1982,0,0,0,0,0,0,0,0,0,0
130563,1,1,1982,0,0,0,0,0,0,0,0,0,0
130563,2,1,1982,0,0,0,0,25,0,0,0,0,0
130564,0,1,1982,15,15,15,15,15,15,15,15,15,15
130564,1,1,1982,0,0,0,0,0,0,0,0,0,0
130565,1,1,1982,0,0,0,0,0,0,0,0,0,0
130565,2,1,1982,0,0,0,0,0,0,0,0,0,0
130566,0,1,1982,0,0,0,0,0,0,0,0,0,0
130566,1,1,1982,0,0,0,0,0,0,0,0,0,0
130567,1,1,1982,0,0,0,0,0,0,0,0,0,0
130568,1,1,1982,28,28,28,28,28,28,28,28,28,28
130569,1,1,1982,1,1,1,1,1,1,1,1,1,1
130570,1,1,1982,0,0,0,0,0,0,0,0,0,0
130571,0,1,1982,12,0,27,0,27,32,14,16,0,0
130571,1,1,1982,20,20,20,20,20,20,20,20,20,20
130572,1,1,1982,22,22,22,22,22,22,22,22,22,22
130572,2,1,1982,16,16,16,16,16,16,16,16,16,16
130573,1,1,1982,24,24,24,24,24,24,24,24,24,24
130573,2,1,1982,0,0,0,0,0,0,0,0,0,0
130574,0,1,1982,0,37,13,16,0,4,21,22,8,33
130574,1,1,1982,0,0,0,0,3,0,0,0,0,0
130575,1,1,1982,0,0,0,0,0,0,0,0,0,0
130575,2,1,1982,18,18,18,18,18,18,18,18,18,18
130576,1,1,1982,0,0,0,0,0,0,0,0,0,0
130576,2,1,1982,0,0,0,0,0,0,0,0,0,0
130577,1,1,1982,23,23,23,23,23,23,23,23,23,23
130577,2,1,1982,0,0,0,0,0,0,0,0,0,0
130578,0,1,1982,20,20,20,20,20,20,20,20,20,20
130578,1,1,1982,0,0,0,0,0,0,0,0,0,0
130579,1,1,1982,15,15,15,15,15,15,15,15,15,15
130580,1,1,1982,0,0,0,0,0,0,0,0,0,0
130581,1,1,1982,10,10,10,10,10,10,10,10,10,10
130582,0,1,1982,0,0,0,0,0,0,0,0,0,0
130582,1,1,1982,0,0,0,0,0,0,0,0,0,0
130583,1,1,1982,22,0,0,0,0,0,0,0,0,0
130584,1,1,1982,3,3,3,3,3,3,3,3,3,3
130585,1,1,1982,19,19,19,19,19,19,19,19,19,19
130586,1,1,1982,1,1,1,1,1,1,1,1,1,1
130587,1,1,1982,7,7,7,7,7,7,7,7,7,7
130587,2,1,1982,19,0,0,0,0,12,16,0,31,0
130589,1,1,1982,42,42,42,42,42,42,42,42,42,42
130589,2,1,1982,0,0,8,0,0,0,0,0,9,0
130589,3,1,1982,0,0,0,0,0,0,0,0,0,0
130590,1,1,1982,0,0,0,0,0,0,4,0,0,0
130590,2,1,1982,0,0,0,0,0,0,0,0,0,0
130591,1,1,1982,20,20,20,20,20,20,20,20,20,20
130592,1,1,1982,0,23,0,0,0,8,7,25,6,15
130593,1,1,1982,8,8,8,8,8,8,8,8,8,8
130594,1,1,1982,30,30,30,30,30,30,30,30,30,30
130594,2,1,1982,0,2,0,0,0,0,0,0,0,0
130596,0,1,1982,0,0,0,0,0,0,0,17,0,0
130596,1,1,1982,0,0,0,0,0,0,0,0,0,0
130597,0,1,1982,0,0,0,0,0,0,0,0,0,0
130597,0,2,1982,0,0,0,0,0,0,0,0,21,0
130597,1,1,1982,0,0,19,6,0,17,0,0,0,10
130598,0,1,1982,0,0,0,0,0,0,0,0,0,0
130598,1,1,1982,0,0,0,0,0,0,0,0,0,0
130599,1,1,1982,0,0,0,0,0,10,0,0,20,0
130599,2,1,1982,0,0,0,0,0,0,0,0,0,0
130600,0,1,1982,0,0,0,0,0,0,0,0,0,0
130600,1,1,1982,0,0,0,0,0,0,0,0,0,0
130601,0,1,1982,23,10,0,0,29,12,0,0,24,17
130601,1,1,1982,0,0,0,0,0,0,0,0,0,0
130602,1,1,1982,0,21,0,9,0,0,10,20,0,0
130603,0,1,1982,0,0,0,0,0,0,0,0,0,0
130603,1,1,1982,0,0,0,0,0,13,0,0,0,0
130604,1,1,1982,0,0,0,0,0,0,5,0,0,0
130604,2,1,1982,0,0,0,0,0,0,0,0,0,0
130605,1,1,1982,0,0,0,0,0,0,0,0,0,0
130605,2,1,1982,0,0,0,0,0,0,0,0,0,0
130606,1,1,1982,0,0,0,0,0,0,0,0,0,0
130606,2,1,1982,0,0,10,0,0,0,0,12,0,0
130607,1,1,1982,15,15,15,15,15,15,15,15,15,15
130608,1,1,1982,0,0,0,0,0,0,0,13,0,0
130609,1,1,1982,0,0,0,16,21,0,0,0,21,17
130610,1,1,1982,30,30,30,30,30,30,30,30,30,30
130610,2,1,1982,0,0,0,0,0,0,0,0,0,0
130611,1,1,1982,0,0,0,0,0,0,0,2,0,0
130611,2,1,1982,0,0,0,0,41,0,0,0,0,0
130612,1,1,1982,15,15,15,15,15,15,15,15,15,15
130613,1,1,1982,0,18,0,6,11,12,29,9,23,3
130613,2,1,1982,10,10,10,10,10,10,10,10,10,10
130614,1,1,1982,0,0,0,0,0,0,0,0,0,0
130614,2,1,1982,0,0,0,0,0,0,0,0,0,0
130615,1,1,1982,38,38,38,38,38,38,38,38,38,38
130616,1,1,1982,1,1,1,1,1,1,1,1,1,1
130616,2,1,1982,9,9,9,9,9,9,9,9,9,9
130617,1,1,1982,0,0,0,0,0,0,0,0,0,0
130617,2,1,1982,0,0,0,0,0,0,0,0,0,0
130618,1,1,1982,6,6,6,6,6,6,6,6,6,6
130619,1,1,1982,23,23,23,23,23,23,23,23,23,23
130620,1,1,1982,28,28,28,28,28,28,28,28,28,28
130621,1,1,1982,19,19,19,19,19,19,19,19,19,19
130621,2,1,1982,0,16,0,0,0,0,14,16,0,0
130622,1,1,1982,0,0,0,0,0,0,0,0,0,0
130623,1,1,1982,0,0,0,0,0,0,0,0,0,0
130623,2,1,1982,17,17,17,17,17,17,17,17,17,17
130624,1,1,1982,14,14,14,14,14,14,14,14,14,14
130625,0,1,1982,0,0,0,0,0,0,0,0,0,0
130625,1,1,1982,0,0,0,0,0,0,0,0,0,0
130626,1,1,1982,0,0,0,0,0,0,0,0,0,0
130626,2,1,1982,0,0,0,0,0,0,0,0,0,0
130627,1,1,1982,0,0,0,0,0,0,0,0,0,0
130627,2,1,1982,0,0,0,0,0,0,0,0,0,0
130628,1,1,1982,15,15,15,15,15,15,15,15,15,15
130629,0,1,1982,0,0,0,0,0,0,0,0,0,0
130629,1,1,1982,0,0,0,0,0,0,0,0,0,0
130630,1,1,1982,10,10,10,10,10,10,10,10,10,10
130631,1,1,1982,20,20,20,20,20,20,20,20,20,20
130632,1,1,1982,21,21,21,21,21,21,21,21,21,21
130633,1,1,1982,35,35,35,35,35,35,35,35,35,35
130634,0,1,1982,0,0,0,0,0,0,0,0,0,0
130634,1,1,1982,0,0,0,0,0,0,0,0,0,0
130635,1,1,1982,7,7,7,7,7,7,7,7,7,7
130636,1,1,1982,14,14,14,14,14,14,14,14,14,14
130637,0,1,1982,20,19,0,0,26,0,0,0,23,0
130637,1,1,1982,0,0,0,0,0,0,0,0,0,0
130638,1,1,1982,15,15,15,15,15,15,15,15,15,15
130639,1,1,1982,0,0,0,0,0,0,0,0,0,0
130639,2,1,1982,20,20,20,20,20,20,20,20,20,20
130639,3,1,1982,0,0,0,0,0,0,0,0,0,0
130640,1,1,1982,11,11,11,11,11,11,11,11,11,11
130641,1,1,1982,11,0,0,0,0,0,0,0,6,0
130641,2,1,1982,0,0,0,0,0,0,0,14,0,0
130642,0,1,1982,0,0,0,0,0,0,0,0,0,0
130642,1,1,1982,0,0,0,0,0,0,0,0,0,0
130643,1,1,1982,0,7,0,14,0,0,0,0,0,0
130643,2,1,1982,0,11,0,0,0,16,0,0,0,0
130644,1,1,1982,37,37,37,37,37,37,37,37,37,37
130645,1,1,1982,21,21,21,21,21,21,21,21,21,21
130645,2,1,1982,2,2,2,2,2,2,2,2,2,2
130646,1,1,1982,22,13,12,14,23,26,15,21,19,25
130647,1,1,1982,12,12,12,12,12,12,12,12,12,12
130648,1,1,1982,13,13,13,13,13,13,13,13,13,13
130649,1,1,1982,20,0,9,20,21,22,8,26,17,26
130650,1,1,1982,22,22,22,22,22,22,22,22,22,22
130651,1,1,1982,9,10,18,13,19,0,0,0,0,0
130652,1,1,1982,20,20,20,20,20,20,20,20,20,20
130653,1,1,1982,39,39,39,39,39,39,39,39,39,39
130654,1,1,1982,0,0,0,0,0,0,0,0,0,0
130654,2,1,1982,0,0,0,0,0,0,0,0,0,0
130655,0,1,1982,22,0,15,0,23,20,13,0,0,13
130655,1,1,1982,34,0,24,20,8,13,13,4,15,17
130656,1,1,1982,23,23,23,23,23,23,23,23,23,23
130657,1,1,1982,18,18,18,18,18,18,18,18,18,18
130658,1,1,1982,12,12,12,12,12,12,12,12,12,12
130658,2,1,1982,0,0,0,0,0,0,0,0,0,0
130659,1,1,1982,0,0,0,0,0,0,0,0,0,0
130659,2,1,1982,0,0,0,0,0,0,0,0,0,0
130660,0,1,1982,0,0,0,0,0,0,0,0,0,0
130660,1,1,1982,0,0,0,0,0,0,0,0,0,0
130661,1,1,1982,19,19,19,19,19,19,19,19,19,19
130661,2,1,1982,3,3,3,3,3,3,3,3,3,3
130662,0,1,1982,23,23,23,23,23,23,23,23,23,23
130662,1,1,1982,9,9,9,9,9,9,9,9,9,9
130663,0,1,1982,18,18,18,18,18,18,18,18,18,18
130663,1,1,1982,21,6,31,23,16,13,6,18,18,9
130664,1,1,1982,0,0,0,0,0,0,0,0,0,0
130665,1,1,1982,5,5,5,5,5,5,5,5,5,5
130665,2,1,1982,13,13,13,13,13,13,13,13,13,13
130666,0,1,1982,0,0,0,0,0,0,0,0,0,0
130666,1,1,1982,0,0,0,0,0,0,0,5,0,0
130667,1,1,1982,7,7,7,7,7,7,7,7,7,7
130668,1,1,1982,0,0,0,0,0,0,0,0,0,0
130669,0,1,1982,0,0,0,0,0,0,0,0,0,0
130669,1,1,1982,7,7,7,7,7,7,7,7,7,7
130670,1,1,1982,0,0,0,0,0,0,8,0,0,14
130670,2,1,1982,0,0,0,0,0,0,0,0,0,0
130671,1,1,1982,0,0,0,18,0,0,0,0,0,0
130671,2,1,1982,15,15,15,15,15,15,15,15,15,15
130672,1,1,1982,14,14,14,14,14,14,14,14,14,14
130673,1,1,1982,15,7,21,24,20,15,4,15,16,11
130674,1,1,1982,0,0,0,0,0,0,11,0,0,0
130674,2,1,1982,0,0,0,0,0,0,0,0,0,3
130675,1,1,1982,14,0,3,0,11,0,0,0,0,0
130675,2,1,1982,0,0,0,0,0,0,0,0,0,0
130676,1,1,1982,28,11,7,15,24,0,14,0,6,0
130677,1,1,1982,0,0,0,0,0,0,0,0,0,0
130677,2,1,1982,23,23,23,23,23,23,23,23,23,23
130678,1,1,1982,0,0,24,20,0,0,0,0,0,0
130679,1,1,1982,0,0,0,0,0,0,0,0,0,0
130679,2,1,1982,0,0,0,0,0,0,0,0,0,0
130680,0,1,1982,0,0,0,0,0,0,0,0,0,0
130680,1,1,1982,11,13,27,10,17,19,15,27,28,29
130681,1,1,1982,0,0,0,0,0,0,0,0,0,0
130681,2,1,1982,0,0,0,0,0,0,0,0,0,0
130682,0,1,1982,22,22,22,22,22,22,22,22,22,22
130682,1,1,1982,0,0,0,0,0,0,0,0,0,0
130683,1,1,1982,26,26,26,26,26,26,26,26,26,26
130684,1,1,1982,0,0,0,0,0,0,0,0,0,0
130684,2,1,1982,0,0,0,0,0,0,0,0,0,0
130684,3,1,1982,0,0,0,0,0,0,0,0,0,0
130685,1,1,1982,8,8,8,8,8,8,8,8,8,8
130686,1,1,1982,0,0,0,0,0,0,0,0,0,0
130687,0,1,1982,0,0,0,0,0,0,0,0,0,0
130687,1,1,1982,22,22,22,22,22,22,22,22,22,22
130688,1,1,1982,19,19,19,19,19,19,19,19,19,19
130689,0,1,1982,0,0,0,0,0,0,0,0,0,0
130689,1,1,1982,0,0,0,0,0,0,0,0,0,0
130690,1,1,1982,21,21,21,21,21,21,21,21,21,21
130691,0,1,1982,0,0,0,0,4,0,0,0,15,0
130691,1,1,1982,0,0,0,22,0,0,0,17,0,0
130692,1,1,1982,16,16,16,16,16,16,16,16,16,16
130693,0,1,1982,0,0,0,0,0,0,0,0,0,0
130693,1,1,1982,0,0,0,0,0,0,0,0,0,0
130694,1,1,1982,11,11,11,11,11,11,11,11,11,11
130694,2,1,1982,21,21,21,21,21,21,21,21,21,21
130695,0,1,1982,0,0,17,0,0,0,0,0,10,0
130695,1,1,1982,0,0,0,0,0,0,0,0,0,0
130696,1,1,1982,0,16,10,32,23,16,10,18,13,26
130697,1,1,1982,16,16,16,16,16,16,16,16,16,16
130698,1,1,1982,0,0,0,0,0,0,0,0,0,0
130698,2,1,1982,5,5,5,5,5,5,5,5,5,5
130699,1,1,1982,9,17,5,11,0,18,17,18,0,17
130700,1,1,1982,0,0,0,2,0,0,0,0,0,0
130700,2,1,1982,0,9,0,0,11,0,0,0,0,0
130701,0,1,1982,0,0,0,0,0,0,0,0,0,0
130701,1,1,1982,0,13,0,0,0,0,7,0,0,0
130702,1,1,1982,0,0,0,0,0,0,0,0,0,0
130702,2,1,1982,17,17,17,17,17,17,17,17,17,17
130703,0,1,1982,0,9,21,6,21,13,0,4,0,0
130703,1,1,1982,36,0,10,10,24,7,13,14,0,16
130704,0,1,1982,25,25,25,25,25,25,25,25,25,25
130704,1,1,1982,23,21,20,22,8,18,19,0,19,26
130705,1,1,1982,7,19,0,5,0,24,8,12,0,0
130706,1,1,1982,0,0,0,0,5,0,0,0,0,0
130706,2,1,1982,0,0,0,0,0,0,0,0,0,0
130707,0,1,1982,31,0,0,10,0,14,30,5,14,0
130707,1,1,1982,0,0,0,0,0,0,0,0,0,0
130707,2,1,1982,0,0,0,0,0,0,0,0,0,0
130707,3,1,1982,0,0,0,0,0,0,0,0,0,0
130708,1,1,1982,0,0,0,0,0,0,0,0,0,0
130708,2,1,1982,0,0,0,0,0,0,0,0,0,0
130709,1,1,1982,0,0,0,0,0,0,0,0,0,0
130709,2,1,1982,8,0,0,0,0,0,0,0,0,0
130710,1,1,1982,0,0,0,0,0,0,0,0,0,0
130710,2,1,1982,0,0,0,7,0,0,0,0,0,0
130711,1,1,1982,6,0,16,24,0,26,11,0,17,21
130712,1,1,1982,0,0,0,0,0,0,0,0,0,0
130712,2,1,1982,0,0,0,0,0,0,0,0,0,0
130713,1,1,1982,14,14,14,14,14,14,14,14,14,14
130714,1,1,1982,28,20,19,23,34,9,0,19,18,31
130714,2,1,1982,0,16,15,0,0,0,0,0,0,0
130715,1,1,1982,10,18,23,0,21,0,0,0,0,0
130716,1,1,1982,11,0,14,0,0,0,0,0,0,0
130716,2,1,1982,0,0,19,0,5,0,0,0,0,16
130716,3,1,1982,10,21,0,20,15,8,4,16,0,7
130717,1,1,1982,0,0,0,0,0,0,0,19,0,0
130717,2,1,1982,0,11,0,8,0,0,0,0,0,0
130717,3,1,1982,9,9,9,9,9,9,9,9,9,9
130718,1,1,1982,9,3,16,0,0,16,0,18,13,19
130719,1,1,1982,0,0,0,0,0,0,0,0,9,0
130719,2,1,1982,0,0,0,0,0,0,0,0,0,0
130720,0,1,1982,11,11,11,11,11,11,11,11,11,11
130720,1,1,1982,0,0,0,0,0,0,0,0,0,0
130721,1,1,1982,0,0,2,0,0,18,0,0,0,0
130721,2,1,1982,8,18,18,8,18,13,0,15,9,23
130722,1,1,1982,0,0,0,0,0,0,0,0,0,4
130722,2,1,1982,9,9,9,9,9,9,9,9,9,9
130723,1,1,1982,17,17,17,17,17,17,17,17,17,17
130723,2,1,1982,0,0,0,0,0,0,0,0,0,0
130724,1,1,1982,16,17,14,18,0,0,20,0,36,26
130724,2,1,1982,0,19,0,0,0,3,11,9,17,0
130725,1,1,1982,0,0,0,0,0,0,0,0,0,0
130726,1,1,1982,25,25,25,25,25,25,25,25,25,25
130727,1,1,1982,10,10,10,10,10,10,10,10,10,10
130728,1,1,1982,0,16,0,0,0,0,27,0,0,0
130728,2,1,1982,0,0,0,0,0,0,0,0,0,0
130729,1,1,1982,0,0,0,0,0,0,0,0,0,0
130729,2,1,1982,21,0,0,13,0,0,0,0,0,0
130729,3,1,1982,0,0,0,0,0,0,0,0,0,0
130729,4,1,1982,0,0,0,0,0,0,0,0,0,0
130729,5,1,1982,0,0,0,0,0,0,0,0,0,0
130730,1,1,1982,13,11,20,20,16,0,18,11,20,6
130731,0,1,1982,20,0,6,0,0,14,0,0,0,0
130731,1,1,1982,0,0,0,0,0,0,0,0,0,0
130732,1,1,1982,11,11,11,11,11,11,11,11,11,11
130733,1,1,1982,9,9,9,9,9,9,9,9,9,9
130733,2,1,1982,0,0,0,0,20,4,0,0,0,16
130734,0,1,1982,10,10,10,10,10,10,10,10,10,10
130734,1,1,1982,12,12,12,12,12,12,12,12,12,12
130735,1,1,1982,16,16,16,16,16,16,16,16,16,16
130736,1,1,1982,0,0,0,0,0,0,0,0,0,0
130736,2,1,1982,0,0,0,0,0,0,0,0,0,0
130737,1,1,1982,27,27,27,27,27,27,27,27,27,27
130737,2,1,1982,0,0,0,0,0,0,0,0,0,0
130738,1,1,1982,32,32,32,32,32,32,32,32,32,32
130738,2,1,1982,0,0,0,0,0,0,0,0,0,0
130739,1,1,1982,4,0,0,0,0,0,0,0,0,0
130739,2,1,1982,0,0,0,0,0,0,0,0,0,0
130740,0,1,1982,0,0,0,0,0,0,0,0,0,0
130740,1,1,1982,21,0,35,37,29,11,10,12,15,19
130741,1,1,1982,11,11,11,11,11,11,11,11,11,11
130742,1,1,1982,5,0,0,0,17,0,12,26,0,0
130742,2,1,1982,0,0,13,0,0,26,2,0,0,0
130743,0,1,1982,0,0,0,0,17,0,12,0,0,0
130743,1,1,1982,0,0,0,0,0,0,0,0,0,0
130744,1,1,1982,24,24,24,24,24,24,24,24,24,24
130744,2,1,1982,19,19,19,19,19,19,19,19,19,19
130745,1,1,1982,0,0,0,0,0,0,0,0,0,0
130745,2,1,1982,0,0,0,0,19,0,0,0,0,0
130746,1,1,1982,0,0,0,0,0,0,0,0,0,0
130746,2,1,1982,0,0,0,0,0,0,0,0,0,0
130747,1,1,1982,28,28,28,28,28,28,28,28,28,28
130747,2,1,1982,0,0,0,0,0,0,0,0,0,0
130748,1,1,1982,0,0,0,0,0,0,0,0,0,20
130748,2,1,1982,7,7,7,7,7,7,7,7,7,7
130749,1,1,1982,18,18,18,18,18,18,18,18,18,18
130750,1,1,1982,0,0,0,0,0,0,0,20,11,0
130750,2,1,1982,0,0,0,0,15,26,14,0,0,11
130751,1,1,1982,11,11,11,11,11,11,11,11,11,11
130752,1,1,1982,0,18,0,0,0,0,0,0,0,0
130753,1,1,1982,0,0,0,0,0,0,0,0,0,0
130753,2,1,1982,9,9,9,9,9,9,9,9,9,9
130754,0,1,1982,0,0,0,0,0,0,0,0,0,0
130754,1,1,1982,0,0,0,0,0,0,0,0,0,0
130755,1,1,1982,7,0,18,24,22,13,20,6,4,12
130755,2,1,1982,4,18,11,10,11,15,0,0,6,13
130756,1,1,1982,2,2,2,2,2,2,2,2,2,2
130756,2,1,1982,11,0,0,0,0,0,0,0,20,0
130757,0,1,1982,0,0,0,0,0,0,0,0,0,0
130757,1,1,1982,32,37,25,18,12,8,0,27,22,7
130758,1,1,1982,13,13,13,13,13,13,13,13,13,13
130759,1,1,1982,0,0,0,0,0,0,0,0,0,0
130759,2,1,1982,0,0,0,0,0,0,0,0,0,0
130760,1,1,1982,31,15,27,15,15,13,35,28,30,14
130761,1,1,1982,0,0,6,0,0,16,0,10,36,15
130762,1,1,1982,28,28,28,28,28,28,28,28,28,28
130763,1,1,1982,12,12,12,12,12,12,12,12,12,12
130764,0,1,1982,0,5,18,0,7,0,0,0,0,0
130764,1,1,1982,0,0,0,0,0,0,0,0,0,0
130765,0,1,1982,0,0,0,0,0,0,0,0,0,0
130765,1,1,1982,0,0,0,0,0,14,0,21,0,0
130766,0,1,1982,0,0,0,0,0,0,0,0,0,0
130766,1,1,1982,0,0,0,0,0,0,0,0,0,0
130767,0,1,1982,0,0,0,0,11,0,0,7,0,0
130767,1,1,1982,0,0,0,0,0,0,0,0,0,0
130768,0,1,1982,0,0,0,0,0,0,0,0,0,0
130768,1,1,1982,0,0,0,0,0,0,0,0,0,0
130769,0,1,1982,15,15,15,15,15,15,15,15,15,15
130769,1,1,1982,0,0,16,0,0,0,0,0,0,0
130770,1,1,1982,0,0,0,0,0,0,0,0,0,0
130771,1,1,1982,0,0,0,0,0,0,0,0,6,0
130771,2,1,1982,0,0,0,0,9,0,18,13,12,16
130772,1,1,1982,20,20,20,20,20,20,20,20,20,20
130773,1,1,1982,0,0,0,0,0,0,0,0,0,0
130773,2,1,1982,0,0,0,0,0,0,0,0,0,0
130774,1,1,1982,0,0,0,0,0,0,0,0,0,0
130774,2,1,1982,0,0,0,0,0,0,0,0,0,0
130775,0,1,1982,15,21,0,0,0,0,0,0,20,0
130775,1,1,1982,0,0,0,0,0,0,0,0,0,0
130776,1,1,1982,14,14,14,14,14,14,14,14,14,14
130777,0,1,1982,17,17,17,17,17,17,17,17,17,17
130777,1,1,1982,23,23,23,23,23,23,23,23,23,23
130778,1,1,1982,0,0,0,0,0,0,0,0,0,0
130779,1,1,1982,24,24,24,24,24,24,24,24,24,24
130780,1,1,1982,28,28,28,28,28,28,28,28,28,28
130781,1,1,1982,9,9,9,9,9,9,9,9,9,9
130782,1,1,1982,1,1,1,1,1,1,1,1,1,1
130783,0,1,1982,0,0,0,0,0,0,0,0,0,0
130783,1,1,1982,0,0,0,0,0,0,0,0,0,0
130784,1,1,1982,0,0,0,0,0,0,0,0,0,0
130784,2,1,1982,0,0,0,0,0,0,0,0,0,0
130785,1,1,1982,0,0,0,0,0,0,0,0,14,0
130785,2,1,1982,14,0,0,0,0,0,0,17,0,0
130786,1,1,1982,18,18,18,18,18,18,18,18,18,18
130787,1,1,1982,8,0,12,10,0,7,0,0,0,0
130788,1,1,1982,0,0,0,0,0,0,0,0,0,0
130788,2,1,1982,0,23,0,0,0,0,0,0,14,0
130789,1,1,1982,20,18,26,25,9,17,11,11,20,14
130790,1,1,1982,0,0,0,0,0,0,0,0,0,0