ST_CASE,VEH_NO,PER_NO,YEAR,P1,P2,P3,P4,P5,P6,P7,P8,P9,P10
130790,2,1,1982,0,0,0,0,0,0,0,0,0,0
130791,0,1,1982,24,24,24,24,24,24,24,24,24,24
130791,1,1,1982,37,24,26,20,38,11,0,9,21,28
130792,1,1,1982,0,0,0,0,0,0,0,0,0,0
130792,2,1,1982,0,0,0,0,0,12,0,9,0,0
130793,1,1,1982,0,0,0,0,0,0,0,0,0,0
130794,1,1,1982,17,0,14,15,19,0,6,0,10,4
130794,2,1,1982,0,0,0,0,0,0,0,0,0,0
130795,1,1,1982,26,26,26,26,26,26,26,26,26,26
130796,0,1,1982,25,19,53,0,17,9,0,13,28,29
130796,1,1,1982,0,0,0,0,0,0,0,0,7,14
130797,1,1,1982,0,0,0,9,0,0,0,21,9,0
130797,2,1,1982,0,0,0,0,0,0,0,0,0,0
130798,1,1,1982,17,0,28,21,16,17,22,27,26,22
130799,1,1,1982,0,0,0,0,0,0,0,0,0,0
130799,2,1,1982,12,0,0,0,0,0,4,0,0,7
130799,3,1,1982,0,0,0,0,0,0,10,4,0,0
130800,1,1,1982,0,0,10,0,24,9,8,0,0,18
130801,1,1,1982,0,0,0,0,0,0,0,0,0,0
130802,1,1,1982,11,11,11,11,11,11,11,11,11,11
130803,1,1,1982,17,8,7,9,0,8,6,12,7,19
130804,1,1,1982,0,0,0,0,0,0,0,0,0,0
130805,1,1,1982,12,18,18,0,21,0,22,23,14,28
130806,1,1,1982,0,0,0,0,0,0,0,0,0,0
130806,2,1,1982,0,0,0,0,0,0,0,0,0,0
130807,0,1,1982,0,0,0,0,0,0,0,0,13,0
130807,1,1,1982,0,0,0,0,0,0,0,0,0,0
130808,1,1,1982,0,0,0,0,0,0,0,0,0,0
130809,1,1,1982,5,11,0,14,15,18,0,18,13,8
130810,1,1,1982,19,22,19,16,12,0,26,17,22,9
130811,1,1,1982,12,12,12,12,12,12,12,12,12,12
130812,1,1,1982,0,0,0,0,0,0,0,0,0,0
130812,2,1,1982,7,11,8,3,0,12,2,0,10,14
130813,1,1,1982,0,0,28,12,13,9,14,4,11,21
130813,2,1,1982,0,0,0,0,0,0,0,0,0,0
130814,1,1,1982,9,9,9,9,9,9,9,9,9,9
130815,1,1,1982,26,26,26,26,26,26,26,26,26,26
130815,2,1,1982,12,0,0,5,0,19,0,10,16,17
130816,0,1,1982,0,0,0,0,0,0,0,0,0,0
130816,1,1,1982,0,0,0,0,0,0,0,0,0,0
130817,1,1,1982,0,0,0,0,0,0,0,0,0,0
130817,2,1,1982,0,0,0,0,0,0,0,0,0,0
130818,1,1,1982,0,0,0,10,17,0,0,0,0,0
130818,2,1,1982,2,2,2,2,2,2,2,2,2,2
130819,1,1,1982,9,9,9,9,9,9,9,9,9,9
130820,0,1,1982,23,23,23,23,23,23,23,23,23,23
130820,1,1,1982,16,16,16,16,16,16,16,16,16,16
130821,1,1,1982,2,2,2,2,2,2,2,2,2,2
130821,2,1,1982,24,24,24,24,24,24,24,24,24,24
130822,1,1,1982,2,2,2,2,2,2,2,2,2,2
130822,2,1,1982,0,0,0,0,0,0,0,0,0,0
130823,1,1,1982,18,18,18,18,18,18,18,18,18,18
130824,0,1,1982,20,20,20,20,20,20,20,20,20,20
130824,1,1,1982,0,0,0,0,0,0,0,0,0,0
130825,1,1,1982,7,7,7,7,7,7,7,7,7,7
130826,1,1,1982,6,6,6,6,6,6,6,6,6,6
130826,2,1,1982,0,0,0,0,0,0,0,0,0,0
130827,1,1,1982,19,19,19,19,19,19,19,19,19,19
130828,1,1,1982,3,3,3,3,3,3,3,3,3,3
130828,2,1,1982,8,8,8,8,8,8,8,8,8,8
130829,1,1,1982,25,25,25,25,25,25,25,25,25,25
130830,1,1,1982,0,0,0,0,0,0,0,0,0,0
130830,2,1,1982,0,0,0,0,0,0,0,0,0,0
130831,1,1,1982,35,35,35,35,35,35,35,35,35,35
130832,1,1,1982,9,9,9,9,9,9,9,9,9,9
130832,2,1,1982,0,0,0,0,0,0,0,0,0,0
130833,2,1,1982,2,2,2,2,2,2,2,2,2,2
130834,1,1,1982,0,0,0,0,0,0,0,0,0,0
130835,1,1,1982,7,7,7,7,7,7,7,7,7,7
130836,1,1,1982,24,24,24,24,24,24,24,24,24,24
130837,1,1,1982,0,0,0,0,0,0,0,0,0,0
130837,2,1,1982,0,0,0,0,0,0,0,0,0,0
130838,1,1,1982,17,17,17,17,17,17,17,17,17,17
130839,1,1,1982,19,19,19,19,19,19,19,19,19,19
130839,2,1,1982,0,0,0,0,0,0,0,0,0,0
130840,1,1,1982,13,14,0,19,21,8,8,0,0,19
130841,1,1,1982,20,20,20,20,20,20,20,20,20,20
130841,2,1,1982,0,0,0,0,0,0,0,0,0,0
130842,1,1,1982,0,0,0,0,0,0,0,0,0,0
130843,1,1,1982,23,23,23,23,23,23,23,23,23,23
130844,0,1,1982,11,11,11,11,11,11,11,11,11,11
130844,1,1,1982,11,10,0,33,0,15,0,0,20,0
130845,1,1,1982,30,30,30,30,30,30,30,30,30,30
130845,2,1,1982,0,0,0,0,0,0,0,0,0,0
130846,1,1,1982,32,32,32,32,32,32,32,32,32,32
130847,1,1,1982,24,24,24,24,24,24,24,24,24,24
130848,1,1,1982,0,0,0,0,0,0,0,0,0,0
130848,2,1,1982,0,0,0,0,0,0,0,0,0,0
130849,1,1,1982,0,0,0,0,0,0,0,0,0,0
130849,2,1,1982,0,0,0,0,0,0,0,0,0,0
130850,1,1,1982,0,0,0,0,0,0,0,0,0,0
130850,2,1,1982,0,0,0,0,0,0,0,0,0,0
130851,0,1,1982,0,0,0,0,0,0,0,0,0,0
130851,1,1,1982,0,0,0,0,0,0,0,0,0,0
130852,0,1,1982,20,20,20,20,20,20,20,20,20,20
130852,1,1,1982,0,0,0,0,0,0,0,0,0,10
130853,1,1,1982,0,0,0,0,0,0,0,0,0,0
130854,1,1,1982,21,21,21,21,21,21,21,21,21,21
130855,1,1,1982,0,0,20,0,0,0,0,0,17,14
130855,2,1,1982,13,13,13,13,13,13,13,13,13,13
130856,1,1,1982,0,0,0,0,0,0,0,0,0,0
130856,2,1,1982,0,0,0,0,0,0,0,0,0,0
130857,0,1,1982,0,0,0,9,0,0,28,0,12,0
130857,1,1,1982,0,0,0,0,0,0,0,0,0,0
130858,1,1,1982,25,25,25,25,25,25,25,25,25,25
130858,2,1,1982,0,0,0,0,0,0,0,0,0,0
130859,1,1,1982,0,0,0,0,0,14,5,0,24,5
130860,1,1,1982,0,0,0,0,0,0,0,21,0,0
130860,2,1,1982,25,25,25,25,25,25,25,25,25,25
130861,1,1,1982,34,34,34,34,34,34,34,34,34,34
130862,1,1,1982,19,0,0,15,21,12,12,12,14,24
130862,2,1,1982,0,0,0,7,0,0,0,0,0,0
130863,1,1,1982,0,0,0,0,25,17,0,0,9,0
130865,1,1,1982,0,0,0,0,0,0,0,0,2,0
130866,1,1,1982,0,0,0,0,0,0,0,0,0,0
130866,2,1,1982,11,0,0,0,0,0,12,0,17,0
130867,0,1,1982,28,28,28,28,28,28,28,28,28,28
130867,1,1,1982,0,11,10,0,0,0,0,23,11,0
130868,1,1,1982,22,0,0,0,0,6,0,4,6,0
130869,1,1,1982,0,0,0,0,0,0,0,0,0,0
130870,1,1,1982,22,22,22,22,22,22,22,22,22,22
130871,0,1,1982,37,37,37,37,37,37,37,37,37,37
130871,1,1,1982,15,15,15,15,15,15,15,15,15,15
130872,1,1,1982,28,9,14,21,11,22,17,21,0,15
130873,1,1,1982,0,0,0,0,0,0,0,0,0,0
130874,0,1,1982,2,2,2,2,2,2,2,2,2,2
130874,1,1,1982,8,8,8,8,8,8,8,8,8,8
130874,2,1,1982,0,0,0,0,0,0,0,0,0,0
130875,1,1,1982,16,0,0,15,0,0,0,13,18,12
130876,1,1,1982,19,19,19,19,19,19,19,19,19,19
130877,1,1,1982,0,0,0,0,0,0,0,0,0,0
130877,2,1,1982,0,0,0,0,0,0,0,0,0,0
130877,3,1,1982,0,0,0,0,0,0,0,0,4,9
130878,1,1,1982,23,23,23,23,23,23,23,23,23,23
130879,1,1,1982,0,0,0,0,0,0,0,0,0,0
130880,1,1,1982,17,17,17,17,17,17,17,17,17,17
130881,1,1,1982,0,0,0,0,0,0,0,0,0,0
130881,2,1,1982,0,0,0,0,0,0,0,0,0,0
130882,1,1,1982,0,0,0,0,0,0,0,0,0,0
130882,2,1,1982,0,0,0,0,0,0,0,0,0,0
130882,3,1,1982,0,0,0,5,0,0,0,0,0,0
130883,1,1,1982,0,0,0,0,0,0,0,0,0,0
130884,1,1,1982,27,27,27,27,27,27,27,27,27,27
130885,0,1,1982,0,0,0,0,0,0,0,0,0,0
130885,1,1,1982,10,0,0,0,0,0,0,0,0,0
130886,1,1,1982,27,0,0,0,0,19,8,0,17,4
130887,1,1,1982,19,19,19,19,19,19,19,19,19,19
130888,1,1,1982,0,0,0,0,0,0,0,0,0,0
130889,1,1,1982,16,16,16,16,16,16,16,16,16,16
130889,2,1,1982,0,0,0,0,0,0,0,0,0,0
130890,1,1,1982,0,0,0,0,0,0,0,0,0,0
130890,2,1,1982,13,13,13,13,13,13,13,13,13,13
130891,1,1,1982,34,34,34,34,34,34,34,34,34,34
130891,2,1,1982,0,0,0,0,0,0,0,0,0,0
130892,1,1,1982,9,14,28,7,13,12,24,0,19,14
130893,1,1,1982,4,4,4,4,4,4,4,4,4,4
130894,1,1,1982,0,0,0,0,0,0,0,0,0,0
130895,1,1,1982,32,27,24,36,0,14,21,30,15,24
130896,0,1,1982,26,26,26,26,26,26,26,26,26,26
130896,1,1,1982,0,0,17,0,14,0,12,0,0,0
130897,1,1,1982,0,0,0,0,0,0,0,0,0,0
130897,2,1,1982,0,0,0,0,0,0,0,0,0,0
130898,1,1,1982,0,0,0,0,0,0,0,0,0,0
130898,2,1,1982,7,7,7,7,7,7,7,7,7,7
130898,3,1,1982,0,0,0,0,0,0,0,0,0,0
130899,1,1,1982,15,15,15,15,15,15,15,15,15,15
130900,1,1,1982,0,0,0,0,0,0,0,0,0,0
130900,2,1,1982,0,0,0,0,0,0,0,0,0,0
130901,1,1,1982,0,0,0,0,22,13,0,0,0,0
130901,2,1,1982,0,0,0,0,0,0,0,0,0,0
130902,1,1,1982,25,25,25,25,25,25,25,25,25,25
130902,2,1,1982,0,11,18,0,0,0,0,0,11,8
130903,1,1,1982,7,7,7,7,7,7,7,7,7,7
130904,1,1,1982,21,21,21,21,21,21,21,21,21,21
130904,2,1,1982,0,0,0,0,0,0,11,0,9,0
130905,1,1,1982,0,0,5,0,0,0,0,0,0,0
130905,2,1,1982,0,0,0,0,0,0,0,0,0,0
130906,1,1,1982,0,0,0,0,0,0,0,0,0,0
130906,2,1,1982,0,0,0,0,0,0,0,0,0,0
130907,1,1,1982,0,0,0,0,0,0,0,0,0,29
130908,1,1,1982,0,0,0,0,0,0,0,0,0,0
130908,2,1,1982,0,0,0,0,0,0,0,0,0,0
130909,1,1,1982,19,19,19,19,19,19,19,19,19,19
130910,1,1,1982,0,0,0,0,0,0,0,0,0,0
130910,2,1,1982,0,0,0,0,0,0,0,0,0,0
130911,1,1,1982,29,29,29,29,29,29,29,29,29,29
130911,2,1,1982,0,0,0,0,0,0,0,0,0,0
130912,0,1,1982,0,0,17,0,9,0,0,22,0,16
130912,1,1,1982,0,0,0,0,0,0,0,0,0,0
130913,1,1,1982,20,25,16,13,35,5,17,15,26,28
130913,2,1,1982,0,0,0,0,0,0,0,0,0,0
130914,1,1,1982,0,0,0,15,17,0,0,0,8,0
130914,2,1,1982,0,0,0,0,0,0,0,0,0,0
130915,1,1,1982,0,0,0,0,0,0,0,0,0,0
130915,2,1,1982,0,0,0,0,0,0,0,0,0,0
130916,1,1,1982,0,0,0,0,0,0,0,0,0,0
130917,1,1,1982,0,0,0,0,0,0,0,0,0,0
130918,0,1,1982,0,0,0,0,0,0,0,0,0,0
130918,1,1,1982,0,0,0,0,0,0,0,0,0,0
130919,1,1,1982,18,18,18,18,18,18,18,18,18,18
130920,0,1,1982,0,0,0,0,0,0,0,0,0,0
130920,1,1,1982,0,0,0,0,0,0,0,0,0,0
130921,0,1,1982,0,0,0,0,0,0,0,0,0,0
130921,1,1,1982,0,0,0,0,0,0,0,0,0,6
130922,1,1,1982,24,20,8,16,6,12,21,20,0,25
130923,1,1,1982,0,0,0,0,9,18,0,0,0,0
130923,2,1,1982,0,0,0,0,0,4,0,0,0,0
130924,1,1,1982,0,16,0,0,8,0,0,0,0,0
130925,1,1,1982,0,0,0,0,0,0,0,0,0,0
130925,2,1,1982,0,0,0,0,0,0,0,0,0,0
130926,1,1,1982,9,9,9,9,9,9,9,9,9,9
130927,1,1,1982,0,0,0,0,18,0,0,0,0,0
130927,2,1,1982,0,0,0,0,0,0,0,0,0,0
130928,1,1,1982,16,16,16,16,16,16,16,16,16,16
130929,1,1,1982,0,0,0,0,0,0,0,0,23,0
130929,2,1,1982,14,14,14,14,14,14,14,14,14,14
130930,1,1,1982,22,22,22,22,22,22,22,22,22,22
130931,1,1,1982,1,0,0,0,3,0,0,22,3,14
130931,2,1,1982,0,0,0,0,0,0,0,0,0,0
130931,3,1,1982,0,0,6,0,0,9,0,0,0,0
130932,1,1,1982,19,7,26,25,10,25,35,16,26,21
130933,1,1,1982,14,14,14,14,14,14,14,14,14,14
130933,2,1,1982,0,0,0,0,0,0,0,0,5,0
130934,1,1,1982,0,0,0,0,0,0,0,0,0,0
130934,2,1,1982,0,0,0,0,0,0,0,0,0,0
130935,0,1,1982,0,0,0,0,0,18,0,0,16,0
130935,1,1,1982,0,0,0,0,0,0,0,0,0,0
130936,0,1,1982,0,0,0,0,0,0,0,0,0,0
130936,1,1,1982,0,0,0,0,0,0,0,0,0,0
130937,1,1,1982,1,1,1,1,1,1,1,1,1,1
130937,2,1,1982,2,2,2,2,2,2,2,2,2,2
130938,0,1,1982,5,0,22,0,0,5,0,0,0,18
130938,1,1,1982,8,16,15,31,14,22,0,20,0,11
130939,1,1,1982,17,9,11,0,16,17,11,28,0,24
130940,1,1,1982,25,25,25,25,25,25,25,25,25,25
130941,1,1,1982,21,10,14,21,0,10,10,29,7,12
130941,2,1,1982,0,0,0,0,0,0,0,0,0,9
130941,3,1,1982,0,0,0,0,0,0,0,0,0,0
130941,4,1,1982,0,0,0,9,0,0,0,0,0,4
130942,1,1,1982,0,0,0,4,0,0,10,0,0,0
130942,2,1,1982,0,0,0,2,0,0,0,4,0,0
130942,3,1,1982,0,0,0,0,0,0,0,0,0,3
130943,1,1,1982,0,0,11,0,0,0,0,0,0,0
130943,2,1,1982,0,0,0,0,0,0,0,0,0,0
130944,1,1,1982,14,10,30,25,0,18,28,20,21,23
130945,1,1,1982,23,23,23,23,23,23,23,23,23,23
130945,2,1,1982,0,0,0,11,0,10,0,0,0,16
130945,3,1,1982,0,0,0,0,0,0,0,0,0,0
130946,1,1,1982,0,0,0,0,0,0,0,0,0,0
130947,1,1,1982,0,0,0,0,0,0,0,0,0,0
130947,2,1,1982,0,0,0,0,0,0,0,0,0,0
130948,1,1,1982,22,0,0,0,0,0,0,0,0,0
130948,2,1,1982,0,0,0,0,0,0,0,0,0,0
130949,0,1,1982,0,0,0,0,0,0,0,0,0,0
130949,1,1,1982,1,1,1,1,1,1,1,1,1,1
130950,0,1,1982,0,0,0,0,0,0,0,0,0,0
130950,1,1,1982,0,0,0,6,0,0,0,0,0,0
130952,1,1,1982,34,34,34,34,34,34,34,34,34,34
130953,1,1,1982,18,18,18,18,18,18,18,18,18,18
130954,1,1,1982,9,9,9,9,9,9,9,9,9,9
130955,1,1,1982,18,26,21,35,18,22,26,0,18,9
130956,1,1,1982,22,22,22,22,22,22,22,22,22,22
130957,1,1,1982,0,0,0,0,0,0,0,0,0,0
130957,2,1,1982,0,0,0,0,0,0,0,0,0,0
130958,1,1,1982,0,0,0,0,0,0,0,0,0,0
130959,0,1,1982,40,40,40,40,40,40,40,40,40,40
130959,1,1,1982,0,0,0,0,0,0,0,0,0,0
130960,1,1,1982,0,0,0,0,0,0,0,0,0,0
130961,1,1,1982,2,2,2,2,2,2,2,2,2,2
130961,2,1,1982,10,10,10,10,10,10,10,10,10,10
130961,3,1,1982,5,5,5,5,5,5,5,5,5,5
130962,1,1,1982,8,8,8,8,8,8,8,8,8,8
130962,2,1,1982,0,0,0,0,0,0,0,0,0,0
130963,1,1,1982,17,8,22,16,20,20,0,13,29,0
130964,1,1,1982,22,22,22,22,22,22,22,22,22,22
130965,1,1,1982,7,7,7,7,7,7,7,7,7,7
130966,1,1,1982,0,0,0,0,0,0,0,0,0,0
130966,2,1,1982,0,0,0,0,0,0,0,0,0,0
130967,1,1,1982,0,0,0,0,0,0,0,0,0,0
130967,2,1,1982,0,0,0,0,0,0,0,0,0,0
130968,1,1,1982,0,0,0,0,0,0,0,0,0,0
130968,2,1,1982,0,0,0,0,0,0,0,0,0,0
130969,1,1,1982,0,0,16,16,0,0,0,0,0,15
130969,2,1,1982,22,22,22,22,22,22,22,22,22,22
130970,1,1,1982,22,22,22,22,22,22,22,22,22,22
130971,0,1,1982,24,17,15,5,12,0,0,0,12,12
130971,1,1,1982,27,27,27,27,27,27,27,27,27,27
130972,1,1,1982,0,0,0,0,0,0,0,0,0,0
130973,0,1,1982,17,17,17,17,17,17,17,17,17,17
130973,1,1,1982,1,1,1,1,1,1,1,1,1,1
130974,1,1,1982,0,0,0,0,0,0,0,0,0,0
130974,2,1,1982,0,0,0,0,0,0,0,0,0,0
130975,0,1,1982,0,0,0,6,0,25,8,0,0,15
130975,1,1,1982,0,0,0,0,0,0,0,0,0,0
130976,1,1,1982,0,0,0,0,0,0,0,0,21,10
130976,2,1,1982,0,8,0,0,0,0,0,0,0,0
130977,1,1,1982,0,0,0,0,0,0,0,0,0,0
130977,2,1,1982,0,0,0,0,0,0,0,0,0,0
130978,1,1,1982,0,15,0,0,0,30,0,0,0,0
130979,1,1,1982,0,0,0,0,0,0,0,0,0,0
130980,1,1,1982,28,25,10,26,8,15,20,29,21,14
130981,1,1,1982,25,25,25,25,25,25,25,25,25,25
130982,0,1,1982,0,0,0,21,0,0,0,5,0,0
130982,1,1,1982,0,0,0,0,0,10,0,0,0,0
130983,1,1,1982,15,15,15,15,15,15,15,15,15,15
130983,2,1,1982,9,9,9,9,9,9,9,9,9,9
130984,1,1,1982,0,0,0,0,0,0,0,0,0,0
130984,2,1,1982,0,0,0,0,0,0,0,0,0,0
130984,3,1,1982,0,0,0,0,0,0,0,0,0,0
130985,1,1,1982,6,6,6,6,6,6,6,6,6,6
130986,1,1,1982,15,15,15,15,15,15,15,15,15,15
130986,2,1,1982,0,0,0,0,0,0,0,0,0,0
130987,0,1,1982,0,0,0,0,0,0,0,0,0,0
130987,1,1,1982,0,0,0,0,0,0,0,0,0,0
130988,1,1,1982,0,0,0,6,0,13,0,24,15,28
130989,1,1,1982,0,0,0,0,0,0,0,0,0,0
130990,1,1,1982,17,17,17,17,17,17,17,17,17,17
130991,0,1,1982,2,2,2,2,2,2,2,2,2,2
130991,1,1,1982,8,8,8,8,8,8,8,8,8,8
130992,1,1,1982,12,12,12,12,12,12,12,12,12,12
130992,2,1,1982,0,0,0,0,0,0,0,0,0,0
130993,1,1,1982,15,15,15,15,15,15,15,15,15,15
130994,1,1,1982,0,0,0,0,0,0,0,0,0,0
130994,2,1,1982,0,0,0,0,0,0,0,0,0,0
130995,1,1,1982,0,0,0,0,0,0,0,0,0,0
130995,2,1,1982,2,2,2,2,2,2,2,2,2,2
130996,1,1,1982,0,0,0,0,0,0,0,0,0,0
130996,2,1,1982,9,9,9,9,9,9,9,9,9,9
130997,0,1,1982,0,0,0,0,0,0,0,0,0,0
130997,1,1,1982,0,0,0,0,0,0,0,0,0,0
130998,1,1,1982,0,0,0,0,0,0,0,0,0,10
130999,1,1,1982,0,0,0,0,0,0,0,0,0,0
130999,2,1,1982,0,10,0,0,0,0,0,0,0,0
131000,0,1,1982,0,0,0,0,0,0,0,0,0,0
131000,1,1,1982,0,0,7,0,0,0,0,0,12,0
131001,1,1,1982,20,20,20,20,20,20,20,20,20,20
131002,1,1,1982,0,0,0,0,0,0,0,0,0,0
131002,2,1,1982,0,11,0,0,0,0,0,0,26,0
131002,3,1,1982,0,0,0,0,0,0,0,0,0,0
131003,1,1,1982,0,0,0,0,0,0,0,0,0,0
131003,2,1,1982,0,0,0,0,0,0,0,6,0,0
131003,3,1,1982,0,0,0,0,0,0,0,0,0,8
131004,1,1,1982,24,24,24,24,24,24,24,24,24,24
131005,0,1,1982,0,26,0,0,0,24,0,12,0,23
131005,1,1,1982,0,0,0,0,0,0,0,0,0,0
131006,1,1,1982,25,25,25,25,25,25,25,25,25,25
131006,2,1,1982,0,0,0,0,0,0,0,0,0,0
131007,1,1,1982,14,14,14,14,14,14,14,14,14,14
131008,1,1,1982,0,0,0,0,0,0,0,0,0,0
131008,2,1,1982,0,0,0,0,0,0,0,0,0,0
131008,3,1,1982,0,0,0,0,0,0,0,0,0,0
131009,0,1,1982,35,35,35,35,35,35,35,35,35,35
131009,1,1,1982,0,0,7,0,9,0,0,0,0,0
131010,1,1,1982,6,6,6,6,6,6,6,6,6,6
131010,2,1,1982,5,5,5,5,5,5,5,5,5,5
131011,1,1,1982,10,10,10,10,10,10,10,10,10,10
131011,2,1,1982,0,0,0,0,0,0,0,0,0,0
131012,1,1,1982,0,0,0,0,0,0,0,0,0,0
131012,2,1,1982,23,23,23,23,23,23,23,23,23,23
131013,1,1,1982,16,16,16,16,16,16,16,16,16,16
131013,2,1,1982,0,0,0,0,0,0,0,0,0,0
131014,1,1,1982,0,0,0,4,0,13,0,0,0,16
131014,2,1,1982,0,0,0,0,0,0,0,0,0,0
131015,1,1,1982,8,8,8,8,8,8,8,8,8,8
131016,1,1,1982,0,0,0,0,0,0,0,0,0,0
131016,2,1,1982,0,0,0,0,0,0,0,0,0,0
131017,1,1,1982,15,15,15,15,15,15,15,15,15,15
131018,1,1,1982,0,0,0,0,0,0,0,0,0,0
131019,1,1,1982,0,0,0,0,0,0,0,0,0,0
131020,1,1,1982,0,0,0,0,0,0,0,0,0,0
131020,2,1,1982,4,0,0,0,0,0,0,0,0,0
131021,1,1,1982,16,16,16,16,16,16,16,16,16,16
131021,2,1,1982,0,0,0,0,0,0,0,0,0,0
131022,1,1,1982,0,0,0,0,0,0,0,0,0,0
131022,2,1,1982,0,0,0,0,0,0,0,0,0,0
131023,1,1,1982,0,0,0,0,0,0,0,0,0,0
131023,2,1,1982,0,0,0,0,0,0,0,0,0,0
131024,1,1,1982,0,0,0,0,0,0,0,0,0,0
131025,1,1,1982,0,0,0,0,0,0,24,12,26,25
131026,1,1,1982,0,0,0,0,0,0,0,0,0,0
131027,1,1,1982,0,0,0,0,0,0,0,0,0,0
131027,2,1,1982,0,0,0,0,0,0,0,0,0,0
131028,0,1,1982,2,0,0,0,0,0,0,17,0,0
131028,1,1,1982,0,0,0,0,0,0,0,0,0,0
131028,2,1,1982,12,0,7,0,0,0,12,0,5,0
131029,1,1,1982,16,16,16,16,16,16,16,16,16,16
131030,0,1,1982,0,0,0,14,0,0,0,0,0,0
131030,0,2,1982,0,13,0,0,6,0,0,0,0,0
131030,1,1,1982,0,0,0,0,0,14,0,0,0,0
131031,0,1,1982,27,27,27,27,27,27,27,27,27,27
131031,1,1,1982,0,0,0,0,0,0,0,0,0,0
131032,1,1,1982,13,13,13,13,13,13,13,13,13,13
131032,2,1,1982,0,0,0,0,0,0,0,0,0,0
131032,3,1,1982,0,0,8,0,0,0,0,0,0,0
131033,1,1,1982,0,0,0,0,0,0,0,0,0,0
131033,2,1,1982,0,0,0,0,0,0,0,0,0,0
131034,1,1,1982,0,0,0,0,0,0,0,0,0,0
131034,2,1,1982,0,0,0,0,0,0,0,0,0,0
131035,0,1,1982,0,0,0,39,0,0,0,0,0,0
131035,1,1,1982,0,0,0,0,0,0,0,0,0,0
131035,2,1,1982,0,9,0,0,0,0,0,0,0,0
131036,0,1,1982,0,0,0,0,0,0,0,0,0,0
131036,1,1,1982,0,0,0,0,0,0,0,0,0,0
131037,1,1,1982,0,0,0,0,0,0,0,0,0,0
131038,0,1,1982,10,23,15,26,19,7,19,15,0,13
131038,1,1,1982,0,0,0,0,0,0,0,0,0,0
131039,1,1,1982,0,0,0,0,0,0,0,0,0,0
131039,2,1,1982,0,0,0,0,0,0,0,0,0,0
131040,1,1,1982,25,25,25,25,25,25,25,25,25,25
131041,1,1,1982,28,28,28,28,28,28,28,28,28,28
131041,2,1,1982,14,14,14,14,14,14,14,14,14,14
131042,1,1,1982,0,0,0,0,0,0,0,0,0,0
131043,1,1,1982,11,11,11,11,11,11,11,11,11,11
131043,2,1,1982,0,0,10,0,0,0,0,0,0,0
131044,1,1,1982,28,28,28,28,28,28,28,28,28,28
131044,2,1,1982,0,0,0,0,0,0,0,0,0,0
131045,1,1,1982,16,16,16,16,16,16,16,16,16,16
131046,1,1,1982,0,0,0,0,0,0,0,0,0,0
131046,2,1,1982,22,22,22,22,22,22,22,22,22,22
131047,1,1,1982,0,0,0,0,0,0,6,0,0,6
131047,2,1,1982,0,0,0,0,0,0,0,17,0,0
131048,1,1,1982,0,0,0,0,0,0,0,0,0,0
131048,2,1,1982,23,23,23,23,23,23,23,23,23,23
131049,1,1,1982,4,4,4,4,4,4,4,4,4,4
131050,1,1,1982,0,0,0,0,0,0,0,0,0,0
131051,1,1,1982,0,0,0,20,0,0,0,0,14,18
131051,2,1,1982,0,0,0,0,0,0,0,0,0,0
131052,1,1,1982,10,10,10,10,10,10,10,10,10,10
131053,1,1,1982,28,28,28,28,28,28,28,28,28,28
131053,2,1,1982,0,0,0,0,0,0,0,0,0,0
131054,0,1,1982,11,11,11,11,11,11,11,11,11,11
131054,1,1,1982,0,0,0,13,0,0,0,0,0,0
131055,1,1,1982,0,0,0,0,0,0,0,0,0,0
131055,2,1,1982,20,20,20,20,20,20,20,20,20,20
131056,1,1,1982,7,22,10,12,0,7,9,6,0,0
131057,1,1,1982,31,0,9,20,22,0,0,0,18,29
131058,0,1,1982,0,0,0,0,0,0,0,0,0,0
131058,1,1,1982,18,18,18,18,18,18,18,18,18,18
131059,1,1,1982,28,28,28,28,28,28,28,28,28,28
131059,2,1,1982,0,0,0,0,0,0,0,0,0,0
131059,3,1,1982,0,7,0,0,0,0,0,0,0,0
131061,1,1,1982,0,0,0,0,0,0,0,0,0,0
131061,2,1,1982,0,0,0,0,0,0,0,0,0,0
131062,0,1,1982,37,0,0,40,0,22,16,0,42,26
131062,1,1,1982,0,0,0,0,0,0,0,0,0,0
131063,1,1,1982,26,26,26,26,26,26,26,26,26,26
131063,2,1,1982,0,0,0,0,0,0,0,0,0,0
131064,1,1,1982,14,14,14,14,14,14,14,14,14,14
131065,0,1,1982,0,0,0,0,0,0,0,0,0,0
131065,1,1,1982,0,0,0,0,0,0,0,0,0,0
131066,1,1,1982,0,0,0,0,0,0,0,0,10,0
131066,2,1,1982,3,0,0,0,0,0,0,0,0,0
131067,0,1,1982,0,35,28,0,34,21,13,0,20,0
131067,1,1,1982,0,0,0,0,0,0,0,0,9,0
131068,1,1,1982,29,0,12,12,34,10,25,26,0,25
131069,1,1,1982,0,0,0,0,0,0,0,0,0,0
131069,2,1,1982,0,0,0,0,0,0,0,0,0,0
131070,1,1,1982,0,0,0,0,0,0,0,0,0,0
131070,2,1,1982,0,0,0,0,0,0,0,0,0,0
131071,1,1,1982,0,0,0,0,0,0,0,0,0,0
131071,2,1,1982,0,0,0,0,0,0,0,0,0,0
131071,3,1,1982,0,0,7,0,0,0,0,0,19,0
131072,1,1,1982,9,9,9,9,9,9,9,9,9,9
131072,2,1,1982,9,34,0,24,11,27,19,0,0,0
131073,1,1,1982,22,13,36,8,17,25,20,30,31,30
131073,2,1,1982,0,0,0,0,0,0,0,0,0,0
131074,1,1,1982,24,0,10,15,17,19,26,22,36,22
131075,0,1,1982,0,0,0,0,0,0,11,0,0,0
131075,1,1,1982,0,0,0,0,0,0,16,0,0,0