ST_CASE,VEH_NO,PER_NO,YEAR,P1,P2,P3,P4,P5,P6,P7,P8,P9,P10
160111,1,1,1982,0,0,0,0,0,7,0,0,0,0
160111,2,1,1982,0,0,0,0,0,0,0,0,0,0
160112,1,1,1982,12,16,0,0,0,0,13,9,8,0
160113,1,1,1982,0,0,0,0,0,0,0,0,0,0
160113,2,1,1982,2,2,2,2,2,2,2,2,2,2
160114,1,1,1982,17,31,0,9,12,0,41,0,13,0
160114,2,1,1982,0,0,0,0,0,0,3,0,0,0
160115,0,1,1982,0,19,0,11,0,0,0,0,0,0
160115,1,1,1982,0,0,0,0,0,0,0,0,0,0
160116,1,1,1982,0,0,0,0,0,0,0,0,0,0
160116,2,1,1982,0,0,0,0,0,0,0,0,0,0
160117,1,1,1982,37,20,22,14,19,33,19,16,21,38
160118,1,1,1982,1,1,1,1,1,1,1,1,1,1
160118,2,1,1982,0,0,0,0,0,0,0,0,0,0
160119,1,1,1982,24,5,34,27,19,32,39,0,21,31
160120,1,1,1982,0,0,0,0,0,0,0,0,0,0
160121,1,1,1982,0,0,0,0,0,0,0,0,0,0
160121,2,1,1982,0,0,0,0,0,0,0,0,19,0
160122,1,1,1982,0,0,0,0,0,0,0,0,0,0
160123,1,1,1982,0,0,0,0,0,0,0,0,0,0
160123,2,1,1982,19,6,13,11,12,21,13,12,6,21
160124,1,1,1982,14,14,14,14,14,14,14,14,14,14
160124,2,1,1982,0,3,0,0,0,0,0,19,0,0
160125,1,1,1982,14,29,8,10,29,11,15,12,25,11
160126,1,1,1982,2,2,2,2,2,2,2,2,2,2
160127,1,1,1982,0,0,28,16,0,0,8,0,0,0
160128,1,1,1982,0,0,0,0,0,0,0,0,0,0
160129,1,1,1982,0,29,0,0,0,0,0,0,0,0
160130,1,1,1982,0,0,13,0,0,0,0,0,0,0
160130,2,1,1982,0,0,0,0,0,0,0,0,0,0
160131,1,1,1982,0,0,4,0,0,0,9,21,0,0
160132,1,1,1982,21,21,21,21,21,21,21,21,21,21
160132,2,1,1982,0,0,0,0,0,0,0,0,0,0
160133,1,1,1982,0,0,0,0,0,0,0,0,0,0
160133,2,1,1982,0,4,26,26,22,23,14,13,13,14
160134,1,1,1982,18,18,18,18,18,18,18,18,18,18
160135,1,1,1982,0,0,0,0,0,0,0,0,0,0
160136,1,1,1982,0,0,0,0,0,0,0,0,0,0
160137,1,1,1982,27,13,21,15,29,4,20,17,12,15
160138,1,1,1982,0,0,0,0,0,0,0,0,0,0
160138,2,1,1982,0,0,0,0,0,0,0,0,0,0
160140,1,1,1982,15,15,15,15,15,15,15,15,15,15
160140,2,1,1982,15,15,15,15,15,15,15,15,15,15
160141,1,1,1982,13,15,14,7,16,18,17,23,16,32
160142,1,1,1982,0,0,0,0,13,0,0,0,0,12
160143,1,1,1982,24,24,24,24,24,24,24,24,24,24
160143,2,1,1982,0,0,0,0,0,0,0,0,0,0
160144,1,1,1982,13,13,13,13,13,13,13,13,13,13
160145,1,1,1982,0,0,0,0,0,0,0,0,0,0
160145,2,1,1982,0,0,0,0,0,0,0,0,0,0
160146,1,1,1982,0,0,0,0,0,0,0,0,0,0
160147,1,1,1982,0,0,0,0,0,0,0,0,0,0
160147,2,1,1982,0,8,0,0,0,0,0,0,0,0
160148,1,1,1982,0,0,0,0,0,0,0,0,0,0
160149,1,1,1982,0,0,0,0,0,23,0,0,16,0
160149,2,1,1982,0,13,0,0,0,0,0,0,0,0
160149,3,1,1982,0,0,0,0,0,0,0,0,0,0
160149,4,1,1982,0,0,0,0,0,0,0,0,0,0
160150,1,1,1982,0,0,0,0,8,0,0,0,7,0
160151,1,1,1982,20,24,25,25,15,24,22,25,35,32
160151,2,1,1982,0,0,0,0,0,0,0,0,0,0
160152,0,1,1982,0,0,0,0,0,0,0,0,0,0
160152,1,1,1982,0,0,0,0,0,0,0,0,0,0
160153,1,1,1982,25,24,22,30,14,8,27,35,29,15
160154,1,1,1982,0,0,0,0,0,0,0,0,0,26
160154,2,1,1982,21,0,0,0,0,0,0,0,0,0
160155,1,1,1982,13,0,0,0,0,0,16,7,0,0
160156,1,1,1982,0,0,0,0,0,0,0,0,0,0
160157,1,1,1982,16,15,12,11,14,25,22,19,6,16
160158,0,1,1982,25,25,16,18,36,17,23,33,32,49
160158,1,1,1982,10,5,19,12,6,17,12,13,8,8
160159,1,1,1982,0,0,14,0,0,0,0,0,19,0
160159,2,1,1982,0,0,0,23,0,0,10,20,0,0
160160,1,1,1982,0,0,0,0,0,0,0,0,0,0
160160,2,1,1982,0,0,0,12,0,0,0,0,2,2
160161,1,1,1982,0,0,0,0,0,0,0,0,0,0
160162,1,1,1982,18,18,18,18,18,18,18,18,18,18
160163,0,1,1982,0,19,0,0,0,0,0,0,0,0
160163,0,2,1982,0,0,0,0,0,0,0,0,0,0
160163,1,1,1982,11,12,14,22,27,13,16,21,15,27
160164,1,1,1982,0,0,0,0,0,0,0,0,0,0
160165,1,1,1982,22,22,22,22,22,22,22,22,22,22
160166,0,1,1982,0,0,0,0,0,0,0,0,0,0
160166,1,1,1982,7,0,0,0,0,0,0,0,0,0
160167,1,1,1982,22,28,30,34,24,33,19,12,11,30
160168,1,1,1982,0,0,0,0,0,0,0,0,0,0
160169,0,1,1982,0,19,25,27,0,0,10,32,0,26
160169,1,1,1982,1,1,1,1,1,1,1,1,1,1
160169,2,1,1982,0,0,0,0,0,0,0,0,0,0
160170,1,1,1982,5,0,0,0,0,0,0,0,0,0
160170,2,1,1982,0,0,0,0,0,0,0,0,7,0
160171,1,1,1982,0,0,0,0,0,0,0,0,0,0
160172,0,1,1982,0,0,0,0,0,0,0,0,0,0
160172,1,1,1982,0,0,0,2,0,0,0,0,0,0
160173,0,1,1982,27,15,39,14,30,17,19,18,24,28
160173,1,1,1982,32,0,40,17,23,15,11,5,14,17
160174,1,1,1982,12,12,12,12,12,12,12,12,12,12
160175,1,1,1982,29,28,0,0,24,17,26,22,0,15
160176,1,1,1982,0,0,0,0,0,0,0,0,0,0
160176,2,1,1982,2,3,4,3,3,0,12,5,0,5
160178,1,1,1982,19,16,33,6,13,34,0,0,0,11
160179,1,1,1982,17,17,17,17,17,17,17,17,17,17
160180,1,1,1982,0,0,0,0,0,0,0,0,13,0
160180,2,1,1982,0,0,0,0,0,0,0,0,0,0
160181,0,1,1982,15,6,0,0,25,20,0,0,14,15
160181,1,1,1982,4,14,6,10,9,11,13,22,14,10
160182,0,1,1982,19,0,0,0,0,0,29,13,34,0
160182,1,1,1982,0,11,21,0,0,0,22,0,0,0
160183,0,1,1982,29,23,38,7,29,10,21,5,26,31
160183,1,1,1982,12,12,12,12,12,12,12,12,12,12
160184,1,1,1982,11,19,0,0,0,0,0,0,18,28
160184,2,1,1982,20,5,6,13,15,5,29,0,12,11
160185,1,1,1982,23,31,0,17,16,10,20,0,6,14
160185,2,1,1982,0,21,0,0,0,0,16,0,0,0
160186,1,1,1982,0,0,0,0,0,0,0,0,0,0
160187,1,1,1982,22,3,19,16,26,13,20,29,10,13
160188,1,1,1982,26,26,26,26,26,26,26,26,26,26
160189,1,1,1982,0,22,0,0,0,0,17,0,0,0
160189,2,1,1982,0,0,0,0,0,0,0,24,0,0
160189,3,1,1982,0,5,0,0,0,0,0,0,0,0
160190,1,1,1982,0,0,0,0,0,0,0,0,0,0
160190,2,1,1982,0,0,0,0,0,0,0,0,0,0
160191,0,1,1982,0,0,0,0,0,0,0,0,0,0
160191,1,1,1982,0,22,0,0,0,0,11,0,0,12
160192,1,1,1982,0,0,22,0,0,0,0,0,0,0
160192,2,1,1982,0,0,0,0,0,0,0,0,0,0
160193,1,1,1982,13,0,0,0,14,0,0,17,0,0
160193,2,1,1982,0,12,0,0,0,0,0,0,0,0
160193,3,1,1982,0,0,9,0,0,0,0,0,0,0
160194,1,1,1982,13,13,13,13,13,13,13,13,13,13
160195,1,1,1982,0,0,0,0,0,8,11,0,0,28
160195,2,1,1982,21,8,24,15,0,14,30,42,7,27
160196,1,1,1982,0,0,0,0,0,0,0,0,0,0
160197,1,1,1982,14,0,0,16,7,22,16,26,0,0
160198,1,1,1982,0,0,4,0,0,0,0,0,3,0
160199,1,1,1982,0,0,9,0,0,0,0,0,0,0
160200,1,1,1982,0,0,0,0,0,0,0,0,0,0
160200,2,1,1982,0,0,0,0,0,0,0,0,0,0
160201,1,1,1982,0,21,0,0,0,0,0,0,0,0
160202,1,1,1982,0,0,16,0,8,0,3,0,0,0
160203,0,1,1982,0,0,0,0,0,0,0,0,0,0
160203,1,1,1982,0,0,0,0,0,0,0,0,0,0
160204,0,1,1982,0,0,0,0,0,0,0,0,0,0
160204,1,1,1982,0,0,0,0,0,0,0,0,0,0
160205,1,1,1982,13,13,13,13,13,13,13,13,13,13
160206,1,1,1982,27,0,16,12,17,14,10,24,10,29
160207,1,1,1982,0,0,0,0,11,0,0,0,0,0
160208,1,1,1982,0,0,0,0,6,0,0,0,0,0
160208,2,1,1982,0,0,0,0,0,0,0,0,9,11
160209,1,1,1982,13,13,13,13,13,13,13,13,13,13
160210,1,1,1982,24,0,0,0,0,0,0,0,0,0
160210,2,1,1982,16,8,9,16,15,4,10,16,13,5
160210,3,1,1982,0,0,0,0,0,0,0,0,0,0
160211,1,1,1982,1,1,1,1,1,1,1,1,1,1
160211,2,1,1982,0,0,0,0,0,0,0,0,0,0
160212,1,1,1982,3,3,3,3,3,3,3,3,3,3
160213,0,1,1982,0,0,16,5,13,0,0,0,0,18
160213,1,1,1982,3,3,3,3,3,3,3,3,3,3
160214,1,1,1982,0,0,0,0,0,0,12,0,0,0
160215,1,1,1982,0,0,0,0,0,0,0,0,5,0
160215,2,1,1982,0,0,0,0,0,0,0,0,0,0
160216,1,1,1982,0,0,0,14,17,0,0,0,14,0
160217,1,1,1982,11,23,15,16,21,37,20,3,20,8
170001,1,1,1982,0,25,0,0,0,0,0,0,0,0
170002,1,1,1982,0,10,0,0,0,15,24,0,0,10
170003,1,1,1982,21,21,21,21,21,21,21,21,21,21
170003,2,1,1982,0,0,0,0,0,0,0,0,0,0
170004,0,1,1982,0,0,0,0,0,0,0,0,0,0
170004,1,1,1982,0,0,0,0,0,0,0,0,0,0
170004,2,1,1982,0,0,0,0,0,0,0,25,0,0
170004,3,1,1982,0,0,0,0,0,0,0,0,0,0
170005,0,1,1982,37,37,37,37,37,37,37,37,37,37
170005,1,1,1982,0,0,0,0,0,0,0,0,0,0
170006,1,1,1982,13,0,12,0,0,0,0,0,0,12
170007,0,1,1982,8,8,8,8,8,8,8,8,8,8
170007,1,1,1982,0,12,0,0,12,15,26,13,8,0
170007,2,1,1982,0,0,0,0,5,0,0,0,12,13
170008,1,1,1982,0,0,0,0,0,0,0,0,0,0
170008,2,1,1982,0,0,0,0,0,0,0,9,0,0
170009,1,1,1982,0,0,0,0,0,0,0,0,0,0
170009,2,1,1982,0,0,0,0,0,0,0,0,0,0
170010,0,1,1982,0,0,0,0,0,0,0,0,0,0
170010,1,1,1982,0,0,0,0,0,0,0,0,0,0
170011,1,1,1982,27,27,27,27,27,27,27,27,27,27
170012,0,1,1982,0,0,0,0,0,0,0,0,0,0
170012,1,1,1982,0,0,0,0,0,0,0,0,0,0
170013,0,1,1982,0,0,0,0,0,0,0,0,0,0
170013,1,1,1982,0,0,0,0,0,0,0,0,0,0
170013,2,1,1982,13,22,0,24,26,14,21,0,0,13
170014,0,1,1982,0,0,0,0,0,0,0,0,0,0
170014,1,1,1982,0,0,0,22,0,0,0,8,0,0
170015,1,1,1982,0,0,0,0,0,0,0,0,0,0
170016,1,1,1982,19,11,14,12,7,15,19,13,11,0
170017,1,1,1982,19,18,20,22,24,10,0,7,25,0
170018,0,1,1982,0,0,0,0,0,0,0,0,0,0
170018,1,1,1982,0,0,0,0,0,0,0,0,0,0
170019,1,1,1982,12,10,25,11,20,16,10,3,13,8
170019,2,1,1982,8,8,8,8,8,8,8,8,8,8
170020,1,1,1982,0,3,0,0,0,0,0,0,0,0
170021,0,1,1982,0,0,0,0,0,0,0,0,6,0
170021,1,1,1982,0,0,0,54,0,0,0,0,0,0
170022,1,1,1982,0,0,0,0,0,0,0,0,0,0
170022,2,1,1982,15,7,13,9,11,13,27,0,17,14
170023,1,1,1982,0,0,0,0,0,0,0,0,0,0
170023,2,1,1982,0,0,0,0,0,0,0,0,0,0
170024,1,1,1982,29,29,29,29,29,29,29,29,29,29
170025,1,1,1982,8,8,8,8,8,8,8,8,8,8
170026,1,1,1982,0,0,0,0,0,0,0,0,0,0
170027,1,1,1982,22,22,22,22,22,22,22,22,22,22
170028,1,1,1982,18,18,18,18,18,18,18,18,18,18
170028,2,1,1982,18,12,0,24,10,0,8,0,27,9
170028,3,1,1982,0,0,0,0,0,0,0,0,0,0
170029,0,1,1982,0,0,0,0,0,0,0,0,0,0
170029,1,1,1982,0,16,0,0,19,0,0,0,0,15
170029,2,1,1982,0,0,0,0,0,0,0,0,0,0
170030,1,1,1982,31,16,24,14,20,0,18,25,27,22
170031,1,1,1982,27,27,27,27,27,27,27,27,27,27
170031,2,1,1982,0,0,6,0,9,0,0,16,0,20
170032,1,1,1982,0,0,0,0,0,0,0,0,0,0
170032,2,1,1982,0,0,0,0,0,0,0,0,0,0
170033,1,1,1982,16,16,16,16,16,16,16,16,16,16
170033,2,1,1982,0,20,0,0,0,0,0,0,0,0
170034,0,1,1982,26,26,26,26,26,26,26,26,26,26
170034,1,1,1982,13,25,13,5,2,12,18,17,3,26
170035,1,1,1982,29,29,29,29,29,29,29,29,29,29
170036,1,1,1982,0,0,0,0,0,0,0,0,0,2
170036,2,1,1982,0,0,0,0,0,0,0,0,0,0
170037,1,1,1982,0,0,0,0,0,0,0,0,0,0
170038,1,1,1982,0,23,0,0,0,30,21,0,0,0
170039,0,1,1982,0,0,0,0,0,0,0,0,0,0
170039,1,1,1982,0,0,0,0,0,0,0,12,0,0
170040,0,1,1982,0,0,0,0,0,0,0,0,0,0
170040,1,1,1982,0,0,0,0,0,0,0,0,0,0
170041,0,1,1982,0,0,0,0,0,0,0,0,0,0
170041,1,1,1982,0,0,0,0,0,0,0,0,0,0
170042,0,1,1982,19,19,19,19,19,19,19,19,19,19
170042,1,1,1982,14,9,12,10,23,8,12,11,16,13
170043,1,1,1982,20,20,20,20,20,20,20,20,20,20
170043,2,1,1982,0,0,0,0,0,0,0,0,0,0
170044,1,1,1982,0,0,0,0,0,0,0,0,0,0
170044,2,1,1982,0,0,0,0,28,0,16,0,0,0
170045,0,1,1982,0,0,0,0,0,0,0,0,0,0
170045,1,1,1982,0,22,14,36,8,23,20,27,11,16
170046,1,1,1982,12,12,12,12,12,12,12,12,12,12
170046,2,1,1982,0,0,0,0,0,0,0,0,0,0
170047,1,1,1982,20,20,20,20,20,20,20,20,20,20
170048,1,1,1982,0,0,0,0,0,0,0,0,0,0
170048,2,1,1982,0,0,0,0,0,0,0,0,0,0
170049,0,1,1982,0,16,8,29,24,23,29,34,23,53
170049,1,1,1982,43,0,10,28,27,12,0,12,18,20
170050,1,1,1982,0,0,0,0,20,0,10,0,34,7
170051,1,1,1982,20,20,20,20,20,20,20,20,20,20
170052,1,1,1982,17,5,11,10,16,0,20,20,16,13
170052,2,1,1982,26,17,22,18,11,14,15,15,10,17
170053,1,1,1982,10,10,10,10,10,10,10,10,10,10
170054,1,1,1982,0,0,0,0,0,0,0,0,0,0
170054,2,1,1982,0,0,0,0,0,0,0,0,0,0
170055,0,1,1982,0,0,0,0,0,0,0,0,0,0
170055,1,1,1982,5,0,4,22,16,11,0,25,7,8
170056,1,1,1982,0,16,10,9,9,26,6,30,13,7
170056,2,1,1982,25,25,25,25,25,25,25,25,25,25
170057,0,1,1982,0,0,0,0,0,0,19,0,0,0
170057,1,1,1982,0,0,0,0,0,0,0,0,0,0
170058,0,1,1982,0,0,0,0,0,0,0,0,0,0
170058,1,1,1982,0,0,0,0,0,0,0,0,0,0
170059,0,1,1982,0,0,0,0,0,0,0,0,0,0
170059,1,1,1982,0,0,0,0,0,0,0,0,0,0
170060,1,1,1982,15,15,15,15,15,15,15,15,15,15
170061,1,1,1982,22,22,22,22,22,22,22,22,22,22
170061,2,1,1982,0,0,0,0,0,0,0,0,0,0
170062,1,1,1982,0,10,30,19,24,24,28,0,6,0
170063,0,1,1982,15,15,15,15,15,15,15,15,15,15
170063,1,1,1982,0,0,0,0,0,0,0,0,0,0
170064,1,1,1982,12,19,24,28,24,12,22,16,22,23
170065,1,1,1982,5,8,5,4,0,0,10,6,12,10
170065,2,1,1982,0,8,0,0,0,13,0,0,0,0
170065,3,1,1982,0,0,0,0,0,0,0,2,0,0
170066,0,1,1982,0,0,0,0,0,0,0,0,0,0
170066,1,1,1982,0,0,0,4,0,0,18,6,0,0
170067,1,1,1982,0,0,0,0,0,0,0,0,0,0
170067,2,1,1982,0,0,5,0,0,0,0,0,0,0
170068,1,1,1982,11,11,11,11,11,11,11,11,11,11
170068,2,1,1982,0,0,0,0,0,0,0,0,0,0
170069,0,1,1982,0,0,0,0,0,0,0,0,0,0
170069,1,1,1982,0,0,0,0,0,0,0,0,0,0
170069,2,1,1982,10,0,0,0,0,0,0,0,0,0
170070,1,1,1982,11,0,0,8,0,7,0,2,0,0
170070,2,1,1982,0,0,0,0,0,0,0,0,0,0
170071,1,1,1982,16,16,16,16,16,16,16,16,16,16
170071,2,1,1982,20,16,18,0,6,22,23,0,23,21
170072,1,1,1982,0,0,4,0,0,0,0,4,0,0
170072,2,1,1982,0,0,0,0,0,0,0,8,0,0
170072,3,1,1982,0,0,0,0,0,0,0,0,0,0
170073,0,1,1982,0,0,0,18,0,9,4,10,0,0
170073,1,1,1982,0,0,0,0,0,13,0,0,11,0
170074,1,1,1982,7,7,7,7,7,7,7,7,7,7
170075,0,1,1982,0,28,13,25,29,32,55,21,0,20
170075,1,1,1982,18,0,0,0,11,22,0,13,0,19
170076,1,1,1982,0,19,8,4,26,0,16,10,25,0
170076,2,1,1982,0,0,0,0,0,0,0,0,0,0
170077,0,1,1982,25,25,25,25,25,25,25,25,25,25
170077,1,1,1982,0,0,0,0,0,0,0,0,0,0
170078,1,1,1982,19,0,0,0,15,0,19,0,0,0
170078,2,1,1982,0,0,0,19,0,18,17,22,12,0
170079,1,1,1982,0,0,0,0,0,4,0,0,0,0
170079,2,1,1982,0,0,0,0,0,0,0,5,0,0
170080,1,1,1982,0,0,0,0,0,0,0,0,19,0
170080,2,1,1982,0,0,0,0,0,0,0,0,0,0
170081,0,1,1982,0,0,0,0,0,0,0,0,0,0
170081,1,1,1982,0,0,0,0,0,0,21,0,0,0
170082,0,1,1982,0,0,0,0,0,0,0,0,0,0
170082,1,1,1982,12,0,0,0,26,0,0,24,0,0
170083,1,1,1982,0,0,0,0,0,0,0,0,0,0
170083,2,1,1982,0,0,0,0,0,0,0,10,0,0
170084,1,1,1982,13,13,13,13,13,13,13,13,13,13
170085,1,1,1982,0,0,0,0,0,0,0,0,0,0
170086,1,1,1982,16,16,16,16,16,16,16,16,16,16
170087,1,1,1982,0,0,0,0,0,0,0,0,0,0
170088,0,1,1982,0,0,0,0,0,0,0,0,0,0
170088,1,1,1982,0,0,0,0,0,0,0,0,0,0
170089,1,1,1982,0,12,0,0,0,0,0,0,0,0
170089,2,1,1982,0,0,0,0,0,0,0,0,0,0
170090,0,1,1982,0,0,0,0,0,0,0,0,0,0
170090,1,1,1982,6,8,20,5,14,15,10,12,7,19
170091,1,1,1982,20,20,20,20,20,20,20,20,20,20
170091,2,1,1982,0,0,0,0,0,0,0,0,0,0
170092,1,1,1982,0,0,0,0,0,0,0,0,0,0
170092,2,1,1982,0,0,0,0,0,0,0,0,0,0
170093,1,1,1982,0,10,0,30,0,15,21,25,0,20
170094,1,1,1982,0,19,12,16,0,0,8,0,0,0
170095,1,1,1982,5,5,5,5,5,5,5,5,5,5
170095,2,1,1982,0,0,0,0,0,0,0,0,0,11
170096,1,1,1982,13,13,13,13,13,13,13,13,13,13
170097,1,1,1982,23,4,18,17,19,19,20,26,19,7
170097,2,1,1982,21,0,20,17,0,11,23,14,18,0
170098,1,1,1982,0,0,0,0,0,0,0,0,0,0
170098,2,1,1982,0,0,0,0,0,0,0,0,0,0
170099,1,1,1982,0,0,0,0,0,0,0,0,0,0
170099,2,1,1982,0,5,0,0,0,0,0,0,0,0
170100,1,1,1982,8,8,8,8,8,8,8,8,8,8
170100,2,1,1982,0,0,0,0,0,0,0,0,0,0
170101,1,1,1982,0,0,0,0,0,0,0,0,0,0
170101,2,1,1982,0,0,0,0,0,0,0,0,0,0
170102,1,1,1982,14,14,14,14,14,14,14,14,14,14
170103,1,1,1982,10,0,0,0,3,0,0,0,0,0
170103,2,1,1982,0,0,0,0,0,0,0,0,0,0
170104,1,1,1982,0,0,0,0,0,0,0,0,0,0
170104,2,1,1982,0,0,0,0,0,0,0,0,0,0
170105,0,1,1982,0,0,0,0,0,0,0,0,0,0
170105,1,1,1982,0,0,0,0,12,0,0,0,0,21
170106,1,1,1982,24,24,24,24,24,24,24,24,24,24
170107,1,1,1982,19,19,19,19,19,19,19,19,19,19
170107,2,1,1982,0,0,0,0,0,0,0,0,0,0
170108,1,1,1982,44,44,44,44,44,44,44,44,44,44
170108,2,1,1982,0,0,0,0,0,0,0,0,0,0
170109,1,1,1982,12,0,17,15,0,8,14,6,12,14
170109,2,1,1982,0,0,0,0,0,0,0,0,0,0
170109,3,1,1982,0,0,0,0,0,0,0,0,0,0
170109,4,1,1982,0,0,0,0,0,0,0,0,0,0
170110,0,1,1982,22,22,22,22,22,22,22,22,22,22
170110,0,2,1982,4,16,14,19,17,0,0,0,0,27
170110,1,1,1982,0,0,0,0,0,0,0,0,0,0
170111,1,1,1982,11,11,11,11,11,11,11,11,11,11
170112,1,1,1982,23,23,23,23,23,23,23,23,23,23
170113,0,1,1982,11,11,11,11,11,11,11,11,11,11
170113,1,1,1982,0,0,0,0,0,0,0,0,0,0
170114,1,1,1982,21,21,21,21,21,21,21,21,21,21
170115,1,1,1982,27,27,27,27,27,27,27,27,27,27
170116,1,1,1982,0,0,0,0,0,0,0,0,0,0
170116,2,1,1982,0,0,0,0,0,0,0,0,0,0
170117,1,1,1982,0,0,0,0,0,0,0,0,0,0
170118,1,1,1982,0,8,0,6,28,35,14,15,9,0
170119,1,1,1982,0,0,0,0,0,0,0,0,0,0
170119,2,1,1982,0,0,0,0,0,0,0,0,10,0
170120,0,1,1982,0,46,0,0,0,0,29,18,44,0
170120,1,1,1982,0,0,0,0,0,0,0,23,0,18
170121,1,1,1982,0,0,0,0,9,0,0,0,0,0
170121,2,1,1982,0,0,0,0,0,0,0,0,0,0
170121,3,1,1982,0,0,0,0,0,0,12,0,0,0
170122,1,1,1982,16,16,16,16,16,16,16,16,16,16
170123,1,1,1982,0,0,0,0,0,0,0,0,0,0
170123,2,1,1982,0,12,0,0,0,0,0,0,0,0
170124,0,1,1982,12,12,12,12,12,12,12,12,12,12
170124,1,1,1982,5,8,22,0,19,3,6,13,0,0
170125,1,1,1982,31,31,31,31,31,31,31,31,31,31
170125,2,1,1982,0,0,0,0,0,0,0,0,0,0
170125,3,1,1982,0,0,0,0,0,0,0,0,0,0
170126,1,1,1982,0,0,0,0,15,18,0,0,0,0
170127,1,1,1982,0,10,0,7,12,11,5,0,0,21
170127,2,1,1982,11,10,15,13,19,20,10,12,10,0
170128,1,1,1982,0,0,18,0,0,0,0,0,0,0
170128,2,1,1982,9,9,9,9,9,9,9,9,9,9
170128,3,1,1982,0,0,0,0,0,0,0,0,0,0
170129,1,1,1982,34,34,34,34,34,34,34,34,34,34
170130,1,1,1982,0,0,0,0,0,0,0,0,0,0
170130,2,1,1982,0,0,0,0,2,0,0,0,0,0
170131,1,1,1982,5,0,17,3,35,17,0,14,14,19
170131,2,1,1982,0,0,0,0,0,0,0,0,0,0
170132,1,1,1982,16,16,16,16,16,16,16,16,16,16
170133,0,1,1982,0,19,0,0,0,0,16,0,11,0
170133,1,1,1982,0,0,0,0,0,0,0,0,13,0
170134,0,1,1982,0,0,21,0,0,0,0,0,10,0
170134,1,1,1982,0,0,0,0,0,0,0,0,0,0
170135,1,1,1982,16,16,16,16,16,16,16,16,16,16
170135,2,1,1982,0,0,4,0,0,10,0,0,0,0
170136,1,1,1982,16,30,22,24,18,8,19,19,18,19
170137,1,1,1982,22,22,22,22,22,22,22,22,22,22
170138,1,1,1982,0,10,0,0,0,0,0,0,0,0
170138,2,1,1982,0,0,0,0,0,0,0,0,0,0
170139,0,1,1982,0,0,0,0,0,0,0,0,0,0
170139,1,1,1982,0,0,0,0,0,0,0,0,0,0
170139,2,1,1982,0,0,0,0,0,0,0,0,0,0
170139,3,1,1982,0,0,0,0,0,0,0,0,0,0
170140,0,1,1982,16,16,16,16,16,16,16,16,16,16
170140,1,1,1982,0,0,0,0,0,0,0,9,0,0
170141,1,1,1982,0,0,0,0,0,0,0,0,0,0
170141,2,1,1982,10,10,10,10,10,10,10,10,10,10
170142,0,1,1982,0,0,0,0,0,0,0,0,0,0
170142,1,1,1982,0,0,0,0,0,0,0,0,0,0
170142,2,1,1982,0,0,0,0,0,12,0,0,0,0
170143,1,1,1982,22,18,19,15,19,23,14,20,10,15
170143,2,1,1982,0,0,0,0,0,0,0,0,0,0
170144,1,1,1982,0,0,0,0,0,0,0,0,0,0
170145,1,1,1982,8,0,22,17,0,22,16,20,0,19
170145,2,1,1982,0,0,0,0,0,0,0,0,0,0
170146,1,1,1982,21,21,21,21,21,21,21,21,21,21
170147,0,1,1982,23,23,23,23,23,23,23,23,23,23
170147,1,1,1982,0,0,0,0,0,0,0,0,0,0
170148,1,1,1982,25,25,25,25,25,25,25,25,25,25
170148,2,1,1982,9,0,0,0,13,0,0,0,0,17
170149,1,1,1982,0,0,0,0,0,0,0,0,0,0
170150,0,1,1982,1,1,1,1,1,1,1,1,1,1
170150,0,2,1982,1,1,1,1,1,1,1,1,1,1
170150,1,1,1982,8,7,11,11,9,0,4,0,20,29
170151,0,1,1982,19,3,14,23,19,0,15,13,13,0
170151,1,1,1982,0,0,0,0,0,14,16,0,0,0
170152,1,1,1982,3,3,3,3,3,3,3,3,3,3
170153,0,1,1982,26,26,26,26,26,26,26,26,26,26
170153,1,1,1982,0,9,14,9,0,26,0,19,8,9
170154,1,1,1982,20,20,19,23,16,17,14,28,14,21
170155,1,1,1982,18,18,18,18,18,18,18,18,18,18
170156,1,1,1982,24,24,24,24,24,24,24,24,24,24
170156,2,1,1982,0,0,0,0,0,0,0,0,0,0
170157,1,1,1982,0,0,14,0,0,0,0,0,0,0
170157,2,1,1982,0,0,0,5,0,0,0,0,0,9
170158,1,1,1982,9,9,9,9,9,9,9,9,9,9
170159,1,1,1982,21,21,21,21,21,21,21,21,21,21
170160,1,1,1982,30,30,30,30,30,30,30,30,30,30
170160,2,1,1982,0,0,0,0,0,0,0,0,0,0
170161,0,1,1982,3,3,3,3,3,3,3,3,3,3
170161,1,1,1982,8,8,0,24,7,0,11,6,0,12
170162,1,1,1982,0,0,0,0,0,0,0,0,0,0
170162,2,1,1982,0,0,0,0,0,0,0,0,0,0
170163,1,1,1982,30,30,30,30,30,30,30,30,30,30
170163,2,1,1982,0,0,0,0,0,0,0,32,0,0
170166,0,1,1982,37,37,37,37,37,37,37,37,37,37
170166,1,1,1982,14,14,14,14,14,14,14,14,14,14
170167,0,1,1982,0,0,0,0,0,0,0,0,0,0
170167,1,1,1982,4,14,37,12,5,4,18,8,7,12
170168,0,1,1982,0,0,0,0,0,0,0,0,0,0
170168,1,1,1982,0,0,0,0,0,0,0,0,0,0
170169,1,1,1982,0,0,0,0,0,0,0,0,0,0
170169,2,1,1982,0,0,0,0,11,0,5,0,0,0
170169,3,1,1982,0,0,0,0,0,0,0,10,0,7
170171,0,1,1982,21,21,21,21,21,21,21,21,21,21
170171,1,1,1982,12,0,18,0,0,0,0,0,0,11