ST_CASE,VEH_NO,PER_NO,YEAR,P1,P2,P3,P4,P5,P6,P7,P8,P9,P10
170172,1,1,1982,0,0,0,0,0,0,0,0,0,0
170173,1,1,1982,0,9,0,0,0,23,0,7,0,0
170173,2,1,1982,0,0,0,0,0,12,0,0,0,0
170173,3,1,1982,0,12,0,11,0,0,0,0,0,0
170174,1,1,1982,0,0,29,0,0,0,0,17,44,18
170174,2,1,1982,0,0,0,0,0,0,0,0,0,0
170175,1,1,1982,0,13,0,0,0,0,0,0,0,0
170175,2,1,1982,10,0,0,0,0,0,0,28,0,0
170176,1,1,1982,0,0,0,0,0,0,0,0,0,0
170176,2,1,1982,0,0,0,0,0,0,0,0,0,0
170177,1,1,1982,9,21,10,11,14,25,25,13,12,22
170177,2,1,1982,0,0,0,0,0,0,0,0,0,0
170178,1,1,1982,18,18,18,18,18,18,18,18,18,18
170179,1,1,1982,11,14,25,15,10,21,9,10,20,3
170180,1,1,1982,9,10,34,9,28,33,19,6,13,0
170181,1,1,1982,8,8,8,8,8,8,8,8,8,8
170181,2,1,1982,0,0,0,0,0,0,0,0,0,0
170182,0,1,1982,20,0,15,29,25,0,0,16,0,0
170182,1,1,1982,0,0,0,30,6,0,14,0,0,23
170183,1,1,1982,0,0,0,0,0,0,0,0,0,0
170183,2,1,1982,0,0,0,0,0,0,0,0,0,0
170184,1,1,1982,24,6,25,5,16,16,15,24,14,22
170185,1,1,1982,25,25,25,25,25,25,25,25,25,25
170186,1,1,1982,0,34,0,0,0,10,0,27,0,23
170187,1,1,1982,0,0,0,0,0,0,0,0,0,0
170188,1,1,1982,14,14,14,14,14,14,14,14,14,14
170188,2,1,1982,0,0,0,0,0,0,10,0,7,0
170188,3,1,1982,17,0,11,0,7,0,0,12,0,0
170189,1,1,1982,13,13,13,13,13,13,13,13,13,13
170190,1,1,1982,4,4,4,4,4,4,4,4,4,4
170191,1,1,1982,30,30,30,30,30,30,30,30,30,30
170192,1,1,1982,0,0,0,0,0,0,0,0,0,0
170192,2,1,1982,0,8,0,0,0,0,0,0,0,0
170193,1,1,1982,0,5,0,0,0,0,0,0,0,0
170193,2,1,1982,0,0,3,0,0,0,0,0,0,0
170194,1,1,1982,27,27,27,27,27,27,27,27,27,27
170195,1,1,1982,13,13,13,13,13,13,13,13,13,13
170196,1,1,1982,0,0,0,0,0,0,0,0,0,0
170197,1,1,1982,0,0,0,0,0,0,0,0,0,0
170198,0,1,1982,0,0,0,0,0,0,0,0,0,0
170198,1,1,1982,0,0,0,19,0,0,0,0,0,0
170199,1,1,1982,26,26,26,26,26,26,26,26,26,26
170200,1,1,1982,0,0,0,0,0,0,0,0,0,0
170200,2,1,1982,0,0,0,0,0,0,0,0,0,0
170201,1,1,1982,18,31,8,17,18,19,0,16,11,7
170202,0,1,1982,0,14,11,11,27,15,16,14,13,27
170202,1,1,1982,0,0,0,0,0,0,0,0,0,0
170203,1,1,1982,0,0,0,0,0,0,0,0,0,0
170203,2,1,1982,0,0,0,0,0,0,0,0,0,0
170204,1,1,1982,3,3,3,3,3,3,3,3,3,3
170205,1,1,1982,0,0,0,0,0,0,0,0,0,0
170205,2,1,1982,0,0,0,0,0,0,0,0,0,0
170206,0,1,1982,27,27,27,27,27,27,27,27,27,27
170206,1,1,1982,0,0,0,0,0,0,0,0,18,0
170207,1,1,1982,23,23,23,23,23,23,23,23,23,23
170208,1,1,1982,15,3,0,18,16,0,13,0,0,8
170209,1,1,1982,18,11,17,7,12,34,11,12,15,17
170210,1,1,1982,0,0,0,0,0,0,0,0,0,0
170210,2,1,1982,0,0,0,0,0,0,0,0,0,13
170211,1,1,1982,24,24,24,24,24,24,24,24,24,24
170211,2,1,1982,0,0,0,0,0,0,0,0,0,0
170211,3,1,1982,0,15,0,0,0,0,0,0,0,0
170212,0,1,1982,0,0,0,0,0,0,0,0,0,0
170212,1,1,1982,0,24,0,0,0,0,0,0,0,0
170213,0,1,1982,0,0,0,18,0,8,10,0,0,0
170213,1,1,1982,23,23,23,23,23,23,23,23,23,23
170214,0,1,1982,21,21,21,21,21,21,21,21,21,21
170214,1,1,1982,0,0,0,0,0,0,0,9,0,0
170215,1,1,1982,0,0,0,0,0,0,0,0,0,0
170215,2,1,1982,0,0,0,0,0,0,0,0,0,0
170216,0,1,1982,6,6,6,6,6,6,6,6,6,6
170216,1,1,1982,0,0,0,0,0,0,0,0,0,0
170217,0,1,1982,5,5,5,5,5,5,5,5,5,5
170217,1,1,1982,17,6,0,5,23,0,13,18,0,12
170218,1,1,1982,0,0,0,0,0,0,0,0,0,0
170218,2,1,1982,15,0,0,0,18,0,0,0,0,0
170219,0,1,1982,0,0,0,0,0,0,15,0,0,11
170219,0,2,1982,0,0,0,0,0,0,0,0,0,0
170219,1,1,1982,11,16,14,8,9,20,12,15,11,25
170220,1,1,1982,29,13,14,0,0,0,0,9,0,16
170220,2,1,1982,16,16,16,16,16,16,16,16,16,16
170220,3,1,1982,0,0,0,0,21,0,0,0,0,0
170220,4,1,1982,0,0,0,0,0,0,0,0,0,0
170221,0,1,1982,0,0,0,0,0,0,0,0,0,0
170221,1,1,1982,0,0,0,0,0,0,0,0,0,0
170222,1,1,1982,15,15,15,15,15,15,15,15,15,15
170223,1,1,1982,11,21,14,0,13,0,3,6,8,18
170224,1,1,1982,0,0,0,0,0,0,0,0,0,0
170224,2,1,1982,5,16,10,9,25,0,18,0,0,25
170225,1,1,1982,20,20,20,20,20,20,20,20,20,20
170226,0,1,1982,0,0,0,0,0,0,0,0,0,0
170226,1,1,1982,0,0,7,0,0,0,0,0,0,0
170227,1,1,1982,8,11,17,22,9,19,13,0,20,9
170227,2,1,1982,0,0,0,0,0,0,0,0,0,0
170228,1,1,1982,13,13,13,13,13,13,13,13,13,13
170229,0,1,1982,0,0,0,0,0,0,0,0,0,0
170229,1,1,1982,0,0,0,0,0,0,0,0,0,0
170230,0,1,1982,17,17,17,17,17,17,17,17,17,17
170230,1,1,1982,16,0,14,0,25,0,10,0,13,4
170231,1,1,1982,12,12,12,12,12,12,12,12,12,12
170232,1,1,1982,0,0,0,0,0,0,0,0,0,0
170234,0,1,1982,0,0,0,0,0,0,0,0,0,0
170234,1,1,1982,0,0,0,0,0,0,0,0,0,0
170235,0,1,1982,0,0,0,0,0,0,0,5,0,0
170235,1,1,1982,0,0,0,0,0,0,0,0,0,0
170236,1,1,1982,28,14,16,8,11,32,15,12,15,24
170237,1,1,1982,40,40,40,40,40,40,40,40,40,40
170238,1,1,1982,5,0,14,5,12,7,5,29,22,7
170238,2,1,1982,4,4,4,4,4,4,4,4,4,4
170239,0,1,1982,0,0,0,0,0,0,0,0,0,0
170239,1,1,1982,0,0,0,0,0,0,0,0,0,0
170240,0,1,1982,20,20,20,20,20,20,20,20,20,20
170240,1,1,1982,0,0,0,0,0,17,19,0,11,12
170241,1,1,1982,0,0,0,0,0,0,0,0,0,0
170242,1,1,1982,21,21,21,21,21,21,21,21,21,21
170242,2,1,1982,0,0,0,0,0,0,0,0,0,11
170243,1,1,1982,6,6,6,6,6,6,6,6,6,6
170244,1,1,1982,0,0,4,0,0,0,0,0,0,0
170244,2,1,1982,0,0,0,0,0,4,0,0,0,0
170245,1,1,1982,15,15,15,15,15,15,15,15,15,15
170246,0,1,1982,0,0,0,0,0,0,0,0,0,0
170246,1,1,1982,0,0,0,0,25,0,0,0,0,0
170247,1,1,1982,11,25,11,18,25,16,17,15,31,26
170247,2,1,1982,0,0,0,0,0,0,0,0,0,0
170248,1,1,1982,20,12,11,5,9,19,10,4,14,14
170248,2,1,1982,32,26,0,18,16,0,27,34,21,16
170249,0,1,1982,3,3,3,3,3,3,3,3,3,3
170249,1,1,1982,0,0,0,0,0,0,0,0,0,0
170250,0,1,1982,0,0,0,0,0,0,0,0,0,0
170250,1,1,1982,0,0,14,0,0,0,0,0,0,21
170251,1,1,1982,0,0,0,0,0,0,0,0,0,0
170252,0,1,1982,0,0,0,0,0,0,0,0,0,0
170252,1,1,1982,0,0,0,0,0,0,0,0,0,0
170253,1,1,1982,10,17,0,14,0,14,15,6,14,19
170254,1,1,1982,21,21,21,21,21,21,21,21,21,21
170255,0,1,1982,7,8,6,27,4,7,16,32,30,0
170255,1,1,1982,2,0,0,7,0,0,0,9,11,0
170256,0,1,1982,17,17,17,17,17,17,17,17,17,17
170256,1,1,1982,0,0,0,0,0,0,0,0,0,0
170257,1,1,1982,12,12,12,12,12,12,12,12,12,12
170257,2,1,1982,0,0,0,0,0,0,5,0,0,0
170258,0,1,1982,0,0,0,20,4,0,0,18,0,0
170258,1,1,1982,0,0,0,0,0,0,0,0,0,0
170258,2,1,1982,0,0,0,0,0,13,0,0,0,0
170259,0,1,1982,0,0,0,0,0,0,0,0,0,0
170259,1,1,1982,0,0,0,0,15,0,0,0,0,6
170260,1,1,1982,19,19,19,19,19,19,19,19,19,19
170261,1,1,1982,2,2,2,2,2,2,2,2,2,2
170262,1,1,1982,0,0,15,0,0,11,0,0,0,0
170263,1,1,1982,14,14,14,14,14,14,14,14,14,14
170264,1,1,1982,20,20,20,20,20,20,20,20,20,20
170264,2,1,1982,0,0,0,0,0,0,0,0,0,0
170264,3,1,1982,0,0,0,0,0,0,0,0,0,27
170265,1,1,1982,26,26,26,26,26,26,26,26,26,26
170266,1,1,1982,3,3,3,3,3,3,3,3,3,3
170267,0,1,1982,0,0,0,0,0,0,0,0,0,0
170267,1,1,1982,0,0,0,0,0,0,0,0,0,0
170268,1,1,1982,22,22,22,22,22,22,22,22,22,22
170269,1,1,1982,17,18,4,0,2,20,24,9,5,2
170269,2,1,1982,0,0,0,0,0,0,0,0,0,0
170270,1,1,1982,14,9,15,8,11,9,3,15,0,14
170270,2,1,1982,0,0,0,0,0,0,0,0,0,0
170271,1,1,1982,16,16,16,16,16,16,16,16,16,16
170271,2,1,1982,0,7,0,0,0,4,0,0,0,0
170272,0,1,1982,27,27,27,27,27,27,27,27,27,27
170272,1,1,1982,24,11,19,35,0,13,0,0,0,27
170272,2,1,1982,0,0,0,0,0,0,0,0,0,0
170273,0,1,1982,0,0,0,0,0,0,0,0,0,0
170273,1,1,1982,18,0,7,19,11,0,9,26,12,20
170274,1,1,1982,10,0,0,0,0,0,8,14,5,8
170274,2,1,1982,13,12,0,0,15,0,15,0,0,5
170275,1,1,1982,0,0,11,10,6,0,35,0,6,24
170275,2,1,1982,0,0,0,0,0,0,0,26,0,0
170276,1,1,1982,0,0,0,0,0,0,0,0,0,0
170276,2,1,1982,0,0,0,0,0,0,0,0,0,0
170278,1,1,1982,0,0,0,0,0,0,0,0,0,0
170279,1,1,1982,0,0,0,0,0,0,0,0,0,0
170279,2,1,1982,0,0,0,0,0,0,0,0,0,0
170280,1,1,1982,14,14,19,17,11,20,9,19,7,26
170281,1,1,1982,10,18,18,12,23,12,0,0,15,11
170282,1,1,1982,28,28,28,28,28,28,28,28,28,28
170283,1,1,1982,0,0,0,0,0,0,0,0,0,0
170284,0,1,1982,15,15,15,15,15,15,15,15,15,15
170284,1,1,1982,8,10,0,0,27,0,11,7,0,24
170285,1,1,1982,31,31,31,31,31,31,31,31,31,31
170286,1,1,1982,15,15,15,15,15,15,15,15,15,15
170286,2,1,1982,0,0,0,0,0,0,0,0,0,0
170286,3,1,1982,0,0,0,0,0,0,0,0,0,0
170287,1,1,1982,0,0,0,0,0,8,0,0,0,0
170287,2,1,1982,0,0,0,0,0,0,0,0,0,0
170288,1,1,1982,0,0,0,0,0,0,0,0,0,0
170289,1,1,1982,0,8,0,0,0,16,0,0,19,0
170290,1,1,1982,25,25,25,25,25,25,25,25,25,25
170291,0,1,1982,0,0,0,0,0,0,0,0,0,0
170291,1,1,1982,0,0,0,0,0,0,0,0,0,0
170293,1,1,1982,27,27,27,27,27,27,27,27,27,27
170294,0,1,1982,0,33,11,0,12,0,26,0,0,30
170294,1,1,1982,0,0,0,0,0,0,0,0,0,0
170295,1,1,1982,0,0,0,0,0,0,0,7,0,15
170295,2,1,1982,0,0,0,0,0,0,0,16,0,0
170296,1,1,1982,0,0,0,0,0,4,0,0,0,0
170296,2,1,1982,0,0,0,0,0,0,0,0,0,0
170297,1,1,1982,19,19,19,19,19,19,19,19,19,19
170298,0,1,1982,26,26,26,26,26,26,26,26,26,26
170298,1,1,1982,0,0,0,0,0,0,0,0,2,0
170299,1,1,1982,9,9,9,9,9,9,9,9,9,9
170300,1,1,1982,15,15,15,15,15,15,15,15,15,15
170301,1,1,1982,0,0,0,0,0,0,0,0,0,0
170301,2,1,1982,0,0,0,0,0,0,0,0,0,0
170301,3,1,1982,0,15,0,0,0,0,0,0,0,0
170302,1,1,1982,15,10,10,35,11,16,13,23,14,18
170302,2,1,1982,20,11,19,0,0,0,9,0,12,0
170303,1,1,1982,0,0,7,6,0,0,0,0,0,11
170304,1,1,1982,19,19,19,19,19,19,19,19,19,19
170304,2,1,1982,0,20,0,0,0,0,0,0,0,0
170305,1,1,1982,17,17,17,17,17,17,17,17,17,17
170305,2,1,1982,0,0,0,0,0,0,4,0,0,0
170306,1,1,1982,31,31,31,31,31,31,31,31,31,31
170307,0,1,1982,20,20,20,20,20,20,20,20,20,20
170307,0,2,1982,30,30,30,30,30,30,30,30,30,30
170307,1,1,1982,18,18,18,18,18,18,18,18,18,18
170308,1,1,1982,23,23,23,23,23,23,23,23,23,23
170309,1,1,1982,22,0,18,0,0,0,0,0,0,0
170309,2,1,1982,0,0,0,0,7,0,0,0,0,0
170310,1,1,1982,0,0,0,0,0,0,0,0,0,0
170310,2,1,1982,0,0,15,0,0,0,0,0,0,0
170311,1,1,1982,17,17,17,17,17,17,17,17,17,17
170312,1,1,1982,15,0,0,0,0,0,0,0,0,0
170312,2,1,1982,0,0,0,0,0,0,0,0,0,0
170313,1,1,1982,18,18,18,18,18,18,18,18,18,18
170313,2,1,1982,12,22,23,4,0,9,5,17,0,25
170314,1,1,1982,26,12,13,10,9,0,24,14,8,0
170314,2,1,1982,0,0,23,17,9,8,28,13,11,0
170315,1,1,1982,2,2,2,2,2,2,2,2,2,2
170316,0,1,1982,0,0,0,0,0,0,0,0,0,0
170316,1,1,1982,0,0,0,12,0,0,0,0,0,0
170317,0,1,1982,0,0,0,0,0,0,0,0,0,0
170317,0,2,1982,0,0,0,0,0,0,0,0,0,10
170317,1,1,1982,0,0,0,0,16,0,6,0,0,0
170318,0,1,1982,16,17,20,27,13,0,15,38,26,18
170318,1,1,1982,0,0,0,0,0,0,0,0,0,0
170319,1,1,1982,18,0,23,18,15,15,20,14,13,0
170320,1,1,1982,0,0,0,0,0,0,0,0,0,0
170321,0,1,1982,0,0,0,0,0,0,0,0,0,0
170321,1,1,1982,17,15,22,7,13,10,24,10,0,0
170322,1,1,1982,0,0,0,0,0,0,0,0,0,0
170322,2,1,1982,0,0,0,0,0,0,0,0,0,0
170322,3,1,1982,4,0,0,0,0,0,0,0,0,0
170322,4,1,1982,0,0,0,0,0,0,0,0,0,0
170322,5,1,1982,0,0,0,0,0,0,0,0,0,0
170323,0,1,1982,0,28,20,0,14,0,0,37,20,23
170323,1,1,1982,0,0,0,0,0,0,0,0,0,0
170324,1,1,1982,32,32,32,32,32,32,32,32,32,32
170325,1,1,1982,0,0,0,0,0,0,0,0,0,0
170325,2,1,1982,0,0,8,0,0,0,0,0,0,0
170326,1,1,1982,20,35,0,16,0,31,24,7,0,12
170327,1,1,1982,23,23,23,23,23,23,23,23,23,23
170328,1,1,1982,19,0,0,0,15,0,0,0,26,0
170329,1,1,1982,16,16,16,16,16,16,16,16,16,16
170330,1,1,1982,17,17,17,17,17,17,17,17,17,17
170331,0,1,1982,18,18,18,18,18,18,18,18,18,18
170331,1,1,1982,13,15,11,14,22,24,16,26,17,11
170332,1,1,1982,0,0,0,0,0,0,0,0,0,0
170332,2,1,1982,0,0,0,0,0,0,0,0,0,0
170333,1,1,1982,0,0,0,0,0,0,0,0,0,0
170333,2,1,1982,0,0,0,0,0,0,0,0,0,0
170333,3,1,1982,0,0,0,0,0,0,0,0,0,0
170334,0,1,1982,0,26,21,18,28,12,16,20,18,0
170334,1,1,1982,0,0,0,0,0,0,0,0,0,0
170335,1,1,1982,0,0,0,0,0,0,0,0,0,0
170336,1,1,1982,12,23,13,20,8,14,2,17,24,5
170337,1,1,1982,0,0,0,0,0,0,0,0,0,0
170337,2,1,1982,0,0,0,0,0,0,0,0,0,0
170337,3,1,1982,0,0,0,0,0,0,0,0,4,0
170337,4,1,1982,0,0,0,0,0,0,0,0,0,0
170338,0,1,1982,33,33,33,33,33,33,33,33,33,33
170338,1,1,1982,0,0,0,0,17,0,0,0,0,0
170339,0,1,1982,24,0,18,17,17,36,14,32,32,20
170339,1,1,1982,0,0,0,0,0,0,18,31,0,16
170340,1,1,1982,15,3,0,12,10,15,16,0,16,0
170340,2,1,1982,0,0,0,0,0,0,0,0,0,0
170341,0,1,1982,24,27,25,23,28,16,24,37,21,0
170341,1,1,1982,23,23,23,23,23,23,23,23,23,23
170342,1,1,1982,0,0,0,0,0,0,0,0,0,0
170343,0,1,1982,0,0,0,0,0,0,0,0,0,0
170343,1,1,1982,26,4,19,0,19,0,0,0,15,0
170344,0,1,1982,0,0,0,0,0,0,0,0,0,0
170344,1,1,1982,0,0,0,0,0,0,0,9,0,0
170344,2,1,1982,0,0,0,0,0,0,0,0,0,0
170345,1,1,1982,10,0,0,0,15,13,13,0,15,0
170346,1,1,1982,28,28,28,28,28,28,28,28,28,28
170347,1,1,1982,0,0,0,0,0,0,0,0,0,0
170347,2,1,1982,0,0,0,10,0,0,3,0,0,0
170347,3,1,1982,0,0,0,0,16,0,0,0,0,0
170348,1,1,1982,14,23,15,19,34,13,14,0,0,22
170349,0,1,1982,31,22,20,26,8,0,0,0,0,25
170349,1,1,1982,0,0,0,0,0,0,0,0,0,0
170350,0,1,1982,14,14,0,0,19,23,0,28,14,0
170350,1,1,1982,0,0,16,0,0,0,0,0,0,12
170351,0,1,1982,5,5,5,5,5,5,5,5,5,5
170351,1,1,1982,0,0,0,0,0,0,13,0,0,0
170352,0,1,1982,7,7,7,7,7,7,7,7,7,7
170352,1,1,1982,0,0,0,0,0,0,0,0,0,0
170353,1,1,1982,0,23,28,13,21,3,0,13,27,28
170353,2,1,1982,0,0,0,0,0,0,0,0,0,0
170354,1,1,1982,0,0,0,0,0,0,0,0,0,0
170354,2,1,1982,0,0,12,0,0,0,16,0,0,0
170355,0,1,1982,37,37,37,37,37,37,37,37,37,37
170355,1,1,1982,0,0,0,14,0,0,0,0,0,0
170356,1,1,1982,24,24,24,24,24,24,24,24,24,24
170357,1,1,1982,19,19,19,19,19,19,19,19,19,19
170358,1,1,1982,0,7,0,0,0,0,0,0,0,0
170358,2,1,1982,0,0,0,0,0,0,0,0,0,0
170359,1,1,1982,0,10,0,0,0,0,0,0,0,0
170359,2,1,1982,0,0,0,0,0,0,0,0,0,0
170360,0,1,1982,0,0,0,0,0,0,0,0,0,0
170360,1,1,1982,0,0,0,0,0,0,0,0,0,10
170361,1,1,1982,0,11,17,15,0,0,0,22,2,6
170362,1,1,1982,0,0,0,0,0,0,0,0,0,13
170363,1,1,1982,0,21,29,0,0,7,13,0,0,0
170364,1,1,1982,0,0,0,0,0,0,0,0,0,0
170364,2,1,1982,0,0,0,0,0,0,0,0,0,0
170365,1,1,1982,0,0,0,0,0,0,0,0,0,6
170366,1,1,1982,24,24,24,24,24,24,24,24,24,24
170367,1,1,1982,17,17,17,17,17,17,17,17,17,17
170368,0,1,1982,0,0,0,0,0,0,10,14,0,16
170368,0,2,1982,0,0,0,0,0,0,0,0,0,0
170368,1,1,1982,0,0,0,0,0,0,0,0,12,0
170369,1,1,1982,0,0,0,0,0,0,0,0,0,0
170370,1,1,1982,24,24,24,24,24,24,24,24,24,24
170371,1,1,1982,19,19,19,19,19,19,19,19,19,19
170372,1,1,1982,17,17,17,17,17,17,17,17,17,17
170372,2,1,1982,0,0,0,0,10,0,0,0,0,0
170373,1,1,1982,9,9,9,9,9,9,9,9,9,9
170374,1,1,1982,0,0,0,0,0,0,0,0,0,0
170374,2,1,1982,0,13,0,0,0,0,0,0,0,0
170375,1,1,1982,0,0,0,0,0,0,0,0,0,0
170375,2,1,1982,0,0,0,0,0,0,0,0,0,0
170376,1,1,1982,19,19,19,19,19,19,19,19,19,19
170377,1,1,1982,22,13,22,0,0,14,29,10,15,17
170378,1,1,1982,9,8,15,5,15,8,38,6,16,0
170378,2,1,1982,0,13,7,0,0,0,0,0,0,0
170378,3,1,1982,0,0,0,0,0,0,0,0,0,0
170379,1,1,1982,15,23,16,18,0,5,9,0,14,35
170379,2,1,1982,0,0,0,0,24,0,0,0,0,0
170379,3,1,1982,0,0,0,0,0,0,0,0,0,0
170380,0,1,1982,3,3,3,3,3,3,3,3,3,3
170380,1,1,1982,0,0,0,0,0,0,0,0,0,0
170381,1,1,1982,15,10,26,5,0,18,6,7,8,8
170381,2,1,1982,0,0,0,0,0,0,0,0,0,0
170382,1,1,1982,8,8,8,8,8,8,8,8,8,8
170382,2,1,1982,0,27,0,13,0,24,0,20,25,10
170383,0,1,1982,0,0,0,0,0,0,0,0,0,0
170383,0,2,1982,0,0,0,0,0,0,0,0,0,0
170383,0,3,1982,0,0,0,0,0,0,0,0,0,0
170383,1,1,1982,8,19,17,22,16,0,15,14,0,8
170384,1,1,1982,0,0,0,0,0,0,0,0,0,0
170385,1,1,1982,0,0,6,0,0,0,0,0,0,0
170385,2,1,1982,0,0,0,0,0,0,0,0,0,0
170386,1,1,1982,21,21,21,21,21,21,21,21,21,21
170387,1,1,1982,30,30,30,30,30,30,30,30,30,30
170388,1,1,1982,0,0,0,0,0,0,0,0,0,0
170388,2,1,1982,0,0,0,0,0,0,0,0,0,0
170389,1,1,1982,0,0,0,3,0,0,0,0,0,0
170389,2,1,1982,1,1,1,1,1,1,1,1,1,1
170390,0,1,1982,0,0,0,0,0,0,0,0,0,0
170390,1,1,1982,0,0,0,0,0,0,0,11,0,0
170391,1,1,1982,12,12,12,12,12,12,12,12,12,12
170392,1,1,1982,13,13,13,13,13,13,13,13,13,13
170393,1,1,1982,0,0,0,0,0,0,0,0,12,0
170394,1,1,1982,13,13,13,13,13,13,13,13,13,13
170394,2,1,1982,10,10,10,10,10,10,10,10,10,10
170395,1,1,1982,19,19,19,19,19,19,19,19,19,19
170396,1,1,1982,0,29,14,8,16,0,0,18,0,18
170396,2,1,1982,11,21,11,18,24,0,0,19,0,11
170397,1,1,1982,23,23,23,23,23,23,23,23,23,23
170398,1,1,1982,18,18,18,18,18,18,18,18,18,18
170399,1,1,1982,22,23,11,22,28,6,0,22,11,26
170400,1,1,1982,13,0,0,0,0,0,0,0,0,0
170401,1,1,1982,0,0,0,10,0,12,0,14,0,0
170402,1,1,1982,3,3,3,3,3,3,3,3,3,3
170403,1,1,1982,22,22,22,22,22,22,22,22,22,22
170404,1,1,1982,0,0,0,0,0,0,0,0,0,0
170404,2,1,1982,0,0,0,0,0,0,0,0,0,0
170405,1,1,1982,0,0,17,9,11,0,16,8,0,14
170407,1,1,1982,25,0,0,21,13,0,0,0,0,0
170407,2,1,1982,0,0,0,6,0,0,0,0,0,13
170408,1,1,1982,0,0,0,0,0,0,0,0,0,0
170408,2,1,1982,0,0,0,0,0,0,0,0,0,0
170409,1,1,1982,14,14,14,14,14,14,14,14,14,14
170410,1,1,1982,17,17,17,17,17,17,17,17,17,17
170411,1,1,1982,16,16,16,16,16,16,16,16,16,16
170411,2,1,1982,0,0,0,0,0,0,0,0,0,0
170412,0,1,1982,0,0,0,0,0,0,0,0,0,0
170412,1,1,1982,13,0,0,2,0,0,4,0,0,14
170413,1,1,1982,17,17,17,17,17,17,17,17,17,17
170414,1,1,1982,5,5,5,5,5,5,5,5,5,5
170415,1,1,1982,18,18,18,18,18,18,18,18,18,18
170416,1,1,1982,17,17,17,17,17,17,17,17,17,17
170416,2,1,1982,0,0,0,0,0,0,0,0,5,0
170417,1,1,1982,14,14,14,14,14,14,14,14,14,14
170417,2,1,1982,0,0,0,0,0,0,0,0,0,0
170418,0,1,1982,0,41,31,4,22,0,0,29,53,8
170418,1,1,1982,11,0,0,0,7,0,0,10,0,0
170419,1,1,1982,0,0,0,0,0,0,0,0,0,0
170419,2,1,1982,17,17,17,17,17,17,17,17,17,17
170420,1,1,1982,0,0,0,12,0,14,0,6,0,0
170420,2,1,1982,0,18,0,0,18,12,0,4,0,0
170421,1,1,1982,8,8,8,8,8,8,8,8,8,8
170421,2,1,1982,15,0,0,0,0,0,0,0,0,0
170422,1,1,1982,0,18,0,0,15,0,0,15,0,20
170423,1,1,1982,30,30,30,30,30,30,30,30,30,30
170423,2,1,1982,10,23,0,10,9,31,16,20,21,14
170424,1,1,1982,0,0,0,0,0,0,0,0,0,0
170424,2,1,1982,2,2,2,2,2,2,2,2,2,2
170425,1,1,1982,12,12,12,12,12,12,12,12,12,12
170425,2,1,1982,0,0,0,0,0,0,0,0,0,5
170427,1,1,1982,6,0,14,0,0,24,0,16,15,0
170428,1,1,1982,27,27,27,27,27,27,27,27,27,27
170429,0,1,1982,0,12,0,0,0,0,32,0,22,22
170429,1,1,1982,0,0,0,20,10,0,0,17,16,12
170430,1,1,1982,0,0,8,0,0,12,13,0,0,0
170430,2,1,1982,16,16,16,16,16,16,16,16,16,16
170431,1,1,1982,0,0,0,0,0,0,0,0,0,0
170431,2,1,1982,0,0,0,0,0,0,0,0,0,0
170432,1,1,1982,0,0,0,0,0,0,0,0,0,0
170432,2,1,1982,0,0,0,0,0,0,0,0,0,0
170432,3,1,1982,0,0,0,0,0,0,0,0,0,0
170432,4,1,1982,0,0,0,0,0,0,0,0,0,0
170433,1,1,1982,0,0,0,0,0,0,0,0,0,0
170433,2,1,1982,0,0,0,0,0,0,0,0,0,0
170434,1,1,1982,0,0,0,0,0,0,0,0,0,0
170434,2,1,1982,11,11,11,11,11,11,11,11,11,11
170435,0,1,1982,0,0,0,0,0,0,0,0,0,0
170435,1,1,1982,8,22,14,25,11,13,18,11,13,17
170436,1,1,1982,13,0,14,0,15,0,0,8,0,19
170437,1,1,1982,18,18,18,18,18,18,18,18,18,18
170438,1,1,1982,16,16,16,16,16,16,16,16,16,16
170439,0,1,1982,27,27,27,27,27,27,27,27,27,27
170439,1,1,1982,0,15,0,0,0,0,0,0,0,0
170440,1,1,1982,15,15,15,15,15,15,15,15,15,15
170440,2,1,1982,0,0,0,0,8,0,27,0,0,0
170441,1,1,1982,25,25,25,25,25,25,25,25,25,25
170442,1,1,1982,1,1,1,1,1,1,1,1,1,1
170443,1,1,1982,0,0,0,0,0,0,0,0,0,0
170443,2,1,1982,0,0,0,0,0,0,0,0,0,0
170444,1,1,1982,5,5,5,5,5,5,5,5,5,5
170445,0,1,1982,28,28,28,28,28,28,28,28,28,28
170445,1,1,1982,0,7,11,12,0,4,0,0,0,12
170445,2,1,1982,10,13,30,39,17,0,0,0,4,15
170446,0,1,1982,0,0,0,0,0,0,0,0,0,0
170446,1,1,1982,0,0,0,0,0,0,0,0,0,0
170447,1,1,1982,0,0,0,0,0,0,0,0,0,0
170447,2,1,1982,0,0,0,0,0,0,0,0,0,0
170448,1,1,1982,16,16,16,16,16,16,16,16,16,16
170448,2,1,1982,9,31,0,6,22,17,20,20,10,23
170449,1,1,1982,2,2,2,2,2,2,2,2,2,2
170449,2,1,1982,0,0,0,0,0,0,0,0,0,0
170450,1,1,1982,13,16,12,4,15,10,6,9,15,18
170450,2,1,1982,11,11,11,11,11,11,11,11,11,11
170451,1,1,1982,0,0,0,0,0,0,0,0,0,0
170452,1,1,1982,17,17,17,17,17,17,17,17,17,17