ST_CASE,VEH_NO,PER_NO,YEAR,P1,P2,P3,P4,P5,P6,P7,P8,P9,P10
170452,2,1,1982,0,21,0,16,14,0,0,16,0,0
170453,1,1,1982,19,19,19,19,19,19,19,19,19,19
170454,1,1,1982,0,0,0,0,0,0,0,0,0,0
170454,2,1,1982,0,0,0,0,0,0,0,0,0,0
170455,1,1,1982,0,0,23,0,0,0,0,0,13,0
170456,1,1,1982,0,0,0,0,0,0,0,0,0,0
170456,2,1,1982,0,0,0,0,0,0,0,0,0,0
170456,3,1,1982,0,0,0,0,8,0,0,0,0,0
170457,0,1,1982,33,0,0,0,0,0,22,0,0,0
170457,1,1,1982,0,0,0,0,0,0,0,0,0,0
170458,0,1,1982,0,0,0,0,0,0,0,0,0,0
170458,1,1,1982,0,0,0,0,0,0,0,0,0,0
170459,1,1,1982,0,0,0,0,0,0,0,0,0,0
170460,0,1,1982,10,10,10,10,10,10,10,10,10,10
170460,1,1,1982,0,0,0,0,0,0,0,0,0,0
170461,1,1,1982,20,20,20,20,20,20,20,20,20,20
170462,1,1,1982,36,20,25,20,15,24,30,15,10,19
170463,0,1,1982,0,17,0,0,0,0,0,0,15,0
170463,1,1,1982,0,0,22,0,0,0,0,0,0,6
170464,0,1,1982,0,0,0,0,0,0,0,0,0,0
170464,1,1,1982,0,0,0,0,0,0,0,0,0,0
170465,1,1,1982,26,16,0,13,10,0,22,14,25,10
170465,2,1,1982,15,16,0,12,0,27,21,3,20,16
170466,1,1,1982,0,0,0,18,0,0,0,0,0,0
170466,2,1,1982,0,10,0,0,0,0,11,0,0,0
170467,0,1,1982,0,16,0,0,0,0,8,14,0,0
170467,1,1,1982,0,0,0,0,0,0,0,0,0,0
170467,2,1,1982,0,0,0,0,0,0,0,0,0,0
170468,1,1,1982,16,16,16,16,16,16,16,16,16,16
170469,1,1,1982,10,10,10,10,10,10,10,10,10,10
170469,2,1,1982,0,0,0,0,0,0,0,0,0,0
170469,3,1,1982,0,0,0,0,0,0,0,0,0,0
170470,1,1,1982,24,24,24,24,24,24,24,24,24,24
170470,2,1,1982,0,0,0,0,0,0,0,0,0,0
170471,1,1,1982,0,0,0,0,0,0,0,0,0,0
170471,2,1,1982,0,0,0,0,0,0,0,0,0,0
170471,3,1,1982,0,19,0,0,0,0,0,0,0,0
170472,1,1,1982,1,1,1,1,1,1,1,1,1,1
170472,2,1,1982,0,0,0,0,0,0,0,0,0,0
170473,1,1,1982,0,0,0,0,0,0,0,0,0,0
170473,2,1,1982,0,0,0,14,9,0,0,0,0,0
170474,1,1,1982,17,28,20,23,21,11,0,23,21,29
170475,1,1,1982,0,0,0,0,0,0,0,0,0,0
170475,2,1,1982,27,13,14,18,22,17,25,32,0,20
170476,0,1,1982,0,0,25,10,17,0,0,23,0,0
170476,1,1,1982,0,0,0,0,0,0,7,8,0,0
170477,1,1,1982,0,0,0,0,0,0,0,0,5,0
170478,0,1,1982,0,0,0,0,0,0,0,0,0,0
170478,1,1,1982,0,25,0,0,0,0,13,0,0,0
170479,1,1,1982,0,0,0,0,0,0,0,0,0,0
170479,2,1,1982,0,0,7,0,0,0,4,0,0,0
170480,0,1,1982,16,16,16,16,16,16,16,16,16,16
170480,1,1,1982,0,0,0,10,0,9,0,9,28,0
170481,1,1,1982,20,18,22,7,27,4,11,0,18,21
170482,0,1,1982,0,0,0,0,0,0,0,0,0,0
170482,1,1,1982,0,0,0,0,0,0,0,8,0,0
170483,1,1,1982,11,15,0,22,10,10,19,8,15,0
170484,0,1,1982,0,15,26,39,0,0,8,43,0,29
170484,1,1,1982,20,24,18,7,20,39,9,0,12,6
170485,1,1,1982,7,14,14,23,16,17,21,19,18,4
170486,0,1,1982,0,0,0,0,0,0,0,0,0,0
170486,1,1,1982,0,0,0,0,0,0,0,0,0,0
170487,1,1,1982,13,13,13,13,13,13,13,13,13,13
170488,1,1,1982,1,1,1,1,1,1,1,1,1,1
170488,2,1,1982,0,0,0,0,0,0,0,0,0,0
170489,1,1,1982,0,13,16,31,16,12,36,0,0,28
170490,1,1,1982,13,13,13,13,13,13,13,13,13,13
170490,2,1,1982,0,0,0,0,0,0,0,0,0,0
170491,1,1,1982,12,12,12,12,12,12,12,12,12,12
170492,0,1,1982,0,0,0,0,0,0,0,0,0,0
170492,1,1,1982,0,0,0,5,0,0,0,0,0,0
170493,1,1,1982,10,13,10,13,12,0,8,7,10,23
170493,2,1,1982,0,0,0,11,20,18,0,25,13,13
170494,1,1,1982,0,0,0,0,0,0,0,10,0,6
170495,1,1,1982,14,0,0,0,19,11,0,16,0,8
170495,2,1,1982,0,0,0,0,0,0,0,0,0,0
170496,1,1,1982,34,34,34,34,34,34,34,34,34,34
170497,0,1,1982,0,0,0,0,0,0,0,0,0,0
170497,1,1,1982,0,0,10,18,0,0,0,0,0,0
170498,1,1,1982,0,0,0,0,0,0,0,0,0,15
170499,1,1,1982,11,11,11,11,11,11,11,11,11,11
170500,0,1,1982,0,0,22,12,6,0,0,0,3,0
170500,0,2,1982,0,0,4,0,0,0,0,0,0,7
170500,1,1,1982,16,16,16,16,16,16,16,16,16,16
170501,0,1,1982,0,0,39,0,0,0,7,0,0,8
170501,1,1,1982,0,21,22,0,10,24,12,13,14,0
170502,0,1,1982,11,23,16,28,22,0,8,17,10,0
170502,1,1,1982,0,0,0,0,0,0,0,0,0,0
170503,1,1,1982,0,0,0,0,0,0,0,0,0,0
170503,2,1,1982,0,20,0,0,0,0,0,7,0,0
170504,1,1,1982,0,0,0,0,0,0,0,0,0,0
170504,2,1,1982,0,0,0,0,0,0,0,0,0,0
170505,0,1,1982,0,22,34,0,0,0,0,25,11,0
170505,1,1,1982,25,17,28,9,0,24,14,16,0,21
170506,1,1,1982,0,0,0,0,0,0,0,0,0,0
170506,2,1,1982,0,0,0,0,0,0,0,0,0,0
170507,1,1,1982,0,0,0,0,0,0,0,0,0,0
170507,2,1,1982,1,1,1,1,1,1,1,1,1,1
170508,1,1,1982,25,25,25,25,25,25,25,25,25,25
170509,1,1,1982,22,22,22,22,22,22,22,22,22,22
170510,1,1,1982,0,0,0,0,0,0,0,0,0,0
170510,2,1,1982,0,0,0,0,8,0,0,0,0,0
170511,1,1,1982,19,19,19,19,19,19,19,19,19,19
170513,1,1,1982,27,27,27,27,27,27,27,27,27,27
170514,1,1,1982,29,29,29,29,29,29,29,29,29,29
170515,1,1,1982,5,5,5,5,5,5,5,5,5,5
170515,2,1,1982,0,0,0,0,0,0,0,0,0,0
170516,1,1,1982,21,21,21,21,21,21,21,21,21,21
170517,0,1,1982,0,0,25,17,37,0,35,30,10,0
170517,1,1,1982,0,0,0,0,0,0,0,0,0,0
170518,1,1,1982,0,0,0,0,0,0,0,0,0,0
170518,2,1,1982,8,0,0,0,0,0,0,0,0,0
170519,1,1,1982,0,0,0,0,0,0,0,0,0,0
170519,2,1,1982,0,0,0,0,0,0,0,0,0,0
170520,1,1,1982,0,0,0,0,0,0,0,0,0,0
170520,2,1,1982,0,21,23,0,0,0,0,0,0,0
170521,1,1,1982,15,15,15,15,15,15,15,15,15,15
170522,1,1,1982,15,15,15,15,15,15,15,15,15,15
170523,0,1,1982,0,0,0,0,0,0,0,0,0,0
170523,1,1,1982,0,0,0,0,0,0,0,0,0,0
170524,1,1,1982,23,0,10,0,0,0,20,9,0,0
170525,1,1,1982,0,0,0,0,0,0,0,0,0,0
170525,2,1,1982,0,0,0,0,0,0,0,0,0,0
170525,3,1,1982,0,0,0,0,0,0,0,0,0,0
170526,1,1,1982,22,22,22,22,22,22,22,22,22,22
170527,1,1,1982,22,29,18,12,6,5,12,12,13,6
170528,1,1,1982,0,13,0,0,0,0,0,0,0,0
170529,1,1,1982,0,0,0,0,0,0,0,0,0,0
170529,2,1,1982,0,0,0,0,0,0,0,0,0,0
170529,3,1,1982,0,0,0,0,0,0,0,0,0,0
170530,1,1,1982,9,13,20,3,18,13,13,13,14,21
170530,2,1,1982,0,0,0,0,0,0,0,0,0,0
170531,1,1,1982,17,17,17,17,17,17,17,17,17,17
170532,1,1,1982,0,0,0,0,0,0,0,0,0,0
170533,1,1,1982,21,21,21,21,21,21,21,21,21,21
170534,1,1,1982,0,0,0,0,0,0,3,0,0,0
170535,0,1,1982,0,0,0,0,0,0,0,0,0,0
170535,1,1,1982,0,0,0,0,0,0,0,0,0,0
170536,1,1,1982,11,11,11,11,11,11,11,11,11,11
170537,0,1,1982,11,11,11,11,11,11,11,11,11,11
170537,1,1,1982,8,0,0,0,0,14,0,4,0,11
170538,1,1,1982,0,0,0,0,0,0,0,0,0,0
170538,2,1,1982,22,0,16,0,0,0,0,0,0,0
170539,1,1,1982,0,13,25,0,18,14,0,14,0,4
170539,2,1,1982,0,0,9,4,17,9,0,9,8,0
170540,0,1,1982,0,26,0,0,35,0,0,0,0,0
170540,1,1,1982,0,0,24,0,17,23,12,0,8,27
170541,1,1,1982,0,0,0,0,0,0,0,0,0,0
170541,2,1,1982,0,0,0,0,0,0,0,0,0,0
170542,0,1,1982,0,0,0,0,0,0,0,0,0,0
170542,1,1,1982,0,0,0,0,0,0,0,0,0,0
170543,1,1,1982,0,0,0,0,0,0,0,0,0,0
170543,2,1,1982,0,0,0,0,0,0,0,0,0,0
170544,1,1,1982,0,0,0,0,0,0,14,0,30,0
170544,2,1,1982,0,0,0,0,0,0,0,0,0,0
170545,1,1,1982,18,18,18,18,18,18,18,18,18,18
170545,2,1,1982,0,0,0,0,0,0,0,0,0,0
170546,1,1,1982,0,0,0,0,0,19,0,0,0,0
170546,2,1,1982,0,0,0,0,0,0,0,0,0,0
170547,1,1,1982,0,0,15,0,0,0,0,0,0,0
170548,0,1,1982,0,0,0,0,0,0,0,0,0,0
170548,1,1,1982,0,0,0,0,0,8,0,4,0,0
170549,1,1,1982,17,18,0,0,0,0,0,0,13,6
170549,2,1,1982,22,16,21,30,15,44,1,19,6,16
170549,3,1,1982,18,0,4,6,0,0,0,9,16,0
170549,4,1,1982,3,0,0,9,0,0,0,0,0,0
170550,0,1,1982,0,0,0,0,0,0,0,0,0,0
170550,1,1,1982,0,0,0,0,0,0,0,0,0,0
170551,1,1,1982,1,1,1,1,1,1,1,1,1,1
170551,2,1,1982,0,13,22,0,6,0,0,14,0,0
170552,0,1,1982,0,0,0,0,0,0,0,0,0,0
170552,1,1,1982,0,0,0,0,0,18,0,0,0,0
170553,1,1,1982,21,9,0,0,9,10,0,19,7,21
170554,1,1,1982,0,9,20,0,20,26,0,21,0,32
170556,0,1,1982,0,0,12,0,11,0,0,0,0,16
170556,1,1,1982,0,0,0,0,0,0,0,0,0,0
170557,0,1,1982,17,17,17,17,17,17,17,17,17,17
170557,1,1,1982,17,21,19,12,19,34,22,21,10,27
170558,1,1,1982,0,0,0,0,0,0,0,0,0,0
170559,1,1,1982,0,17,26,18,5,0,14,0,0,24
170559,2,1,1982,0,0,0,0,0,0,0,0,0,0
170560,1,1,1982,8,8,8,8,8,8,8,8,8,8
170561,1,1,1982,0,21,0,0,8,12,0,12,0,17
170562,1,1,1982,20,15,20,5,16,14,14,18,14,27
170562,2,1,1982,8,13,10,23,10,14,13,11,23,0
170564,0,1,1982,18,18,18,18,18,18,18,18,18,18
170564,1,1,1982,0,0,0,0,0,0,0,0,0,0
170565,1,1,1982,7,7,7,7,7,7,7,7,7,7
170566,0,1,1982,10,10,10,10,10,10,10,10,10,10
170566,1,1,1982,22,0,29,28,0,5,13,11,20,12
170567,1,1,1982,19,12,19,8,0,15,0,13,23,22
170568,1,1,1982,13,13,13,13,13,13,13,13,13,13
170569,1,1,1982,22,22,22,22,22,22,22,22,22,22
170570,1,1,1982,0,0,0,0,0,0,0,0,0,0
170570,2,1,1982,0,9,0,0,0,0,0,0,0,0
170571,1,1,1982,16,15,0,12,13,0,16,0,0,11
170571,2,1,1982,0,0,0,0,5,0,0,0,0,0
170571,3,1,1982,0,0,0,0,0,0,0,0,0,0
170572,0,1,1982,0,0,0,0,0,0,0,0,0,0
170572,1,1,1982,0,0,0,0,0,0,0,0,0,0
170573,1,1,1982,4,4,4,4,4,4,4,4,4,4
170574,1,1,1982,0,0,0,0,0,0,0,0,0,0
170574,2,1,1982,0,0,0,0,0,0,0,0,0,0
170575,1,1,1982,30,30,30,30,30,30,30,30,30,30
170576,1,2,1982,0,0,26,23,0,0,24,6,0,20
170577,1,1,1982,0,0,0,0,0,4,0,0,0,0
170577,2,1,1982,0,0,0,0,0,0,0,0,0,0
170578,1,1,1982,18,18,18,18,18,18,18,18,18,18
170579,1,1,1982,0,0,0,0,0,0,0,0,0,0
170580,1,1,1982,24,24,24,24,24,24,24,24,24,24
170581,1,1,1982,8,8,8,8,8,8,8,8,8,8
170581,2,1,1982,0,19,16,0,3,13,0,0,0,0
170582,1,1,1982,0,25,10,0,0,0,0,0,0,0
170582,2,1,1982,0,0,0,0,0,0,0,0,0,0
170583,0,1,1982,13,13,13,13,13,13,13,13,13,13
170583,1,1,1982,8,0,0,0,0,0,3,0,0,0
170584,1,1,1982,11,11,0,14,18,16,14,6,0,33
170585,1,1,1982,18,18,18,18,18,18,18,18,18,18
170586,0,1,1982,0,0,0,0,0,0,0,0,0,0
170586,1,1,1982,0,0,0,0,0,0,0,0,0,0
170587,1,1,1982,20,20,20,20,20,20,20,20,20,20
170588,1,1,1982,0,0,0,0,0,0,0,0,0,0
170589,0,1,1982,18,18,18,18,18,18,18,18,18,18
170589,1,1,1982,2,16,0,4,24,0,18,13,0,0
170590,1,1,1982,0,17,26,26,12,0,0,21,26,9
170591,1,1,1982,0,0,0,0,0,0,0,0,0,0
170591,2,1,1982,0,0,0,0,0,0,0,0,0,0
170592,1,1,1982,15,8,26,0,4,12,0,0,0,12
170592,2,1,1982,0,0,0,0,0,0,0,0,0,0
170593,0,1,1982,0,0,0,0,0,0,0,0,0,0
170593,1,1,1982,0,0,0,0,0,0,0,0,0,0
170594,1,1,1982,8,17,20,19,23,17,3,0,18,19
170594,2,1,1982,0,0,0,0,0,0,0,0,0,0
170595,1,1,1982,18,18,18,18,18,18,18,18,18,18
170595,2,1,1982,0,0,0,0,0,0,0,0,0,7
170596,1,1,1982,16,11,0,11,16,14,10,0,10,14
170596,2,1,1982,7,0,20,10,11,0,3,0,12,0
170597,1,1,1982,0,0,0,0,0,0,0,0,0,0
170597,2,1,1982,19,25,12,0,0,0,20,0,3,0
170598,0,1,1982,0,0,0,0,0,0,0,0,0,0
170598,1,1,1982,0,0,0,7,0,0,0,4,0,0
170598,2,1,1982,0,0,0,0,0,0,14,0,0,0
170598,3,1,1982,0,0,0,0,0,0,0,0,0,0
170598,4,1,1982,0,0,0,0,0,0,0,0,0,4
170599,1,1,1982,0,15,0,0,0,24,0,27,0,0
170600,0,1,1982,17,0,0,0,0,0,7,0,0,37
170601,1,1,1982,14,14,14,14,14,14,14,14,14,14
170601,2,1,1982,0,0,0,0,0,0,13,0,0,0
170602,1,1,1982,0,27,19,23,15,15,0,16,22,0
170603,1,1,1982,0,0,0,8,0,9,0,0,0,0
170603,2,1,1982,0,0,0,0,0,0,0,4,0,0
170604,1,1,1982,0,0,9,0,0,0,12,0,0,0
170605,1,1,1982,22,22,22,22,22,22,22,22,22,22
170606,1,1,1982,0,0,0,0,0,0,0,0,0,0
170607,0,1,1982,14,0,18,0,0,0,0,0,10,6
170607,0,2,1982,0,0,20,0,0,30,0,18,0,0
170607,1,1,1982,0,0,0,0,0,0,0,0,0,0
170608,1,1,1982,15,0,13,0,12,0,0,37,0,0
170608,2,1,1982,0,0,0,0,0,0,0,0,0,0
170609,0,1,1982,30,30,30,30,30,30,30,30,30,30
170609,1,1,1982,0,0,0,0,0,0,0,0,0,0
170610,1,1,1982,23,23,23,23,23,23,23,23,23,23
170610,2,1,1982,0,0,0,8,0,0,9,0,0,0
170610,3,1,1982,0,0,0,0,18,0,0,0,0,0
170611,1,1,1982,2,2,2,2,2,2,2,2,2,2
170612,1,1,1982,20,20,20,20,20,20,20,20,20,20
170613,1,1,1982,6,6,6,6,6,6,6,6,6,6
170614,1,1,1982,14,14,14,14,14,14,14,14,14,14
170615,1,1,1982,17,12,9,20,28,27,16,24,10,9
170616,1,1,1982,0,0,0,0,0,0,0,0,0,0
170617,1,1,1982,0,0,0,16,0,0,0,0,0,0
170617,2,1,1982,0,0,6,0,0,0,0,0,12,0
170618,1,1,1982,17,17,17,17,17,17,17,17,17,17
170619,0,1,1982,23,23,23,23,23,23,23,23,23,23
170619,1,1,1982,17,0,0,0,14,0,9,12,0,0
170620,0,1,1982,0,0,0,0,0,0,0,0,0,21
170620,1,1,1982,0,0,0,0,0,0,0,0,0,0
170621,1,1,1982,0,0,0,0,0,0,0,0,0,0
170621,2,1,1982,0,0,0,0,0,0,0,0,0,0
170621,3,1,1982,0,0,0,0,0,0,0,0,0,0
170621,4,1,1982,0,0,0,0,0,0,0,0,0,0
170622,0,1,1982,0,0,0,0,7,0,0,0,0,0
170622,1,1,1982,0,0,0,0,0,0,0,0,8,0
170623,1,1,1982,17,12,6,17,14,4,14,12,0,29
170623,2,1,1982,0,0,0,0,0,0,0,0,0,0
170624,0,1,1982,22,22,22,22,22,22,22,22,22,22
170624,1,1,1982,0,0,0,0,0,0,0,0,0,0
170625,0,1,1982,20,20,20,20,20,20,20,20,20,20
170625,1,1,1982,0,28,13,15,27,16,17,28,21,11
170626,1,1,1982,0,0,0,0,0,0,0,0,0,0
170626,2,1,1982,0,0,0,0,0,12,0,0,18,0
170627,1,1,1982,24,4,19,6,14,11,18,0,10,8
170627,2,1,1982,0,0,0,0,28,11,0,0,0,0
170628,1,1,1982,16,16,16,16,16,16,16,16,16,16
170629,0,1,1982,0,0,0,0,0,0,0,0,0,0
170629,1,1,1982,0,0,6,0,18,0,0,0,0,0
170630,1,1,1982,0,12,0,0,0,0,0,0,0,0
170630,2,1,1982,0,0,0,0,0,0,0,0,0,0
170631,0,1,1982,0,27,0,13,0,0,0,20,0,0
170631,1,1,1982,0,0,0,0,3,0,0,0,0,0
170632,1,1,1982,32,32,32,32,32,32,32,32,32,32
170633,1,1,1982,17,5,6,14,18,14,8,16,12,3
170634,1,1,1982,0,0,0,0,0,0,16,0,29,36
170635,0,1,1982,9,9,9,9,9,9,9,9,9,9
170635,1,1,1982,26,12,13,10,7,20,10,11,14,10
170636,1,1,1982,8,14,23,25,13,23,14,29,11,16
170637,0,1,1982,0,0,0,0,0,0,0,0,0,0
170637,1,1,1982,0,0,5,0,0,0,0,0,0,0
170638,1,1,1982,0,0,0,0,0,0,0,0,0,0
170638,2,1,1982,0,0,0,0,0,0,0,0,15,0
170639,1,1,1982,21,16,0,15,22,12,9,12,0,15
170639,2,1,1982,16,6,0,11,19,12,0,12,7,24
170640,1,1,1982,21,22,20,33,7,0,25,15,21,20
170640,2,1,1982,16,0,23,0,0,23,0,0,0,0
170641,1,1,1982,0,0,0,0,0,0,0,0,0,0
170642,1,1,1982,0,0,0,0,0,0,0,0,0,0
170642,2,1,1982,0,0,0,0,0,0,0,0,0,0
170642,3,1,1982,0,0,0,0,0,0,0,0,0,0
170643,0,1,1982,0,0,0,0,0,0,0,0,0,0
170643,1,1,1982,0,0,0,0,0,0,0,0,0,0
170644,1,1,1982,14,14,14,14,14,14,14,14,14,14
170644,2,1,1982,0,0,0,0,0,0,0,0,0,0
170645,1,1,1982,16,16,16,16,16,16,16,16,16,16
170646,0,1,1982,0,0,0,0,0,0,0,0,0,0
170646,1,1,1982,0,0,0,0,0,0,0,0,0,0
170647,1,1,1982,26,12,29,17,12,23,27,12,8,13
170648,1,1,1982,18,0,0,0,0,0,0,0,21,0
170648,2,1,1982,0,13,0,0,0,0,0,0,0,0
170649,1,1,1982,0,15,0,0,16,7,0,0,0,21
170650,1,1,1982,17,21,0,9,22,0,10,18,0,31
170651,1,1,1982,4,4,4,4,4,4,4,4,4,4
170652,1,1,1982,19,22,35,24,17,17,9,28,35,16
170653,0,1,1982,0,20,11,8,5,0,0,0,3,0
170653,1,1,1982,13,22,18,9,16,8,10,4,18,0
170654,1,1,1982,0,0,23,0,8,14,15,16,5,0
170654,2,1,1982,19,18,17,21,11,8,15,12,15,27
170655,1,1,1982,7,7,7,7,7,7,7,7,7,7
170656,1,1,1982,8,21,2,21,0,26,16,28,18,16
170656,2,1,1982,0,0,0,0,0,0,0,0,0,0
170657,1,1,1982,11,11,11,11,11,11,11,11,11,11
170658,1,1,1982,28,0,0,0,16,22,21,0,8,16
170659,0,1,1982,0,8,13,0,21,29,0,25,0,19
170659,1,1,1982,0,0,0,0,0,0,0,0,0,0
170660,1,1,1982,9,0,25,23,20,26,20,13,21,0
170660,2,1,1982,0,0,13,0,0,0,0,8,0,17
170661,1,1,1982,0,11,0,0,0,0,0,0,0,0
170661,2,1,1982,0,0,0,0,0,0,0,0,0,0
170661,3,1,1982,0,0,0,0,0,4,0,0,0,0
170662,0,1,1982,0,0,0,0,0,0,0,0,0,0
170662,1,1,1982,0,0,0,0,0,0,0,0,0,0
170663,1,1,1982,15,15,15,15,15,15,15,15,15,15
170663,2,1,1982,11,7,2,8,14,17,8,17,15,6
170664,0,1,1982,0,8,0,0,0,0,0,0,0,0
170664,1,1,1982,0,0,15,0,14,0,0,0,0,15
170665,1,1,1982,6,6,6,6,6,6,6,6,6,6
170665,2,1,1982,0,13,17,0,0,0,0,0,12,0
170666,1,1,1982,0,7,16,31,0,7,0,5,0,8
170667,1,1,1982,0,0,0,0,10,0,0,0,0,0
170667,2,1,1982,0,0,0,0,0,0,0,0,0,0
170668,1,1,1982,0,0,0,0,0,0,0,0,0,0
170668,2,1,1982,0,0,33,0,0,0,0,0,11,0
170669,1,1,1982,0,0,0,0,0,0,0,0,0,0
170670,1,1,1982,0,16,0,7,11,18,13,18,14,12
170671,1,1,1982,0,0,0,0,0,0,0,0,0,0
170671,2,1,1982,0,9,0,0,0,0,0,0,0,0
170672,1,1,1982,0,0,0,0,0,0,0,0,0,16
170672,2,1,1982,0,0,0,0,0,0,0,0,0,0
170673,1,1,1982,10,14,28,23,21,11,5,17,26,8
170674,1,1,1982,23,23,23,23,23,23,23,23,23,23
170675,1,1,1982,22,24,17,8,15,19,12,14,12,1
170676,0,1,1982,25,25,25,25,25,25,25,25,25,25
170676,1,1,1982,0,0,0,0,0,0,0,0,0,0
170676,2,1,1982,0,0,17,0,0,0,0,0,0,0
170677,1,1,1982,0,0,0,0,0,0,0,0,0,0
170677,2,1,1982,0,0,0,0,0,0,0,11,0,0
170678,1,1,1982,0,0,0,0,0,0,0,0,0,0
170678,2,1,1982,0,0,0,0,0,0,0,0,0,0
170679,1,1,1982,16,16,16,16,16,16,16,16,16,16
170679,2,1,1982,0,0,0,0,0,0,0,0,0,0
170680,1,1,1982,6,6,6,6,6,6,6,6,6,6
170681,1,1,1982,12,12,12,12,12,12,12,12,12,12
170681,2,1,1982,0,0,0,0,0,0,0,0,0,0
170682,1,1,1982,2,7,12,12,12,0,0,0,0,0
170682,2,1,1982,19,19,19,19,19,19,19,19,19,19
170683,1,1,1982,20,20,20,20,20,20,20,20,20,20
170684,1,1,1982,16,0,0,0,0,0,0,0,17,0
170685,0,1,1982,0,0,0,0,0,0,0,0,0,0
170685,1,1,1982,0,5,0,0,0,0,0,0,0,0
170686,0,1,1982,16,0,30,0,20,0,8,14,16,6
170686,0,2,1982,28,12,20,16,10,43,0,25,19,25
170686,1,1,1982,0,0,0,0,0,8,0,0,0,0
170687,0,1,1982,16,11,0,11,0,0,0,18,10,0
170687,0,2,1982,0,24,14,0,21,18,19,15,0,17
170687,1,1,1982,0,0,0,0,0,0,0,0,0,0
170688,1,1,1982,27,14,24,23,29,11,23,0,25,19
170689,1,1,1982,0,0,0,0,0,0,0,0,0,0
170689,2,1,1982,0,0,0,0,0,1,0,0,0,0
170690,1,1,1982,0,0,0,0,0,0,0,0,0,9
170690,2,1,1982,0,0,0,0,0,0,0,0,0,0
170691,1,1,1982,16,16,16,16,16,16,16,16,16,16
170692,1,1,1982,27,0,0,0,6,0,0,0,25,0
170693,1,1,1982,31,37,20,17,38,29,14,11,14,34
170694,1,1,1982,0,19,16,0,0,35,0,0,22,16
170694,2,1,1982,0,0,0,0,0,0,10,0,0,0
170695,1,1,1982,12,17,0,0,22,0,0,0,18,11
170695,2,1,1982,0,0,0,0,0,0,0,0,0,0
170696,1,1,1982,0,0,0,0,0,0,0,0,0,0
170696,2,1,1982,0,0,13,0,0,0,11,21,15,5
170697,0,1,1982,11,25,15,12,0,0,0,0,33,12
170697,1,1,1982,0,0,0,0,0,0,8,3,6,0
170698,0,1,1982,0,0,0,0,0,0,0,0,0,0
170698,1,1,1982,0,0,0,0,0,0,0,0,0,0
170699,1,1,1982,0,0,0,0,0,0,0,0,0,0
170699,2,1,1982,0,0,0,0,0,0,0,0,0,0
170700,0,1,1982,0,0,0,0,0,0,0,0,0,0
170700,1,1,1982,0,0,0,9,0,0,0,0,0,0
170701,1,1,1982,0,0,8,0,0,14,11,20,0,0
170701,2,1,1982,0,0,0,0,0,0,0,0,0,0
170702,0,1,1982,0,0,0,23,12,0,0,0,22,22
170702,1,1,1982,5,24,29,0,28,13,25,0,0,0
170703,1,1,1982,0,0,0,0,0,0,0,0,0,0
170703,2,1,1982,16,16,16,16,16,16,16,16,16,16
170705,1,1,1982,0,0,0,0,0,0,3,0,0,0
170705,2,1,1982,0,0,0,0,0,0,0,0,0,0
170706,1,1,1982,25,25,25,25,25,25,25,25,25,25
170707,1,1,1982,0,9,0,3,0,0,14,0,0,0
170707,2,1,1982,0,0,0,0,0,0,0,0,0,0
170708,0,1,1982,0,0,0,0,0,0,0,0,0,0
170708,1,1,1982,0,0,0,0,0,0,0,0,0,0
170709,1,1,1982,0,0,8,13,0,0,0,0,0,0
170710,1,1,1982,0,0,0,0,0,0,0,0,0,24
170711,0,1,1982,12,12,12,12,12,12,12,12,12,12
170711,1,1,1982,0,0,24,8,5,20,0,0,0,23
170712,1,1,1982,13,13,9,19,11,10,12,14,13,9
170712,2,1,1982,0,0,0,5,0,0,0,0,0,0
170712,3,1,1982,0,0,0,0,9,0,0,0,0,0
170713,1,1,1982,0,0,0,0,13,0,0,13,33,0
170714,1,1,1982,0,0,0,0,0,0,0,0,0,0
170714,2,1,1982,0,0,0,0,0,0,0,0,0,0
170715,1,1,1982,10,10,10,10,10,10,10,10,10,10
170716,1,1,1982,0,0,0,0,0,0,0,0,0,0
170716,2,1,1982,0,0,0,0,0,0,0,0,0,0
170717,1,1,1982,0,2,0,0,15,6,0,8,0,0
170718,1,1,1982,0,0,0,0,0,0,0,0,0,0
170718,2,1,1982,15,11,0,0,0,15,0,3,0,0
170719,1,1,1982,5,5,5,5,5,5,5,5,5,5
170719,2,1,1982,0,0,0,0,0,0,0,0,0,15
170720,1,1,1982,8,8,8,8,8,8,8,8,8,8
170720,2,1,1982,21,15,16,0,0,26,0,0,5,13
170721,1,1,1982,0,0,0,0,0,0,0,0,0,0
170721,2,1,1982,0,0,0,0,0,0,0,0,0,0
170722,1,1,1982,11,11,11,11,11,11,11,11,11,11
170723,1,1,1982,1,1,1,1,1,1,1,1,1,1
170724,1,1,1982,0,0,0,0,0,0,0,0,0,0
170725,1,1,1982,5,5,5,5,5,5,5,5,5,5
170725,2,1,1982,9,3,14,5,5,11,18,5,11,11
170726,1,1,1982,0,0,0,0,0,0,0,0,0,0
170727,1,1,1982,23,23,23,23,23,23,23,23,23,23
170728,1,1,1982,0,0,0,0,0,0,0,0,0,0
170728,2,1,1982,0,0,0,0,0,0,0,0,0,0
170729,1,1,1982,9,9,9,9,9,9,9,9,9,9
170730,1,1,1982,0,20,20,30,0,13,9,18,7,0
170731,0,1,1982,28,28,28,28,28,28,28,28,28,28
170731,1,1,1982,14,0,15,7,0,0,0,29,0,20
170732,1,1,1982,16,16,16,16,16,16,16,16,16,16
170733,1,1,1982,23,23,23,23,23,23,23,23,23,23