ST_CASE,VEH_NO,PER_NO,YEAR,P1,P2,P3,P4,P5,P6,P7,P8,P9,P10
170734,1,1,1982,16,16,16,16,16,16,16,16,16,16
170735,1,1,1982,10,10,10,10,10,10,10,10,10,10
170736,0,1,1982,2,2,2,2,2,2,2,2,2,2
170736,1,1,1982,0,0,0,0,0,0,0,0,0,0
170737,0,1,1982,0,0,0,0,0,0,0,0,0,0
170737,1,1,1982,0,0,0,0,0,0,0,0,0,0
170738,0,1,1982,9,0,18,10,18,23,0,38,35,0
170738,1,1,1982,0,28,0,0,16,0,0,0,0,0
170739,1,1,1982,0,0,0,0,0,0,0,0,0,0
170740,1,1,1982,13,10,0,0,0,30,0,10,24,11
170740,2,1,1982,0,0,11,10,13,6,14,33,4,0
170741,0,1,1982,0,0,0,0,0,0,0,0,0,0
170741,1,1,1982,0,0,0,0,0,0,0,18,0,25
170742,0,1,1982,25,25,25,25,25,25,25,25,25,25
170742,1,1,1982,22,0,23,0,9,0,0,16,0,0
170742,2,1,1982,0,0,0,0,0,0,0,0,0,0
170743,1,1,1982,21,0,0,0,0,0,0,12,21,0
170743,2,1,1982,8,0,0,0,0,26,0,22,17,27
170744,1,1,1982,0,0,0,0,0,0,0,0,0,0
170745,1,1,1982,0,0,0,0,0,0,0,0,0,0
170745,2,1,1982,0,0,0,0,7,0,0,0,0,0
170746,0,1,1982,28,10,15,49,26,7,48,29,25,31
170746,1,1,1982,0,0,0,0,0,0,0,0,0,0
170747,0,1,1982,0,17,0,0,12,0,25,5,5,4
170747,1,1,1982,0,10,16,13,7,16,0,4,0,14
170748,1,1,1982,5,0,0,0,0,0,0,0,14,0
170748,2,1,1982,1,1,1,1,1,1,1,1,1,1
170748,3,1,1982,0,0,0,0,0,0,0,0,0,0
170749,1,1,1982,0,17,0,0,0,0,10,0,0,0
170749,2,1,1982,0,0,0,0,0,0,0,0,0,0
170750,1,1,1982,13,13,17,13,19,8,23,22,18,10
170751,1,1,1982,0,0,0,0,0,0,0,22,0,0
170752,0,1,1982,18,18,18,18,18,18,18,18,18,18
170752,1,1,1982,13,27,30,20,0,16,0,14,21,15
170753,1,1,1982,4,0,11,8,18,15,17,0,15,12
170754,1,1,1982,0,0,0,0,5,13,0,0,0,0
170754,2,1,1982,1,1,1,1,1,1,1,1,1,1
170755,1,1,1982,0,0,6,0,9,15,0,0,0,0
170755,2,1,1982,12,12,12,12,12,12,12,12,12,12
170756,1,1,1982,0,0,0,0,0,0,0,0,0,9
170757,1,1,1982,0,0,0,0,0,0,0,0,0,0
170758,1,1,1982,15,27,0,0,22,0,0,0,0,0
170758,2,1,1982,0,0,0,0,0,0,0,0,0,0
170759,1,1,1982,16,16,16,16,16,16,16,16,16,16
170761,1,1,1982,18,18,18,18,18,18,18,18,18,18
170762,1,1,1982,0,0,0,46,0,0,0,0,0,0
170762,2,1,1982,0,0,0,0,0,0,0,0,0,0
170763,1,1,1982,15,15,15,15,15,15,15,15,15,15
170763,2,1,1982,0,0,0,0,0,0,0,0,0,0
170764,1,1,1982,23,23,23,23,23,23,23,23,23,23
170765,1,1,1982,0,0,0,0,0,0,0,0,0,0
170765,2,1,1982,0,0,0,0,0,0,0,0,0,0
170766,0,1,1982,0,0,0,0,0,0,0,0,0,0
170766,1,1,1982,0,0,0,0,0,0,0,0,0,0
170767,0,1,1982,0,18,0,0,0,0,19,0,0,0
170767,1,1,1982,0,0,9,0,0,0,0,0,0,0
170768,1,1,1982,11,11,11,11,11,11,11,11,11,11
170769,0,1,1982,0,0,0,0,0,13,0,0,0,0
170769,1,1,1982,0,0,0,0,0,0,0,0,15,0
170770,1,1,1982,0,0,0,0,0,0,0,0,0,0
170770,2,1,1982,0,0,0,0,0,0,0,0,0,0
170771,0,1,1982,0,0,0,0,0,0,0,0,0,0
170771,1,1,1982,28,28,28,28,28,28,28,28,28,28
170772,1,1,1982,0,9,0,0,14,11,0,0,0,0
170772,2,1,1982,0,0,0,0,0,0,0,0,0,0
170773,1,1,1982,6,6,6,6,6,6,6,6,6,6
170773,2,1,1982,0,0,0,0,0,0,0,0,0,0
170774,1,1,1982,13,14,14,13,9,15,7,33,27,15
170775,1,1,1982,30,30,30,30,30,30,30,30,30,30
170776,1,1,1982,0,0,0,0,14,0,0,12,10,0
170777,1,1,1982,11,22,21,21,20,20,19,28,9,18
170777,2,1,1982,0,0,0,0,0,0,0,0,0,0
170778,1,1,1982,14,14,14,14,14,14,14,14,14,14
170779,1,1,1982,6,25,21,11,0,16,0,13,2,15
170780,1,1,1982,0,0,0,0,0,0,0,0,0,0
170781,1,1,1982,35,35,35,35,35,35,35,35,35,35
170782,1,1,1982,30,30,30,30,30,30,30,30,30,30
170782,2,1,1982,0,0,0,0,6,0,11,0,0,0
170783,1,1,1982,11,30,21,21,11,0,25,10,17,12
170783,2,1,1982,0,0,15,0,0,3,0,0,0,0
170784,1,1,1982,10,10,10,10,10,10,10,10,10,10
170785,1,1,1982,33,33,33,33,33,33,33,33,33,33
170786,0,1,1982,0,0,0,0,0,0,0,0,0,0
170786,1,1,1982,0,0,0,0,0,0,0,0,0,0
170787,1,1,1982,10,10,10,10,10,10,10,10,10,10
170788,1,1,1982,18,18,18,18,18,18,18,18,18,18
170788,2,1,1982,0,0,0,0,0,0,0,0,0,0
170788,3,1,1982,0,0,0,0,0,0,0,0,10,0
170789,1,1,1982,0,0,0,0,0,0,0,0,0,0
170789,2,1,1982,27,10,0,0,0,15,0,16,0,4
170790,1,1,1982,11,25,0,0,0,0,11,8,18,16
170791,0,1,1982,6,6,6,6,6,6,6,6,6,6
170791,1,1,1982,0,0,0,0,0,0,0,0,0,0
170792,1,1,1982,0,8,0,0,0,0,0,0,13,0
170792,2,1,1982,0,16,0,0,0,0,0,0,19,0
170793,1,1,1982,11,11,11,11,11,11,11,11,11,11
170793,2,1,1982,13,19,10,0,20,0,0,0,0,10
170794,0,1,1982,0,0,0,0,0,0,0,0,0,0
170794,0,2,1982,17,0,0,0,0,0,0,18,0,18
170794,1,1,1982,20,7,10,18,20,16,20,7,14,18
170795,1,1,1982,0,0,0,0,0,0,17,0,0,0
170795,2,1,1982,0,0,0,0,0,0,0,0,0,0
170796,1,1,1982,12,12,12,12,12,12,12,12,12,12
170796,2,1,1982,0,0,0,0,0,0,0,0,0,10
170797,1,1,1982,34,34,34,34,34,34,34,34,34,34
170799,1,1,1982,16,16,16,16,16,16,16,16,16,16
170800,1,1,1982,8,0,46,0,0,0,0,0,0,0
170800,2,1,1982,0,0,0,0,0,0,0,0,0,0
170801,1,1,1982,20,20,20,20,20,20,20,20,20,20
170802,0,1,1982,0,0,0,0,0,0,0,0,0,0
170802,1,1,1982,0,0,0,0,0,10,0,0,0,0
170803,1,1,1982,0,0,0,0,0,0,0,0,0,0
170803,2,1,1982,0,0,0,0,0,0,0,0,0,0
170804,1,1,1982,11,11,11,11,11,11,11,11,11,11
170804,2,1,1982,8,0,0,11,0,0,19,8,15,0
170805,1,1,1982,0,0,0,0,0,0,0,0,0,0
170806,1,1,1982,12,0,17,0,0,16,0,0,22,0
170807,1,1,1982,11,11,11,11,11,11,11,11,11,11
170809,1,1,1982,0,0,0,0,0,0,0,0,0,0
170809,2,1,1982,0,0,0,0,0,0,0,0,13,0
170810,1,1,1982,29,0,26,37,0,21,29,0,0,11
170811,1,1,1982,4,4,4,4,4,4,4,4,4,4
170812,1,1,1982,12,17,0,12,12,7,6,7,0,0
170812,2,1,1982,0,10,8,0,0,5,0,0,15,0
170813,0,1,1982,0,0,0,0,0,0,0,0,0,0
170813,1,1,1982,0,0,0,0,0,0,0,0,0,0
170814,1,1,1982,0,0,0,0,0,0,0,0,0,0
170815,1,1,1982,17,17,17,17,17,17,17,17,17,17
170816,1,1,1982,0,24,16,0,0,0,0,12,19,22
170816,2,1,1982,0,0,0,0,0,0,0,14,0,0
170817,1,1,1982,0,0,0,0,0,0,0,0,0,0
170817,2,1,1982,0,0,0,0,0,0,0,0,0,5
170818,1,1,1982,0,0,0,0,0,0,0,0,0,0
170818,2,1,1982,0,0,0,0,0,0,0,0,0,0
170819,1,1,1982,23,23,23,23,23,23,23,23,23,23
170820,1,1,1982,32,32,32,32,32,32,32,32,32,32
170821,1,1,1982,27,27,27,27,27,27,27,27,27,27
170822,1,1,1982,18,18,18,18,18,18,18,18,18,18
170822,2,1,1982,0,0,0,12,0,0,0,28,0,0
170823,1,1,1982,21,21,21,21,21,21,21,21,21,21
170823,2,1,1982,14,0,0,0,0,0,0,7,0,0
170823,3,1,1982,0,0,0,0,0,0,0,0,0,0
170824,1,1,1982,14,0,0,0,0,0,0,10,0,0
170825,1,1,1982,12,15,14,5,8,11,0,14,11,11
170825,2,1,1982,0,0,0,0,5,0,0,0,0,0
170826,1,1,1982,0,0,0,0,0,0,0,0,0,0
170826,2,1,1982,0,0,0,0,0,0,0,0,0,0
170827,1,1,1982,22,7,17,25,17,13,10,11,1,33
170828,1,1,1982,0,0,0,0,0,0,0,0,0,0
170828,2,1,1982,0,0,0,0,0,0,0,0,0,0
170829,1,1,1982,0,0,0,0,0,0,0,0,0,0
170829,2,1,1982,0,0,0,0,0,0,0,0,0,0
170830,1,1,1982,0,0,0,0,0,0,0,0,0,0
170830,2,1,1982,0,0,0,0,0,0,0,0,0,0
170831,1,1,1982,17,11,11,10,16,16,0,0,18,0
170832,0,1,1982,0,26,0,0,0,11,0,0,6,16
170832,0,2,1982,9,0,0,0,0,0,19,0,0,0
170832,1,1,1982,0,0,0,0,0,5,0,0,0,35
170832,2,1,1982,0,0,0,0,0,0,0,0,0,0
170833,1,1,1982,6,0,0,13,0,9,0,0,12,0
170834,1,1,1982,0,0,0,0,0,0,0,0,0,0
170834,2,1,1982,0,7,21,0,0,27,22,0,0,0
170835,1,1,1982,35,35,35,35,35,35,35,35,35,35
170836,1,1,1982,0,0,0,11,0,0,0,0,19,0
170836,2,1,1982,0,0,0,0,0,0,0,0,0,0
170836,3,1,1982,0,0,0,0,0,0,0,0,0,0
170836,4,1,1982,0,0,0,0,0,14,0,0,0,0
170837,0,1,1982,19,19,19,19,19,19,19,19,19,19
170837,1,1,1982,16,16,14,12,25,21,15,20,23,21
170838,1,1,1982,43,43,43,43,43,43,43,43,43,43
170839,1,1,1982,0,0,0,0,0,0,0,0,0,0
170840,0,1,1982,0,0,0,0,0,0,0,0,0,0
170840,1,1,1982,0,0,0,0,0,0,0,0,0,0
170840,2,1,1982,0,0,0,0,0,0,0,0,0,0
170840,3,1,1982,0,0,0,0,0,0,0,0,0,0
170840,4,1,1982,0,0,15,0,0,0,0,0,0,0
170841,0,1,1982,0,0,0,0,0,0,0,0,0,0
170841,1,1,1982,0,0,0,0,0,0,0,0,0,0
170842,1,1,1982,4,4,4,4,4,4,4,4,4,4
170842,2,1,1982,0,0,0,0,0,0,4,0,0,0
170843,0,1,1982,0,0,0,0,0,0,0,0,0,0
170843,1,1,1982,0,0,0,0,0,0,0,0,0,0
170844,1,1,1982,0,0,0,0,0,16,0,19,0,0
170844,2,1,1982,0,0,0,0,0,11,16,4,16,0
170844,3,1,1982,0,0,0,3,8,0,7,0,0,12
170845,1,1,1982,0,0,0,0,20,0,35,0,0,0
170845,2,1,1982,0,0,0,0,0,0,0,0,0,0
170846,1,1,1982,0,0,0,0,17,0,0,0,15,0
170846,2,1,1982,7,10,0,0,10,0,11,0,6,0
170846,3,1,1982,0,0,0,0,0,0,0,0,0,7
170847,1,1,1982,23,23,23,23,23,23,23,23,23,23
170848,1,1,1982,0,0,0,0,0,12,0,0,0,0
170849,1,1,1982,0,0,25,25,0,0,19,0,10,0
170849,2,1,1982,0,9,13,11,4,11,8,0,19,0
170849,3,1,1982,14,0,10,0,12,0,0,0,4,6
170850,1,1,1982,12,12,12,12,12,12,12,12,12,12
170851,1,1,1982,0,0,0,0,0,0,0,0,0,0
170851,2,1,1982,0,0,0,0,0,0,0,0,0,0
170852,1,1,1982,0,16,20,18,24,9,15,17,17,28
170852,2,1,1982,0,27,9,9,10,5,8,17,24,7
170853,1,1,1982,14,14,14,14,14,14,14,14,14,14
170854,0,1,1982,14,14,14,14,14,14,14,14,14,14
170854,1,1,1982,0,0,0,0,0,0,0,0,16,0
170855,1,1,1982,12,19,21,13,25,12,6,17,9,4
170855,2,1,1982,0,0,0,0,0,0,0,0,0,0
170856,1,1,1982,15,15,15,15,15,15,15,15,15,15
170857,1,1,1982,0,0,0,0,0,0,0,0,0,0
170857,2,1,1982,0,0,0,0,0,0,0,0,0,0
170858,1,1,1982,26,26,26,26,26,26,26,26,26,26
170859,0,1,1982,0,0,0,0,0,0,0,0,0,0
170859,1,1,1982,11,25,13,8,9,21,18,15,20,21
170860,2,1,1982,17,8,9,12,0,20,6,11,23,30
170861,1,1,1982,0,0,11,13,0,7,10,0,19,0
170862,1,1,1982,0,18,0,0,0,13,0,0,0,0
170863,1,1,1982,12,0,26,34,24,27,0,21,0,4
170863,2,1,1982,0,0,0,0,0,0,24,0,0,0
170864,1,1,1982,0,18,23,16,0,0,0,13,13,24
170864,2,1,1982,9,0,0,0,0,0,0,0,0,0
170865,0,1,1982,8,0,0,0,0,0,0,0,0,0
170865,0,2,1982,0,0,0,0,0,0,19,0,5,0
170865,1,1,1982,0,0,0,0,0,14,0,0,0,0
170866,1,1,1982,0,0,0,0,0,0,0,0,0,0
170866,2,1,1982,0,0,0,0,0,0,0,0,0,0
170867,1,1,1982,11,8,0,5,0,0,9,7,0,0
170867,2,1,1982,0,0,0,0,0,0,0,0,0,17
170868,1,1,1982,0,0,0,0,0,0,0,0,0,0
170869,1,1,1982,0,11,0,11,0,20,4,11,0,0
170869,2,1,1982,0,0,0,0,0,0,2,0,0,0
170870,1,1,1982,18,18,18,18,18,18,18,18,18,18
170871,1,1,1982,24,24,24,24,24,24,24,24,24,24
170872,1,1,1982,20,20,20,20,20,20,20,20,20,20
170872,2,1,1982,0,0,0,0,0,0,0,0,0,0
170873,1,1,1982,2,2,2,2,2,2,2,2,2,2
170873,2,1,1982,16,16,13,8,11,14,3,0,10,0
170874,1,1,1982,16,16,16,16,16,16,16,16,16,16
170874,2,1,1982,0,0,13,0,0,0,0,0,0,0
170875,1,1,1982,22,22,22,22,22,22,22,22,22,22
170875,2,1,1982,30,30,30,30,30,30,30,30,30,30
170876,0,1,1982,6,6,6,6,6,6,6,6,6,6
170876,0,2,1982,0,9,0,0,3,14,15,14,16,11
170876,1,1,1982,15,15,15,15,15,15,15,15,15,15
170877,1,1,1982,18,18,18,18,18,18,18,18,18,18
170878,1,1,1982,0,0,0,0,0,0,0,0,0,0
170878,2,1,1982,0,0,0,0,0,0,0,0,0,0
170878,3,1,1982,0,0,0,0,0,0,0,0,0,0
170879,1,1,1982,13,22,10,5,22,13,31,0,19,14
170879,2,1,1982,0,0,0,0,0,0,0,0,0,0
170880,1,1,1982,15,16,0,10,16,18,0,16,21,15
170880,2,1,1982,0,12,0,0,8,0,6,2,21,10
170880,3,1,1982,0,0,0,0,0,3,0,0,0,0
170881,1,1,1982,20,20,20,20,20,20,20,20,20,20
170882,1,1,1982,0,0,0,0,0,0,0,0,0,0
170883,1,1,1982,0,0,0,0,0,0,0,0,0,0
170883,2,1,1982,0,0,0,0,0,0,0,0,0,0
170884,1,1,1982,0,0,0,0,0,0,0,0,0,0
170884,2,1,1982,0,0,0,0,0,0,0,0,0,0
170885,1,1,1982,0,0,4,0,0,0,12,0,0,0
170885,2,1,1982,0,0,0,0,0,0,0,0,0,0
170886,1,1,1982,0,0,0,0,0,0,0,0,0,0
170887,1,1,1982,17,14,13,11,6,18,0,14,17,24
170888,1,1,1982,0,6,0,0,5,0,0,0,0,8
170888,2,1,1982,0,0,0,0,0,0,0,0,0,0
170888,3,1,1982,0,0,0,0,0,0,0,0,0,0
170890,0,1,1982,0,0,0,0,0,0,0,0,0,0
170890,1,1,1982,0,0,0,0,0,0,0,0,0,0
170891,0,1,1982,0,0,0,0,0,0,0,0,0,0
170891,1,1,1982,0,0,0,0,0,0,0,0,0,0
170892,1,1,1982,0,27,0,20,16,13,16,28,0,13
170893,1,1,1982,0,10,15,0,18,17,25,0,20,21
170894,0,1,1982,0,0,0,0,0,0,0,0,0,0
170894,1,1,1982,0,0,0,18,0,0,0,0,0,0
170895,1,1,1982,0,0,0,0,6,0,0,0,0,0
170895,2,1,1982,9,9,23,10,0,0,0,0,12,0
170896,1,1,1982,22,8,20,6,9,23,17,20,13,14
170896,2,1,1982,0,0,0,0,0,0,0,0,0,0
170897,1,1,1982,0,0,0,0,0,0,0,0,8,0
170897,2,1,1982,5,0,0,0,0,0,0,0,0,0
170897,3,1,1982,0,0,0,0,5,0,0,0,0,0
170898,0,1,1982,0,0,0,0,15,0,0,17,7,0
170898,1,1,1982,0,0,0,0,0,0,0,0,0,0
170899,1,1,1982,0,0,0,0,0,0,0,25,0,0
170900,1,1,1982,0,0,0,0,0,0,0,0,0,0
170900,2,1,1982,4,0,3,0,0,0,0,0,0,0
170901,1,1,1982,11,11,11,11,11,11,11,11,11,11
170902,1,1,1982,4,0,13,16,11,15,23,11,14,6
170903,1,1,1982,0,0,0,0,7,25,0,25,0,0
170904,1,1,1982,19,19,19,19,19,19,19,19,19,19
170904,2,1,1982,0,0,7,3,11,0,0,0,0,0
170905,1,1,1982,18,18,18,18,18,18,18,18,18,18
170906,0,1,1982,0,0,0,0,0,0,0,0,0,0
170906,0,2,1982,0,0,0,0,0,0,0,0,0,0
170906,1,1,1982,17,0,0,0,5,0,0,0,0,0
170907,1,1,1982,0,0,16,0,0,0,0,0,0,0
170907,2,1,1982,0,0,0,0,0,0,0,0,0,0
170908,0,1,1982,0,0,0,0,0,0,0,0,0,0
170908,1,1,1982,0,0,0,0,0,0,0,0,18,0
170909,0,1,1982,0,0,0,0,0,0,0,0,0,0
170909,1,1,1982,0,0,10,0,0,0,0,0,11,0
170910,1,1,1982,0,0,0,0,0,0,0,0,0,0
170910,2,1,1982,2,2,2,2,2,2,2,2,2,2
170911,1,1,1982,17,11,18,7,25,44,13,9,33,21
170912,1,1,1982,20,6,15,4,13,26,0,19,12,8
170912,2,1,1982,0,0,0,0,0,0,0,0,0,0
170913,0,1,1982,0,0,0,0,0,0,0,0,0,0
170913,1,1,1982,0,0,0,0,0,0,0,0,0,0
170914,1,1,1982,12,12,12,12,12,12,12,12,12,12
170915,1,1,1982,0,0,9,0,12,17,12,13,14,12
170915,2,1,1982,0,0,0,0,0,14,0,11,8,16
170916,1,1,1982,21,21,21,21,21,21,21,21,21,21
170917,1,1,1982,0,0,0,0,0,0,0,0,0,0
170917,2,1,1982,0,0,0,0,0,0,0,0,0,0
170918,1,1,1982,0,13,0,0,0,0,0,0,0,0
170919,1,1,1982,9,9,9,9,9,9,9,9,9,9
170920,1,1,1982,0,16,0,0,21,0,20,12,4,21
170920,2,1,1982,0,0,0,0,0,0,0,0,0,0
170921,1,1,1982,9,14,0,14,24,22,18,7,21,10
170922,1,1,1982,0,0,0,0,0,0,0,0,13,0
170922,2,1,1982,0,4,0,0,0,0,0,0,0,0
170923,1,1,1982,4,0,0,0,0,0,0,0,0,0
170924,1,1,1982,0,0,0,0,0,0,0,12,0,0
170924,2,1,1982,0,0,0,0,0,0,0,0,7,0
170925,1,1,1982,0,0,0,0,0,0,0,0,0,0
170925,2,1,1982,0,0,0,0,0,0,0,0,0,0
170926,1,1,1982,15,15,15,15,15,15,15,15,15,15
170927,0,1,1982,0,0,0,0,0,0,0,0,0,0
170927,1,1,1982,0,0,0,0,20,0,0,0,0,0
170928,0,1,1982,0,0,15,0,0,0,0,0,18,0
170928,1,1,1982,0,0,0,0,0,0,0,0,0,0
170929,1,1,1982,0,0,0,0,0,0,0,0,0,0
170930,1,1,1982,0,0,0,0,0,0,0,0,0,0
170930,2,1,1982,0,0,0,0,0,0,0,0,0,0
170931,0,1,1982,0,0,0,0,0,0,0,0,0,0
170931,1,1,1982,6,0,0,0,0,0,0,0,0,0
170932,0,1,1982,0,0,35,0,19,0,0,17,0,15
170932,1,1,1982,0,0,0,0,0,0,0,0,0,0
170933,1,1,1982,12,27,0,17,35,17,18,21,8,0
170934,1,1,1982,10,10,10,10,10,10,10,10,10,10
170935,0,1,1982,12,12,12,12,12,12,12,12,12,12
170935,1,1,1982,9,0,31,21,0,26,16,14,17,22
170936,1,1,1982,0,0,0,0,0,0,0,0,0,0
170937,1,1,1982,7,0,0,0,0,0,0,0,0,0
170937,2,1,1982,0,0,0,0,0,0,0,0,0,0
170938,1,1,1982,0,0,0,0,0,11,0,0,0,0
170938,2,1,1982,5,0,9,0,0,14,0,0,0,0
170939,1,1,1982,0,0,0,0,0,0,0,0,0,0
170940,0,1,1982,8,36,20,13,21,2,22,12,23,22
170940,1,1,1982,0,0,0,0,0,0,0,0,0,0
170941,1,1,1982,22,9,9,13,12,12,13,18,10,12
170942,1,1,1982,0,0,0,0,0,0,0,0,0,0
170942,2,1,1982,0,0,0,0,0,0,0,0,0,8
170943,1,1,1982,0,0,0,0,0,0,0,0,0,0
170944,1,1,1982,0,0,0,0,0,0,0,0,0,0
170945,0,1,1982,0,0,0,0,0,0,0,0,0,0
170945,1,1,1982,26,0,25,14,0,22,0,0,11,16
170946,1,1,1982,13,6,20,6,26,15,9,5,19,0
170946,2,1,1982,0,6,0,0,0,15,0,0,18,0
170946,3,1,1982,0,0,0,0,5,0,0,7,0,0
170947,1,1,1982,8,8,8,8,8,8,8,8,8,8
170948,1,1,1982,18,18,14,26,11,21,5,3,18,12
170948,2,1,1982,0,24,6,3,0,19,8,0,0,0
170949,1,1,1982,15,0,11,0,27,4,23,4,0,0
170950,0,1,1982,31,31,31,31,31,31,31,31,31,31
170950,1,1,1982,0,0,0,0,0,0,0,0,0,0
170950,2,1,1982,0,0,0,0,0,0,0,0,0,0
170951,1,1,1982,12,14,29,11,31,6,17,11,13,38
170952,0,1,1982,0,0,0,0,0,0,0,0,0,0
170952,0,2,1982,0,0,0,0,0,0,0,0,0,0
170952,1,1,1982,0,0,0,0,0,13,0,0,0,0
170953,1,1,1982,0,0,16,32,0,0,18,0,14,0
170954,1,1,1982,29,29,29,29,29,29,29,29,29,29
170955,1,1,1982,10,10,0,0,9,5,0,0,0,0
170955,2,1,1982,0,0,0,0,0,0,0,0,0,0
170956,1,1,1982,14,14,14,14,14,14,14,14,14,14
170956,2,1,1982,8,7,16,0,22,26,16,0,16,0
170957,1,1,1982,0,0,0,0,0,0,0,0,0,0
170958,1,1,1982,19,22,5,18,18,27,24,27,18,10
170959,1,1,1982,0,0,0,0,0,0,0,0,0,0
170959,2,1,1982,0,0,0,0,0,0,0,0,0,0
170960,1,1,1982,0,0,0,0,0,0,0,0,0,0
170961,1,1,1982,0,0,0,0,0,0,0,0,0,0
170961,2,1,1982,0,0,0,0,0,0,0,0,0,0
170962,0,1,1982,0,32,9,0,0,0,0,4,0,15
170962,1,1,1982,20,0,14,18,20,16,0,21,14,20
170963,1,1,1982,0,0,0,0,0,0,0,0,0,0
170964,1,1,1982,27,27,27,27,27,27,27,27,27,27
170964,2,1,1982,13,9,0,5,8,0,11,10,11,0
170965,1,1,1982,1,1,1,1,1,1,1,1,1,1
170966,1,1,1982,34,0,15,0,20,0,0,0,11,9
170967,1,1,1982,0,15,0,17,0,20,0,0,0,0
170968,1,1,1982,22,22,22,22,22,22,22,22,22,22
170968,2,1,1982,0,0,0,0,0,0,0,0,0,0
170969,1,1,1982,44,44,44,44,44,44,44,44,44,44
170970,1,1,1982,6,0,0,0,10,21,13,6,0,23
170970,2,1,1982,0,25,0,0,0,0,16,0,0,0
170971,1,1,1982,0,0,0,0,0,0,0,0,0,0
170972,1,1,1982,15,15,15,15,15,15,15,15,15,15
170972,2,1,1982,0,0,0,0,0,0,0,0,0,0
170973,1,1,1982,0,0,0,0,0,0,8,0,0,0
170973,2,1,1982,25,25,25,25,25,25,25,25,25,25
170974,1,1,1982,28,28,28,28,28,28,28,28,28,28
170975,1,1,1982,19,19,19,19,19,19,19,19,19,19
170976,1,1,1982,9,26,0,24,21,0,26,21,0,13
170977,1,1,1982,30,0,0,0,0,14,0,0,0,0
170977,2,1,1982,0,0,0,0,0,0,0,0,0,0
170978,1,1,1982,0,0,0,0,0,0,0,0,0,0
170978,2,1,1982,0,0,0,0,0,0,0,0,0,0
170978,3,1,1982,0,0,0,0,0,0,0,0,0,0
170979,1,1,1982,9,0,13,20,10,14,27,16,28,26
170980,1,1,1982,0,0,0,0,0,0,0,0,0,0
170981,1,1,1982,0,0,0,0,0,0,0,0,0,0
170982,1,1,1982,0,0,0,38,0,0,0,9,2,23
170985,0,1,1982,0,0,0,0,0,0,0,0,0,0
170985,1,1,1982,18,0,6,0,0,4,8,0,0,0
170986,1,1,1982,9,0,10,8,0,0,0,0,0,0
170987,1,1,1982,20,0,32,28,21,6,0,11,0,24
170988,1,1,1982,26,26,26,26,26,26,26,26,26,26
170988,2,1,1982,0,0,0,0,0,0,0,0,0,0
170989,0,1,1982,0,0,0,0,0,0,0,0,0,0
170989,1,1,1982,0,0,0,0,0,0,0,0,0,0
170990,1,1,1982,15,12,8,18,0,18,7,0,9,0
170990,2,1,1982,0,0,0,0,0,0,0,0,0,0
170991,1,1,1982,0,20,9,0,0,0,0,0,0,0
170992,1,1,1982,8,0,0,0,13,0,0,0,0,0
170993,1,1,1982,0,0,0,0,0,0,0,0,0,0
170994,0,1,1982,0,0,0,0,0,0,0,0,0,0
170994,1,1,1982,0,0,0,0,0,0,0,0,0,0
170995,0,1,1982,10,10,10,10,10,10,10,10,10,10
170995,1,1,1982,17,0,10,11,21,31,11,12,13,0
170996,1,1,1982,0,0,0,0,0,0,7,0,0,0
170996,2,1,1982,17,17,17,17,17,17,17,17,17,17
170997,1,1,1982,21,21,21,21,21,21,21,21,21,21
170997,2,1,1982,0,0,0,0,0,0,0,0,0,0
170998,1,1,1982,0,0,0,0,0,0,0,0,0,0
170999,1,1,1982,0,0,0,0,0,0,0,0,0,0
170999,2,1,1982,0,0,0,0,0,0,0,0,0,0
171000,1,1,1982,30,11,17,4,17,20,23,9,15,33
171001,1,1,1982,9,24,15,20,7,9,24,14,12,15
171001,2,1,1982,0,8,0,0,0,0,0,0,0,4
171002,1,1,1982,0,0,0,0,0,0,0,0,0,6
171002,2,1,1982,0,0,0,0,0,0,0,0,0,0
171003,1,1,1982,11,7,0,0,0,0,3,0,15,15
171003,2,1,1982,0,0,0,0,0,0,0,0,0,21
171004,1,1,1982,0,0,0,0,0,0,0,0,0,0
171005,1,1,1982,10,10,10,10,10,10,10,10,10,10
171006,0,1,1982,29,29,29,29,29,29,29,29,29,29
171006,1,1,1982,4,4,4,4,4,4,4,4,4,4
171007,1,1,1982,23,23,23,23,23,23,23,23,23,23
171008,1,1,1982,12,0,0,0,0,0,0,0,0,15
171008,2,1,1982,2,2,2,2,2,2,2,2,2,2
171009,0,1,1982,16,16,16,16,16,16,16,16,16,16
171009,1,1,1982,20,14,4,28,0,9,20,15,22,20
171010,1,1,1982,0,0,0,0,0,0,0,0,0,0
171010,2,1,1982,0,0,0,0,0,0,0,0,0,0
171011,1,1,1982,8,14,17,0,15,23,0,6,17,13
171012,1,1,1982,14,0,0,0,12,0,16,0,0,0
171012,2,1,1982,0,0,0,0,0,0,0,0,0,0
171013,1,1,1982,23,16,33,10,8,24,13,17,5,11
171014,1,1,1982,0,0,0,0,0,0,0,0,0,0
171014,2,1,1982,0,0,0,0,0,0,0,0,0,0
171015,1,1,1982,18,18,18,18,18,18,18,18,18,18
171016,1,1,1982,8,0,24,0,2,13,24,22,0,24
171017,1,1,1982,0,0,0,0,0,0,0,0,0,0
171017,2,1,1982,0,0,0,0,13,0,0,0,0,0
171018,1,1,1982,21,17,13,5,9,8,17,19,22,15
171018,2,1,1982,0,0,0,0,0,0,0,0,0,0
171019,1,1,1982,0,0,0,0,0,0,0,0,0,0