ST_CASE,VEH_NO,PER_NO,YEAR,P1,P2,P3,P4,P5,P6,P7,P8,P9,P10
171020,1,1,1982,6,10,24,13,11,0,13,32,11,12
171020,2,1,1982,1,1,1,1,1,1,1,1,1,1
171021,1,1,1982,2,19,23,15,27,0,36,19,11,17
171022,1,1,1982,15,15,15,15,15,15,15,15,15,15
171023,1,1,1982,0,20,13,0,17,0,25,11,0,25
171023,2,1,1982,0,23,0,16,24,11,13,0,0,26
171024,1,1,1982,11,26,20,13,37,12,22,0,26,29
171025,0,1,1982,0,0,0,0,0,0,0,0,0,0
171025,1,1,1982,0,0,0,0,5,0,0,0,0,0
171026,1,1,1982,22,16,20,12,27,16,0,13,0,12
171027,1,1,1982,0,0,5,0,0,16,0,0,0,13
171028,0,1,1982,16,16,16,16,16,16,16,16,16,16
171028,1,1,1982,0,7,6,17,6,10,17,16,4,20
171029,1,1,1982,0,0,0,0,0,0,0,0,0,0
171030,0,1,1982,0,19,13,0,13,9,3,26,0,9
171030,1,1,1982,0,0,0,0,0,0,0,0,0,0
171031,1,1,1982,0,0,16,24,8,13,13,14,4,20
171032,1,1,1982,20,20,20,20,20,20,20,20,20,20
171033,1,1,1982,6,6,9,0,0,0,12,19,24,14
171034,1,1,1982,19,17,14,22,17,28,14,20,27,11
171035,1,1,1982,0,0,0,0,0,8,0,0,0,0
171035,2,1,1982,0,0,0,0,0,0,0,0,0,0
171036,1,1,1982,16,16,16,16,16,16,16,16,16,16
171036,2,1,1982,0,0,0,0,0,0,0,0,0,0
171036,3,1,1982,0,0,0,0,0,0,0,0,0,0
171037,1,1,1982,0,0,0,0,0,0,0,0,0,0
171037,2,1,1982,0,0,0,0,0,0,0,0,0,0
171037,3,1,1982,0,0,0,0,0,0,0,0,0,0
171038,0,1,1982,0,0,0,0,0,0,0,0,0,0
171038,1,1,1982,0,0,0,0,0,0,0,0,0,0
171039,1,1,1982,15,29,3,9,0,0,6,13,0,0
171039,2,1,1982,12,12,12,12,12,12,12,12,12,12
171040,1,1,1982,0,0,0,0,0,0,0,0,0,0
171040,2,1,1982,0,0,0,0,0,0,0,0,0,0
171041,0,1,1982,24,0,12,0,0,0,0,0,0,0
171041,1,1,1982,0,0,0,0,0,0,0,0,0,0
171042,1,1,1982,8,8,8,8,8,8,8,8,8,8
171043,1,1,1982,0,0,0,0,0,0,0,0,0,0
171043,2,1,1982,0,0,0,0,0,0,0,0,0,0
171043,3,1,1982,0,0,0,0,0,0,0,0,0,0
171043,4,1,1982,0,0,0,0,0,0,6,0,0,0
171044,0,1,1982,37,37,37,37,37,37,37,37,37,37
171044,1,1,1982,19,0,0,0,18,0,36,13,0,9
171045,1,1,1982,11,12,0,0,0,2,12,14,15,6
171045,2,1,1982,0,0,0,0,0,0,0,18,0,0
171045,3,1,1982,0,0,0,0,0,3,0,0,0,13
171046,0,1,1982,0,5,0,0,0,0,19,16,0,0
171046,1,1,1982,10,0,0,10,19,0,0,11,0,24
171047,1,1,1982,0,20,0,14,6,15,13,0,18,16
171047,2,1,1982,0,0,0,0,0,0,0,0,0,0
171048,1,1,1982,28,0,38,0,13,20,28,26,21,17
171049,1,1,1982,16,16,16,16,16,16,16,16,16,16
171050,1,1,1982,20,12,27,28,6,13,13,9,14,22
171050,2,1,1982,0,0,0,12,0,0,0,0,0,0
171050,3,1,1982,0,0,0,0,0,0,0,0,0,0
171051,1,1,1982,0,0,0,0,0,0,0,0,0,0
171051,2,1,1982,0,0,0,0,0,0,0,0,0,0
171052,1,1,1982,15,0,18,0,0,21,0,0,0,16
171052,2,1,1982,23,23,23,23,23,23,23,23,23,23
171053,1,1,1982,17,18,0,3,12,10,0,12,8,0
171054,0,1,1982,0,0,13,0,0,0,0,0,0,0
171054,0,2,1982,13,0,12,6,9,8,0,2,13,0
171054,1,1,1982,14,0,13,0,13,0,0,0,10,0
171055,1,1,1982,0,0,0,0,0,0,0,0,0,0
171055,2,1,1982,17,13,12,19,15,15,25,24,19,11
171056,1,1,1982,19,19,19,19,19,19,19,19,19,19
171056,2,1,1982,0,2,0,0,0,0,0,0,0,0
171057,0,1,1982,1,1,1,1,1,1,1,1,1,1
171057,0,2,1982,17,24,12,18,6,18,31,0,17,6
171057,0,3,1982,1,1,1,1,1,1,1,1,1,1
171057,0,4,1982,1,1,1,1,1,1,1,1,1,1
171057,1,1,1982,14,15,22,18,0,16,20,15,17,17
171057,2,1,1982,0,0,0,0,0,0,0,0,0,0
171058,1,1,1982,0,0,0,0,0,0,0,0,0,0
171059,0,1,1982,34,34,34,34,34,34,34,34,34,34
171059,1,1,1982,12,11,8,0,16,21,14,0,8,34
171060,1,1,1982,25,5,10,0,15,20,0,8,0,15
171061,1,1,1982,21,21,21,21,21,21,21,21,21,21
171062,0,1,1982,0,0,0,0,0,0,0,0,0,0
171062,1,1,1982,0,0,0,0,0,0,0,0,0,0
171063,1,1,1982,0,0,0,0,0,0,0,0,0,0
171063,2,1,1982,0,21,16,3,25,9,0,0,8,0
171064,1,1,1982,25,26,0,6,14,11,24,6,18,6
171065,1,1,1982,0,0,0,0,0,0,0,0,0,0
171065,2,1,1982,0,0,0,0,0,0,0,0,0,0
171066,1,1,1982,0,10,0,17,0,19,7,0,0,0
171067,1,1,1982,0,0,0,0,0,0,0,0,0,0
171068,1,1,1982,24,24,24,24,24,24,24,24,24,24
171069,0,1,1982,0,0,0,0,0,0,0,0,0,0
171069,1,1,1982,20,0,24,36,21,0,24,35,0,4
171070,0,1,1982,45,43,27,0,38,0,22,18,0,0
171070,1,1,1982,0,0,0,0,0,0,6,0,0,0
171070,3,1,1982,0,0,0,0,0,0,0,0,0,0
171070,4,1,1982,0,0,0,0,0,0,0,0,0,0
171070,5,1,1982,0,0,25,0,0,0,0,20,0,0
171071,1,1,1982,22,20,14,5,10,16,11,20,11,15
171072,1,1,1982,0,0,0,0,0,0,0,0,0,0
171072,2,1,1982,0,0,0,0,0,0,0,0,0,0
171073,1,1,1982,0,0,0,0,0,0,0,0,0,0
171073,2,1,1982,0,0,0,0,0,0,0,0,0,0
171074,1,1,1982,10,10,10,10,10,10,10,10,10,10
171075,1,1,1982,0,0,0,0,0,0,0,0,0,0
171075,2,1,1982,0,0,0,0,0,0,0,0,0,0
171076,0,1,1982,18,21,26,0,0,0,0,8,7,0
171076,1,1,1982,15,9,14,20,0,25,5,28,9,26
171077,0,1,1982,0,0,0,0,0,0,0,0,0,0
171077,1,1,1982,0,0,0,0,0,0,0,0,4,0
171078,1,1,1982,0,0,18,0,0,0,19,18,13,0
171078,2,1,1982,0,0,0,0,0,0,0,0,0,0
171079,1,1,1982,0,0,0,0,0,0,0,0,0,0
171079,2,1,1982,0,0,0,0,0,0,15,0,6,0
171080,0,1,1982,0,0,0,0,0,0,0,0,0,0
171080,1,1,1982,0,20,9,0,0,0,0,14,0,12
171081,1,1,1982,11,11,11,11,11,11,11,11,11,11
171082,1,1,1982,0,0,0,0,0,0,0,0,0,0
171083,1,1,1982,0,0,0,0,0,0,0,0,0,0
171083,2,1,1982,0,0,0,0,0,0,0,0,0,0
171084,1,1,1982,31,31,31,31,31,31,31,31,31,31
171085,1,1,1982,13,0,8,14,23,0,0,0,12,12
171086,1,1,1982,0,0,0,0,0,0,0,0,0,0
171087,1,1,1982,0,0,0,0,0,0,0,0,0,0
171087,2,1,1982,0,0,0,0,0,0,0,0,0,0
171088,0,1,1982,0,0,0,0,0,0,0,0,0,0
171088,1,1,1982,0,0,8,0,0,0,0,0,0,0
171089,0,1,1982,12,12,12,12,12,12,12,12,12,12
171089,1,1,1982,18,13,10,20,16,13,5,8,23,20
171090,0,1,1982,0,0,0,0,0,0,0,0,0,0
171090,1,1,1982,0,0,0,0,0,0,0,0,0,0
171091,0,1,1982,18,18,18,18,18,18,18,18,18,18
171091,0,2,1982,23,23,23,23,23,23,23,23,23,23
171091,1,1,1982,0,0,0,0,0,0,0,0,0,0
171093,0,1,1982,22,22,22,22,22,22,22,22,22,22
171093,1,1,1982,26,9,32,14,19,14,27,20,35,14
171094,1,1,1982,0,0,0,0,8,0,0,0,0,0
171095,1,1,1982,0,0,0,0,0,0,0,0,0,0
171096,0,1,1982,0,0,0,0,0,0,0,0,0,0
171096,1,1,1982,0,0,0,0,0,0,0,0,0,0
171097,1,1,1982,0,0,0,0,0,0,0,0,0,0
171098,1,1,1982,9,9,9,9,9,9,9,9,9,9
171099,1,1,1982,21,21,21,21,21,21,21,21,21,21
171099,2,1,1982,0,0,0,0,0,0,0,0,0,0
171100,0,1,1982,0,0,0,0,0,0,0,0,0,0
171100,1,1,1982,0,0,0,0,0,13,0,0,0,0
171101,1,1,1982,14,14,14,14,14,14,14,14,14,14
171102,1,1,1982,0,0,0,0,0,0,0,0,0,0
171103,1,1,1982,0,0,0,0,0,0,0,0,0,0
171104,1,1,1982,25,25,25,25,25,25,25,25,25,25
171105,1,1,1982,13,10,16,14,11,36,29,14,8,0
171106,1,1,1982,34,34,34,34,34,34,34,34,34,34
171106,2,1,1982,0,0,0,0,4,0,0,0,0,0
171107,1,1,1982,32,20,25,14,25,7,16,48,26,13
171108,1,1,1982,0,0,0,0,0,0,0,0,0,0
171108,2,1,1982,0,0,0,23,0,0,0,0,0,20
171108,3,1,1982,0,0,0,20,0,0,0,0,0,0
171108,4,1,1982,0,0,0,0,29,15,0,0,0,7
171108,5,1,1982,0,0,0,0,0,0,0,0,0,0
171109,1,1,1982,3,3,3,3,3,3,3,3,3,3
171109,2,1,1982,0,0,0,0,0,0,0,0,0,0
171109,3,1,1982,0,0,0,0,0,0,0,0,0,0
171110,1,1,1982,15,15,15,15,15,15,15,15,15,15
171111,1,1,1982,0,0,0,0,0,0,0,0,0,0
171111,2,1,1982,0,0,13,0,0,0,0,12,0,0
171111,3,1,1982,0,0,0,0,0,0,18,0,0,0
171112,0,1,1982,0,0,0,0,0,0,0,0,0,0
171112,1,1,1982,0,0,0,0,0,0,7,0,0,14
171113,1,1,1982,0,0,0,0,0,0,0,0,0,0
171113,2,1,1982,0,10,0,0,0,0,0,0,0,0
171114,1,1,1982,0,0,0,0,0,0,0,0,0,0
171114,2,1,1982,0,0,0,0,0,0,0,0,0,0
171115,1,1,1982,17,17,17,17,17,17,17,17,17,17
171116,1,1,1982,28,28,28,28,28,28,28,28,28,28
171116,2,1,1982,9,0,11,17,7,0,0,0,10,21
171117,1,1,1982,0,0,0,10,0,0,0,0,0,0
171118,1,1,1982,0,15,12,16,13,5,0,0,7,6
171119,0,1,1982,0,0,0,0,0,0,0,0,24,0
171119,1,1,1982,0,0,0,0,0,0,0,0,0,0
171119,2,1,1982,0,0,0,0,0,0,0,0,0,0
171119,3,1,1982,0,0,0,0,0,0,0,0,0,0
171120,0,1,1982,26,26,26,26,26,26,26,26,26,26
171120,1,1,1982,0,0,0,0,0,0,0,0,0,0
171121,1,1,1982,23,23,23,23,23,23,23,23,23,23
171121,2,1,1982,6,11,21,15,18,30,13,22,7,13
171122,1,1,1982,0,0,0,18,17,29,0,0,0,0
171122,2,1,1982,16,6,22,18,0,12,0,0,0,0
171123,1,1,1982,2,2,2,2,2,2,2,2,2,2
171123,2,1,1982,0,0,0,0,0,0,0,0,0,0
171124,1,1,1982,20,0,8,0,0,0,6,0,18,12
171125,1,1,1982,0,0,0,0,15,0,0,0,14,0
171125,2,1,1982,18,18,18,18,18,18,18,18,18,18
171126,1,1,1982,14,14,14,14,14,14,14,14,14,14
171127,1,1,1982,4,4,4,4,4,4,4,4,4,4
171128,1,1,1982,4,4,4,4,4,4,4,4,4,4
171128,2,1,1982,3,3,3,3,3,3,3,3,3,3
171129,1,1,1982,14,14,14,14,14,14,14,14,14,14
171130,0,1,1982,21,21,21,21,21,21,21,21,21,21
171130,1,1,1982,0,0,6,0,0,0,25,0,0,0
171131,1,1,1982,5,23,7,33,7,13,13,10,11,5
171132,1,1,1982,0,0,0,0,0,0,0,0,0,0
171132,2,1,1982,0,0,0,0,0,0,0,0,0,0
171133,0,1,1982,0,0,0,0,0,0,0,0,0,0
171133,1,1,1982,0,0,0,0,0,0,0,0,0,0
171134,1,1,1982,0,0,0,0,0,6,0,0,0,0
171135,1,1,1982,5,8,16,14,12,6,30,20,5,0
171135,2,1,1982,17,17,17,17,17,17,17,17,17,17
171136,1,1,1982,0,0,0,0,0,0,0,0,0,18
171137,1,1,1982,27,27,27,27,27,27,27,27,27,27
171138,1,1,1982,4,4,4,4,4,4,4,4,4,4
171138,2,1,1982,0,0,0,14,0,0,0,0,0,0
171139,1,1,1982,28,16,22,25,11,10,21,18,22,18
171140,0,1,1982,0,0,0,0,0,0,0,0,0,0
171140,1,1,1982,0,0,0,0,0,0,0,0,0,0
171141,1,1,1982,0,0,0,0,0,0,0,0,0,0
171142,1,1,1982,18,18,18,18,18,18,18,18,18,18
171143,1,1,1982,11,11,11,11,11,11,11,11,11,11
171144,1,1,1982,0,0,0,0,0,0,0,0,0,0
171144,2,1,1982,0,0,0,0,0,0,0,0,0,0
171145,0,1,1982,0,0,0,0,0,0,0,0,0,0
171145,1,1,1982,0,0,0,0,0,0,0,0,0,0
171146,1,1,1982,0,0,0,0,0,0,0,0,0,0
171147,1,1,1982,0,0,0,0,0,0,0,0,0,0
171148,1,1,1982,0,0,0,0,0,0,0,0,0,0
171148,2,1,1982,0,0,0,0,0,0,0,0,0,0
171149,0,1,1982,0,0,0,0,0,0,0,0,0,0
171149,1,1,1982,0,0,0,18,0,0,0,0,0,0
171150,1,1,1982,0,0,0,0,0,0,0,0,0,0
171150,2,1,1982,0,0,2,0,0,0,0,0,0,0
171151,1,1,1982,19,19,19,19,19,19,19,19,19,19
171152,1,1,1982,15,15,15,15,15,15,15,15,15,15
171152,2,1,1982,0,0,0,0,0,0,0,0,0,0
171153,1,1,1982,16,10,19,14,0,17,16,12,2,0
171153,2,1,1982,0,0,0,0,0,0,0,0,0,0
171154,0,1,1982,28,28,28,28,28,28,28,28,28,28
171154,1,1,1982,0,0,0,0,0,0,0,0,0,0
171155,1,1,1982,13,20,20,29,0,19,0,25,21,21
171156,1,1,1982,7,7,7,7,7,7,7,7,7,7
171157,1,1,1982,27,12,41,11,25,0,0,14,26,15
171157,2,1,1982,0,0,0,0,26,0,0,0,0,0
171158,0,1,1982,6,6,6,6,6,6,6,6,6,6
171158,0,2,1982,7,22,5,25,4,13,22,16,4,9
171158,1,1,1982,17,17,17,17,17,17,17,17,17,17
171159,1,1,1982,10,0,14,11,25,13,23,30,11,10
171160,1,1,1982,0,0,0,0,0,0,0,0,0,0
171160,2,1,1982,0,0,0,0,0,0,0,0,0,0
171161,0,1,1982,28,28,28,28,28,28,28,28,28,28
171161,1,1,1982,0,0,0,0,0,0,0,0,0,0
171162,0,1,1982,0,0,0,0,0,0,0,0,0,0
171162,1,1,1982,0,0,0,0,0,0,0,0,0,0
171162,2,1,1982,0,0,0,10,0,0,0,0,0,14
171163,1,1,1982,9,9,9,9,9,9,9,9,9,9
171164,1,1,1982,19,19,19,19,19,19,19,19,19,19
171164,2,1,1982,10,7,8,0,17,7,3,16,19,12
171165,1,1,1982,28,7,24,36,28,16,18,16,26,8
171166,1,1,1982,22,22,22,22,22,22,22,22,22,22
171166,2,1,1982,0,0,0,0,0,0,0,0,0,0
171167,1,2,1982,0,0,0,0,0,0,0,4,0,0
171167,2,1,1982,0,0,0,0,0,0,0,0,0,0
171168,0,1,1982,0,0,0,0,0,0,0,0,0,0
171168,1,1,1982,13,24,0,16,0,9,0,5,22,23
171169,1,1,1982,17,28,16,12,9,17,6,29,26,17
171169,2,1,1982,0,0,0,0,0,0,0,0,0,0
171170,1,1,1982,23,23,23,23,23,23,23,23,23,23
171171,1,1,1982,0,0,0,0,0,0,0,0,0,0
171171,2,1,1982,0,0,0,0,26,0,0,0,0,0
171172,1,1,1982,0,0,0,0,0,0,0,0,0,0
171172,2,1,1982,0,0,0,0,0,0,0,0,0,0
171173,0,1,1982,18,5,14,0,0,22,13,0,0,0
171173,1,1,1982,31,6,4,0,5,15,0,0,0,0
171174,1,1,1982,26,0,0,0,0,7,7,9,0,12
171174,2,1,1982,0,0,0,0,0,0,0,6,9,0
171175,1,1,1982,0,0,0,0,0,0,0,0,0,0
171175,2,1,1982,0,0,0,0,0,0,0,0,0,0
171176,1,1,1982,2,2,2,2,2,2,2,2,2,2
171176,2,1,1982,0,4,2,5,0,0,0,0,0,0
171177,1,1,1982,0,0,0,0,0,0,0,0,0,0
171177,2,1,1982,0,0,0,0,0,0,0,0,0,0
171178,1,1,1982,0,16,26,11,21,0,3,2,22,19
171179,1,1,1982,0,0,0,0,0,0,0,0,0,0
171179,2,1,1982,0,0,0,7,0,0,0,0,0,0
171180,0,1,1982,0,20,17,0,0,0,4,7,10,14
171180,0,2,1982,0,0,9,0,8,5,0,0,0,9
171180,0,3,1982,0,0,0,0,0,0,0,0,0,9
171180,1,1,1982,0,0,21,0,0,0,0,0,0,0
171181,1,1,1982,3,0,19,10,26,18,14,19,6,4
171182,1,1,1982,21,21,21,21,21,21,21,21,21,21
171183,0,1,1982,0,0,0,0,0,15,0,0,0,0
171183,0,2,1982,0,0,0,0,0,0,0,0,0,0
171183,1,1,1982,10,0,11,16,0,0,0,0,15,0
171184,1,1,1982,21,5,13,23,31,5,19,4,0,0
171184,2,1,1982,0,0,4,0,0,0,0,0,0,0
171185,1,1,1982,18,18,18,18,18,18,18,18,18,18
171186,1,1,1982,20,20,20,20,20,20,20,20,20,20
171187,1,1,1982,0,0,0,0,0,0,0,0,0,0
171188,1,1,1982,12,12,12,12,12,12,12,12,12,12
171189,1,1,1982,0,16,3,13,17,17,3,12,10,16
171190,1,1,1982,25,20,10,15,16,24,37,2,11,9
171190,2,1,1982,0,0,0,0,0,0,0,0,0,3
171191,0,1,1982,0,0,0,0,0,44,0,0,0,25
171191,1,1,1982,0,0,0,0,0,0,0,0,0,0
171192,1,1,1982,0,0,0,0,0,0,0,0,0,0
171193,1,1,1982,0,24,0,0,0,21,0,0,4,0
171193,2,1,1982,13,13,13,13,13,13,13,13,13,13
171194,0,1,1982,0,0,20,0,0,17,0,0,16,0
171194,1,1,1982,0,0,0,0,0,0,0,0,0,0
171195,1,1,1982,27,27,27,27,27,27,27,27,27,27
171196,1,1,1982,24,24,24,24,24,24,24,24,24,24
171196,2,1,1982,0,0,0,0,0,0,0,0,0,0
171197,1,1,1982,0,0,0,0,0,0,0,0,0,0
171197,2,1,1982,0,0,0,0,0,0,0,0,0,0
171198,1,1,1982,7,7,7,7,7,7,7,7,7,7
171199,1,1,1982,0,0,19,0,0,0,12,0,0,0
171200,1,1,1982,0,0,0,8,0,14,0,6,0,4
171200,2,1,1982,0,9,25,5,0,0,0,15,0,0
171201,1,1,1982,0,0,0,0,12,0,0,0,0,0
171202,0,1,1982,26,26,26,26,26,26,26,26,26,26
171202,1,1,1982,0,0,0,16,0,13,0,10,0,0
171203,1,1,1982,0,0,0,0,0,0,0,0,0,0
171203,2,1,1982,0,0,0,0,0,0,0,0,0,0
171204,1,1,1982,21,12,32,19,0,19,25,31,26,29
171205,1,1,1982,0,0,0,0,0,0,0,0,0,0
171205,2,1,1982,0,0,0,0,0,0,0,0,0,0
171206,0,1,1982,10,10,10,10,10,10,10,10,10,10
171206,0,2,1982,0,15,0,9,13,0,22,11,11,24
171206,1,1,1982,0,0,0,0,0,0,0,0,0,9
171207,0,1,1982,0,15,14,0,16,0,0,0,6,22
171207,1,1,1982,0,0,0,20,16,0,0,17,0,0
171208,1,1,1982,23,9,6,20,23,3,7,22,21,33
171208,2,1,1982,0,0,0,0,0,0,0,0,0,0
171209,1,1,1982,23,23,23,23,23,23,23,23,23,23
171209,2,1,1982,6,25,6,0,0,0,0,22,0,0
171210,0,1,1982,0,0,0,0,0,0,0,0,0,0
171210,0,2,1982,0,0,0,0,0,0,0,12,0,0
171210,1,1,1982,0,0,0,0,0,0,0,0,0,0
171211,1,1,1982,19,19,19,19,19,19,19,19,19,19
171212,0,1,1982,2,8,0,0,0,0,22,18,20,9
171212,1,1,1982,0,0,0,0,0,20,0,0,0,0
171213,1,1,1982,0,0,0,0,0,0,0,0,0,0
171213,2,1,1982,0,0,0,0,0,0,0,0,0,0
171214,1,1,1982,0,0,0,0,0,0,0,0,0,0
171214,2,1,1982,0,0,0,0,0,0,0,0,0,0
171215,1,1,1982,0,0,0,0,0,0,0,0,0,0
171215,2,1,1982,0,0,0,0,0,0,0,0,0,0
171215,3,1,1982,0,0,0,0,0,0,0,0,0,0
171216,1,1,1982,16,16,16,16,16,16,16,16,16,16
171217,1,1,1982,0,0,0,0,0,0,0,0,0,0
171217,2,1,1982,0,0,0,0,0,0,0,0,0,0
171218,1,1,1982,24,24,24,24,24,24,24,24,24,24
171218,2,1,1982,9,0,11,13,0,0,0,0,15,0
171218,3,1,1982,5,0,0,0,17,10,5,8,0,15
171219,1,1,1982,0,0,0,0,0,0,0,0,0,8
171220,1,1,1982,0,28,0,0,21,0,0,0,0,0
171221,0,1,1982,0,0,0,0,0,0,0,0,0,0
171221,1,1,1982,0,0,0,0,0,0,0,0,0,0
171222,0,1,1982,0,0,0,0,0,0,0,0,0,0
171222,1,1,1982,6,17,0,0,14,13,0,0,10,13
171223,0,1,1982,11,11,11,11,11,11,11,11,11,11
171223,1,1,1982,0,0,8,0,11,0,0,5,7,9
171223,2,1,1982,22,0,7,0,0,0,9,13,0,0
171224,2,1,1982,17,17,17,17,17,17,17,17,17,17
171225,1,1,1982,0,0,0,0,0,0,0,0,0,0
171226,0,1,1982,0,0,0,0,0,0,0,0,0,0
171226,1,1,1982,14,23,12,20,31,9,15,0,16,8
171227,1,1,1982,0,0,0,0,0,0,0,0,0,0
171227,2,1,1982,10,0,0,6,4,9,0,0,0,0
171228,1,1,1982,11,11,11,11,11,11,11,11,11,11
171228,2,1,1982,0,0,0,0,27,0,0,0,0,0
171229,0,1,1982,0,14,0,0,0,18,0,0,17,0
171229,1,1,1982,0,0,0,0,0,0,0,0,0,0
171230,0,1,1982,10,10,10,10,10,10,10,10,10,10
171230,1,1,1982,2,2,2,2,2,2,2,2,2,2
171231,0,1,1982,23,23,23,23,23,23,23,23,23,23
171231,1,1,1982,0,22,14,0,18,13,0,0,0,0
171232,1,1,1982,16,16,16,16,16,16,16,16,16,16
171233,1,1,1982,20,20,20,20,20,20,20,20,20,20
171234,1,1,1982,0,0,0,7,0,0,0,0,0,0
171235,1,1,1982,0,0,0,0,0,0,0,0,0,0
171236,1,1,1982,17,17,17,17,17,17,17,17,17,17
171237,0,1,1982,23,0,19,0,25,0,4,11,0,15
171237,0,2,1982,25,19,31,27,20,13,24,23,25,0
171237,0,3,1982,0,21,25,0,20,26,8,13,0,27
171237,1,1,1982,0,0,11,0,0,0,0,0,0,0
171238,1,1,1982,14,14,14,14,14,14,14,14,14,14
171239,1,1,1982,21,21,21,21,21,21,21,21,21,21
171240,1,1,1982,25,25,25,25,25,25,25,25,25,25
171241,0,1,1982,17,0,10,18,17,0,26,11,13,18
171241,1,1,1982,0,0,11,23,0,23,29,0,9,0
171242,1,1,1982,0,0,0,0,0,0,0,0,0,0
171242,2,1,1982,0,0,0,6,0,0,0,0,0,0
171243,1,1,1982,28,28,28,28,28,28,28,28,28,28
171244,1,1,1982,0,27,27,25,14,0,21,29,0,11
171245,1,1,1982,0,0,0,0,0,0,0,0,0,0
171245,2,1,1982,0,0,0,0,0,0,0,0,0,0
171246,0,1,1982,15,15,15,15,15,15,15,15,15,15
171246,1,1,1982,9,9,9,9,9,9,9,9,9,9
171247,0,1,1982,0,0,0,0,0,0,0,0,0,0
171247,1,1,1982,0,0,0,0,0,0,0,0,0,0
171248,1,1,1982,8,9,0,24,13,0,0,19,22,27
171249,1,1,1982,34,34,34,34,34,34,34,34,34,34
171250,1,1,1982,11,11,11,11,11,11,11,11,11,11
171251,1,1,1982,12,0,0,0,11,0,0,0,6,0
171251,2,1,1982,1,1,1,1,1,1,1,1,1,1
171251,3,1,1982,0,0,5,0,0,0,12,0,0,0
171252,1,1,1982,1,1,1,1,1,1,1,1,1,1
171253,1,1,1982,12,24,0,0,0,15,20,18,26,23
171254,1,1,1982,0,0,0,0,0,0,0,0,0,0
171255,1,1,1982,21,21,21,21,21,21,21,21,21,21
171256,1,1,1982,0,0,0,0,0,0,0,0,0,0
171257,1,1,1982,12,14,25,7,8,15,12,8,20,13
171257,2,1,1982,0,19,0,0,15,9,36,10,25,0
171258,1,1,1982,20,20,20,20,20,20,20,20,20,20
171259,1,1,1982,5,5,5,5,5,5,5,5,5,5
171260,0,1,1982,21,21,21,21,21,21,21,21,21,21
171260,1,1,1982,20,10,15,7,7,10,17,25,12,12
171261,1,1,1982,0,0,0,0,0,0,0,0,0,0
171261,2,1,1982,0,0,0,0,0,0,0,0,0,0
171262,0,1,1982,0,0,0,0,0,0,0,0,0,0
171262,1,1,1982,0,0,0,0,0,0,0,0,0,0
171263,1,1,1982,0,0,0,0,0,0,0,0,0,0
171263,2,1,1982,0,0,0,0,0,0,0,0,0,0
171264,1,1,1982,0,0,0,0,0,0,0,0,0,0
171264,2,1,1982,10,0,0,0,0,0,0,0,0,0
171264,3,1,1982,0,0,0,12,0,0,0,0,0,0
171265,1,1,1982,0,0,0,0,0,0,14,0,0,0
171265,2,1,1982,0,0,0,0,0,0,0,0,0,0
171265,3,1,1982,0,0,0,0,0,0,0,0,0,0
171266,1,1,1982,0,0,0,0,0,0,0,0,0,26
171266,2,1,1982,0,0,0,0,0,0,0,0,0,0
171267,0,1,1982,0,0,0,0,0,0,0,0,0,0
171267,1,1,1982,0,0,0,0,0,0,0,0,0,0
171268,1,1,1982,3,3,3,3,3,3,3,3,3,3
171268,2,1,1982,0,21,20,0,23,0,11,13,12,11
171269,1,1,1982,0,0,0,0,0,0,0,0,0,0
171270,0,1,1982,0,0,0,0,0,0,0,0,0,0
171270,1,1,1982,0,0,2,0,0,0,0,0,0,0
171271,1,1,1982,0,0,0,0,0,0,0,0,0,0
171272,1,1,1982,14,14,14,14,14,14,14,14,14,14
171273,1,1,1982,16,16,16,16,16,16,16,16,16,16
171274,1,1,1982,20,20,20,20,20,20,20,20,20,20
171274,2,1,1982,0,0,0,0,0,0,0,0,0,0
171275,1,1,1982,9,9,9,9,9,9,9,9,9,9
171275,2,1,1982,0,0,0,0,0,0,0,0,0,0
171275,3,1,1982,0,0,0,0,0,0,0,0,0,0
171276,0,1,1982,0,0,0,0,0,0,0,0,0,0
171276,1,1,1982,0,0,0,0,0,0,0,0,0,0
171277,1,1,1982,0,0,0,0,0,0,0,0,0,0
171278,1,1,1982,0,21,21,26,29,18,20,21,0,26
171278,2,1,1982,0,0,0,0,0,0,0,0,0,0
171279,1,1,1982,27,27,27,27,27,27,27,27,27,27
171280,1,1,1982,0,0,0,0,0,0,7,0,0,0
171280,2,1,1982,0,0,0,0,0,0,0,0,0,0
171281,1,1,1982,26,16,27,14,9,13,24,9,24,21
171282,1,1,1982,5,5,5,5,5,5,5,5,5,5
171282,2,1,1982,0,0,0,0,0,0,0,0,0,0
171283,0,1,1982,16,0,0,22,0,0,8,18,20,0
171283,1,1,1982,0,0,0,0,0,0,0,0,0,0
171284,1,1,1982,25,25,25,25,25,25,25,25,25,25
171284,2,1,1982,0,0,0,0,0,0,0,0,0,0
171285,1,1,1982,21,21,21,21,21,21,21,21,21,21
171286,1,1,1982,8,17,18,10,16,15,12,11,12,0
171286,2,1,1982,0,0,0,0,0,0,0,0,0,0
171287,1,1,1982,42,0,0,0,0,0,0,0,0,0
171288,0,1,1982,0,3,0,0,0,0,22,18,0,0
171288,0,2,1982,22,0,0,0,0,0,0,19,0,0
171288,1,1,1982,0,9,0,0,0,0,0,0,0,0
171289,1,1,1982,31,31,31,31,31,31,31,31,31,31
171289,2,1,1982,0,0,0,0,0,0,0,0,1,0
171290,1,1,1982,0,12,26,10,24,27,15,11,14,34