ST_CASE,VEH_NO,PER_NO,YEAR,P1,P2,P3,P4,P5,P6,P7,P8,P9,P10
171290,2,1,1982,0,0,0,0,0,0,0,0,0,0
171291,1,1,1982,0,0,0,0,0,0,0,0,0,0
171291,2,1,1982,0,0,0,0,0,0,0,0,0,0
171292,1,1,1982,21,14,24,0,13,0,20,7,8,0
171292,2,1,1982,0,0,0,0,0,0,0,0,0,0
171293,1,1,1982,28,11,0,20,11,19,18,18,0,9
171294,0,1,1982,30,30,30,30,30,30,30,30,30,30
171294,1,1,1982,0,0,20,0,0,0,0,0,0,0
171295,0,1,1982,0,0,0,0,0,0,0,0,0,0
171295,1,1,1982,0,0,0,0,0,0,0,7,0,0
171296,1,1,1982,23,23,23,23,23,23,23,23,23,23
171297,1,1,1982,23,23,23,23,23,23,23,23,23,23
171298,1,1,1982,0,0,0,0,0,0,0,0,0,0
171299,1,1,1982,6,15,8,6,3,15,27,20,21,8
171300,1,1,1982,0,0,0,0,0,0,0,0,0,0
171301,0,1,1982,0,31,0,0,16,8,12,20,23,31
171301,1,1,1982,0,0,0,10,21,20,0,0,0,24
171302,1,1,1982,35,35,35,35,35,35,35,35,35,35
171302,2,1,1982,0,12,0,0,0,0,0,0,0,0
171303,1,1,1982,14,14,14,14,14,14,14,14,14,14
171304,1,1,1982,23,23,23,23,23,23,23,23,23,23
171304,2,1,1982,0,0,0,0,0,0,0,0,0,0
171305,0,1,1982,0,0,15,22,18,13,21,11,22,33
171305,1,1,1982,0,0,0,0,0,4,0,0,0,0
171306,0,1,1982,0,0,10,12,0,0,0,0,0,3
171306,1,1,1982,0,0,0,0,0,0,0,0,0,0
171307,1,1,1982,0,21,4,5,7,11,14,15,15,24
171307,2,1,1982,8,8,8,8,8,8,8,8,8,8
171308,1,1,1982,12,12,12,12,12,12,12,12,12,12
171308,2,1,1982,0,0,0,0,0,0,0,0,0,0
171309,0,1,1982,5,5,5,5,5,5,5,5,5,5
171309,1,1,1982,0,0,0,0,23,0,8,13,0,0
171310,1,1,1982,12,12,12,12,12,12,12,12,12,12
171311,0,1,1982,0,0,0,0,0,0,0,0,0,0
171311,1,1,1982,0,0,8,20,28,20,0,0,0,10
171312,0,1,1982,0,0,0,0,0,0,0,0,0,0
171312,1,1,1982,0,0,0,0,0,8,0,0,0,0
171313,0,1,1982,17,17,17,17,17,17,17,17,17,17
171313,1,1,1982,0,0,0,0,0,0,0,0,0,0
171314,1,1,1982,15,15,15,15,15,15,15,15,15,15
171315,0,1,1982,0,0,0,0,0,0,0,0,0,0
171315,1,1,1982,3,31,15,3,13,16,17,0,19,24
171316,1,1,1982,5,0,0,8,14,11,25,15,10,19
171316,2,1,1982,0,0,0,0,0,0,0,0,0,0
171317,1,1,1982,0,0,0,0,0,0,0,20,0,0
171317,2,1,1982,1,1,1,1,1,1,1,1,1,1
171318,1,1,1982,0,0,0,0,0,0,0,0,0,0
171318,2,1,1982,13,0,7,0,29,0,13,0,21,0
171319,1,1,1982,0,0,0,0,0,0,0,0,0,0
171320,1,1,1982,0,0,0,0,0,0,0,0,0,0
171320,2,1,1982,0,0,0,0,0,0,0,0,3,0
171321,0,1,1982,0,0,0,0,0,0,0,0,0,0
171321,1,1,1982,0,0,0,0,0,0,0,0,0,0
171322,1,1,1982,0,0,0,0,0,0,17,8,0,0
171323,1,1,1982,0,0,9,0,4,0,0,0,0,0
171323,2,1,1982,0,0,0,0,0,0,0,0,0,0
171323,3,1,1982,10,10,10,10,10,10,10,10,10,10
171323,4,1,1982,0,0,0,0,0,0,0,0,11,0
171324,1,1,1982,25,25,25,25,25,25,25,25,25,25
171325,1,1,1982,24,24,24,24,24,24,24,24,24,24
171325,2,1,1982,0,23,0,0,12,5,31,16,7,0
171326,1,1,1982,10,10,10,10,10,10,10,10,10,10
171327,0,1,1982,0,0,0,0,0,0,0,0,0,0
171327,0,2,1982,11,38,23,24,6,31,22,15,31,20
171327,1,1,1982,0,11,0,0,0,0,0,0,0,0
171328,0,1,1982,28,19,20,24,26,18,40,26,14,15
171328,1,1,1982,11,0,0,6,22,18,0,13,0,20
171329,1,1,1982,13,16,0,14,0,0,11,15,25,22
171329,2,1,1982,7,7,7,7,7,7,7,7,7,7
171330,1,1,1982,20,18,18,20,34,11,11,25,25,31
171331,1,1,1982,21,17,0,9,22,12,13,13,21,12
171332,0,1,1982,0,0,0,0,0,0,0,0,0,0
171332,1,1,1982,17,8,21,0,9,6,8,0,21,0
171333,1,1,1982,0,0,12,0,12,12,33,0,11,23
171334,1,1,1982,0,0,0,0,0,0,0,0,0,0
171334,2,1,1982,0,0,0,0,0,9,0,0,0,0
171334,3,1,1982,0,19,0,0,0,22,0,0,0,0
171335,1,1,1982,10,10,10,10,10,10,10,10,10,10
171336,0,1,1982,0,0,0,0,0,0,0,0,0,0
171336,1,1,1982,0,0,0,0,0,0,0,0,0,0
171337,0,1,1982,0,0,0,0,0,0,0,0,0,0
171337,1,1,1982,0,0,11,8,0,0,6,0,0,0
171338,1,1,1982,2,2,2,2,2,2,2,2,2,2
171338,2,1,1982,3,16,5,5,11,13,7,5,0,2
171339,1,1,1982,0,0,0,0,0,0,0,0,0,0
171339,2,1,1982,0,0,0,0,0,0,0,0,0,0
171340,0,1,1982,43,0,0,16,0,0,0,17,20,0
171340,1,1,1982,0,0,0,0,0,0,0,0,0,17
171341,0,1,1982,16,28,13,33,0,0,0,0,0,6
171341,1,1,1982,0,0,0,0,0,25,0,0,0,0
171342,0,1,1982,17,17,17,17,17,17,17,17,17,17
171342,1,1,1982,0,0,0,0,0,0,0,0,0,0
171343,1,1,1982,0,0,0,0,0,0,0,0,0,0
171345,1,1,1982,0,12,0,0,0,0,0,0,0,13
171346,1,1,1982,0,0,0,0,0,0,0,0,0,0
171347,1,1,1982,0,0,0,0,0,0,0,0,0,0
171348,0,1,1982,21,21,21,21,21,21,21,21,21,21
171348,1,1,1982,0,0,0,0,0,0,0,0,4,0
171349,0,1,1982,0,0,0,0,19,0,0,0,0,25
171349,0,2,1982,0,13,0,0,0,10,0,0,19,0
171349,1,1,1982,0,0,0,0,0,0,0,0,0,0
171350,1,1,1982,0,0,0,0,0,0,0,0,0,0
171350,2,1,1982,0,0,0,0,6,0,0,0,0,0
171351,1,1,1982,0,12,10,5,0,0,9,6,7,0
171351,2,1,1982,6,15,13,4,23,11,4,11,13,15
171352,1,1,1982,12,12,12,12,12,12,12,12,12,12
171352,2,1,1982,0,0,0,0,0,0,0,0,0,0
171353,1,1,1982,18,18,18,18,18,18,18,18,18,18
171354,0,1,1982,0,0,0,0,0,0,0,0,0,0
171354,1,1,1982,0,0,0,0,0,0,0,0,0,0
171354,2,1,1982,0,0,0,0,0,0,0,0,0,21
171355,1,1,1982,19,13,28,7,6,14,17,10,22,20
171356,1,1,1982,11,34,20,22,19,20,13,22,24,21
171356,2,1,1982,0,0,0,0,0,0,0,0,0,0
171357,1,1,1982,0,13,0,11,19,0,0,0,8,0
171357,2,1,1982,0,0,0,0,0,0,0,0,0,0
171358,1,1,1982,25,25,25,25,25,25,25,25,25,25
171359,1,1,1982,12,12,12,12,12,12,12,12,12,12
171360,0,1,1982,0,0,0,0,0,0,0,0,0,0
171360,1,1,1982,17,16,15,19,10,11,10,10,26,11
171361,1,1,1982,10,10,10,10,10,10,10,10,10,10
171361,2,1,1982,0,0,0,0,0,0,0,0,0,0
171362,1,1,1982,3,3,3,3,3,3,3,3,3,3
171362,2,1,1982,0,0,0,0,0,0,12,0,0,0
171363,0,1,1982,0,0,0,0,0,0,43,0,0,0
171363,1,1,1982,0,0,0,0,0,0,0,0,0,0
171364,1,1,1982,0,0,0,0,0,0,0,0,0,0
171364,2,1,1982,0,10,0,0,0,0,0,0,0,0
171365,1,1,1982,0,0,0,0,0,0,0,0,0,0
171365,2,1,1982,0,11,0,0,0,0,0,0,0,0
171366,1,1,1982,11,13,13,24,21,25,7,11,10,10
171366,2,1,1982,0,0,0,0,0,0,0,0,0,0
171367,0,1,1982,6,0,0,0,6,0,16,0,0,0
171367,1,1,1982,0,0,0,0,0,0,0,0,0,0
171369,1,1,1982,22,29,12,32,15,13,20,18,10,17
171369,2,1,1982,15,15,15,15,15,15,15,15,15,15
171370,1,1,1982,0,0,0,0,0,0,0,0,0,0
171370,2,1,1982,0,6,0,0,0,0,0,0,0,0
171371,1,1,1982,0,0,5,0,0,10,0,0,13,0
171372,1,1,1982,28,28,28,28,28,28,28,28,28,28
171372,2,1,1982,0,0,16,0,0,0,0,0,13,0
171373,0,1,1982,15,0,24,21,28,0,0,17,30,0
171373,2,1,1982,0,0,0,0,0,0,0,0,0,0
171373,3,1,1982,0,0,2,0,0,0,0,0,0,0
171374,0,1,1982,25,0,0,3,0,22,0,14,18,12
171374,1,1,1982,0,0,2,0,0,0,0,0,0,0
171375,1,1,1982,15,15,15,15,15,15,15,15,15,15
171375,2,1,1982,0,0,0,0,0,0,0,0,0,0
171376,0,1,1982,0,0,0,0,0,0,0,0,0,0
171376,1,1,1982,0,0,0,8,0,0,0,0,0,0
171377,1,1,1982,33,33,33,33,33,33,33,33,33,33
171377,2,1,1982,0,0,0,0,0,0,0,0,0,0
171378,0,1,1982,0,0,32,21,0,0,0,0,6,0
171378,1,1,1982,0,0,0,0,0,0,0,0,0,0
171379,0,1,1982,0,0,0,0,0,0,0,0,0,0
171379,1,1,1982,0,0,0,0,14,0,0,0,0,0
171380,1,1,1982,19,0,27,16,0,12,0,0,17,17
171381,0,1,1982,17,0,0,0,0,15,0,0,0,0
171381,0,2,1982,5,0,0,22,0,0,0,18,0,0
171381,1,1,1982,20,20,20,20,20,20,20,20,20,20
171382,1,1,1982,17,26,0,24,0,18,21,15,24,20
171383,1,1,1982,17,20,4,0,27,23,5,27,21,36
171384,1,1,1982,38,38,38,38,38,38,38,38,38,38
171384,2,1,1982,0,0,0,0,0,0,0,0,0,0
171385,1,1,1982,1,1,1,1,1,1,1,1,1,1
171385,2,1,1982,0,0,0,11,0,0,0,0,0,0
171386,1,1,1982,7,34,13,24,16,30,24,19,8,0
171387,0,1,1982,16,16,16,16,16,16,16,16,16,16
171387,1,1,1982,2,13,0,9,0,0,0,0,0,0
171388,0,1,1982,0,0,0,0,0,0,0,0,0,0
171388,1,1,1982,0,0,0,0,0,0,0,0,0,0
171389,0,1,1982,0,0,0,0,0,0,0,0,0,0
171389,1,1,1982,0,7,0,0,11,0,0,14,0,5
171390,1,1,1982,0,12,0,0,0,9,0,0,0,0
171392,1,1,1982,3,0,0,0,0,0,0,0,0,0
171392,2,1,1982,0,0,0,0,0,0,0,12,0,0
171393,1,1,1982,25,16,18,20,20,11,18,12,18,18
171394,0,1,1982,0,0,0,0,15,0,0,0,0,0
171394,1,1,1982,0,0,0,9,0,0,0,0,0,0
171394,2,1,1982,0,0,0,0,0,0,0,0,0,0
171395,1,1,1982,0,0,0,0,0,0,0,0,0,0
171395,2,1,1982,0,0,0,0,0,0,0,0,0,0
171396,0,1,1982,0,0,0,0,0,28,0,0,0,0
171396,1,1,1982,0,0,0,0,0,0,0,0,0,0
171397,1,1,1982,0,0,0,0,0,0,0,0,0,0
171398,1,1,1982,0,0,0,0,0,0,0,0,0,0
171398,2,1,1982,0,0,0,0,0,0,0,0,0,0
171398,3,1,1982,0,0,0,0,0,0,0,0,0,0
171399,0,1,1982,0,0,0,0,0,0,0,0,0,0
171399,1,1,1982,0,0,0,0,0,0,0,0,0,0
171400,0,1,1982,18,18,18,18,18,18,18,18,18,18
171400,1,1,1982,0,0,0,0,0,0,0,0,0,0
171401,1,1,1982,23,23,23,23,23,23,23,23,23,23
171402,1,1,1982,0,0,0,0,0,0,0,0,0,0
171403,1,1,1982,0,0,5,0,0,0,15,10,0,22
171404,1,1,1982,25,25,25,25,25,25,25,25,25,25
171404,2,1,1982,0,0,0,0,0,0,0,0,0,0
171405,1,1,1982,0,0,0,0,0,0,0,0,0,0
171405,2,1,1982,0,0,0,0,0,0,0,0,0,0
171406,1,1,1982,22,22,22,22,22,22,22,22,22,22
171406,2,1,1982,0,0,0,0,0,0,0,0,0,0
171406,3,1,1982,0,9,0,0,0,0,9,0,0,14
171407,1,1,1982,0,0,0,0,0,0,0,0,0,0
171407,2,1,1982,16,0,0,0,0,0,23,0,0,0
171408,1,1,1982,0,0,0,0,0,0,0,0,0,0
171408,2,1,1982,0,0,0,0,0,0,0,0,0,0
171408,3,1,1982,0,0,0,0,0,0,0,0,0,0
171409,1,1,1982,0,0,0,0,0,0,0,0,0,0
171409,2,1,1982,0,0,0,0,0,0,0,0,0,0
171410,0,1,1982,0,0,0,0,0,0,0,0,0,0
171410,1,1,1982,0,0,0,0,0,0,0,0,0,0
171411,1,1,1982,16,16,16,16,16,16,16,16,16,16
171411,2,1,1982,26,26,26,26,26,26,26,26,26,26
171412,1,1,1982,19,19,19,19,19,19,19,19,19,19
171412,2,1,1982,0,0,0,0,0,0,0,11,28,0
171413,1,1,1982,9,4,24,13,7,16,27,9,7,9
171413,2,1,1982,0,0,0,0,0,0,0,0,0,0
171414,1,1,1982,0,0,0,0,0,0,0,0,0,0
171414,2,1,1982,0,0,0,0,0,0,0,0,0,0
171415,1,1,1982,14,14,14,14,14,14,14,14,14,14
171416,1,1,1982,12,0,17,0,21,0,23,17,0,26
171417,1,1,1982,4,4,4,4,4,4,4,4,4,4
171417,2,1,1982,0,0,0,0,0,0,0,0,0,0
171418,1,1,1982,0,0,0,0,0,15,0,0,0,0
171419,1,1,1982,0,0,0,0,0,0,0,0,0,16
171419,2,1,1982,0,0,0,0,0,0,0,0,0,0
171420,0,1,1982,0,0,0,0,0,0,0,0,0,0
171420,1,1,1982,0,0,0,0,0,0,0,0,0,0
171421,0,1,1982,0,0,0,0,0,0,0,0,0,0
171421,1,1,1982,0,0,10,11,0,0,0,0,0,0
171421,2,1,1982,0,0,0,20,0,0,0,0,0,0
171422,1,1,1982,0,0,0,0,0,0,0,0,0,0
171422,2,1,1982,0,0,0,0,0,0,0,0,0,0
171423,1,1,1982,0,0,0,0,0,0,0,0,0,0
171423,2,1,1982,0,0,0,0,7,0,0,0,28,0
171424,0,1,1982,16,25,0,9,0,0,0,10,0,18
171424,1,1,1982,0,0,0,11,14,13,0,0,0,0
171425,1,1,1982,25,25,25,25,25,25,25,25,25,25
171426,1,1,1982,0,23,0,9,34,22,9,13,19,23
171427,1,1,1982,0,0,0,0,0,0,0,0,0,0
171427,2,1,1982,0,0,0,0,0,0,0,0,0,0
171428,0,1,1982,24,24,24,24,24,24,24,24,24,24
171428,1,1,1982,0,9,15,15,9,5,3,15,13,19
171429,1,1,1982,0,0,15,0,0,0,0,0,0,25
171430,1,1,1982,0,28,10,0,9,24,11,16,10,14
171430,2,1,1982,0,0,0,0,0,0,0,0,0,0
171430,3,1,1982,0,0,0,0,0,0,0,0,0,5
171430,4,1,1982,0,0,0,0,0,0,0,0,0,0
171431,1,1,1982,0,0,0,0,0,0,0,14,0,0
171431,2,1,1982,0,0,0,0,0,0,0,0,0,0
171432,1,1,1982,0,0,0,0,0,0,0,0,0,0
171432,2,1,1982,0,0,0,0,0,0,0,0,0,0
171432,3,1,1982,0,0,0,0,0,0,0,0,0,0
171433,0,1,1982,0,0,0,0,0,0,0,0,0,0
171433,1,1,1982,0,0,0,0,0,0,0,0,0,0
171434,1,1,1982,0,0,0,0,0,16,0,0,0,0
171434,2,1,1982,0,0,0,0,0,0,0,0,0,0
171435,0,1,1982,15,24,21,31,21,20,20,36,19,12
171435,1,1,1982,12,31,12,9,15,18,9,10,9,26
171436,1,1,1982,24,24,24,24,24,24,24,24,24,24
171437,1,1,1982,22,22,22,22,22,22,22,22,22,22
171437,2,1,1982,16,16,0,11,16,0,25,19,7,0
171438,1,1,1982,21,21,21,21,21,21,21,21,21,21
171438,2,1,1982,0,0,0,0,0,0,0,0,0,0
171439,0,1,1982,0,0,0,0,0,0,0,0,0,0
171439,1,1,1982,0,0,0,0,0,0,0,0,0,0
171440,1,1,1982,27,27,27,27,27,27,27,27,27,27
171441,0,1,1982,12,12,12,12,12,12,12,12,12,12
171441,0,2,1982,20,39,3,21,0,9,10,0,15,15
171441,0,3,1982,0,0,0,0,0,0,0,0,0,0
171441,1,1,1982,0,15,0,12,12,0,29,0,0,0
171442,0,1,1982,0,4,26,17,17,17,14,0,14,26
171442,1,1,1982,0,0,0,0,15,0,0,15,0,0
171443,1,1,1982,0,0,0,0,0,0,0,0,0,0
171444,1,1,1982,22,11,0,16,21,9,16,18,13,19
171445,1,1,1982,13,13,13,13,13,13,13,13,13,13
171446,1,1,1982,12,12,12,12,12,12,12,12,12,12
171446,2,1,1982,6,9,7,2,16,17,7,15,0,14
171447,1,1,1982,15,18,23,14,4,8,0,6,9,15
171447,2,1,1982,13,6,0,0,0,0,0,0,0,0
171448,1,1,1982,10,20,44,11,11,15,0,7,22,28
171448,2,1,1982,0,0,0,0,15,0,0,0,0,0
171449,1,1,1982,11,11,11,11,11,11,11,11,11,11
171449,2,1,1982,0,0,0,0,0,0,0,0,0,0
171450,1,1,1982,0,0,0,0,0,0,0,0,0,0
171450,2,1,1982,0,0,0,0,0,0,0,0,0,20
171451,1,1,1982,0,0,33,0,0,12,14,0,20,21
171452,0,1,1982,0,0,0,0,0,0,0,0,0,0
171452,1,1,1982,0,0,0,0,0,0,0,0,0,0
171453,1,1,1982,0,0,0,0,0,0,0,0,0,0
171454,1,1,1982,46,46,46,46,46,46,46,46,46,46
171454,2,1,1982,0,0,0,8,0,0,0,0,0,0
171455,0,1,1982,0,0,0,0,0,0,0,0,0,0
171455,1,1,1982,0,0,0,7,0,0,0,0,0,0
171456,1,1,1982,0,0,0,0,0,0,0,0,0,0
171456,2,1,1982,0,0,0,12,0,0,5,0,0,0
171457,1,1,1982,12,12,12,12,12,12,12,12,12,12
171458,1,1,1982,18,18,18,18,18,18,18,18,18,18
171459,1,1,1982,21,20,10,15,15,26,6,4,17,8
171459,2,1,1982,0,0,0,0,0,0,0,0,0,0
171460,1,1,1982,0,0,0,0,0,0,0,0,0,0
171461,1,1,1982,0,0,0,0,0,0,0,0,0,0
171462,1,1,1982,17,17,17,17,17,17,17,17,17,17
171463,1,1,1982,21,21,21,21,21,21,21,21,21,21
171464,0,1,1982,0,0,0,0,0,0,0,0,0,0
171464,1,1,1982,9,22,11,11,21,7,12,24,31,21
171465,1,1,1982,0,0,0,0,0,0,0,0,0,0
171465,2,1,1982,0,0,0,8,0,16,0,0,0,0
171466,0,1,1982,0,0,0,0,0,0,9,0,0,0
171466,1,1,1982,0,0,0,0,0,0,0,0,0,0
171467,1,1,1982,21,21,21,21,21,21,21,21,21,21
171467,2,1,1982,0,0,19,14,10,0,13,0,11,0
171468,0,1,1982,0,0,0,0,0,0,0,0,0,0
171468,1,1,1982,0,19,0,0,0,0,14,19,0,0
171469,0,1,1982,29,29,29,29,29,29,29,29,29,29
171469,1,1,1982,0,0,14,0,16,0,0,0,0,0
171470,1,1,1982,0,21,15,0,4,9,0,3,10,15
171470,2,1,1982,0,22,0,0,11,3,0,12,0,0
171471,0,1,1982,38,16,0,27,19,26,0,12,0,4
171471,1,1,1982,0,0,0,0,0,0,9,0,0,0
171472,1,1,1982,0,0,0,0,0,0,0,0,0,0
171472,2,1,1982,0,0,0,0,0,0,0,0,0,0
171473,1,1,1982,0,0,0,0,0,0,0,0,0,0
171474,1,1,1982,21,0,0,0,0,0,22,19,0,0
171474,2,1,1982,5,5,5,5,5,5,5,5,5,5
171475,1,1,1982,14,12,0,0,0,0,0,0,0,0
171476,0,1,1982,22,22,22,22,22,22,22,22,22,22
171476,1,1,1982,0,0,0,0,0,0,0,0,0,0
171477,1,1,1982,0,0,0,0,0,0,0,0,0,0
171477,2,1,1982,0,0,0,0,0,0,0,0,0,0
171477,3,1,1982,0,0,0,0,0,0,0,0,0,0
171478,0,1,1982,0,26,18,30,0,0,0,0,0,20
171478,1,1,1982,0,20,0,0,0,18,0,0,24,23
171479,1,1,1982,6,6,6,6,6,6,6,6,6,6
171480,1,1,1982,26,26,26,26,26,26,26,26,26,26
171481,1,1,1982,0,0,6,0,0,0,0,9,0,19
171481,2,1,1982,0,0,0,0,0,5,0,0,0,0
171482,1,1,1982,23,23,23,23,23,23,23,23,23,23
171482,2,1,1982,0,0,0,0,0,0,0,0,0,0
171483,1,1,1982,23,23,23,23,23,23,23,23,23,23
171484,1,1,1982,21,21,0,13,9,16,0,16,13,16
171485,1,1,1982,29,29,29,29,29,29,29,29,29,29
171486,0,1,1982,0,0,0,0,0,0,3,0,0,25
171486,1,1,1982,13,0,15,0,0,21,0,0,0,0
171487,0,1,1982,0,0,0,0,0,0,0,0,0,0
171487,1,1,1982,0,0,0,0,0,0,0,0,0,0
171488,1,1,1982,16,28,10,4,14,10,19,0,11,19
171488,2,1,1982,0,0,0,0,0,0,0,0,0,0
171489,1,1,1982,0,0,19,12,0,0,0,0,19,0
171489,2,1,1982,16,12,23,9,0,9,0,11,0,0
171490,0,1,1982,0,13,0,23,0,0,0,0,0,0
171490,1,1,1982,0,0,0,0,0,0,0,0,0,0
171491,1,1,1982,0,0,0,0,0,0,0,0,0,0
171492,1,1,1982,20,20,20,20,20,20,20,20,20,20
171493,1,1,1982,12,0,0,0,0,0,0,0,0,0
171494,1,1,1982,21,21,21,21,21,21,21,21,21,21
171495,0,1,1982,10,10,10,10,10,10,10,10,10,10
171495,1,1,1982,0,0,21,0,0,11,0,0,0,0
171496,0,1,1982,0,0,8,0,0,0,0,0,0,0
171496,1,1,1982,0,0,0,0,0,0,0,0,0,0
171497,0,1,1982,0,0,0,0,0,0,0,0,0,0
171497,1,1,1982,0,0,0,0,0,0,12,0,0,0
180001,1,1,1982,19,23,11,12,4,18,23,20,30,15
180002,0,1,1982,17,34,23,22,0,0,20,0,14,42
180002,1,1,1982,16,22,0,0,23,27,19,0,17,0
180003,1,1,1982,0,0,0,0,0,0,0,0,0,0
180003,2,1,1982,0,0,0,0,0,0,0,0,0,0
180004,0,1,1982,0,0,0,0,0,0,0,0,0,0
180004,1,1,1982,0,0,0,0,0,0,0,4,0,0
180005,1,1,1982,11,11,11,11,11,11,11,11,11,11
180005,2,1,1982,0,0,22,0,0,12,4,0,0,3
180005,3,1,1982,0,0,0,8,0,0,0,0,0,0
180006,1,1,1982,15,16,0,0,29,11,9,17,18,31
180006,2,1,1982,0,7,0,0,0,0,2,0,0,3
180007,0,1,1982,0,0,0,17,0,5,0,0,0,0
180007,1,1,1982,17,17,17,17,17,17,17,17,17,17
180008,1,1,1982,0,0,0,0,0,0,0,0,0,0
180008,2,1,1982,0,0,0,0,0,0,0,0,0,0
180008,3,1,1982,0,0,0,0,0,0,0,0,0,0
180009,1,1,1982,16,10,19,0,13,13,23,24,8,0
180010,1,1,1982,0,16,0,0,0,0,0,0,0,0
180010,2,1,1982,0,0,0,0,7,0,0,0,0,0
180011,1,1,1982,26,26,26,26,26,26,26,26,26,26
180011,2,1,1982,16,14,0,10,19,0,0,12,28,24
180012,1,1,1982,16,16,16,16,16,16,16,16,16,16
180013,1,1,1982,15,0,2,0,0,0,13,0,13,0
180013,2,1,1982,0,0,0,0,0,0,0,0,0,0
180014,1,1,1982,0,0,0,0,0,0,0,10,12,0
180015,1,1,1982,0,0,0,0,0,0,0,8,0,0
180015,2,1,1982,15,19,18,11,26,12,13,23,12,19
180016,1,1,1982,0,0,0,0,0,0,0,0,0,0
180016,2,1,1982,25,25,25,25,25,25,25,25,25,25
180017,1,1,1982,0,0,17,0,39,0,28,14,10,0
180018,0,1,1982,0,0,0,6,0,0,0,0,39,21
180018,1,1,1982,0,0,0,0,19,27,0,0,16,0
180019,1,1,1982,0,0,0,0,0,0,14,0,15,0
180020,1,1,1982,0,0,0,0,0,0,0,10,0,0
180020,2,1,1982,19,19,19,19,19,19,19,19,19,19
180021,1,1,1982,22,22,22,22,22,22,22,22,22,22
180022,1,1,1982,0,36,0,0,0,0,0,0,0,0
180022,2,1,1982,11,22,11,18,0,0,0,18,16,7
180023,1,1,1982,16,0,0,0,0,0,0,0,25,0
180023,2,1,1982,31,31,31,31,31,31,31,31,31,31
180024,1,1,1982,30,30,30,30,30,30,30,30,30,30
180024,2,1,1982,0,9,17,0,0,0,11,0,0,0
180025,1,1,1982,0,0,0,0,50,4,0,0,0,0
180026,1,1,1982,0,0,0,0,0,0,0,0,0,0
180026,2,1,1982,0,0,0,0,0,0,0,0,0,0
180027,1,1,1982,0,0,0,0,0,0,0,0,0,0
180027,2,1,1982,0,0,0,0,0,0,0,0,0,0
180027,3,1,1982,3,0,0,0,0,0,0,10,0,0
180027,4,1,1982,0,0,0,0,0,0,0,0,0,0
180027,5,1,1982,0,0,0,0,0,0,0,0,0,0
180028,1,1,1982,0,0,0,0,0,0,0,0,0,0
180028,2,1,1982,0,0,0,0,0,0,12,0,0,0
180029,1,1,1982,0,0,0,0,0,0,0,0,0,0
180029,2,1,1982,0,0,23,0,21,19,0,0,0,0
180030,1,1,1982,24,24,24,24,24,24,24,24,24,24
180031,1,1,1982,0,16,15,17,26,12,17,13,12,16
180031,2,1,1982,12,12,12,12,12,12,12,12,12,12
180031,3,1,1982,6,0,0,0,11,15,0,0,0,0
180031,4,1,1982,0,0,0,0,0,0,0,0,0,0
180032,0,1,1982,23,23,23,23,23,23,23,23,23,23
180032,1,1,1982,0,0,0,0,0,0,0,0,0,0
180033,1,1,1982,0,0,17,0,0,0,0,0,0,15
180034,1,1,1982,0,0,0,0,0,6,0,0,0,0
180035,1,1,1982,15,16,16,21,0,7,10,5,7,16
180035,2,1,1982,0,0,0,0,0,0,0,0,0,0
180036,1,1,1982,0,0,0,0,3,0,0,6,0,0
180037,0,1,1982,0,13,0,0,0,0,0,0,0,0
180037,1,1,1982,26,5,10,16,12,31,19,33,8,13
180038,1,1,1982,0,0,0,0,0,0,0,0,0,0
180039,1,1,1982,0,0,0,0,0,0,0,0,0,0
180039,2,1,1982,0,0,0,0,0,0,0,0,0,0
180040,1,1,1982,14,0,0,0,0,0,0,0,0,0
180040,2,1,1982,0,0,0,17,9,0,0,0,0,0
180041,1,1,1982,0,0,0,0,0,0,0,0,0,0
180041,2,1,1982,0,0,0,0,0,0,0,0,0,0
180041,3,1,1982,0,0,0,0,0,0,0,0,0,0
180041,4,1,1982,10,0,0,30,14,0,0,0,0,0
180041,5,1,1982,0,0,0,0,0,0,0,0,4,0
180041,6,1,1982,0,0,0,0,0,0,0,0,0,0
180041,7,1,1982,9,0,0,0,0,0,0,0,0,0
180041,8,1,1982,0,0,0,0,0,0,0,0,0,0
180041,9,1,1982,0,0,0,0,0,0,0,0,0,0
180041,10,1,1982,0,0,0,0,0,0,0,0,0,0
180041,11,1,1982,0,0,0,0,0,0,0,0,0,0
180041,12,1,1982,0,0,0,0,0,0,0,0,0,0
180041,13,1,1982,0,0,0,0,0,0,0,0,0,0
180042,1,1,1982,0,0,0,0,10,0,0,0,0,0
180042,2,1,1982,0,0,0,0,0,0,0,0,0,0
180043,1,1,1982,0,0,0,15,0,0,0,0,0,0
180043,2,1,1982,0,0,0,0,0,0,0,0,0,0
180044,1,1,1982,0,0,0,0,0,0,0,0,0,0
180044,2,1,1982,0,0,0,0,0,0,0,0,0,0
180045,1,1,1982,0,0,0,0,0,0,0,0,0,0
180045,2,1,1982,0,0,0,0,0,0,0,0,0,0
180046,1,1,1982,0,0,0,0,0,0,0,0,0,0
180046,2,1,1982,0,0,0,0,0,0,0,0,0,0
180047,1,1,1982,0,9,0,0,0,0,0,0,0,0
180048,1,1,1982,0,0,0,0,0,0,0,0,0,0
180048,2,1,1982,0,0,0,0,0,9,0,0,0,0
180049,1,1,1982,0,0,0,0,0,0,0,0,0,0
180049,2,1,1982,0,0,42,7,29,0,16,0,0,24
180050,1,1,1982,15,16,22,24,6,19,16,29,8,15
180050,2,1,1982,0,0,0,0,14,0,0,0,0,0
180050,3,1,1982,0,0,0,0,0,6,0,0,0,7