ST_CASE,VEH_NO,PER_NO,YEAR,P1,P2,P3,P4,P5,P6,P7,P8,P9,P10
180051,1,1,1982,0,13,0,0,0,0,0,8,18,0
180052,1,1,1982,42,42,42,42,42,42,42,42,42,42
180053,1,1,1982,0,0,0,0,0,0,0,0,0,0
180054,1,1,1982,30,30,30,30,30,30,30,30,30,30
180054,2,1,1982,0,8,0,0,9,12,0,0,0,0
180055,1,1,1982,21,21,21,21,21,21,21,21,21,21
180056,1,1,1982,0,0,0,0,0,0,0,0,0,0
180056,2,1,1982,0,0,0,0,0,0,0,0,0,0
180057,1,1,1982,23,23,23,23,23,23,23,23,23,23
180058,1,1,1982,0,0,0,0,0,0,0,0,0,0
180059,1,1,1982,23,23,23,23,23,23,23,23,23,23
180059,2,1,1982,15,27,19,18,0,0,0,0,17,24
180060,1,1,1982,0,0,0,0,0,0,0,0,0,0
180060,2,1,1982,0,0,0,0,0,0,20,0,0,0
180061,1,1,1982,0,0,0,0,0,0,0,0,0,0
180061,2,1,1982,0,0,0,0,0,0,0,0,0,0
180062,1,1,1982,6,6,6,6,6,6,6,6,6,6
180063,1,1,1982,0,0,0,0,0,0,0,0,2,0
180063,2,1,1982,0,0,21,0,12,0,0,0,0,0
180064,1,1,1982,15,15,15,15,15,15,15,15,15,15
180064,2,1,1982,0,0,0,0,0,0,0,0,0,0
180065,1,1,1982,0,0,0,0,0,0,0,0,0,0
180066,1,1,1982,0,17,3,0,0,0,20,14,1,0
180067,1,1,1982,11,21,0,41,0,14,13,0,0,16
180068,1,1,1982,0,0,0,0,0,0,0,0,0,0
180068,2,1,1982,0,0,0,0,0,0,0,0,0,0
180069,1,1,1982,7,7,7,7,7,7,7,7,7,7
180070,1,1,1982,0,12,0,0,0,0,0,0,0,0
180071,1,1,1982,0,0,0,0,0,0,0,0,0,0
180071,2,1,1982,0,0,0,0,0,0,0,0,0,0
180072,1,1,1982,13,13,13,13,13,13,13,13,13,13
180073,1,1,1982,0,0,0,15,0,0,0,12,16,0
180074,1,1,1982,5,20,0,13,24,11,20,14,23,28
180075,1,1,1982,0,0,0,13,4,0,0,0,0,0
180076,1,1,1982,0,0,23,0,0,0,16,0,0,0
180076,2,1,1982,0,0,0,0,0,0,0,0,0,0
180077,1,1,1982,0,0,0,0,0,0,0,0,0,0
180077,2,1,1982,0,0,0,0,0,0,0,0,0,16
180078,1,1,1982,0,0,0,0,15,0,0,0,0,0
180078,2,1,1982,0,0,0,0,0,0,0,0,0,0
180079,1,1,1982,0,0,0,23,0,0,0,0,0,30
180079,2,1,1982,0,0,0,13,0,0,0,17,0,0
180080,1,1,1982,0,0,0,0,0,0,0,0,0,0
180080,2,1,1982,0,0,0,0,0,0,0,0,0,0
180081,1,1,1982,0,0,0,0,0,12,0,0,0,14
180081,2,1,1982,0,0,0,0,0,0,0,0,3,0
180082,1,1,1982,0,0,0,0,0,0,0,0,0,0
180083,1,1,1982,0,0,0,0,0,0,0,0,0,0
180083,2,1,1982,5,0,0,17,0,0,0,8,3,9
180084,0,1,1982,0,16,32,25,5,18,0,0,0,0
180084,1,1,1982,11,11,11,11,11,11,11,11,11,11
180085,1,1,1982,7,7,7,7,7,7,7,7,7,7
180085,2,1,1982,0,0,5,0,0,0,0,0,0,0
180086,1,1,1982,0,0,0,0,0,0,0,0,0,0
180087,1,1,1982,14,14,14,14,14,14,14,14,14,14
180088,1,1,1982,0,0,0,0,0,0,0,0,0,0
180088,2,1,1982,0,0,0,0,0,0,0,0,0,0
180089,1,1,1982,0,0,0,0,0,0,0,0,0,0
180089,2,1,1982,0,0,0,14,16,0,0,0,0,21
180090,1,1,1982,0,0,0,0,3,0,0,0,0,0
180091,1,1,1982,0,0,0,0,0,0,0,0,0,0
180091,2,1,1982,0,0,7,0,0,0,0,0,0,0
180092,1,1,1982,0,0,0,0,0,0,0,0,0,0
180092,2,1,1982,0,8,0,0,0,0,0,0,0,0
180093,1,1,1982,10,10,10,10,10,10,10,10,10,10
180093,2,1,1982,0,15,22,4,0,25,26,0,0,17
180094,0,1,1982,18,18,18,18,18,18,18,18,18,18
180094,1,1,1982,0,0,0,19,0,0,0,0,0,0
180095,1,1,1982,0,0,0,0,0,0,0,0,0,0
180095,2,1,1982,0,0,0,0,0,0,0,0,0,0
180096,1,1,1982,11,17,21,0,19,0,31,17,7,14
180097,1,1,1982,0,0,0,0,0,0,0,0,0,0
180097,2,1,1982,24,24,24,24,24,24,24,24,24,24
180098,1,1,1982,0,2,0,14,0,0,0,0,0,0
180099,1,1,1982,0,0,27,0,0,0,0,0,0,0
180100,1,1,1982,0,0,0,0,0,0,0,0,0,0
180101,0,1,1982,0,0,0,0,0,0,0,0,0,0
180101,1,1,1982,0,0,0,0,0,0,0,0,0,0
180101,2,1,1982,0,0,0,0,0,0,0,0,0,0
180102,1,1,1982,17,17,17,17,17,17,17,17,17,17
180103,1,1,1982,0,0,0,0,0,0,0,0,0,0
180103,2,1,1982,0,0,0,0,0,0,0,0,0,0
180103,3,1,1982,0,0,0,0,0,0,0,0,0,0
180103,4,1,1982,0,0,0,0,0,0,0,0,0,0
180103,5,1,1982,0,0,0,0,0,0,0,0,0,0
180103,6,1,1982,0,0,0,0,0,4,0,0,0,0
180103,7,1,1982,0,0,0,0,0,0,0,0,0,0
180103,8,1,1982,0,0,0,0,0,0,0,0,0,0
180103,9,1,1982,0,0,0,0,0,0,0,0,0,0
180103,10,1,1982,0,0,0,0,0,0,0,0,10,0
180103,11,1,1982,0,0,0,0,0,0,0,0,0,0
180104,1,1,1982,0,0,0,0,0,0,0,0,0,0
180104,2,1,1982,0,0,0,0,0,0,0,0,0,0
180105,1,1,1982,0,0,0,0,0,0,0,0,0,0
180105,2,1,1982,0,0,0,0,0,0,0,8,0,0
180106,1,1,1982,0,19,5,0,0,30,16,0,0,17
180107,1,1,1982,3,3,3,3,3,3,3,3,3,3
180107,2,1,1982,0,0,0,0,0,0,0,0,0,0
180107,3,1,1982,0,0,15,0,0,0,0,18,0,0
180108,1,1,1982,20,20,20,20,20,20,20,20,20,20
180109,1,1,1982,0,0,0,0,0,0,0,0,0,0
180109,2,1,1982,24,0,12,21,17,10,0,18,17,18
180110,0,1,1982,0,16,17,40,0,10,6,18,14,0
180110,1,1,1982,0,0,0,0,9,0,0,0,13,0
180111,1,1,1982,4,4,4,4,4,4,4,4,4,4
180111,2,1,1982,18,18,18,18,18,18,18,18,18,18
180112,1,1,1982,0,0,0,0,0,0,0,0,0,0
180112,2,1,1982,0,0,0,0,0,0,0,0,0,0
180113,1,1,1982,21,21,21,21,21,21,21,21,21,21
180114,1,1,1982,37,37,37,37,37,37,37,37,37,37
180115,0,1,1982,0,7,0,0,0,0,0,0,0,8
180115,0,2,1982,0,0,0,0,21,0,0,0,0,12
180115,1,1,1982,19,19,19,19,19,19,19,19,19,19
180116,1,1,1982,0,0,0,0,0,33,0,0,0,27
180117,1,1,1982,20,20,20,20,20,20,20,20,20,20
180117,2,1,1982,0,0,0,0,9,0,0,11,0,0
180118,1,1,1982,0,0,0,0,0,0,0,0,0,0
180118,2,1,1982,0,0,0,0,0,0,0,0,0,0
180119,1,1,1982,10,10,10,10,10,10,10,10,10,10
180119,2,1,1982,0,0,0,0,0,0,0,14,0,0
180120,1,1,1982,0,10,0,0,0,0,0,0,0,0
180120,2,1,1982,0,24,0,0,0,0,16,10,0,0
180121,1,1,1982,0,0,0,0,0,0,0,0,0,22
180122,1,1,1982,22,10,18,23,0,17,0,0,23,22
180123,1,1,1982,14,31,29,28,13,23,22,25,12,23
180124,0,1,1982,0,0,0,10,0,14,0,0,0,0
180124,1,1,1982,7,24,10,25,18,11,26,14,24,10
180125,1,1,1982,14,14,14,14,14,14,14,14,14,14
180125,2,1,1982,0,0,0,0,0,0,0,0,0,0
180126,0,1,1982,0,0,0,0,0,0,0,0,0,0
180126,1,1,1982,0,0,0,0,0,0,0,0,0,0
180127,1,1,1982,25,25,25,25,25,25,25,25,25,25
180128,0,1,1982,17,0,0,14,0,9,0,0,28,0
180128,1,1,1982,0,0,0,0,0,0,0,0,0,0
180129,1,1,1982,0,26,10,15,9,0,0,0,0,0
180130,0,1,1982,24,24,24,24,24,24,24,24,24,24
180130,1,1,1982,3,3,3,3,3,3,3,3,3,3
180130,2,1,1982,13,13,13,13,13,13,13,13,13,13
180131,0,1,1982,39,39,39,39,39,39,39,39,39,39
180131,1,1,1982,15,17,6,6,9,0,14,3,13,0
180132,1,1,1982,26,26,26,26,26,26,26,26,26,26
180133,1,1,1982,22,22,22,22,22,22,22,22,22,22
180134,1,1,1982,22,18,14,0,23,0,18,19,25,13
180134,2,1,1982,22,8,12,7,0,0,12,11,12,0
180135,0,1,1982,18,0,0,6,0,0,0,0,0,0
180135,1,1,1982,10,9,0,16,11,0,15,0,26,6
180136,0,1,1982,17,17,17,17,17,17,17,17,17,17
180136,0,2,1982,29,29,29,29,29,29,29,29,29,29
180136,1,1,1982,0,0,0,0,0,0,0,0,0,0
180137,1,1,1982,0,0,10,0,0,0,0,0,0,0
180138,1,1,1982,0,14,0,0,0,0,0,0,0,0
180138,2,1,1982,0,0,0,0,0,0,0,0,0,0
180139,1,1,1982,0,0,0,0,0,0,0,0,0,0
180140,1,1,1982,19,19,19,19,19,19,19,19,19,19
180141,0,1,1982,0,0,0,0,0,0,0,0,0,0
180141,1,1,1982,0,0,0,0,0,0,0,0,0,0
180142,1,1,1982,0,0,0,0,0,0,13,0,0,0
180142,2,1,1982,0,0,0,0,0,0,0,0,0,0
180143,1,1,1982,13,13,13,13,13,13,13,13,13,13
180144,1,1,1982,0,0,0,23,0,27,0,0,0,0
180145,1,1,1982,0,0,0,0,0,0,0,0,0,0
180145,2,1,1982,0,0,0,0,0,0,0,0,0,0
180146,1,1,1982,29,13,25,25,0,28,20,18,3,8
180147,1,1,1982,0,0,0,0,0,0,0,0,0,0
180147,2,1,1982,0,0,0,0,0,0,0,0,0,0
180148,0,1,1982,0,0,0,0,0,0,0,0,0,0
180148,1,1,1982,0,0,0,0,0,0,0,0,0,0
180149,0,1,1982,13,0,9,27,0,0,18,0,0,16
180149,1,1,1982,11,10,19,3,17,20,0,33,8,20
180150,1,1,1982,0,0,0,0,0,0,0,0,0,0
180151,1,1,1982,0,0,18,0,0,0,0,0,0,0
180151,2,1,1982,0,0,0,0,0,0,0,0,0,0
180152,1,1,1982,7,0,0,0,13,0,0,0,0,0
180152,2,1,1982,0,0,0,0,0,0,6,0,0,0
180153,1,1,1982,0,0,17,23,12,18,20,0,27,4
180154,1,1,1982,7,0,0,0,0,0,0,0,0,0
180156,1,1,1982,14,14,14,14,14,14,14,14,14,14
180156,2,1,1982,0,0,0,0,0,0,0,0,0,0
180157,1,1,1982,15,15,15,15,15,15,15,15,15,15
180158,1,1,1982,13,21,23,31,19,0,29,20,27,30
180159,1,1,1982,20,20,20,20,20,20,20,20,20,20
180160,1,1,1982,11,11,11,11,11,11,11,11,11,11
180161,1,1,1982,0,0,0,0,0,0,0,0,0,0
180161,2,1,1982,0,0,0,0,0,0,0,0,0,0
180162,1,1,1982,11,11,11,11,11,11,11,11,11,11
180163,0,1,1982,0,0,0,0,0,0,0,0,0,0
180163,1,1,1982,7,7,7,7,7,7,7,7,7,7
180164,1,1,1982,17,17,17,17,17,17,17,17,17,17
180164,2,1,1982,18,18,18,18,18,18,18,18,18,18
180165,1,1,1982,0,15,20,8,19,3,19,7,19,15
180167,1,1,1982,18,18,18,18,18,18,18,18,18,18
180167,2,1,1982,2,2,2,2,2,2,2,2,2,2
180168,1,1,1982,0,0,0,0,0,0,0,0,0,0
180169,1,1,1982,17,17,17,17,17,17,17,17,17,17
180169,2,1,1982,0,0,0,0,0,0,0,0,0,0
180170,1,1,1982,14,14,14,14,14,14,14,14,14,14
180170,2,1,1982,0,0,0,0,0,0,0,0,0,0
180171,0,1,1982,0,0,0,0,0,0,0,0,0,0
180171,1,1,1982,0,0,0,0,0,0,0,0,0,0
180172,0,1,1982,0,0,0,0,0,0,0,0,0,0
180172,1,1,1982,0,0,0,0,0,0,0,0,0,0
180173,1,1,1982,0,0,0,0,0,0,0,0,0,0
180174,1,1,1982,0,0,0,0,0,0,0,0,0,0
180174,2,1,1982,0,0,0,0,0,0,0,0,0,0
180175,1,1,1982,15,0,0,18,13,0,0,0,0,0
180175,2,1,1982,0,22,0,0,0,0,25,12,0,0
180176,1,1,1982,0,0,0,0,0,0,0,0,0,0
180176,2,1,1982,0,0,0,0,0,0,0,0,0,0
180177,1,1,1982,0,12,0,0,0,0,0,0,0,0
180177,2,1,1982,0,0,0,0,0,0,0,0,0,0
180178,1,1,1982,0,4,0,0,0,0,0,0,0,0
180178,2,1,1982,0,0,0,0,0,0,0,0,0,0
180179,1,1,1982,13,12,20,14,4,6,14,13,17,22
180179,2,1,1982,0,0,0,0,0,0,0,0,0,0
180180,1,1,1982,54,54,54,54,54,54,54,54,54,54
180181,1,1,1982,0,0,0,0,0,0,0,0,0,0
180182,1,1,1982,11,11,11,11,11,11,11,11,11,11
180183,1,1,1982,19,19,19,19,19,19,19,19,19,19
180185,1,1,1982,0,0,0,0,0,0,0,0,0,0
180185,2,1,1982,0,0,0,0,0,0,0,0,0,0
180186,1,1,1982,25,25,25,25,25,25,25,25,25,25
180187,1,1,1982,0,0,0,0,8,14,0,0,0,0
180188,1,1,1982,0,0,0,0,0,0,0,0,0,0
180188,2,1,1982,0,0,0,0,0,0,0,0,0,0
180189,1,1,1982,33,33,33,33,33,33,33,33,33,33
180189,2,1,1982,0,0,0,0,0,0,0,0,0,0
180190,0,1,1982,0,0,0,0,0,0,0,0,0,0
180190,1,1,1982,1,1,1,1,1,1,1,1,1,1
180191,0,1,1982,25,25,25,25,25,25,25,25,25,25
180191,1,1,1982,8,13,23,24,13,0,0,0,10,19
180192,1,1,1982,4,0,0,0,0,0,0,0,0,0
180192,2,1,1982,0,5,0,0,0,0,11,10,0,9
180193,0,1,1982,31,31,31,31,31,31,31,31,31,31
180193,1,1,1982,8,0,0,0,15,14,21,11,14,0
180193,2,1,1982,0,0,0,0,0,0,0,0,0,0
180194,1,1,1982,11,11,11,11,11,11,11,11,11,11
180195,1,1,1982,0,15,0,0,0,0,0,0,0,0
180195,2,1,1982,7,7,7,7,7,7,7,7,7,7
180196,0,1,1982,0,0,0,0,0,8,0,0,0,0
180196,1,1,1982,0,0,0,0,0,0,0,0,0,0
180197,0,1,1982,0,0,0,0,0,0,0,0,0,0
180197,0,2,1982,0,0,0,0,0,0,0,0,0,0
180197,0,3,1982,0,10,0,0,0,0,0,0,0,0
180197,0,4,1982,0,0,0,0,0,0,0,0,0,0
180197,1,1,1982,24,24,24,24,24,24,24,24,24,24
180198,1,1,1982,0,0,0,0,0,0,0,24,0,0
180198,2,1,1982,0,0,0,12,0,0,0,13,0,0
180199,1,1,1982,0,0,0,0,0,0,0,0,0,0
180199,2,1,1982,0,0,5,0,0,0,0,0,0,0
180199,3,1,1982,0,0,0,0,0,0,0,0,0,0
180199,4,1,1982,0,0,0,0,5,0,0,0,0,0
180199,5,1,1982,0,0,0,0,0,0,12,0,0,0
180200,1,1,1982,34,34,34,34,34,34,34,34,34,34
180200,2,1,1982,0,0,0,0,0,0,0,0,0,0
180201,0,1,1982,0,10,3,0,0,19,0,0,29,0
180201,1,1,1982,0,0,0,0,7,0,0,0,0,0
180202,1,1,1982,32,32,32,32,32,32,32,32,32,32
180202,2,1,1982,0,0,0,0,0,0,0,0,0,0
180203,1,1,1982,0,0,0,0,0,0,0,0,0,0
180203,2,1,1982,0,0,0,0,0,0,0,0,0,0
180204,1,1,1982,13,0,0,0,0,0,0,25,0,0
180204,2,1,1982,0,0,0,0,0,0,0,0,17,0
180205,1,1,1982,0,0,0,0,0,0,0,0,0,0
180205,2,1,1982,0,0,0,0,0,0,6,0,0,0
180206,1,1,1982,22,22,22,22,22,22,22,22,22,22
180207,1,1,1982,21,11,12,17,18,16,0,7,0,17
180208,1,1,1982,18,18,18,18,18,18,18,18,18,18
180209,1,1,1982,24,24,24,24,24,24,24,24,24,24
180210,1,1,1982,25,25,25,25,25,25,25,25,25,25
180211,1,1,1982,0,11,0,0,0,0,0,0,0,0
180211,2,1,1982,0,0,0,0,0,0,0,0,0,0
180212,1,1,1982,12,14,17,28,12,19,7,5,8,24
180212,2,1,1982,14,14,14,14,14,14,14,14,14,14
180213,1,1,1982,38,3,9,26,23,12,18,22,29,18
180213,2,1,1982,0,19,11,4,11,7,15,8,16,0
180214,1,1,1982,0,0,0,0,0,0,0,0,0,0
180214,2,1,1982,0,0,0,0,0,0,0,0,0,0
180215,1,1,1982,0,0,0,0,0,0,11,16,0,0
180215,2,1,1982,0,0,0,0,10,0,0,0,8,0
180216,1,1,1982,13,35,0,17,13,18,11,24,9,7
180216,2,1,1982,0,0,0,0,16,0,0,0,0,0
180217,1,1,1982,18,18,18,18,18,18,18,18,18,18
180218,1,1,1982,30,30,30,30,30,30,30,30,30,30
180219,1,1,1982,0,0,0,0,0,0,0,0,0,0
180220,1,1,1982,0,0,10,12,0,0,6,5,0,0
180221,1,1,1982,0,0,0,0,0,0,0,0,0,0
180221,2,1,1982,0,0,17,0,0,0,0,0,0,0
180222,1,1,1982,8,8,8,8,8,8,8,8,8,8
180223,0,1,1982,39,39,39,39,39,39,39,39,39,39
180223,1,1,1982,25,0,0,0,0,0,0,0,0,10
180224,1,1,1982,17,0,0,0,0,0,0,0,0,0
180224,2,1,1982,0,0,0,0,0,0,0,0,0,0
180225,1,1,1982,0,26,0,15,0,0,0,0,0,0
180226,1,1,1982,0,6,0,0,0,24,0,9,25,0
180227,1,1,1982,14,0,15,0,0,0,0,17,0,23
180227,2,1,1982,0,11,0,0,0,0,14,0,9,0
180228,0,1,1982,13,13,22,13,0,32,7,11,6,0
180228,1,1,1982,0,0,0,0,0,0,0,0,0,0
180229,1,1,1982,0,0,0,0,0,0,0,0,0,0
180229,2,1,1982,0,17,0,0,0,0,0,0,0,0
180230,1,1,1982,6,17,20,6,32,17,0,24,14,9
180231,1,1,1982,8,8,8,8,8,8,8,8,8,8
180232,1,1,1982,0,0,0,0,0,0,0,0,0,0
180233,1,1,1982,0,0,0,5,0,0,0,0,0,0
180233,2,1,1982,0,0,0,0,0,0,0,0,0,18
180234,1,1,1982,0,0,0,0,0,21,0,0,0,0
180234,2,1,1982,29,29,29,29,29,29,29,29,29,29
180235,1,1,1982,17,8,14,0,0,28,0,24,0,23
180236,1,1,1982,0,0,0,0,0,0,0,0,0,0
180236,2,1,1982,0,0,0,0,0,0,0,0,0,0
180237,1,1,1982,0,0,0,0,0,0,0,0,0,0
180238,1,1,1982,0,0,0,0,0,0,0,0,0,0
180238,2,1,1982,0,0,0,0,0,0,0,0,0,0
180239,1,1,1982,0,0,0,0,0,0,0,0,0,0
180240,1,1,1982,0,0,0,0,0,9,0,0,0,0
180240,2,1,1982,26,26,26,26,26,26,26,26,26,26
180242,1,1,1982,0,0,0,0,0,0,0,0,0,0
180243,1,1,1982,0,0,0,0,0,0,0,0,0,0
180244,1,1,1982,0,0,0,0,0,0,0,0,0,0
180244,2,1,1982,0,0,0,0,0,0,0,0,0,0
180246,1,1,1982,16,16,14,0,24,0,0,0,0,0
180247,1,1,1982,19,19,19,19,19,19,19,19,19,19
180248,1,1,1982,0,0,0,0,0,0,0,0,0,0
180249,1,1,1982,13,13,13,13,13,13,13,13,13,13
180249,2,1,1982,0,0,0,0,0,0,0,0,0,0
180250,0,1,1982,0,0,0,0,0,0,0,0,0,0
180250,1,1,1982,0,0,0,0,0,0,0,0,0,0
180251,1,1,1982,0,0,0,0,0,0,0,0,0,0
180251,2,1,1982,0,0,0,0,0,0,0,0,0,0
180252,1,1,1982,10,10,10,10,10,10,10,10,10,10
180253,1,1,1982,17,19,15,6,0,26,17,0,34,24
180254,0,1,1982,0,0,0,0,0,0,0,0,0,0
180254,1,1,1982,0,0,0,0,0,0,0,0,0,0
180255,1,1,1982,28,2,17,0,30,23,19,0,15,16
180256,1,1,1982,0,0,0,0,0,0,0,0,0,0
180257,1,1,1982,0,0,0,0,0,0,0,0,0,0
180257,2,1,1982,0,0,0,0,0,0,0,0,3,0
180258,1,1,1982,0,0,17,9,0,0,5,0,0,16
180258,2,1,1982,0,0,0,0,0,0,0,0,0,0
180259,1,1,1982,0,0,0,0,0,0,0,0,0,0
180259,2,1,1982,0,0,0,0,0,0,0,0,0,0
180260,1,1,1982,0,0,0,0,0,9,0,3,0,20
180260,2,1,1982,17,8,20,8,12,20,10,17,11,12
180261,1,1,1982,0,13,0,20,13,12,0,0,7,10
180261,2,1,1982,0,0,0,0,0,15,4,0,0,0
180262,1,1,1982,28,28,28,28,28,28,28,28,28,28
180262,2,1,1982,0,0,0,0,0,0,0,0,0,0
180263,1,1,1982,0,0,14,0,0,28,0,18,0,0
180264,1,1,1982,21,21,21,21,21,21,21,21,21,21
180264,2,1,1982,13,13,13,13,13,13,13,13,13,13
180265,1,1,1982,0,0,0,0,0,0,0,0,0,0
180265,2,1,1982,17,17,17,17,17,17,17,17,17,17
180266,1,1,1982,18,18,18,18,18,18,18,18,18,18
180267,1,1,1982,27,27,27,27,27,27,27,27,27,27
180268,1,1,1982,0,0,0,0,0,0,0,0,0,0
180268,2,1,1982,0,0,0,0,0,0,0,0,0,0
180269,1,1,1982,8,8,8,8,8,8,8,8,8,8
180269,2,1,1982,11,11,11,11,11,11,11,11,11,11
180270,1,1,1982,7,7,7,7,7,7,7,7,7,7
180270,2,1,1982,15,15,15,15,15,15,15,15,15,15
180271,1,1,1982,29,29,29,29,29,29,29,29,29,29
180272,1,1,1982,0,0,0,0,0,0,0,0,0,0
180272,2,1,1982,26,26,26,26,26,26,26,26,26,26
180273,1,1,1982,25,18,24,18,26,0,24,19,19,17
180274,1,1,1982,0,0,0,0,0,0,0,0,0,0
180275,1,1,1982,0,0,0,0,0,0,0,0,0,0
180276,1,1,1982,6,5,0,10,9,0,0,24,7,15
180277,0,1,1982,24,18,7,0,27,0,12,0,5,24
180277,1,1,1982,14,20,4,14,25,13,13,14,16,25
180278,1,1,1982,0,0,0,0,0,0,0,0,0,0
180278,2,1,1982,0,0,0,0,0,0,0,0,0,0
180278,3,1,1982,0,0,0,22,0,0,0,0,0,0
180279,1,1,1982,0,0,0,0,0,0,0,0,0,0
180280,1,1,1982,0,0,0,0,0,0,0,0,0,0
180280,2,1,1982,0,0,0,0,0,0,0,0,0,0
180281,1,1,1982,0,0,0,0,0,0,0,0,4,0
180281,2,1,1982,10,10,10,10,10,10,10,10,10,10
180282,1,1,1982,8,8,8,8,8,8,8,8,8,8
180283,1,1,1982,0,0,0,0,0,0,0,0,0,0
180283,2,1,1982,0,0,0,0,0,0,0,0,0,0
180284,1,1,1982,0,0,0,0,0,0,0,0,0,0
180284,2,1,1982,0,0,0,0,0,0,0,0,0,0
180285,0,1,1982,27,27,27,27,27,27,27,27,27,27
180285,1,1,1982,10,0,0,0,0,0,0,6,0,0
180286,1,1,1982,0,0,0,5,0,0,7,0,0,0
180286,2,1,1982,0,0,0,0,0,0,0,0,0,0
180287,1,1,1982,25,25,25,25,25,25,25,25,25,25
180288,0,1,1982,0,0,0,0,0,0,0,0,14,0
180288,1,1,1982,7,0,0,6,0,6,17,0,0,0
180289,0,1,1982,0,0,0,0,0,0,0,0,14,0
180289,1,1,1982,16,16,16,16,16,16,16,16,16,16
180290,1,1,1982,27,27,27,27,27,27,27,27,27,27
180291,1,1,1982,4,4,4,4,4,4,4,4,4,4
180292,1,1,1982,2,2,2,2,2,2,2,2,2,2
180293,1,1,1982,17,17,17,17,17,17,17,17,17,17
180294,1,1,1982,7,7,7,7,7,7,7,7,7,7
180294,2,1,1982,0,0,0,0,4,0,0,0,0,0
180295,1,1,1982,0,0,0,0,0,0,0,0,0,0
180295,2,1,1982,0,0,0,0,0,0,0,0,0,9
180296,1,1,1982,0,0,0,0,0,0,0,0,0,0
180296,2,1,1982,0,0,0,0,0,0,0,0,0,0
180297,1,1,1982,19,19,19,19,19,19,19,19,19,19
180298,1,1,1982,2,2,2,2,2,2,2,2,2,2
180298,2,1,1982,0,0,0,0,0,0,0,0,0,0
180299,1,1,1982,0,0,0,0,0,0,0,0,0,0
180299,2,1,1982,0,0,0,0,0,0,0,0,0,0
180300,1,1,1982,0,0,0,0,0,0,0,0,0,0
180300,2,1,1982,0,0,0,0,0,0,0,0,0,0
180301,0,1,1982,0,0,0,0,0,0,0,0,0,0
180301,1,1,1982,0,0,0,0,0,0,0,4,0,0
180302,0,1,1982,26,26,26,26,26,26,26,26,26,26
180302,1,1,1982,3,3,3,3,3,3,3,3,3,3
180303,1,1,1982,0,8,0,0,12,0,3,0,0,8
180303,2,1,1982,0,0,0,0,0,0,0,0,0,0
180303,3,1,1982,0,0,0,0,0,0,0,0,0,0
180304,1,1,1982,8,8,8,8,8,8,8,8,8,8
180305,1,1,1982,25,25,25,25,25,25,25,25,25,25
180306,0,1,1982,10,27,0,10,16,10,0,28,18,10
180306,1,1,1982,0,0,0,0,0,0,0,0,3,0
180307,1,1,1982,21,21,21,21,21,21,21,21,21,21
180308,1,1,1982,0,33,22,0,0,17,26,0,0,0
180309,1,1,1982,0,0,0,0,0,0,0,0,0,0
180309,2,1,1982,0,0,0,0,0,0,0,0,0,0
180310,1,1,1982,16,16,16,16,16,16,16,16,16,16
180310,2,1,1982,9,8,0,20,0,0,4,0,0,0
180311,0,1,1982,10,10,10,10,10,10,10,10,10,10
180311,1,1,1982,27,0,41,12,13,21,10,19,17,19
180312,1,1,1982,24,0,0,0,0,0,0,0,0,0
180313,0,1,1982,0,0,0,0,10,0,0,0,0,0
180313,1,1,1982,0,0,0,0,0,0,0,0,0,0
180314,1,1,1982,14,6,22,3,0,6,10,13,25,23
180315,1,1,1982,21,21,21,21,21,21,21,21,21,21
180316,1,1,1982,0,0,0,0,0,0,0,0,0,0
180316,2,2,1982,7,15,11,0,21,0,0,0,0,0
180317,1,1,1982,19,19,19,19,19,19,19,19,19,19
180317,2,1,1982,0,0,0,0,0,0,0,0,0,0
180318,1,1,1982,10,10,10,10,10,10,10,10,10,10
180318,2,1,1982,0,0,0,0,0,0,0,0,0,0
180319,0,1,1982,21,19,16,30,13,15,28,22,0,16
180319,0,2,1982,28,19,30,20,22,25,24,33,0,9
180319,1,1,1982,24,24,17,23,0,13,0,30,18,11
180320,1,1,1982,0,0,0,19,0,0,0,19,0,0
180320,2,1,1982,0,0,0,0,0,0,0,0,0,0
180321,0,1,1982,0,0,0,0,0,0,0,0,0,0
180321,1,1,1982,0,0,0,0,0,0,0,0,0,0
180322,1,1,1982,26,26,26,26,26,26,26,26,26,26
180323,1,1,1982,0,0,0,0,0,0,0,0,0,0
180324,1,1,1982,0,0,0,0,0,0,0,7,0,0
180325,1,1,1982,26,26,26,26,26,26,26,26,26,26
180325,2,1,1982,0,0,0,0,0,0,23,0,0,0
180325,3,1,1982,0,0,0,0,0,0,0,0,0,0
180325,4,1,1982,0,0,0,0,0,0,0,0,0,0
180326,0,1,1982,0,20,0,0,0,16,11,0,11,0
180326,1,1,1982,0,0,0,0,0,0,0,0,0,0
180327,0,1,1982,10,2,11,0,0,0,0,0,0,0
180327,1,1,1982,0,0,0,0,0,0,0,0,0,0
180328,1,1,1982,0,0,0,0,0,0,0,0,0,0
180328,2,1,1982,0,0,0,0,0,0,0,0,0,0
180329,1,1,1982,20,20,20,20,20,20,20,20,20,20
180329,2,1,1982,15,15,15,15,15,15,15,15,15,15
180330,1,1,1982,8,8,8,8,8,8,8,8,8,8
180331,1,1,1982,0,0,0,0,0,0,0,0,0,0
180331,2,1,1982,0,0,0,18,0,11,0,0,5,0
180332,1,1,1982,21,0,0,0,0,0,0,0,0,0
180333,1,1,1982,24,0,0,0,0,0,0,6,35,13
180334,1,1,1982,21,21,21,21,21,21,21,21,21,21
180334,2,1,1982,0,0,0,0,0,9,0,0,0,0