ST_CASE,VEH_NO,PER_NO,YEAR,P1,P2,P3,P4,P5,P6,P7,P8,P9,P10
180335,0,1,1982,0,0,0,0,0,0,0,0,0,0
180335,1,1,1982,0,0,0,0,0,0,0,0,0,0
180336,0,1,1982,31,31,31,31,31,31,31,31,31,31
180336,1,1,1982,0,0,0,0,0,0,0,0,0,0
180337,1,1,1982,0,0,0,0,0,0,0,8,0,0
180338,1,1,1982,0,0,0,0,14,0,0,6,0,0
180338,2,1,1982,0,0,0,0,0,0,0,0,0,0
180339,1,1,1982,10,10,10,10,10,10,10,10,10,10
180340,1,1,1982,16,0,0,11,0,0,0,25,0,0
180340,2,1,1982,0,0,0,0,0,0,0,0,7,0
180341,0,1,1982,0,11,2,17,0,17,0,25,0,0
180341,0,2,1982,0,17,10,0,0,0,0,0,12,0
180341,1,1,1982,17,17,17,17,17,17,17,17,17,17
180342,1,1,1982,16,16,16,16,16,16,16,16,16,16
180342,2,1,1982,0,0,0,0,0,0,0,0,0,0
180343,0,1,1982,0,0,0,0,0,0,0,0,0,0
180343,1,1,1982,0,0,0,0,0,0,0,0,0,0
180344,1,1,1982,20,20,20,20,20,20,20,20,20,20
180345,1,1,1982,15,0,8,0,13,16,10,0,0,10
180346,1,1,1982,17,17,17,17,17,17,17,17,17,17
180348,0,1,1982,0,0,0,0,0,0,0,0,0,0
180348,1,1,1982,14,14,14,14,14,14,14,14,14,14
180349,1,1,1982,0,0,0,9,0,0,0,0,0,0
180349,2,1,1982,30,7,0,0,12,0,11,9,15,21
180350,1,1,1982,0,0,0,0,0,0,0,0,0,0
180350,2,1,1982,0,0,0,0,0,0,0,0,0,0
180351,1,1,1982,0,0,0,0,17,0,14,0,0,0
180351,2,1,1982,0,23,19,13,13,18,6,8,20,20
180352,1,1,1982,20,20,20,20,20,20,20,20,20,20
180353,1,1,1982,16,16,16,16,16,16,16,16,16,16
180354,1,1,1982,0,0,0,0,0,0,0,0,0,0
180354,2,1,1982,0,0,0,0,0,0,0,0,0,0
180355,0,1,1982,0,0,0,0,0,0,0,0,0,0
180355,1,1,1982,0,0,0,0,0,0,0,0,0,0
180356,1,1,1982,12,12,12,12,12,12,12,12,12,12
180357,1,1,1982,16,16,16,16,16,16,16,16,16,16
180357,2,1,1982,17,17,17,17,17,17,17,17,17,17
180358,1,1,1982,0,0,0,0,0,0,0,0,0,0
180358,2,1,1982,0,0,0,0,0,0,0,0,0,0
180358,3,1,1982,0,0,2,0,0,0,0,0,0,0
180358,4,1,1982,0,0,0,0,0,0,0,0,0,0
180359,1,1,1982,20,17,0,0,17,27,28,0,26,6
180360,1,1,1982,3,3,3,3,3,3,3,3,3,3
180360,2,1,1982,0,0,0,0,0,0,0,0,0,0
180361,1,1,1982,13,16,0,10,8,21,5,12,12,14
180362,1,1,1982,0,17,0,0,0,0,0,0,9,0
180362,2,1,1982,0,15,17,24,27,0,13,0,19,16
180363,1,1,1982,13,13,13,13,13,13,13,13,13,13
180364,1,1,1982,13,13,13,13,13,13,13,13,13,13
180365,1,1,1982,9,0,6,15,9,0,13,5,0,15
180366,0,1,1982,0,0,0,0,0,0,0,0,0,0
180366,1,1,1982,0,13,10,6,0,6,0,0,10,0
180367,1,1,1982,0,0,0,0,0,0,0,0,0,0
180367,2,1,1982,12,12,12,12,12,12,12,12,12,12
180368,0,1,1982,0,0,0,20,0,0,0,0,0,0
180368,1,1,1982,0,0,0,0,0,0,0,0,0,0
180369,1,1,1982,0,0,0,0,0,0,0,0,0,0
180370,1,1,1982,17,17,17,17,17,17,17,17,17,17
180370,2,1,1982,0,0,0,0,0,0,0,0,0,0
180371,1,1,1982,0,0,0,0,0,0,0,0,0,0
180372,0,1,1982,24,0,0,0,0,0,0,0,0,20
180372,0,2,1982,0,0,0,18,0,25,0,0,0,22
180372,1,1,1982,10,8,0,8,25,0,7,15,12,0
180373,1,1,1982,27,17,30,27,16,33,25,14,19,30
180374,1,1,1982,6,6,6,6,6,6,6,6,6,6
180374,2,1,1982,0,0,0,0,0,0,0,0,0,0
180375,1,1,1982,23,15,22,19,8,0,0,5,16,17
180376,1,1,1982,22,24,14,19,0,0,16,0,24,34
180377,1,1,1982,0,0,22,30,9,25,0,0,0,15
180378,1,1,1982,22,22,22,22,22,22,22,22,22,22
180379,1,1,1982,0,0,0,13,0,14,0,0,0,0
180379,2,1,1982,9,9,9,9,9,9,9,9,9,9
180380,0,1,1982,0,22,0,0,0,0,0,11,10,12
180380,1,1,1982,29,14,0,29,31,9,22,22,0,0
180381,1,1,1982,21,21,21,21,21,21,21,21,21,21
180382,1,1,1982,6,6,6,6,6,6,6,6,6,6
180383,1,1,1982,0,0,0,0,0,0,0,0,0,0
180383,2,1,1982,0,0,0,0,0,0,0,0,0,0
180383,3,1,1982,0,0,0,0,0,0,0,0,0,0
180384,1,1,1982,8,8,8,8,8,8,8,8,8,8
180385,1,1,1982,0,0,0,0,0,28,0,0,0,0
180385,2,1,1982,0,0,0,0,0,0,0,0,0,0
180385,3,1,1982,0,0,0,0,0,0,0,0,0,0
180385,4,1,1982,0,0,0,0,0,0,0,0,0,0
180386,1,1,1982,11,7,20,8,0,6,0,19,26,0
180386,2,1,1982,0,0,0,16,7,0,18,13,5,0
180387,1,1,1982,0,0,0,0,0,0,0,0,0,0
180387,2,1,1982,0,0,0,0,0,0,0,0,0,0
180388,1,1,1982,0,0,0,0,0,0,0,7,0,0
180388,2,1,1982,0,0,0,0,0,0,0,20,0,13
180389,1,1,1982,0,0,0,0,0,0,0,0,0,0
180389,2,1,1982,0,0,0,0,0,0,0,0,0,0
180390,0,1,1982,22,0,19,0,18,21,10,0,28,0
180390,1,1,1982,0,0,21,0,0,0,10,0,0,0
180391,1,1,1982,0,0,0,0,0,0,0,10,0,0
180391,2,1,1982,0,0,0,0,0,0,0,0,15,0
180392,1,1,1982,0,0,0,0,0,0,0,0,0,0
180392,2,1,1982,0,0,0,0,0,0,0,0,0,0
180393,1,1,1982,17,17,17,17,17,17,17,17,17,17
180393,2,1,1982,0,0,0,0,0,0,5,0,0,0
180394,1,1,1982,0,0,0,0,0,0,13,0,0,0
180396,1,1,1982,22,0,0,0,0,0,0,14,0,0
180397,1,1,1982,0,0,0,0,0,0,0,0,0,0
180398,1,1,1982,18,0,10,0,0,0,0,16,0,0
180398,2,1,1982,0,0,0,0,0,0,0,0,0,4
180399,1,1,1982,0,0,0,0,0,0,0,0,0,0
180399,2,1,1982,0,0,0,0,0,0,0,0,0,0
180400,1,1,1982,14,14,14,14,14,14,14,14,14,14
180401,1,1,1982,21,21,21,21,21,21,21,21,21,21
180402,0,1,1982,0,0,0,0,0,0,0,0,0,0
180402,1,1,1982,0,0,0,0,0,0,0,0,14,0
180403,1,1,1982,0,0,0,0,0,0,0,0,0,0
180404,1,1,1982,0,48,26,11,20,34,0,23,0,13
180405,1,1,1982,0,22,26,18,10,13,0,0,32,26
180405,2,1,1982,21,3,14,17,12,0,11,13,9,20
180406,1,1,1982,3,0,9,23,0,9,14,13,20,28
180407,0,1,1982,0,0,0,0,0,0,0,0,0,0
180407,1,1,1982,0,0,0,0,0,0,0,0,0,0
180408,1,1,1982,20,13,11,18,25,16,19,0,20,34
180409,1,1,1982,0,0,0,0,0,0,0,0,5,0
180410,0,1,1982,8,8,8,8,8,8,8,8,8,8
180410,1,1,1982,12,12,12,12,12,12,12,12,12,12
180411,0,1,1982,0,0,17,0,0,0,0,0,0,8
180411,1,1,1982,0,0,0,0,0,0,0,0,0,0
180412,1,1,1982,8,8,8,8,8,8,8,8,8,8
180413,1,1,1982,0,0,0,0,10,0,0,0,0,0
180413,2,1,1982,0,0,0,0,0,0,0,0,0,0
180414,1,1,1982,0,0,0,0,0,0,0,0,0,0
180415,1,1,1982,0,0,0,0,0,0,0,0,0,0
180415,2,1,1982,0,0,0,0,0,0,0,0,0,0
180416,1,1,1982,0,0,0,0,0,0,0,0,0,0
180416,2,1,1982,0,0,0,0,0,0,0,0,0,0
180417,1,1,1982,5,9,11,6,10,8,0,27,29,23
180417,2,1,1982,0,0,17,0,0,15,14,0,11,0
180418,1,1,1982,0,0,0,0,0,0,7,0,0,0
180418,2,1,1982,0,0,9,0,0,0,0,0,0,0
180419,1,1,1982,0,0,11,0,0,12,0,9,0,0
180420,0,1,1982,0,0,24,0,0,0,0,18,0,0
180420,1,1,1982,0,0,0,0,0,0,0,0,12,0
180421,1,1,1982,0,0,5,0,0,0,0,0,0,0
180422,1,1,1982,0,0,0,0,0,0,0,0,0,0
180422,2,1,1982,0,0,0,0,0,0,0,0,0,0
180422,3,1,1982,0,0,0,0,0,0,0,0,0,0
180423,1,1,1982,19,19,19,19,19,19,19,19,19,19
180424,1,1,1982,11,11,11,11,11,11,11,11,11,11
180424,2,1,1982,0,0,0,0,0,0,0,0,0,0
180425,1,1,1982,22,22,22,22,22,22,22,22,22,22
180425,2,1,1982,0,0,0,0,8,0,0,0,0,0
180426,1,1,1982,0,0,0,0,0,0,0,0,0,0
180427,1,1,1982,7,12,5,7,17,5,10,9,5,15
180428,1,1,1982,0,0,8,0,14,11,17,12,10,0
180429,1,1,1982,13,6,19,23,0,17,17,0,18,0
180430,1,1,1982,0,6,24,16,0,0,6,0,0,0
180431,1,1,1982,14,14,14,14,14,14,14,14,14,14
180432,1,1,1982,0,0,0,0,0,0,0,0,0,0
180433,0,1,1982,0,0,0,0,0,0,0,0,0,0
180433,1,1,1982,0,0,0,0,0,0,0,0,0,0
180434,1,1,1982,0,20,0,6,0,0,20,0,0,0
180434,2,1,1982,0,0,0,0,0,0,0,0,14,0
180435,0,1,1982,0,0,0,0,0,0,0,0,0,6
180435,1,1,1982,0,9,0,0,0,0,0,0,0,0
180436,1,1,1982,0,0,0,0,0,0,0,0,0,0
180436,2,1,1982,0,0,0,0,0,0,0,0,0,0
180436,3,1,1982,0,0,0,0,0,0,0,0,0,0
180437,1,1,1982,0,0,0,0,0,0,0,0,0,0
180437,2,1,1982,5,5,5,5,5,5,5,5,5,5
180438,1,1,1982,27,27,27,27,27,27,27,27,27,27
180439,0,1,1982,0,0,0,0,0,0,0,0,0,0
180439,1,1,1982,0,0,0,0,0,0,0,0,0,0
180440,1,1,1982,0,0,0,0,0,0,0,0,0,0
180441,1,1,1982,4,4,4,4,4,4,4,4,4,4
180442,1,1,1982,29,29,29,29,29,29,29,29,29,29
180443,1,1,1982,0,0,0,0,0,0,0,0,0,0
180444,1,1,1982,22,22,22,22,22,22,22,22,22,22
180444,2,1,1982,0,0,0,0,0,0,0,0,0,0
180445,1,1,1982,0,0,0,0,0,0,0,0,0,0
180445,2,1,1982,0,0,0,0,0,0,0,0,10,0
180446,1,1,1982,27,27,27,27,27,27,27,27,27,27
180447,1,1,1982,0,0,0,0,0,0,0,0,0,0
180447,2,1,1982,0,0,0,0,0,18,0,0,0,0
180447,3,3,1982,0,0,0,0,0,0,0,0,0,0
180448,0,1,1982,0,0,0,0,0,0,0,0,15,0
180448,1,1,1982,0,0,0,0,0,0,19,0,0,0
180449,1,1,1982,25,25,25,25,25,25,25,25,25,25
180450,1,1,1982,0,0,0,0,0,0,0,0,0,0
180451,1,1,1982,11,11,11,11,11,11,11,11,11,11
180452,1,1,1982,0,10,0,0,0,0,8,4,0,0
180452,2,1,1982,3,0,0,0,0,0,0,0,0,0
180453,1,1,1982,0,0,0,0,0,0,0,0,0,0
180453,2,1,1982,0,0,0,0,0,0,0,0,0,0
180454,1,1,1982,0,0,0,0,0,0,0,0,0,0
180454,2,1,1982,0,0,0,2,9,12,0,0,14,0
180455,1,1,1982,0,0,0,0,0,0,0,0,0,3
180455,2,1,1982,0,0,0,0,0,0,0,0,0,0
180456,1,1,1982,0,0,0,0,0,0,0,0,0,0
180457,1,1,1982,0,0,0,26,13,28,16,0,0,0
180457,2,1,1982,0,0,0,0,0,0,0,0,0,0
180458,1,1,1982,17,5,22,0,3,0,20,4,20,3
180458,2,1,1982,0,0,0,0,0,0,0,0,0,0
180459,1,1,1982,0,15,0,0,0,0,17,0,0,16
180460,1,1,1982,0,0,0,0,0,0,0,0,0,0
180460,2,1,1982,0,0,0,0,0,0,0,0,0,0
180461,1,1,1982,0,0,0,0,0,0,0,0,0,0
180462,1,1,1982,15,15,15,15,15,15,15,15,15,15
180463,1,1,1982,6,16,0,15,0,16,24,0,0,13
180463,2,1,1982,6,13,0,0,0,0,9,11,0,0
180464,1,1,1982,17,17,17,17,17,17,17,17,17,17
180464,2,1,1982,0,0,0,0,0,0,0,0,15,0
180465,1,1,1982,0,0,19,28,0,7,0,0,0,0
180466,1,1,1982,26,26,26,26,26,26,26,26,26,26
180466,2,1,1982,0,0,0,0,0,0,0,2,0,0
180467,1,1,1982,4,4,4,4,4,4,4,4,4,4
180468,1,1,1982,0,0,0,0,0,0,0,0,0,0
180468,2,1,1982,0,0,0,0,0,0,0,0,0,10
180469,1,1,1982,0,0,0,0,0,13,0,0,0,0
180470,1,1,1982,0,0,0,0,0,0,0,0,0,0
180470,2,1,1982,0,0,0,0,0,0,0,0,0,0
180471,1,1,1982,29,29,29,29,29,29,29,29,29,29
180472,1,1,1982,0,0,0,0,0,0,0,0,0,0
180473,0,1,1982,0,0,0,0,0,0,0,0,0,0
180473,1,1,1982,0,0,0,0,0,0,0,0,0,0
180474,1,1,1982,0,7,7,27,0,17,11,0,0,18
180475,1,1,1982,0,0,0,0,0,0,0,0,0,0
180475,2,1,1982,0,0,0,0,0,0,0,0,0,0
180476,0,1,1982,17,17,17,17,17,17,17,17,17,17
180476,1,1,1982,10,10,10,10,10,10,10,10,10,10
180477,0,1,1982,0,0,0,0,0,0,0,0,0,0
180477,1,1,1982,0,0,0,0,0,0,0,0,0,0
180478,1,1,1982,11,11,11,11,11,11,11,11,11,11
180479,1,1,1982,15,0,13,0,4,22,22,0,17,0
180480,1,1,1982,0,0,9,0,0,0,0,0,0,0
180480,2,1,1982,0,0,0,0,0,0,0,0,0,0
180481,1,1,1982,0,0,0,0,0,0,0,0,0,0
180482,1,1,1982,0,0,0,0,0,0,0,0,0,0
180483,1,1,1982,13,0,8,0,24,0,17,16,15,0
180484,1,1,1982,0,0,0,0,0,0,0,0,0,0
180484,2,1,1982,0,0,0,0,0,0,0,0,0,0
180485,1,1,1982,0,0,0,0,0,0,0,0,0,0
180486,1,1,1982,0,0,0,0,0,0,6,0,0,18
180486,2,1,1982,0,0,0,0,0,0,0,0,0,0
180487,1,1,1982,4,4,4,4,4,4,4,4,4,4
180487,2,1,1982,0,0,9,0,0,0,0,0,0,0
180488,1,1,1982,0,15,0,0,0,0,0,0,0,0
180488,2,1,1982,0,0,0,0,0,0,0,0,0,0
180489,1,1,1982,11,11,11,11,11,11,11,11,11,11
180490,1,1,1982,37,37,37,37,37,37,37,37,37,37
180491,1,1,1982,0,0,0,0,0,0,0,0,0,8
180491,2,1,1982,0,0,0,0,0,0,0,0,0,0
180492,1,1,1982,0,10,0,0,0,0,0,0,0,0
180492,2,1,1982,0,0,5,0,22,0,0,0,0,0
180493,1,1,1982,0,0,0,0,0,0,0,0,0,0
180493,2,1,1982,0,0,0,0,0,0,0,0,0,0
180494,0,1,1982,0,0,0,0,0,5,0,0,6,5
180494,1,1,1982,29,20,16,25,21,25,10,16,5,28
180495,1,1,1982,3,3,3,3,3,3,3,3,3,3
180496,1,1,1982,4,15,17,24,0,0,0,0,10,18
180497,1,1,1982,0,0,0,0,8,0,0,0,0,0
180497,2,1,1982,0,0,0,0,18,0,0,0,0,0
180498,1,1,1982,0,0,0,0,0,0,0,0,0,0
180498,2,1,1982,0,0,0,0,0,0,0,0,0,0
180499,1,1,1982,0,0,0,0,0,0,1,0,0,0
180500,1,1,1982,17,17,17,17,17,17,17,17,17,17
180501,1,1,1982,32,32,32,32,32,32,32,32,32,32
180502,1,1,1982,0,17,0,0,0,0,11,9,0,0
180502,2,1,1982,0,0,0,0,0,0,0,0,0,0
180503,1,1,1982,2,2,2,2,2,2,2,2,2,2
180503,2,1,1982,18,18,18,18,18,18,18,18,18,18
180504,1,1,1982,12,12,6,21,11,0,0,27,0,16
180505,1,1,1982,37,37,37,37,37,37,37,37,37,37
180506,1,1,1982,0,0,0,0,0,0,0,0,0,0
180506,2,1,1982,0,0,0,0,0,0,0,0,0,0
180507,0,1,1982,0,0,0,0,0,0,0,0,0,13
180507,1,1,1982,0,0,0,0,0,0,0,0,0,0
180509,0,1,1982,0,0,0,0,0,0,0,0,0,0
180509,1,1,1982,0,0,0,0,0,0,0,0,0,0
180510,1,1,1982,15,12,14,27,23,27,18,3,0,12
180511,1,1,1982,11,11,11,11,11,11,11,11,11,11
180512,1,1,1982,14,27,0,14,15,16,30,22,9,16
180513,1,1,1982,0,0,0,25,0,0,0,26,0,21
180514,1,1,1982,29,29,29,29,29,29,29,29,29,29
180515,1,1,1982,0,0,0,9,0,0,0,0,16,0
180516,1,1,1982,0,0,0,0,0,0,0,0,0,0
180516,2,1,1982,0,0,0,0,0,0,0,0,0,0
180517,1,1,1982,0,0,0,0,0,0,0,0,0,0
180517,2,1,1982,0,0,0,0,0,6,0,0,0,0
180518,1,1,1982,20,15,0,11,34,0,18,25,10,15
180518,2,1,1982,0,0,7,0,0,0,0,0,0,0
180519,1,1,1982,0,10,0,0,0,0,0,0,0,0
180519,2,1,1982,0,0,0,0,0,0,0,0,0,0
180519,3,1,1982,0,0,0,0,0,0,0,0,0,0
180520,1,1,1982,26,26,26,26,26,26,26,26,26,26
180521,1,1,1982,16,0,0,0,0,0,0,0,0,0
180521,2,1,1982,0,0,0,14,0,0,0,0,0,0
180521,3,1,1982,0,0,0,0,0,21,0,0,0,0
180522,1,1,1982,14,14,14,14,14,14,14,14,14,14
180523,1,1,1982,2,0,0,4,15,14,0,11,12,18
180524,1,1,1982,0,0,0,0,0,0,0,0,0,0
180525,1,1,1982,5,0,15,0,0,0,0,0,17,0
180526,1,1,1982,0,0,0,0,9,0,0,26,12,9
180527,0,1,1982,0,0,0,0,0,0,0,0,0,0
180527,1,1,1982,16,19,0,19,0,9,26,0,0,0
180528,0,1,1982,0,0,0,0,0,0,0,0,0,0
180528,1,1,1982,0,0,0,0,0,0,0,0,0,0
180529,1,1,1982,0,0,0,0,0,0,0,0,0,0
180529,2,1,1982,16,0,23,0,0,0,0,0,0,0
180530,1,1,1982,0,0,0,0,0,0,0,0,0,0
180530,2,1,1982,0,0,12,0,0,0,0,0,0,0
180531,0,1,1982,0,0,0,0,0,0,0,0,0,0
180531,1,1,1982,11,11,11,11,11,11,11,11,11,11
180532,1,1,1982,17,0,0,18,21,8,31,0,18,10
180533,1,1,1982,22,22,22,22,22,22,22,22,22,22
180533,2,1,1982,0,0,0,0,0,0,0,0,0,0
180534,1,1,1982,0,0,0,5,0,2,6,0,0,0
180534,2,1,1982,22,22,22,22,22,22,22,22,22,22
180534,3,1,1982,0,0,0,0,0,0,0,0,0,0
180535,1,1,1982,25,25,25,25,25,25,25,25,25,25
180536,1,1,1982,0,0,0,0,0,0,0,0,0,0
180537,0,1,1982,20,20,20,20,20,20,20,20,20,20
180537,1,1,1982,8,8,8,8,8,8,8,8,8,8
180538,1,1,1982,24,24,24,24,24,24,24,24,24,24
180539,1,1,1982,9,9,9,9,9,9,9,9,9,9
180540,1,1,1982,0,0,0,0,0,0,0,0,0,0
180540,2,1,1982,0,0,0,0,0,2,0,0,0,0
180541,1,1,1982,8,24,0,17,9,11,33,15,10,14
180541,2,1,1982,15,13,0,0,14,19,0,0,10,0
180542,0,1,1982,0,0,0,0,0,0,0,0,0,0
180542,1,1,1982,0,0,0,0,0,0,0,0,0,0
180543,1,1,1982,0,20,0,0,23,0,0,0,0,13
180544,1,1,1982,5,10,16,7,16,14,7,24,22,13
180544,2,1,1982,0,0,16,0,0,16,0,0,7,0
180545,1,1,1982,0,0,0,0,0,0,0,0,0,0
180546,0,1,1982,0,0,0,13,16,0,0,18,0,20
180546,1,1,1982,0,0,0,0,0,0,0,0,0,0
180547,1,1,1982,0,35,0,8,0,8,7,26,0,6
180548,1,1,1982,20,20,20,20,20,20,20,20,20,20
180548,2,1,1982,0,0,0,0,0,0,0,0,0,0
180549,1,1,1982,10,0,0,0,0,0,15,3,15,0
180550,1,1,1982,0,0,0,9,5,0,0,0,20,0
180551,1,1,1982,0,0,0,0,0,0,0,0,0,0
180551,2,1,1982,0,19,0,0,0,0,7,0,5,0
180552,1,1,1982,0,0,0,0,0,0,0,0,0,0
180552,2,1,1982,0,0,0,0,0,0,0,0,0,0
180553,1,1,1982,0,9,0,0,0,0,6,5,0,0
180553,2,1,1982,15,15,15,15,15,15,15,15,15,15
180554,1,1,1982,0,0,0,0,0,0,0,0,0,0
180555,1,1,1982,0,0,16,0,0,13,0,6,0,0
180555,2,1,1982,0,0,0,0,0,0,0,0,0,0
180556,1,1,1982,0,0,0,0,0,13,9,0,14,0
180557,0,1,1982,0,0,0,0,0,0,0,0,0,0
180557,1,1,1982,0,0,0,0,0,0,0,0,0,0
180558,1,1,1982,13,13,13,13,13,13,13,13,13,13
180559,1,1,1982,0,16,0,0,0,0,0,14,0,0
180560,1,1,1982,0,0,0,0,0,0,0,0,0,0
180560,2,1,1982,16,0,25,0,0,31,0,0,0,23
180561,0,1,1982,0,0,0,11,0,0,0,9,19,0
180561,0,2,1982,0,0,0,0,11,7,14,9,0,0
180561,1,1,1982,8,15,31,12,13,25,19,21,6,9
180562,1,1,1982,3,3,3,3,3,3,3,3,3,3
180563,1,1,1982,0,0,0,0,0,0,0,0,0,0
180564,1,1,1982,0,0,0,0,0,0,0,0,0,6
180564,2,1,1982,0,0,0,0,0,0,0,0,0,0
180565,1,1,1982,0,14,0,0,0,0,4,11,0,0
180566,1,1,1982,5,5,5,5,5,5,5,5,5,5
180567,1,1,1982,0,0,4,0,0,0,0,0,0,0
180567,2,1,1982,0,0,0,0,0,0,0,0,0,0
180568,1,1,1982,16,16,16,16,16,16,16,16,16,16
180569,1,1,1982,0,0,0,0,0,0,0,0,0,0
180569,2,1,1982,0,6,0,0,0,0,0,0,4,0
180570,1,1,1982,0,0,0,0,0,0,0,0,0,0
180570,2,1,1982,0,0,0,0,0,0,0,0,0,0
180570,3,1,1982,0,0,0,0,0,0,0,0,0,0
180570,4,1,1982,0,0,0,0,0,0,0,0,0,0
180571,1,1,1982,0,0,0,0,0,0,0,14,13,2
180572,1,1,1982,20,20,20,20,20,20,20,20,20,20
180573,1,1,1982,16,0,16,16,25,24,15,24,27,10
180574,1,1,1982,21,21,21,21,21,21,21,21,21,21
180575,1,1,1982,16,16,16,16,16,16,16,16,16,16
180576,1,1,1982,25,25,25,25,25,25,25,25,25,25
180577,1,1,1982,0,5,0,0,0,0,0,0,8,0
180577,2,1,1982,0,0,0,0,0,0,0,0,0,0
180578,1,1,1982,0,0,0,0,0,0,0,0,0,0
180578,2,1,1982,0,0,0,0,0,0,0,0,0,0
180579,1,1,1982,26,26,26,26,26,26,26,26,26,26
180580,1,1,1982,0,0,0,0,0,0,0,0,0,4
180580,2,1,1982,0,0,0,0,0,0,0,0,0,0
180581,1,1,1982,0,0,0,0,0,0,0,0,0,0
180582,1,1,1982,0,0,0,0,0,0,0,0,0,0
180582,2,1,1982,0,0,0,0,0,0,0,0,0,0
180583,1,1,1982,25,25,25,25,25,25,25,25,25,25
180584,1,1,1982,0,0,0,0,0,0,0,0,0,0
180585,1,1,1982,0,0,0,0,0,0,0,0,0,0
180585,2,1,1982,0,0,0,0,0,0,4,0,0,0
180586,1,1,1982,22,37,27,25,19,33,21,16,37,10
180587,1,1,1982,10,10,10,10,10,10,10,10,10,10
180588,1,1,1982,0,0,0,0,0,0,0,0,0,0
180588,2,1,1982,18,0,0,0,0,0,0,0,0,0
180588,3,1,1982,11,0,0,0,0,0,0,0,0,0
180589,1,1,1982,0,18,14,0,0,0,12,23,0,0
180590,0,1,1982,25,34,16,16,0,28,20,0,0,21
180590,1,1,1982,0,0,0,0,0,0,0,0,0,0
180591,1,1,1982,35,25,18,29,19,21,15,30,27,27
180592,1,1,1982,0,15,0,0,0,0,18,0,0,0
180592,2,1,1982,36,36,36,36,36,36,36,36,36,36
180593,1,1,1982,27,20,24,22,20,9,16,14,41,23
180594,0,1,1982,6,0,24,0,0,14,0,21,0,0
180594,1,1,1982,0,0,0,0,0,0,0,0,0,0
180595,1,1,1982,0,0,0,0,0,0,0,0,0,0
180595,2,1,1982,18,18,18,18,18,18,18,18,18,18
180596,1,1,1982,12,12,12,12,12,12,12,12,12,12
180597,1,1,1982,8,0,0,0,3,0,0,0,8,0
180598,1,1,1982,0,0,0,0,0,0,0,0,0,0
180598,2,1,1982,0,0,0,0,0,10,0,0,0,0
180598,3,1,1982,0,0,0,0,0,0,0,0,0,0
180600,0,1,1982,0,0,20,0,15,20,0,16,0,18
180600,1,1,1982,0,0,0,0,0,0,6,0,12,17
180601,1,1,1982,16,16,16,16,16,16,16,16,16,16
180602,0,1,1982,0,22,26,0,8,10,18,0,0,3
180602,1,1,1982,0,0,0,0,0,0,0,0,0,0
180603,0,1,1982,0,13,0,0,0,0,0,0,0,0
180603,1,1,1982,0,0,0,0,0,0,0,0,0,0
180604,1,1,1982,0,0,0,0,0,0,0,0,0,0
180604,2,1,1982,0,0,0,7,0,0,0,10,0,0
180605,0,1,1982,0,27,0,0,0,4,0,0,0,0
180605,1,1,1982,0,0,0,0,0,0,0,0,0,0
180606,1,1,1982,13,13,13,13,13,13,13,13,13,13
180607,1,1,1982,14,14,14,14,14,14,14,14,14,14
180608,1,1,1982,0,0,0,0,0,0,0,0,0,0
180608,2,1,1982,2,0,0,0,0,0,0,0,0,0
180609,1,1,1982,17,17,17,17,17,17,17,17,17,17
180609,2,1,1982,10,10,10,10,10,10,10,10,10,10
180610,1,1,1982,0,0,0,0,0,0,0,0,0,0
180610,2,1,1982,0,0,0,0,0,0,0,0,0,0
180611,1,1,1982,0,0,0,0,0,0,0,0,0,0
180611,2,1,1982,0,0,0,0,0,0,0,0,0,0
180612,1,1,1982,0,0,0,18,0,0,0,0,0,0
180612,2,1,1982,10,0,0,0,0,0,0,0,0,0
180612,3,1,1982,0,0,0,0,0,0,0,0,0,0
180613,1,1,1982,10,0,0,19,10,0,0,0,0,0
180613,2,1,1982,0,15,11,9,0,0,0,0,0,11
180614,1,1,1982,0,0,0,0,15,0,5,18,23,0
180615,1,1,1982,17,17,17,17,17,17,17,17,17,17
180616,1,1,1982,0,0,0,9,0,0,7,0,0,0
180616,2,1,1982,0,4,0,0,0,8,0,0,0,0
180617,1,1,1982,0,0,0,0,0,0,0,0,0,0
180617,2,1,1982,0,0,0,0,0,0,0,0,0,16
180618,1,1,1982,3,0,19,5,7,0,0,5,0,0
180619,0,1,1982,0,0,0,0,0,0,0,0,0,0
180619,1,1,1982,0,0,0,0,0,0,0,0,0,0
180620,0,1,1982,0,0,0,0,0,0,0,0,0,0
180620,1,1,1982,0,0,0,0,0,0,0,0,0,0
180621,1,1,1982,0,0,0,0,0,0,0,0,0,0
180621,2,1,1982,0,0,0,0,0,0,0,0,0,0
180622,0,1,1982,18,9,0,14,0,7,0,0,25,0
180622,1,1,1982,26,16,33,10,9,13,0,0,9,21
180623,1,1,1982,0,14,0,0,0,14,0,0,3,0
180623,2,1,1982,0,0,0,0,0,0,0,0,0,0
180624,1,1,1982,0,0,0,0,0,0,0,0,0,0
180624,2,1,1982,0,0,0,0,0,0,0,0,0,0
180625,1,1,1982,0,17,15,19,23,4,30,12,18,16
180626,1,1,1982,0,0,16,0,0,18,0,0,0,0
180626,2,1,1982,0,0,0,0,0,0,0,0,0,0
180627,1,2,1982,21,9,32,0,5,9,16,0,13,10
180628,1,1,1982,0,0,0,0,0,0,0,0,0,0
180628,2,1,1982,0,0,0,0,0,0,0,0,0,0
180629,1,1,1982,10,22,12,9,7,15,18,7,16,13
180629,2,1,1982,24,24,24,24,24,24,24,24,24,24
180630,1,1,1982,0,0,0,0,0,0,0,0,0,0
180630,2,1,1982,0,0,0,0,0,0,0,0,0,0
180630,3,1,1982,0,0,0,0,0,0,0,0,0,0
180631,1,1,1982,0,0,0,0,0,0,0,0,0,0
180632,1,1,1982,0,0,0,0,0,0,0,0,0,0