ST_CASE,VEH_NO,PER_NO,YEAR,P1,P2,P3,P4,P5,P6,P7,P8,P9,P10
180633,0,1,1982,0,0,0,0,0,0,0,0,0,0
180633,1,1,1982,21,0,0,0,0,0,0,0,0,0
180634,1,1,1982,27,27,27,27,27,27,27,27,27,27
180636,1,1,1982,0,0,0,0,0,0,0,0,0,0
180636,2,1,1982,0,0,11,0,0,0,3,0,0,0
180637,1,1,1982,12,12,12,12,12,12,12,12,12,12
180638,1,1,1982,22,22,22,22,22,22,22,22,22,22
180638,2,1,1982,0,10,0,0,0,25,20,0,0,0
180639,1,1,1982,13,13,13,13,13,13,13,13,13,13
180640,1,1,1982,0,0,17,0,0,0,0,0,0,7
180641,1,1,1982,0,0,0,0,0,0,0,0,0,0
180641,2,1,1982,0,0,0,0,0,0,0,0,0,0
180642,1,1,1982,13,13,13,13,13,13,13,13,13,13
180643,1,1,1982,13,13,13,13,13,13,13,13,13,13
180644,1,1,1982,0,0,0,0,0,0,0,0,0,0
180645,1,1,1982,0,0,0,0,0,0,0,0,0,0
180645,2,1,1982,0,0,0,0,0,0,0,0,0,0
180646,0,1,1982,32,32,32,32,32,32,32,32,32,32
180646,1,1,1982,31,22,17,23,23,25,18,14,17,0
180647,1,1,1982,0,0,0,0,0,0,0,0,0,0
180647,2,1,1982,0,0,0,0,0,0,0,0,0,0
180648,1,1,1982,0,0,0,0,0,0,0,0,0,0
180648,2,1,1982,0,0,0,0,0,0,0,0,0,0
180649,1,1,1982,0,0,15,0,0,15,0,0,16,24
180649,2,1,1982,0,0,0,0,0,0,0,0,0,0
180650,1,1,1982,0,25,0,0,5,8,3,9,4,13
180650,2,1,1982,0,0,0,0,0,0,0,0,0,0
180651,1,1,1982,18,18,18,18,18,18,18,18,18,18
180652,0,1,1982,11,5,0,7,0,16,0,0,0,17
180652,1,1,1982,0,0,0,0,0,0,0,0,0,0
180653,0,1,1982,26,26,26,26,26,26,26,26,26,26
180653,1,1,1982,0,0,0,0,0,0,0,0,0,0
180654,0,1,1982,0,0,0,0,0,0,0,0,0,10
180654,0,2,1982,0,0,0,0,0,0,10,0,0,0
180654,1,1,1982,4,4,4,4,4,4,4,4,4,4
180655,0,1,1982,0,7,0,0,3,5,0,0,0,0
180655,0,2,1982,0,0,0,0,0,0,0,0,0,0
180655,0,3,1982,0,0,0,0,0,0,0,0,0,0
180655,1,1,1982,10,0,14,8,0,14,24,0,0,22
180656,1,1,1982,0,0,0,0,0,16,0,0,0,6
180656,2,1,1982,0,0,0,0,0,0,0,0,0,0
180657,0,1,1982,0,0,0,10,0,0,0,0,0,0
180657,1,1,1982,0,0,0,0,0,0,0,0,0,0
180658,1,1,1982,0,0,0,0,0,0,0,0,0,0
180659,1,1,1982,22,22,22,22,22,22,22,22,22,22
180660,1,1,1982,0,0,0,0,11,0,0,0,0,0
180660,2,1,1982,0,0,0,0,0,10,0,0,0,0
180661,1,1,1982,33,33,33,33,33,33,33,33,33,33
180662,0,1,1982,0,0,10,0,0,7,0,0,0,0
180662,1,1,1982,0,0,0,0,0,0,0,0,0,0
180663,0,1,1982,17,0,0,0,0,4,0,4,0,19
180663,1,1,1982,0,0,0,15,0,4,0,0,8,0
180664,1,1,1982,19,0,0,9,15,18,31,0,0,28
180665,1,1,1982,0,0,0,0,12,0,0,0,0,0
180665,2,1,1982,7,23,0,0,0,0,0,0,0,0
180666,1,1,1982,0,0,8,24,0,0,0,22,0,0
180667,1,1,1982,0,0,0,0,0,0,0,0,0,0
180667,2,1,1982,0,0,0,0,0,0,0,0,0,0
180668,1,1,1982,0,5,6,0,13,0,0,10,18,25
180669,1,1,1982,0,0,0,0,0,0,0,0,0,0
180670,0,1,1982,10,10,10,10,10,10,10,10,10,10
180670,1,1,1982,0,0,0,0,0,0,0,0,0,0
180671,1,1,1982,0,11,0,0,0,0,16,0,0,0
180671,2,1,1982,0,0,15,8,0,0,0,0,0,11
180672,1,1,1982,0,0,0,0,0,0,0,0,0,0
180672,2,1,1982,0,0,0,0,0,0,0,0,0,0
180673,1,1,1982,0,0,0,11,0,0,0,0,0,0
180673,2,1,1982,0,0,0,0,0,0,0,0,0,0
180674,1,1,1982,0,0,0,0,0,0,0,0,0,0
180675,1,1,1982,19,19,19,19,19,19,19,19,19,19
180676,1,1,1982,9,9,9,9,9,9,9,9,9,9
180676,2,1,1982,0,0,0,0,0,0,0,0,0,0
180678,1,1,1982,0,0,0,0,31,19,0,16,0,8
180679,1,1,1982,16,16,16,16,16,16,16,16,16,16
180680,1,1,1982,0,0,0,0,0,0,0,0,0,0
180680,2,1,1982,0,0,0,0,13,0,0,0,0,0
180681,1,1,1982,8,8,8,8,8,8,8,8,8,8
180682,1,1,1982,16,18,16,16,36,21,16,20,18,12
180683,1,1,1982,15,19,11,0,0,0,20,20,14,5
180684,1,1,1982,12,0,0,12,11,19,0,0,31,0
180685,1,1,1982,25,25,25,25,25,25,25,25,25,25
180686,0,1,1982,0,0,0,0,0,0,0,0,0,0
180686,1,1,1982,0,0,0,0,0,0,0,0,0,0
180687,1,1,1982,24,19,20,19,4,9,0,20,22,0
180688,1,1,1982,0,0,0,0,7,0,0,0,0,0
180688,2,1,1982,0,0,0,0,0,0,0,0,0,0
180689,1,1,1982,0,0,0,0,0,0,0,10,0,0
180689,2,1,1982,0,0,0,0,0,0,0,0,0,0
180690,1,1,1982,10,10,10,10,10,10,10,10,10,10
180690,2,1,1982,0,0,0,0,0,0,0,0,0,0
180691,1,1,1982,0,0,0,0,0,0,0,0,0,0
180691,2,1,1982,0,0,0,0,0,0,0,0,0,5
180692,1,1,1982,5,5,5,5,5,5,5,5,5,5
180693,1,1,1982,1,1,1,1,1,1,1,1,1,1
180693,2,1,1982,0,0,0,0,0,0,0,0,0,0
180694,0,1,1982,25,25,25,25,25,25,25,25,25,25
180694,1,1,1982,0,0,0,0,0,0,0,0,0,0
180695,1,1,1982,25,25,25,25,25,25,25,25,25,25
180696,1,1,1982,0,0,0,0,0,0,0,0,0,0
180696,2,1,1982,9,0,11,0,0,0,16,0,0,0
180697,1,1,1982,0,0,15,9,4,5,0,0,0,9
180698,1,1,1982,25,25,25,25,25,25,25,25,25,25
180698,2,1,1982,0,0,0,0,0,0,0,0,0,0
180699,1,1,1982,14,14,14,14,14,14,14,14,14,14
180700,1,1,1982,0,0,20,0,0,0,18,13,0,0
180701,1,1,1982,17,0,0,0,0,8,0,7,6,9
180701,2,1,1982,30,30,30,30,30,30,30,30,30,30
180702,1,1,1982,15,15,15,15,15,15,15,15,15,15
180702,2,1,1982,0,0,0,0,0,0,0,0,0,0
180703,1,1,1982,14,14,14,14,14,14,14,14,14,14
180703,2,1,1982,12,0,4,0,0,0,14,13,0,0
180704,1,1,1982,7,14,12,24,4,0,12,0,21,0
180704,2,1,1982,0,0,0,0,6,15,0,4,0,16
180705,1,1,1982,0,0,0,0,0,0,0,0,0,0
180706,0,1,1982,23,23,23,23,23,23,23,23,23,23
180706,1,1,1982,23,23,23,23,23,23,23,23,23,23
180707,1,1,1982,21,21,21,21,21,21,21,21,21,21
180708,1,1,1982,0,0,18,0,0,0,6,0,0,0
180708,2,1,1982,0,0,20,0,0,0,0,0,0,0
180709,0,1,1982,0,0,0,0,0,0,11,0,0,0
180709,1,1,1982,0,0,0,0,0,0,0,0,0,0
180710,1,1,1982,5,5,5,5,5,5,5,5,5,5
180711,1,1,1982,0,0,0,0,0,0,0,11,0,0
180712,1,1,1982,0,0,0,0,0,0,0,0,0,0
180713,1,1,1982,0,0,0,0,0,0,0,13,0,0
180713,2,1,1982,0,0,0,0,0,0,0,0,0,0
180714,1,1,1982,0,0,0,0,0,0,0,0,0,0
180714,2,1,1982,0,0,0,7,0,0,0,0,0,0
180716,1,1,1982,8,17,12,10,20,10,21,7,21,12
180716,2,1,1982,8,20,0,0,11,8,0,0,0,0
180717,0,1,1982,15,16,0,16,33,24,26,28,16,0
180717,1,1,1982,21,0,17,11,0,0,15,22,13,26
180718,1,1,1982,22,0,0,24,28,7,27,0,28,27
180719,1,1,1982,22,22,22,22,22,22,22,22,22,22
180719,2,1,1982,0,0,0,0,0,0,0,0,0,0
180720,1,1,1982,14,14,14,14,14,14,14,14,14,14
180721,1,1,1982,6,6,6,6,6,6,6,6,6,6
180722,1,1,1982,0,0,0,16,0,4,9,20,0,0
180723,1,1,1982,0,0,13,16,14,0,13,13,0,16
180723,2,1,1982,17,17,17,17,17,17,17,17,17,17
180724,1,1,1982,21,21,21,21,21,21,21,21,21,21
180724,2,1,1982,17,0,0,0,0,0,0,4,29,0
180725,1,1,1982,0,0,0,0,0,0,0,0,0,0
180725,2,1,1982,26,0,0,0,0,0,0,0,0,0
180726,1,1,1982,16,16,16,16,16,16,16,16,16,16
180727,1,1,1982,6,6,6,6,6,6,6,6,6,6
180727,2,1,1982,12,12,12,12,12,12,12,12,12,12
180728,1,1,1982,21,22,10,21,21,14,11,17,12,14
180729,1,1,1982,0,0,0,0,27,0,0,0,0,0
180729,2,1,1982,0,0,0,0,0,0,0,0,0,0
180730,0,1,1982,0,0,0,14,0,0,15,0,0,0
180730,1,1,1982,0,0,0,0,0,0,0,0,0,0
180731,1,1,1982,29,29,29,29,29,29,29,29,29,29
180731,2,1,1982,0,0,0,0,0,0,0,14,0,0
180732,1,1,1982,8,7,7,11,10,4,8,14,24,11
180732,2,1,1982,0,0,0,0,0,0,0,0,0,0
180732,3,1,1982,0,0,7,0,5,0,0,0,0,10
180733,1,1,1982,0,0,0,0,0,0,0,0,0,0
180733,2,1,1982,0,14,0,0,13,0,0,0,0,0
180734,1,1,1982,31,24,13,10,26,20,26,23,25,17
180735,1,1,1982,0,0,0,0,0,0,9,0,0,0
180735,2,1,1982,0,0,0,0,0,0,0,0,0,0
180736,1,1,1982,15,15,15,15,15,15,15,15,15,15
180737,1,1,1982,4,17,42,16,21,21,15,28,37,8
180738,0,1,1982,28,28,28,28,28,28,28,28,28,28
180738,1,1,1982,18,18,18,18,18,18,18,18,18,18
180739,0,1,1982,0,0,0,0,0,0,0,0,0,0
180739,1,1,1982,0,0,0,0,0,0,0,0,0,0
180740,1,1,1982,24,24,24,24,24,24,24,24,24,24
180740,2,1,1982,0,0,0,0,0,0,0,0,0,0
180741,1,1,1982,0,19,0,0,18,0,0,10,0,0
180741,2,1,1982,0,0,0,28,0,0,0,0,0,0
180742,1,1,1982,11,11,11,11,11,11,11,11,11,11
180743,1,1,1982,15,17,0,0,0,0,0,16,19,43
180743,2,1,1982,0,0,0,10,0,0,0,0,0,0
180744,1,1,1982,8,8,8,8,8,8,8,8,8,8
180745,1,1,1982,17,22,0,0,0,0,11,9,27,0
180745,2,1,1982,0,9,0,8,20,0,20,15,14,19
180746,1,1,1982,11,0,0,21,0,0,0,0,0,0
180747,1,1,1982,16,3,14,4,0,37,18,21,11,16
180748,1,1,1982,0,0,0,0,0,0,0,0,0,0
180748,2,1,1982,0,14,22,13,0,6,0,5,0,0
180749,1,1,1982,0,18,13,0,14,0,0,0,0,11
180750,1,1,1982,0,0,0,0,0,0,0,0,0,0
180750,2,1,1982,0,0,0,0,0,0,0,0,0,0
180751,1,1,1982,6,6,6,6,6,6,6,6,6,6
180752,1,1,1982,7,7,7,7,7,7,7,7,7,7
180753,1,1,1982,0,0,0,0,0,0,0,0,0,0
180753,2,1,1982,0,0,0,0,0,0,0,0,0,0
180754,0,1,1982,0,0,0,0,0,0,0,0,0,0
180754,1,1,1982,0,0,0,0,0,0,0,0,0,0
180755,1,1,1982,24,12,20,12,21,0,0,10,14,4
180756,1,1,1982,0,0,0,0,0,0,0,0,0,0
180757,1,1,1982,0,0,0,0,25,18,0,0,0,0
180758,1,1,1982,13,23,24,21,7,17,20,10,22,13
180759,1,1,1982,0,19,10,13,13,25,0,10,23,0
180760,1,1,1982,23,23,23,23,23,23,23,23,23,23
180761,1,1,1982,28,28,28,28,28,28,28,28,28,28
180761,2,1,1982,0,0,0,0,0,0,0,0,0,0
180762,1,1,1982,0,0,0,0,0,17,0,0,0,0
180762,2,1,1982,0,0,0,0,0,0,21,0,0,0
180763,1,1,1982,0,0,0,0,0,0,0,0,0,0
180764,1,1,1982,31,31,31,31,31,31,31,31,31,31
180765,0,1,1982,23,22,24,27,29,31,33,51,24,16
180765,1,1,1982,4,4,4,4,4,4,4,4,4,4
180766,1,1,1982,5,6,0,15,0,0,0,0,15,0
180766,2,1,1982,0,0,0,9,0,0,11,0,0,0
180767,1,1,1982,0,0,0,0,0,0,11,0,0,16
180768,1,1,1982,7,0,0,14,21,21,0,0,0,0
180769,0,1,1982,0,0,0,0,0,0,0,0,0,0
180769,1,1,1982,0,0,0,0,0,0,0,0,0,0
180770,1,1,1982,21,21,21,21,21,21,21,21,21,21
180771,1,1,1982,1,1,1,1,1,1,1,1,1,1
180771,2,1,1982,0,0,0,0,0,0,0,0,0,0
180772,1,1,1982,32,20,10,16,18,16,24,15,18,8
180773,1,1,1982,0,0,0,0,0,0,0,0,0,0
180773,2,1,1982,0,0,0,0,0,0,0,0,0,0
180774,1,1,1982,17,17,17,17,17,17,17,17,17,17
180774,2,1,1982,0,0,0,0,0,0,0,0,0,0
180775,1,1,1982,0,0,0,0,0,0,0,0,0,0
180775,2,1,1982,0,0,0,0,0,0,0,0,0,0
180776,0,1,1982,0,0,0,0,0,0,0,0,0,0
180776,1,1,1982,0,0,0,0,0,0,0,0,0,0
180777,0,1,1982,0,0,0,0,0,0,0,0,0,0
180777,1,1,1982,0,0,0,0,0,0,0,0,0,0
180778,1,1,1982,17,13,17,6,14,12,3,17,20,16
180778,2,1,1982,0,0,0,15,0,0,0,0,0,19
180779,1,1,1982,0,16,0,0,0,0,0,0,0,0
180779,2,1,1982,0,0,0,0,0,0,0,0,0,0
180781,1,1,1982,0,0,0,0,0,0,0,0,0,0
180781,2,1,1982,0,0,0,0,0,0,0,0,0,0
180782,1,1,1982,0,0,0,0,0,0,0,0,0,0
180782,2,1,1982,0,0,0,15,0,0,0,0,0,0
180783,1,1,1982,0,0,0,0,0,0,0,0,21,0
180783,2,1,1982,0,0,0,0,0,0,0,5,0,0
180784,1,1,1982,0,0,0,0,4,0,0,0,0,0
180784,2,1,1982,0,0,0,0,0,0,0,0,0,0
180784,3,1,1982,0,0,29,0,0,7,0,0,18,0
180785,1,1,1982,0,0,0,0,0,21,0,0,0,0
180785,2,1,1982,0,0,0,0,0,0,0,21,0,0
180786,1,1,1982,0,0,19,0,0,0,0,0,0,15
180787,1,1,1982,0,0,0,0,0,0,0,0,0,0
180787,2,1,1982,0,0,0,0,0,0,0,0,0,0
180788,1,1,1982,23,23,23,23,23,23,23,23,23,23
180788,2,1,1982,19,0,34,0,0,0,0,0,0,0
180789,0,1,1982,0,0,7,0,7,0,0,0,0,0
180789,0,2,1982,0,0,0,0,0,0,0,27,0,0
180789,1,1,1982,0,8,0,0,9,0,25,8,20,8
180790,0,1,1982,13,13,13,13,13,13,13,13,13,13
180790,1,1,1982,15,19,0,0,0,23,0,15,0,0
180791,1,1,1982,6,9,17,13,15,20,6,9,12,8
180791,2,1,1982,0,0,0,0,0,0,0,14,0,0
180791,3,1,1982,0,0,0,0,0,0,0,0,0,0
180791,4,1,1982,0,0,0,0,0,0,0,0,0,0
180792,1,1,1982,0,0,0,0,0,0,0,10,0,0
180792,2,1,1982,0,0,0,0,0,0,0,0,0,0
180793,2,1,1982,0,16,25,0,23,9,18,0,21,5
180794,1,1,1982,29,29,29,29,29,29,29,29,29,29
180795,1,1,1982,0,0,0,0,0,15,0,0,0,0
180796,0,1,1982,35,0,26,0,23,35,0,25,9,23
180796,1,1,1982,0,0,0,0,0,0,0,0,0,0
180796,2,1,1982,0,0,0,0,0,0,0,0,0,0
180796,3,1,1982,0,9,0,0,15,0,23,0,0,30
180797,1,1,1982,20,20,20,20,20,20,20,20,20,20
180798,1,1,1982,0,27,0,14,0,25,21,0,0,0
180798,2,1,1982,4,17,6,14,15,13,14,20,16,7
180799,1,1,1982,12,0,12,24,14,21,0,0,0,0
180799,2,1,1982,0,0,0,0,0,0,0,0,0,0
180800,1,1,1982,0,0,16,0,0,8,11,0,0,0
180800,2,1,1982,0,0,0,0,0,0,0,0,0,0
180801,0,1,1982,0,0,0,0,0,0,0,0,0,0
180801,1,1,1982,0,0,0,20,0,0,0,0,0,0
180802,1,1,1982,16,16,16,16,16,16,16,16,16,16
180803,1,1,1982,0,0,0,0,0,0,0,0,0,0
180804,1,1,1982,8,8,8,8,8,8,8,8,8,8
180805,0,1,1982,0,0,0,0,0,0,0,0,0,0
180805,1,1,1982,0,0,0,0,0,0,0,0,0,0
180806,1,1,1982,5,5,5,5,5,5,5,5,5,5
180807,1,1,1982,0,0,0,0,0,0,0,0,0,0
180808,1,1,1982,18,18,18,18,18,18,18,18,18,18
180808,2,1,1982,0,0,0,0,0,0,0,0,0,0
180809,1,1,1982,0,0,0,0,0,26,6,0,0,0
180809,2,1,1982,0,0,0,0,0,0,0,0,0,0
180810,1,1,1982,0,4,0,0,9,0,0,0,0,0
180810,2,1,1982,0,0,0,0,0,0,0,0,0,0
180811,1,1,1982,0,0,0,0,0,0,10,0,0,0
180812,1,1,1982,13,13,13,13,13,13,13,13,13,13
180812,2,1,1982,0,0,0,0,0,0,0,0,11,0
180813,1,1,1982,0,0,0,0,0,0,0,0,0,0
180813,2,1,1982,0,0,0,0,0,0,0,0,0,0
180814,1,1,1982,0,0,0,0,0,0,0,0,0,0
180814,2,1,1982,0,0,0,0,0,0,0,0,0,0
180815,1,1,1982,0,0,0,0,0,0,17,0,0,0
180815,2,1,1982,0,0,0,0,0,0,0,0,0,0
180816,1,1,1982,0,0,0,0,0,0,0,0,0,0
180817,1,1,1982,0,0,7,0,0,0,22,0,0,0
180817,2,1,1982,0,0,0,0,0,0,0,0,0,0
180818,1,1,1982,0,0,0,0,0,17,0,0,0,0
180818,2,1,1982,0,0,0,0,0,0,0,0,0,0
180819,1,1,1982,0,0,0,0,0,0,0,0,0,0
180819,2,1,1982,0,0,0,0,0,0,0,0,0,0
180820,1,1,1982,0,0,0,23,0,0,15,19,0,12
180820,2,1,1982,0,24,0,0,0,0,0,0,8,0
180821,1,1,1982,14,3,0,19,18,24,23,16,19,0
180822,1,1,1982,21,21,21,21,21,21,21,21,21,21
180822,2,1,1982,0,0,0,0,0,0,0,0,0,0
180822,3,1,1982,0,0,0,0,0,0,0,0,0,0
180823,0,1,1982,0,0,4,14,0,24,0,0,0,0
180823,1,1,1982,0,0,0,13,0,0,0,0,8,0
180824,0,1,1982,14,0,0,0,0,0,11,7,0,11
180824,0,2,1982,4,0,0,0,0,0,20,0,0,0
180824,1,1,1982,0,0,0,0,0,0,0,0,0,0
180825,1,1,1982,0,0,0,0,0,0,0,0,0,0
180825,2,1,1982,20,20,20,20,20,20,20,20,20,20
180826,1,1,1982,0,19,0,0,0,0,0,0,9,0
180826,2,1,1982,8,9,16,9,12,7,20,17,12,9
180827,1,1,1982,3,3,3,3,3,3,3,3,3,3
180828,1,1,1982,16,16,16,16,16,16,16,16,16,16
180828,2,1,1982,0,0,20,0,0,0,0,0,0,0
180829,0,1,1982,0,5,0,0,0,11,11,0,0,7
180829,0,2,1982,0,0,0,0,0,0,0,0,0,0
180829,1,1,1982,16,9,21,12,12,18,11,17,6,17
180830,1,1,1982,0,0,0,0,0,0,0,0,0,0
180830,2,1,1982,0,0,0,0,0,0,0,0,17,0
180831,1,1,1982,0,0,3,0,0,0,0,0,0,0
180832,1,1,1982,23,23,23,23,23,23,23,23,23,23
180832,2,1,1982,0,0,0,15,10,0,0,0,0,0
180833,1,1,1982,0,0,0,0,0,0,0,0,0,0
180833,2,1,1982,0,0,0,0,0,13,0,0,0,0
180834,1,1,1982,0,0,0,10,0,0,22,6,28,16
180835,1,1,1982,13,19,19,2,29,28,17,0,17,7
180836,1,1,1982,14,14,14,14,14,14,14,14,14,14
180836,2,1,1982,0,9,0,0,0,0,14,0,0,0
180837,1,1,1982,0,0,13,0,10,0,24,0,14,13
180838,1,1,1982,13,8,16,19,21,13,22,23,4,13
180838,2,1,1982,32,0,0,0,0,0,0,0,0,0
180839,1,1,1982,0,20,0,5,0,0,0,0,0,0
180840,1,1,1982,0,0,0,0,0,0,0,0,0,0
180840,2,1,1982,0,0,0,0,0,0,0,0,0,0
180841,1,1,1982,0,0,0,0,0,0,0,0,0,0
180842,1,1,1982,0,0,0,0,0,0,0,0,0,0
180843,1,1,1982,0,0,0,0,0,0,0,0,0,0
180844,1,1,1982,20,18,0,0,14,19,11,0,19,0
180844,2,1,1982,0,12,0,0,0,0,0,0,16,0
180845,1,1,1982,8,0,0,0,0,0,0,0,0,0
180845,2,1,1982,0,0,0,0,0,0,0,0,0,0
180846,0,1,1982,0,14,0,25,0,0,0,7,0,0
180846,1,1,1982,0,0,0,0,0,0,0,0,0,0
180847,1,1,1982,12,12,12,12,12,12,12,12,12,12
180848,1,1,1982,0,0,0,0,0,0,0,0,0,0
180849,1,1,1982,0,0,0,0,0,0,0,0,0,0
180850,0,1,1982,7,6,23,0,28,46,5,17,23,34
180850,1,1,1982,0,0,7,0,0,0,0,0,0,0
180851,1,1,1982,0,0,0,0,0,0,0,0,0,0
180852,1,1,1982,30,30,30,30,30,30,30,30,30,30
180853,1,1,1982,26,26,26,26,26,26,26,26,26,26
180854,1,1,1982,0,0,27,20,17,23,19,11,11,23
180854,2,1,1982,0,8,0,0,0,0,0,9,0,0
180854,3,1,1982,14,15,0,0,0,0,0,19,29,0
180855,1,1,1982,0,31,36,0,8,19,28,29,0,20
180856,1,1,1982,0,0,0,0,12,0,0,0,0,0
180857,1,1,1982,0,13,0,0,0,0,0,0,0,0
180857,2,1,1982,0,11,0,19,24,0,0,0,8,18
180858,0,1,1982,0,0,0,0,0,0,0,0,0,0
180858,1,1,1982,0,0,0,0,0,0,0,0,0,0
180859,0,1,1982,0,0,28,17,16,19,0,24,24,26
180859,1,1,1982,0,0,0,0,0,0,0,0,0,0
190001,1,1,1982,11,11,12,16,0,4,31,19,0,16
190002,1,1,1982,5,5,5,5,5,5,5,5,5,5
190003,1,1,1982,0,0,0,0,0,0,0,0,0,0
190003,2,1,1982,8,12,10,0,0,0,4,0,0,0
190004,1,1,1982,0,0,0,0,0,16,0,0,0,0
190005,1,1,1982,16,16,16,16,16,16,16,16,16,16
190005,2,1,1982,0,0,2,0,0,0,0,0,0,0
190006,1,1,1982,23,23,23,23,23,23,23,23,23,23
190007,0,1,1982,0,22,0,0,0,0,6,0,0,0
190007,1,1,1982,0,0,12,0,23,0,0,0,0,0
190008,1,1,1982,0,0,0,0,0,0,0,0,0,0
190008,2,1,1982,0,0,0,0,0,0,0,0,0,0
190009,1,1,1982,0,0,0,0,0,0,0,0,0,0
190009,2,1,1982,0,0,0,0,0,0,0,0,0,0
190009,3,1,1982,0,0,10,0,0,0,0,0,0,0
190010,1,1,1982,0,0,0,0,0,0,0,0,0,0
190010,2,1,1982,0,0,0,0,0,0,0,0,0,0
190011,1,1,1982,0,0,0,0,0,0,0,0,0,0
190011,2,1,1982,0,0,0,0,0,0,0,0,0,0
190012,1,1,1982,5,5,5,5,5,5,5,5,5,5
190013,1,1,1982,0,0,0,0,0,10,0,0,0,0
190013,2,1,1982,0,0,0,0,0,0,0,0,0,0
190014,0,1,1982,0,0,0,0,0,0,0,0,0,0
190014,1,1,1982,14,14,14,14,14,14,14,14,14,14
190015,0,1,1982,0,0,0,0,0,0,0,0,0,0
190015,2,1,1982,0,0,0,0,0,0,0,0,0,0
190016,0,1,1982,0,0,0,10,0,0,16,0,0,0
190016,1,1,1982,0,0,0,0,0,0,0,0,0,0
190017,1,1,1982,0,0,0,0,0,0,0,0,0,0
190017,2,1,1982,0,0,0,0,0,0,0,0,0,9
190018,1,1,1982,0,0,0,0,0,0,0,0,0,0
190018,2,1,1982,0,0,5,0,0,0,0,0,0,0
190019,1,1,1982,0,0,0,0,0,0,0,0,0,0
190019,2,1,1982,0,0,0,0,0,0,0,0,0,0
190020,1,1,1982,0,0,0,0,0,0,0,0,0,0
190020,2,1,1982,0,0,0,0,0,0,0,0,0,0
190021,1,1,1982,0,0,0,0,0,0,0,0,0,0
190021,2,1,1982,0,0,0,0,0,0,0,0,0,0
190022,1,1,1982,0,0,16,0,0,0,0,0,0,0
190023,1,1,1982,0,0,0,0,0,0,0,0,0,0
190023,2,1,1982,0,33,0,21,0,0,0,0,0,12
190024,0,1,1982,0,0,0,0,0,0,0,0,0,0
190024,1,1,1982,0,0,0,0,0,0,0,0,0,0
190025,1,1,1982,0,0,0,0,0,0,0,22,19,0
190026,1,1,1982,0,0,0,0,0,0,0,0,0,0
190026,2,1,1982,0,0,0,0,0,0,9,2,0,0
190027,1,1,1982,0,0,0,0,0,0,0,0,0,0
190028,1,1,1982,0,0,0,0,0,0,0,0,0,0
190028,2,1,1982,0,0,0,0,0,0,0,0,0,0
190029,0,1,1982,0,0,0,0,0,0,0,0,0,0
190029,1,1,1982,0,0,0,9,0,0,0,0,0,12
190030,1,1,1982,0,0,0,0,0,8,0,0,0,0
190030,2,1,1982,8,0,3,0,0,0,0,0,0,0
190031,1,1,1982,0,0,0,0,0,0,0,0,0,0
190031,2,1,1982,0,0,0,0,0,0,0,0,0,17
190032,0,1,1982,0,0,0,0,0,0,0,0,0,0
190032,1,1,1982,0,0,0,0,0,0,0,0,0,0
190033,1,1,1982,6,0,0,0,0,0,0,0,0,0
190034,1,1,1982,0,0,0,0,0,0,0,0,0,0
190034,2,1,1982,12,12,12,12,12,12,12,12,12,12
190035,1,1,1982,13,13,13,13,13,13,13,13,13,13
190036,1,1,1982,0,0,0,0,0,0,0,0,0,0
190036,2,1,1982,0,0,0,0,0,0,0,0,0,0
190037,1,1,1982,17,10,36,17,14,17,7,15,23,6
190038,1,1,1982,8,8,8,8,8,8,8,8,8,8
190039,1,1,1982,0,0,0,0,9,0,0,0,5,0
190039,2,1,1982,0,0,0,0,0,0,0,0,13,0
190040,1,1,1982,8,8,8,8,8,8,8,8,8,8
190041,1,1,1982,0,0,11,0,0,0,0,0,0,0
190042,1,1,1982,0,0,0,0,0,0,0,0,0,0
190042,2,1,1982,0,0,0,0,0,0,0,0,0,0
190043,1,1,1982,0,0,0,0,0,0,0,0,7,0
190043,2,1,1982,0,0,10,0,0,0,0,0,0,0
190044,1,1,1982,0,0,0,0,0,0,10,0,10,0
190044,2,1,1982,0,0,0,0,0,0,0,0,0,0
190045,1,1,1982,0,0,0,0,0,0,0,0,0,0
190046,1,1,1982,14,14,14,14,14,14,14,14,14,14
190047,1,1,1982,12,12,12,12,12,12,12,12,12,12
190047,2,1,1982,0,0,0,0,0,0,0,0,0,0
190048,1,1,1982,0,0,0,0,0,0,0,0,0,0
190048,2,1,1982,0,0,0,0,0,0,0,0,0,0
190049,1,1,1982,16,36,29,22,12,20,10,36,27,19
190050,1,1,1982,0,0,0,0,0,0,0,0,0,0
190051,1,1,1982,0,0,0,0,0,0,0,0,0,0
190051,2,1,1982,30,30,30,30,30,30,30,30,30,30
190052,1,1,1982,0,0,0,0,0,0,0,0,0,0
190052,2,1,1982,0,0,0,0,0,0,0,0,0,0
190053,1,1,1982,0,0,0,0,0,0,0,0,0,0
190053,2,1,1982,0,0,0,0,0,0,0,0,0,0
190054,1,1,1982,6,6,6,6,6,6,6,6,6,6
190054,2,1,1982,0,0,0,0,3,0,0,0,0,0
190055,1,1,1982,14,14,16,20,0,13,19,0,14,14
190056,1,1,1982,0,0,0,0,0,0,0,0,0,0
190057,1,1,1982,22,22,22,22,22,22,22,22,22,22
190058,1,1,1982,21,21,21,21,21,21,21,21,21,21
190059,1,1,1982,0,0,0,0,0,0,0,0,0,0
190060,1,1,1982,0,0,0,0,0,0,0,0,0,0
190060,2,1,1982,0,0,0,0,0,0,0,0,0,0
190060,3,1,1982,0,0,0,0,0,0,0,0,10,0
190061,1,1,1982,25,25,25,25,25,25,25,25,25,25
190062,1,1,1982,4,0,0,0,0,0,0,0,0,0
190063,1,1,1982,0,0,22,0,0,0,0,0,0,0
190063,2,1,1982,0,0,0,0,0,0,0,0,0,0
190064,1,1,1982,0,17,0,0,0,0,0,0,6,0
190064,2,1,1982,0,0,14,0,0,0,0,18,19,0