ST_CASE,VEH_NO,PER_NO,YEAR,P1,P2,P3,P4,P5,P6,P7,P8,P9,P10
190065,1,1,1982,0,0,0,0,0,0,0,0,0,0
190065,2,1,1982,0,0,0,0,0,0,0,0,0,0
190066,1,1,1982,26,24,0,0,0,0,30,0,0,0
190067,1,1,1982,0,0,0,0,0,0,0,0,0,0
190067,2,1,1982,0,0,0,0,0,0,0,0,0,0
190068,1,1,1982,0,0,0,0,0,0,0,0,0,0
190068,2,1,1982,0,0,0,0,0,0,0,0,0,0
190068,3,1,1982,0,0,0,0,0,0,0,0,0,0
190069,1,1,1982,14,14,14,14,14,14,14,14,14,14
190070,1,1,1982,0,18,8,0,12,0,0,0,0,20
190071,1,1,1982,0,0,0,0,0,14,0,19,0,0
190071,2,1,1982,0,0,0,0,0,0,0,0,0,0
190072,1,1,1982,5,10,9,0,0,0,9,6,17,8
190072,2,1,1982,0,0,0,0,13,17,0,0,7,0
190073,1,1,1982,0,0,0,0,0,0,0,0,0,0
190073,2,1,1982,0,0,0,0,0,0,0,0,0,0
190074,1,1,1982,29,29,29,29,29,29,29,29,29,29
190074,2,1,1982,0,0,0,0,0,0,0,0,0,0
190075,1,1,1982,25,25,25,25,25,25,25,25,25,25
190075,2,1,1982,0,0,0,0,0,13,0,0,0,0
190077,0,1,1982,0,0,0,0,0,0,0,0,0,0
190077,1,1,1982,0,0,0,15,0,9,0,0,0,0
190078,1,1,1982,11,25,24,12,21,18,32,23,18,9
190079,1,1,1982,16,0,0,0,11,16,0,17,0,14
190080,0,1,1982,0,0,0,0,0,0,0,0,0,0
190080,1,1,1982,0,0,0,20,0,11,0,0,0,0
190081,1,1,1982,18,18,18,18,18,18,18,18,18,18
190082,1,1,1982,0,0,0,0,0,0,0,0,0,0
190082,2,1,1982,18,18,9,19,14,10,30,33,18,20
190083,0,1,1982,0,0,0,12,0,0,0,15,0,0
190083,1,1,1982,0,0,6,0,0,0,0,3,0,0
190084,1,1,1982,0,0,0,0,0,0,0,0,0,0
190084,2,1,1982,0,0,0,0,0,0,0,0,0,0
190085,0,1,1982,0,0,0,0,0,0,0,0,0,0
190085,1,1,1982,0,0,0,0,0,0,0,0,0,0
190086,0,1,1982,0,0,0,0,0,0,0,15,0,0
190086,0,2,1982,0,0,0,0,0,13,14,5,20,0
190086,1,1,1982,0,0,0,0,0,0,0,0,0,0
190087,0,1,1982,20,0,0,0,24,0,16,0,19,0
190087,1,1,1982,0,12,17,0,0,0,0,0,15,12
190088,1,1,1982,23,23,23,23,23,23,23,23,23,23
190089,1,1,1982,0,0,0,0,0,0,0,0,0,14
190090,1,1,1982,0,0,0,26,0,0,0,16,0,0
190091,1,1,1982,14,14,14,14,14,14,14,14,14,14
190092,1,1,1982,0,23,0,2,11,0,11,4,0,14
190093,1,1,1982,10,0,0,0,0,0,0,0,9,4
190095,1,1,1982,15,15,15,15,15,15,15,15,15,15
190096,1,1,1982,0,0,0,0,4,0,11,10,8,0
190097,1,1,1982,0,0,0,0,0,0,0,0,0,0
190097,2,1,1982,0,0,0,0,0,2,0,0,0,0
190098,1,1,1982,0,0,0,2,0,0,0,0,0,0
190098,2,1,1982,0,0,0,0,0,0,0,0,0,0
190099,1,1,1982,0,0,0,0,0,0,0,0,0,0
190099,2,1,1982,0,0,0,0,0,0,0,0,0,0
190100,1,1,1982,0,0,0,0,0,0,0,0,0,0
190100,2,1,1982,0,0,0,0,0,0,0,0,0,0
190101,1,2,1982,8,18,33,0,13,11,14,15,25,0
190102,1,1,1982,19,19,19,19,19,19,19,19,19,19
190103,1,1,1982,28,17,13,5,5,0,0,0,15,0
190104,1,1,1982,0,0,0,0,0,0,0,0,0,0
190104,2,1,1982,0,0,0,0,0,0,0,0,0,0
190105,1,1,1982,0,0,0,0,0,0,0,0,0,0
190105,2,1,1982,0,0,0,0,0,0,0,17,9,6
190106,1,1,1982,0,0,0,0,0,0,0,0,0,0
190106,2,1,1982,0,0,0,0,0,0,0,0,0,0
190107,1,1,1982,0,0,0,0,0,0,0,20,0,0
190107,2,1,1982,0,0,0,0,0,0,0,0,0,0
190107,3,1,1982,0,0,0,0,3,0,0,0,0,0
190107,4,1,1982,9,20,22,8,19,7,18,1,11,9
190108,1,1,1982,0,0,0,0,0,0,0,0,0,0
190109,1,1,1982,0,0,0,0,0,0,0,0,0,0
190109,2,1,1982,0,0,0,0,0,17,0,0,0,0
190110,1,1,1982,0,0,31,0,19,0,6,29,14,10
190111,1,1,1982,0,0,0,0,0,0,0,0,0,0
190111,2,1,1982,0,0,0,8,0,0,0,0,0,0
190112,1,1,1982,19,19,19,19,19,19,19,19,19,19
190113,1,1,1982,21,21,21,21,21,21,21,21,21,21
190114,1,1,1982,0,0,0,0,0,0,0,0,0,0
190114,2,1,1982,30,30,30,30,30,30,30,30,30,30
190115,1,1,1982,22,22,22,22,22,22,22,22,22,22
190116,1,1,1982,10,10,10,10,10,10,10,10,10,10
190117,1,1,1982,0,7,12,0,0,10,0,0,0,9
190118,1,1,1982,0,12,0,0,15,0,0,0,0,0
190119,1,1,1982,16,16,16,16,16,16,16,16,16,16
190120,1,1,1982,25,25,25,25,25,25,25,25,25,25
190120,2,1,1982,10,0,0,16,24,25,15,9,10,10
190121,1,1,1982,0,14,14,0,9,18,12,17,0,13
190122,1,1,1982,0,0,0,0,0,0,0,0,0,0
190122,2,1,1982,0,0,0,19,13,0,20,7,0,0
190123,1,1,1982,0,0,0,0,0,0,0,0,0,0
190123,2,1,1982,0,0,11,0,0,0,0,0,0,0
190123,3,1,1982,0,0,0,0,0,0,0,0,0,0
190124,1,1,1982,0,0,0,0,0,0,0,0,0,0
190125,1,1,1982,0,0,0,0,0,0,0,0,0,0
190125,2,1,1982,0,0,3,19,0,0,0,0,0,0
190126,1,1,1982,0,0,0,0,0,0,0,0,0,0
190126,2,1,1982,0,0,0,0,0,0,0,0,0,0
190127,1,1,1982,0,0,0,0,19,12,3,9,33,4
190128,1,1,1982,0,0,0,0,0,0,0,0,0,0
190128,2,1,1982,23,13,0,14,10,22,12,20,23,16
190129,1,1,1982,10,0,14,30,19,0,0,16,0,0
190130,1,1,1982,5,19,12,26,18,26,8,26,23,15
190130,2,1,1982,0,26,9,19,11,17,0,0,9,8
190131,1,1,1982,17,17,17,17,17,17,17,17,17,17
190132,1,1,1982,26,3,18,17,18,21,17,21,26,9
190133,1,1,1982,12,26,19,10,10,12,0,12,20,7
190134,1,1,1982,18,8,15,24,3,23,12,19,27,7
190135,1,1,1982,0,0,0,0,0,0,0,0,0,0
190135,2,1,1982,11,0,7,31,0,8,0,30,23,18
190136,1,1,1982,0,13,11,0,10,10,0,0,0,10
190137,1,1,1982,23,23,23,23,23,23,23,23,23,23
190138,1,1,1982,0,0,0,18,0,0,0,0,0,0
190138,2,1,1982,14,18,0,0,0,0,0,0,0,0
190139,1,1,1982,0,0,0,0,0,0,0,0,0,0
190140,1,1,1982,0,0,0,0,0,0,0,0,0,0
190141,1,1,1982,0,0,0,0,0,0,0,0,0,0
190141,2,1,1982,0,0,0,0,0,0,0,0,0,15
190142,1,1,1982,0,18,0,5,15,11,0,0,0,0
190143,1,1,1982,34,19,25,29,39,26,15,12,23,19
190144,1,1,1982,8,8,8,8,8,8,8,8,8,8
190144,2,1,1982,0,13,0,0,0,0,0,0,0,0
190145,1,1,1982,0,0,0,0,0,0,0,0,0,0
190145,2,1,1982,9,9,9,9,9,9,9,9,9,9
190146,1,1,1982,22,22,22,22,22,22,22,22,22,22
190146,2,1,1982,0,0,0,8,0,0,0,0,13,0
190146,3,1,1982,0,0,0,0,20,0,0,0,0,0
190146,4,1,1982,0,0,0,0,0,0,0,0,0,0
190147,1,1,1982,0,11,28,13,17,14,34,23,4,17
190148,1,1,1982,0,0,0,9,0,0,0,0,0,10
190149,1,1,1982,0,0,0,0,0,0,0,0,0,0
190149,2,1,1982,0,0,0,0,0,0,0,0,0,0
190149,3,1,1982,0,12,0,14,12,15,0,0,7,0
190150,1,1,1982,13,13,13,13,13,13,13,13,13,13
190151,1,1,1982,27,33,21,17,17,20,22,17,17,10
190151,2,1,1982,0,0,0,0,6,0,0,0,0,0
190152,1,1,1982,0,14,0,0,0,9,0,0,0,0
190152,2,1,1982,12,0,0,0,0,0,0,0,0,15
190153,1,1,1982,0,0,0,0,0,0,0,0,0,0
190153,2,1,1982,24,20,14,26,22,13,21,22,21,21
190154,1,1,1982,21,19,24,26,26,22,27,31,17,0
190155,1,1,1982,24,24,24,24,24,24,24,24,24,24
190156,1,1,1982,24,24,24,24,24,24,24,24,24,24
190157,1,1,1982,0,23,17,0,18,0,0,0,0,0
190157,2,1,1982,0,0,0,10,15,0,0,0,0,0
190158,1,1,1982,11,8,7,17,14,0,9,8,0,10
190159,1,1,1982,19,19,19,19,19,19,19,19,19,19
190160,1,1,1982,16,20,0,12,22,3,10,14,21,0
190161,0,1,1982,0,0,0,0,0,0,0,0,0,0
190161,1,1,1982,0,0,0,0,0,0,0,0,0,0
190162,1,1,1982,0,13,0,0,0,0,0,0,0,0
190162,2,1,1982,24,24,24,24,24,24,24,24,24,24
190163,1,1,1982,0,21,0,15,15,14,11,8,12,28
190164,1,1,1982,0,0,0,0,0,0,0,15,0,0
190165,1,1,1982,13,24,0,0,23,0,17,14,0,0
190166,1,1,1982,0,0,0,0,0,0,0,0,0,0
190166,2,1,1982,0,0,0,0,0,0,0,0,0,0
190167,0,1,1982,0,0,0,0,0,0,0,0,0,0
190167,1,1,1982,0,9,0,0,0,0,0,0,0,0
190168,1,1,1982,0,0,0,0,0,0,0,0,0,0
190168,2,1,1982,0,0,0,0,0,25,0,0,0,0
190168,3,1,1982,0,0,0,0,0,0,0,0,0,0
190169,1,1,1982,0,0,0,0,0,19,0,0,0,0
190169,2,1,1982,0,0,0,0,0,0,0,0,0,0
190170,1,1,1982,34,23,24,12,12,24,0,41,19,0
190171,0,1,1982,27,4,5,15,2,5,15,11,12,26
190171,1,1,1982,11,0,0,0,0,0,0,0,0,0
190172,1,1,1982,16,7,36,5,17,2,10,0,22,21
190173,1,1,1982,0,0,0,0,0,0,0,0,0,0
190173,2,1,1982,0,0,0,0,0,0,0,0,0,0
190174,1,1,1982,11,11,11,11,11,11,11,11,11,11
190175,1,1,1982,23,23,23,23,23,23,23,23,23,23
190176,1,1,1982,9,9,9,9,9,9,9,9,9,9
190177,1,1,1982,6,6,6,6,6,6,6,6,6,6
190177,2,1,1982,0,0,0,0,0,0,0,0,12,0
190178,1,1,1982,18,0,2,15,9,32,27,31,6,19
190179,1,1,1982,13,13,13,13,13,13,13,13,13,13
190180,1,2,1982,0,0,0,0,0,0,0,0,0,4
190181,1,1,1982,0,0,0,0,0,0,0,0,0,0
190181,2,1,1982,0,0,0,0,0,0,0,0,0,0
190181,3,2,1982,0,0,0,0,0,0,0,0,0,0
190182,1,1,1982,0,0,0,0,0,0,0,0,0,0
190182,2,1,1982,0,0,8,0,0,0,0,0,0,3
190183,1,1,1982,25,15,18,20,13,30,0,8,10,14
190184,1,1,1982,10,32,13,18,24,18,13,12,22,17
190185,1,1,1982,0,0,0,0,0,0,0,0,0,4
190185,2,1,1982,0,0,0,0,0,0,0,0,0,0
190186,1,1,1982,0,0,0,0,0,0,0,0,0,0
190186,2,1,1982,0,0,0,16,0,0,0,0,0,0
190187,0,1,1982,0,20,10,0,0,0,0,0,15,20
190187,1,1,1982,0,0,0,7,0,0,0,0,0,0
190188,1,1,1982,11,11,11,11,11,11,11,11,11,11
190189,1,1,1982,16,16,16,16,16,16,16,16,16,16
190190,2,1,1982,0,0,0,0,0,0,0,0,0,0
190191,1,1,1982,18,18,18,18,18,18,18,18,18,18
190191,2,1,1982,0,0,0,0,0,0,0,0,0,0
190192,1,1,1982,0,0,0,0,0,0,0,0,0,0
190193,1,1,1982,17,13,5,0,26,12,23,18,25,18
190194,1,1,1982,21,21,21,21,21,21,21,21,21,21
190195,1,4,1982,6,22,11,18,31,0,2,19,15,15
190196,1,3,1982,5,5,5,5,5,5,5,5,5,5
190198,1,1,1982,12,0,0,0,0,0,0,0,0,18
190199,0,1,1982,0,0,0,0,0,0,0,0,0,0
190199,1,1,1982,34,0,30,0,0,0,0,0,0,0
190200,1,1,1982,0,0,0,0,0,0,0,0,0,0
190200,2,1,1982,0,0,0,0,0,0,0,0,0,0
190201,1,1,1982,0,0,0,0,0,0,0,0,0,0
190201,2,1,1982,24,12,0,15,25,22,22,0,28,17
190202,1,1,1982,0,0,0,0,0,0,0,0,0,0
190203,0,1,1982,0,0,14,0,0,0,0,0,0,3
190203,1,1,1982,0,0,0,0,0,0,0,0,0,0
190204,1,2,1982,16,9,9,0,0,0,0,26,0,0
190205,1,1,1982,0,0,0,0,0,0,0,0,0,0
190206,1,1,1982,0,0,0,0,0,0,0,0,0,0
190207,1,1,1982,16,3,10,0,15,6,15,13,9,9
190208,1,1,1982,0,0,0,0,0,0,0,0,0,0
190208,2,1,1982,0,0,0,0,0,0,0,0,0,0
190209,1,1,1982,16,23,16,12,15,18,21,20,6,17
190210,1,1,1982,0,0,0,0,22,0,0,0,0,0
190211,1,1,1982,0,0,7,33,15,0,0,0,0,8
190212,1,1,1982,0,0,0,0,0,16,0,23,21,0
190213,2,1,1982,8,15,6,0,0,7,13,11,0,21
190214,1,1,1982,42,12,20,20,24,9,26,17,0,26
190215,1,1,1982,0,0,0,0,0,0,0,0,0,0
190216,1,1,1982,0,32,25,12,12,12,30,20,24,17
190217,1,1,1982,6,0,0,0,0,0,9,0,0,0
190217,2,1,1982,12,12,12,12,12,12,12,12,12,12
190218,1,1,1982,0,0,13,13,0,0,0,0,0,6
190219,0,1,1982,0,0,0,0,0,0,0,0,0,0
190219,1,1,1982,0,0,16,0,0,0,0,0,0,0
190220,1,1,1982,17,17,17,17,17,17,17,17,17,17
190221,1,1,1982,24,24,24,24,24,24,24,24,24,24
190222,1,1,1982,0,14,0,0,0,19,21,0,0,6
190223,1,1,1982,0,0,0,0,0,0,0,10,0,0
190223,2,1,1982,0,0,0,0,0,0,0,0,0,0
190224,1,1,1982,0,22,8,11,13,0,0,9,5,23
190224,2,1,1982,0,0,0,0,0,0,4,0,0,0
190225,0,1,1982,0,0,0,0,0,0,0,0,0,0
190225,1,1,1982,0,0,0,0,0,0,0,0,0,0
190226,1,1,1982,0,0,0,0,0,0,0,0,0,0
190226,2,1,1982,0,0,0,0,0,0,0,0,0,0
190227,1,1,1982,0,0,0,0,0,0,0,0,0,0
190228,1,2,1982,20,0,0,0,19,9,0,9,0,0
190229,1,2,1982,0,0,0,0,0,0,0,0,0,0
190230,1,1,1982,0,0,15,0,0,0,0,0,0,0
190231,1,1,1982,0,15,0,3,0,0,24,3,5,21
190232,1,1,1982,13,13,13,13,13,13,13,13,13,13
190233,1,1,1982,10,10,10,10,10,10,10,10,10,10
190233,2,3,1982,0,0,0,0,0,0,0,0,0,36
190234,1,1,1982,0,0,0,0,0,0,0,0,0,0
190235,1,1,1982,15,27,10,17,8,17,6,4,17,10
190236,0,1,1982,0,10,0,12,21,9,0,0,9,0
190236,1,1,1982,24,0,0,6,20,12,23,16,9,13
190237,1,1,1982,11,11,11,11,11,11,11,11,11,11
190237,2,1,1982,0,0,0,0,0,0,0,0,0,0
190238,0,1,1982,0,0,0,0,0,0,0,0,0,0
190238,1,1,1982,0,0,0,0,0,0,0,0,0,0
190239,1,1,1982,19,4,20,15,14,13,23,25,19,12
190240,1,1,1982,13,13,13,13,13,13,13,13,13,13
190241,1,1,1982,0,0,0,0,0,16,0,18,0,16
190241,2,1,1982,19,0,0,0,0,0,0,19,0,0
190242,1,1,1982,21,21,21,21,21,21,21,21,21,21
190243,1,1,1982,14,0,17,7,0,0,4,11,23,23
190244,1,1,1982,0,6,9,9,13,0,14,15,17,0
190245,0,1,1982,0,8,19,0,0,0,26,19,21,18
190245,1,1,1982,0,0,23,0,27,22,0,0,20,19
190246,1,1,1982,0,0,6,0,0,0,0,0,0,12
190246,2,1,1982,0,0,0,10,0,0,0,0,0,0
190247,1,1,1982,0,0,0,0,0,0,0,0,0,0
190248,0,1,1982,0,0,23,8,0,11,0,0,5,0
190248,1,1,1982,9,0,0,19,0,17,0,0,21,0
190249,1,1,1982,29,29,29,29,29,29,29,29,29,29
190250,1,1,1982,0,0,0,0,0,0,0,15,0,0
190250,2,1,1982,0,0,0,0,0,0,0,0,0,0
190250,3,1,1982,0,0,0,0,9,0,0,0,0,0
190251,1,1,1982,0,0,0,0,0,0,0,0,0,0
190251,2,1,1982,0,0,0,0,0,0,0,0,0,0
190252,1,1,1982,0,0,22,13,0,0,0,0,0,9
190252,2,1,1982,0,10,6,11,13,8,9,27,3,26
190253,1,1,1982,10,10,10,10,10,10,10,10,10,10
190254,1,1,1982,0,0,0,0,0,0,0,0,0,0
190254,2,1,1982,0,0,0,0,0,0,0,0,0,0
190255,1,1,1982,0,0,0,0,0,0,0,0,0,0
190255,2,1,1982,0,0,0,0,0,0,0,0,0,0
190256,1,1,1982,26,26,26,26,26,26,26,26,26,26
190257,1,1,1982,0,0,0,0,0,0,0,0,0,0
190258,1,1,1982,0,0,0,0,0,0,0,0,0,0
190259,1,1,1982,16,16,16,16,16,16,16,16,16,16
190260,1,1,1982,0,0,0,20,0,0,0,0,0,0
190260,2,1,1982,0,0,0,0,0,0,0,0,0,0
190261,1,1,1982,0,0,0,0,0,0,0,0,0,0
190261,2,1,1982,0,0,0,0,0,0,0,0,0,0
190262,1,1,1982,0,0,0,0,0,0,0,0,0,0
190262,2,1,1982,0,0,0,0,0,0,0,0,0,0
190263,1,1,1982,7,7,7,7,7,7,7,7,7,7
190264,1,1,1982,8,19,20,8,21,13,19,27,22,0
190265,0,1,1982,22,20,2,0,0,27,30,0,0,27
190265,1,1,1982,6,5,9,21,5,14,15,10,0,14
190266,1,1,1982,0,0,0,0,0,0,0,0,0,0
190266,2,1,1982,0,0,0,0,0,0,0,0,0,0
190267,1,1,1982,0,0,0,0,0,0,0,0,0,0
190267,2,1,1982,3,3,3,3,3,3,3,3,3,3
190268,1,1,1982,0,0,0,0,0,0,0,0,0,0
190268,2,1,1982,15,0,0,0,0,0,0,0,0,0
190269,1,1,1982,0,0,26,15,0,22,0,0,31,15
190270,0,1,1982,11,12,22,21,16,22,10,5,16,14
190270,1,1,1982,15,15,15,15,15,15,15,15,15,15
190270,2,1,1982,0,10,0,0,0,0,7,0,0,0
190271,1,1,1982,12,0,28,18,0,0,28,0,16,0
190272,1,1,1982,29,29,29,29,29,29,29,29,29,29
190273,1,1,1982,16,16,16,16,16,16,16,16,16,16
190274,1,2,1982,16,16,16,16,16,16,16,16,16,16
190275,1,1,1982,0,0,13,0,0,0,13,0,0,0
190275,2,1,1982,0,0,0,0,0,0,0,0,0,0
190276,1,1,1982,0,7,0,0,16,0,18,27,27,0
190277,0,1,1982,0,0,0,0,0,0,24,0,0,0
190277,1,1,1982,0,0,0,0,0,0,0,0,0,0
190278,1,1,1982,17,17,17,17,17,17,17,17,17,17
190279,1,1,1982,0,0,0,0,0,0,0,0,0,0
190279,2,1,1982,0,0,14,0,0,13,15,0,18,0
190280,1,1,1982,14,14,14,14,14,14,14,14,14,14
190281,0,1,1982,0,0,0,0,0,0,0,0,0,0
190281,0,2,1982,0,0,0,0,0,0,0,0,0,0
190282,1,1,1982,0,0,0,0,0,0,0,0,16,35
190282,2,1,1982,0,0,0,0,0,0,0,0,6,0
190283,1,1,1982,0,0,0,0,0,0,0,0,0,0
190283,2,1,1982,0,0,0,0,0,0,0,0,0,0
190283,3,1,1982,0,0,0,0,0,0,0,0,0,0
190284,0,1,1982,35,35,35,35,35,35,35,35,35,35
190284,1,1,1982,0,0,0,0,0,0,0,0,0,0
190285,1,1,1982,5,5,5,5,5,5,5,5,5,5
190286,1,1,1982,0,11,3,0,5,0,0,0,12,16
190287,1,1,1982,0,0,0,0,0,17,0,0,0,0
190287,2,1,1982,0,0,0,0,0,0,0,0,0,0
190287,3,1,1982,0,0,0,0,0,0,0,0,0,0
190288,1,1,1982,10,10,10,10,10,10,10,10,10,10
190290,1,1,1982,16,0,0,0,0,0,0,0,0,0
190290,2,1,1982,0,0,0,0,0,0,0,0,0,0
190291,1,1,1982,0,0,0,9,0,0,0,0,0,0
190291,2,1,1982,0,0,0,4,0,0,0,0,6,0
190292,1,1,1982,26,0,29,18,29,18,21,17,15,25
190293,1,1,1982,0,0,0,0,0,0,0,0,0,0
190293,2,1,1982,0,0,5,0,0,0,0,0,0,0
190294,1,1,1982,0,0,0,0,0,0,0,0,0,0
190294,2,1,1982,0,0,0,0,0,0,0,0,0,0
190295,1,1,1982,0,4,0,0,0,3,0,0,0,0
190295,2,1,1982,0,0,0,0,0,0,0,0,0,0
190296,1,1,1982,0,0,0,0,0,0,0,0,0,0
190296,2,1,1982,0,0,0,0,0,0,0,0,0,0
190296,3,1,1982,0,0,0,0,0,0,0,0,0,0
190296,4,1,1982,0,0,0,0,0,0,0,0,0,0
190296,5,1,1982,0,0,0,0,0,5,0,0,0,0
190297,0,1,1982,13,0,0,0,0,0,26,0,0,0
190297,1,1,1982,0,0,0,0,0,0,0,0,0,0
190298,1,1,1982,0,0,0,0,0,0,0,0,0,0
190298,2,1,1982,0,0,0,0,0,0,0,0,0,0
190299,1,1,1982,22,22,22,22,22,22,22,22,22,22
190300,1,1,1982,23,15,23,13,11,30,20,7,18,24
190301,1,1,1982,12,12,12,12,12,12,12,12,12,12
190301,2,1,1982,0,0,0,0,0,0,0,0,0,0
190302,1,1,1982,0,0,0,0,0,0,0,0,0,0
190302,2,1,1982,0,0,0,0,0,0,0,0,0,0
190303,1,1,1982,18,18,18,18,18,18,18,18,18,18
190304,1,1,1982,6,10,15,11,10,16,0,12,14,7
190305,1,1,1982,20,15,18,25,19,17,14,25,8,20
190306,1,1,1982,25,25,25,25,25,25,25,25,25,25
190308,1,1,1982,0,0,0,0,0,11,0,0,0,0
190308,2,1,1982,0,9,0,0,19,0,0,0,0,11
190309,1,1,1982,0,0,0,10,0,16,17,0,13,0
190310,0,1,1982,0,0,0,0,0,0,0,0,0,0
190310,1,1,1982,0,0,14,0,0,0,0,0,0,0
190311,1,1,1982,28,25,10,23,18,27,0,18,0,22
190312,1,1,1982,0,5,30,0,0,0,0,0,0,0
190313,1,1,1982,18,18,18,18,18,18,18,18,18,18
190314,1,1,1982,6,6,6,6,6,6,6,6,6,6
190315,1,1,1982,0,0,0,0,0,0,0,0,0,0
190315,2,1,1982,0,0,0,0,0,0,0,0,0,0
190316,1,1,1982,25,0,0,0,0,0,23,0,0,0
190316,2,1,1982,0,8,0,0,14,0,0,0,0,0
190317,1,1,1982,0,0,0,0,0,0,0,0,0,0
190319,1,1,1982,1,1,1,1,1,1,1,1,1,1
190320,1,1,1982,4,0,0,0,0,0,0,0,0,0
190321,1,1,1982,10,10,10,10,10,10,10,10,10,10
190321,2,1,1982,11,11,11,11,11,11,11,11,11,11
190322,1,1,1982,22,22,22,22,22,22,22,22,22,22
190323,1,1,1982,16,16,16,16,16,16,16,16,16,16
190324,1,1,1982,11,11,11,11,11,11,11,11,11,11
190325,1,1,1982,0,0,0,0,0,0,0,0,0,0
190325,2,1,1982,0,0,0,0,0,0,0,0,0,0
190325,3,1,1982,0,0,0,0,0,0,0,0,0,0
190326,1,1,1982,0,0,0,0,0,0,0,0,0,0
190326,2,1,1982,12,0,0,0,0,0,0,0,0,0
190327,1,1,1982,17,14,26,12,0,0,3,0,0,0
190328,1,1,1982,0,0,0,0,0,12,0,0,0,0
190328,2,1,1982,0,0,0,0,0,0,0,0,0,0
190329,1,1,1982,15,15,15,15,15,15,15,15,15,15
190330,1,1,1982,14,5,7,19,31,12,29,18,9,5
190330,2,1,1982,0,0,0,0,0,0,0,0,0,0
190331,1,1,1982,12,12,12,12,12,12,12,12,12,12
190331,2,1,1982,0,0,0,0,0,0,0,0,0,0
190332,1,1,1982,0,0,0,0,0,0,0,0,0,0
190332,2,1,1982,0,12,11,0,21,0,14,0,0,0
190333,1,1,1982,0,8,0,0,0,0,20,11,0,0
190333,2,1,1982,0,0,3,0,0,0,0,0,0,0
190334,0,1,1982,0,0,0,0,0,0,0,0,0,0
190334,0,2,1982,0,0,0,0,0,0,0,0,0,0
190334,1,1,1982,0,0,0,0,0,0,0,0,0,0
190335,0,1,1982,0,0,0,0,0,0,0,20,0,0
190335,1,1,1982,0,0,0,0,0,0,0,0,0,0
190336,0,1,1982,0,0,7,32,0,0,0,0,7,0
190336,1,1,1982,0,11,0,0,12,0,5,0,0,0
190337,0,1,1982,14,0,0,0,0,25,4,0,18,0
190337,1,1,1982,0,0,0,0,0,0,0,0,0,0
190338,1,1,1982,0,0,0,0,0,0,0,0,0,0
190338,2,1,1982,0,0,0,0,0,0,0,0,0,0
190339,1,1,1982,0,0,0,0,0,0,0,0,0,0
190339,2,1,1982,0,0,0,0,0,0,0,0,0,0
190340,1,1,1982,0,0,0,0,0,0,0,0,0,0
190340,2,1,1982,0,0,0,0,0,0,0,0,0,0
190341,1,1,1982,0,0,0,0,0,0,0,0,0,0
190341,2,1,1982,0,0,0,0,0,0,0,0,0,0
190342,1,1,1982,0,0,0,0,0,0,0,0,0,0
190343,1,1,1982,4,4,4,4,4,4,4,4,4,4
190343,2,1,1982,0,0,0,0,0,12,0,0,0,0
190344,1,1,1982,19,0,0,19,0,13,13,31,12,0
190345,0,1,1982,0,0,0,0,0,0,0,0,0,17
190345,1,1,1982,0,0,0,0,0,0,0,0,0,0
190346,1,1,1982,0,0,14,0,0,0,0,0,0,0
190346,2,1,1982,14,28,0,0,17,0,25,5,33,9
190347,1,1,1982,0,0,0,0,0,0,0,0,0,0
190347,2,1,1982,0,0,0,0,0,0,0,0,0,0
190347,3,1,1982,0,0,0,0,0,0,0,0,0,0
190348,1,1,1982,0,0,0,0,0,0,0,0,0,0
190349,1,1,1982,8,8,8,8,8,8,8,8,8,8
190350,1,1,1982,0,0,0,0,0,0,0,0,0,0
190350,2,1,1982,19,16,10,0,0,0,28,10,24,0
190351,1,1,1982,0,0,0,0,0,0,0,0,0,0
190351,2,1,1982,0,0,0,0,0,0,0,0,0,0
190352,1,1,1982,13,13,13,13,13,13,13,13,13,13
190353,1,1,1982,17,17,17,17,17,17,17,17,17,17
190354,1,1,1982,0,0,0,0,0,0,0,0,0,0
190354,2,1,1982,13,13,13,13,13,13,13,13,13,13
190355,1,1,1982,8,10,16,10,11,16,3,14,21,30
190356,1,1,1982,0,16,19,34,12,0,10,19,11,15
190357,0,1,1982,17,0,0,0,0,0,16,0,0,0
190357,1,1,1982,0,0,0,0,0,15,0,0,13,0
190358,1,1,1982,10,0,0,27,24,0,0,0,0,22
190359,1,1,1982,0,0,0,0,0,0,0,0,0,0
190359,2,1,1982,18,15,18,27,33,21,15,33,30,15
190360,1,1,1982,29,29,29,29,29,29,29,29,29,29
190361,1,1,1982,21,21,21,21,21,21,21,21,21,21
190362,1,1,1982,0,0,0,0,0,0,0,0,0,0
190362,2,1,1982,0,0,0,0,0,0,0,0,0,0
190363,1,1,1982,0,0,0,0,0,0,0,0,0,0
190363,2,1,1982,0,0,0,0,0,0,0,0,0,8
190364,1,1,1982,10,10,10,10,10,10,10,10,10,10
190365,1,1,1982,28,28,28,28,28,28,28,28,28,28
190365,2,1,1982,12,12,12,12,12,12,12,12,12,12
190366,1,1,1982,0,0,0,0,0,0,0,0,0,0
190367,1,1,1982,0,0,25,12,0,14,0,0,0,0
190368,0,1,1982,26,15,0,0,0,0,0,14,43,0
190368,1,1,1982,0,0,0,0,0,0,0,0,4,0
190370,1,1,1982,21,25,29,28,18,21,21,21,23,17
190371,1,1,1982,0,0,0,0,0,0,0,0,0,0
190371,2,1,1982,0,0,0,0,0,0,0,0,0,0
190372,1,1,1982,4,28,18,0,0,15,11,8,45,9
190373,1,1,1982,0,0,0,0,0,0,0,0,0,0
190374,1,1,1982,0,0,0,0,0,0,0,0,0,0
190375,1,1,1982,0,0,0,0,0,0,0,0,0,0