ST_CASE,VEH_NO,PER_NO,YEAR,P1,P2,P3,P4,P5,P6,P7,P8,P9,P10
190376,1,1,1982,17,17,17,17,17,17,17,17,17,17
190377,1,1,1982,0,0,19,0,0,0,0,0,0,0
190377,2,1,1982,0,0,0,0,0,0,0,0,0,0
190378,1,1,1982,0,0,0,0,0,0,0,0,0,0
190378,2,1,1982,0,0,0,0,0,0,0,0,0,0
190379,1,1,1982,0,0,0,0,4,0,0,0,0,0
190379,2,1,1982,10,0,0,0,0,0,0,0,0,0
190380,0,1,1982,27,15,24,23,0,6,17,0,22,9
190380,1,1,1982,0,0,0,0,0,0,0,0,0,0
190381,0,1,1982,0,0,0,0,26,0,0,0,0,0
190381,1,1,1982,0,0,0,14,0,0,0,0,0,0
190382,1,1,1982,5,15,18,8,0,0,0,0,22,17
190382,2,1,1982,10,10,10,10,10,10,10,10,10,10
190383,0,1,1982,0,0,0,0,0,0,0,0,13,0
190383,1,1,1982,9,10,0,20,0,21,0,13,0,19
190384,1,1,1982,5,5,5,5,5,5,5,5,5,5
190384,2,1,1982,0,0,0,0,0,0,0,0,0,0
190385,1,1,1982,2,2,2,2,2,2,2,2,2,2
190385,2,1,1982,0,0,0,0,0,12,23,23,0,10
190386,1,1,1982,0,0,0,0,0,0,0,0,0,0
190386,2,1,1982,0,0,0,0,0,0,0,0,0,10
190386,3,1,1982,0,0,0,0,0,0,0,0,0,0
190387,1,1,1982,0,0,0,0,0,0,0,0,0,11
190387,2,1,1982,0,0,0,0,0,0,0,0,0,0
190388,1,1,1982,33,14,18,7,40,30,0,16,24,14
190389,1,1,1982,10,10,10,10,10,10,10,10,10,10
190390,1,1,1982,0,0,25,0,0,0,0,19,0,0
190390,2,1,1982,22,0,0,19,0,20,0,0,14,0
190391,1,1,1982,0,0,0,0,0,0,0,0,0,0
190391,2,1,1982,0,0,0,0,0,0,0,0,0,0
190392,1,1,1982,9,9,9,9,9,9,9,9,9,9
190392,2,1,1982,0,0,0,0,0,0,0,0,2,0
190392,3,1,1982,0,0,0,0,0,0,0,0,0,0
190393,1,1,1982,18,17,0,15,14,0,14,33,7,23
190394,1,1,1982,31,31,31,31,31,31,31,31,31,31
190395,1,1,1982,0,0,0,0,0,0,0,0,0,0
190395,2,1,1982,7,7,7,7,7,7,7,7,7,7
190396,1,1,1982,19,19,19,19,19,19,19,19,19,19
190397,1,1,1982,0,0,0,0,0,0,0,0,0,0
190397,2,1,1982,0,0,0,0,0,0,0,0,0,0
190398,1,1,1982,20,0,0,0,0,0,0,0,18,0
190399,1,1,1982,24,24,24,24,24,24,24,24,24,24
190400,0,1,1982,7,16,27,29,15,27,35,31,15,26
190400,1,1,1982,17,17,17,17,17,17,17,17,17,17
190401,1,1,1982,24,24,24,24,24,24,24,24,24,24
190402,1,1,1982,0,0,0,0,0,0,0,0,0,0
190403,1,1,1982,3,0,0,0,0,10,0,0,0,12
190403,2,1,1982,10,10,10,10,10,10,10,10,10,10
190404,1,1,1982,0,0,0,0,0,0,0,0,6,0
190405,1,1,1982,25,19,11,29,10,0,0,13,28,10
190406,1,1,1982,0,0,0,0,0,0,0,0,0,0
190406,2,1,1982,7,7,7,7,7,7,7,7,7,7
190407,1,1,1982,0,0,0,0,0,0,0,0,0,0
190407,2,1,1982,1,1,1,1,1,1,1,1,1,1
190407,3,1,1982,0,0,0,0,0,0,0,0,0,0
190408,1,1,1982,22,22,22,22,22,22,22,22,22,22
190409,1,1,1982,20,13,20,19,20,4,33,21,21,2
190410,1,1,1982,17,17,17,17,17,17,17,17,17,17
190411,0,1,1982,0,0,0,13,0,24,0,12,0,0
190411,1,1,1982,0,0,0,0,0,0,0,0,0,0
190412,1,1,1982,0,0,0,0,0,0,0,0,0,0
190412,2,1,1982,10,7,36,0,8,0,0,0,2,6
190412,3,1,1982,0,0,0,12,0,25,0,0,17,22
190413,1,1,1982,0,0,0,0,0,0,0,0,0,0
190413,2,1,1982,0,0,0,0,0,0,0,0,0,0
190414,1,1,1982,0,0,14,0,0,19,28,0,0,0
190414,2,1,1982,0,0,9,0,0,0,0,0,0,0
190415,1,1,1982,22,22,22,22,22,22,22,22,22,22
190416,1,1,1982,0,0,0,22,0,0,0,0,8,0
190416,2,1,1982,0,0,0,0,0,0,0,0,0,0
190417,1,1,1982,40,40,40,40,40,40,40,40,40,40
190418,1,1,1982,0,0,0,0,0,11,0,0,0,0
190419,1,1,1982,0,0,0,0,0,0,0,0,0,0
190419,2,1,1982,12,0,15,8,0,0,0,10,0,0
190420,0,1,1982,6,18,14,25,26,16,31,31,13,18
190420,1,1,1982,14,14,14,14,14,14,14,14,14,14
190421,1,1,1982,0,0,18,0,0,0,0,0,0,0
190421,2,1,1982,0,0,0,0,10,0,0,0,0,0
190422,1,1,1982,0,0,0,0,0,0,0,0,0,0
190422,2,1,1982,0,0,0,0,0,0,0,0,0,0
190423,0,1,1982,0,29,0,6,0,0,0,0,0,0
190423,1,1,1982,0,0,0,0,0,0,0,0,0,0
190424,1,1,1982,7,7,7,7,7,7,7,7,7,7
190425,1,1,1982,14,0,0,0,0,0,0,0,0,0
190425,2,1,1982,0,0,0,0,0,0,0,0,0,0
190426,1,1,1982,23,0,12,20,14,8,0,5,15,0
190426,2,1,1982,11,0,18,16,9,11,23,20,11,21
190427,0,1,1982,0,0,0,0,0,0,29,0,0,0
190427,1,1,1982,0,0,0,0,0,0,0,0,0,0
190428,1,1,1982,15,15,15,15,15,15,15,15,15,15
190428,2,1,1982,0,0,0,0,0,0,0,0,0,0
190429,0,1,1982,0,0,18,0,0,0,0,0,0,0
190429,1,1,1982,0,0,0,0,0,0,0,0,26,28
190430,1,1,1982,12,0,0,0,0,0,0,0,0,0
190430,2,1,1982,0,0,0,0,0,0,0,0,0,0
190431,1,1,1982,0,0,0,0,0,0,0,0,0,0
190432,1,1,1982,15,15,15,15,15,15,15,15,15,15
190433,1,1,1982,26,31,13,25,7,19,28,0,17,31
190434,1,1,1982,13,10,9,0,0,22,27,20,0,33
190435,1,1,1982,0,0,0,0,0,21,0,0,0,20
190436,1,1,1982,0,0,0,0,0,0,0,0,0,0
190437,0,1,1982,20,0,0,0,0,0,20,0,0,0
190437,1,1,1982,0,0,0,0,0,0,0,0,0,0
190438,0,1,1982,26,21,18,0,25,36,0,15,0,0
190438,1,1,1982,11,0,14,7,0,0,20,0,0,24
200001,0,1,1982,0,0,0,0,0,15,22,0,0,0
200001,1,1,1982,24,24,15,14,47,15,0,16,21,14
200002,0,1,1982,15,29,13,31,24,9,10,14,21,13
200002,1,1,1982,0,0,0,0,0,0,0,0,0,0
200003,1,1,1982,0,0,0,0,0,0,3,0,0,0
200003,2,1,1982,0,0,0,0,0,0,0,0,0,0
200004,1,1,1982,0,11,0,0,0,26,34,33,15,0
200005,1,1,1982,5,5,5,5,5,5,5,5,5,5
200006,1,1,1982,22,0,16,23,11,20,13,20,22,16
200006,2,1,1982,0,0,0,0,0,0,0,0,0,0
200007,0,1,1982,6,0,18,0,0,0,20,0,0,0
200007,1,1,1982,0,0,0,19,0,0,0,0,17,0
200007,2,1,1982,5,5,5,5,5,5,5,5,5,5
200008,1,1,1982,25,17,14,18,21,22,20,0,0,16
200009,1,1,1982,0,0,10,0,10,0,0,0,5,0
200010,1,1,1982,0,0,0,0,0,0,0,0,0,0
200011,1,1,1982,0,0,0,0,0,0,0,0,0,0
200012,1,1,1982,21,21,21,21,21,21,21,21,21,21
200013,1,1,1982,4,17,4,8,13,5,11,19,7,23
200013,2,1,1982,9,0,0,18,19,0,0,0,0,0
200014,1,1,1982,0,23,15,27,18,0,0,15,12,0
200015,1,1,1982,23,23,23,23,23,23,23,23,23,23
200015,2,1,1982,3,3,0,0,0,0,0,0,0,0
200015,3,1,1982,0,0,0,0,0,0,0,0,0,0
200016,1,1,1982,0,0,0,0,0,0,0,0,0,0
200016,2,1,1982,0,0,0,0,0,0,0,0,0,0
200017,2,1,1982,0,0,0,8,0,0,0,0,0,0
200018,1,1,1982,18,18,18,18,18,18,18,18,18,18
200019,0,1,1982,17,0,0,9,0,0,0,18,0,0
200019,1,1,1982,4,0,0,0,0,0,0,0,0,0
200020,1,1,1982,0,0,0,0,0,0,0,0,0,0
200020,2,1,1982,0,0,0,0,0,0,0,0,0,0
200021,1,1,1982,0,13,0,19,16,0,19,0,15,6
200022,1,1,1982,10,10,10,10,10,10,10,10,10,10
200023,0,1,1982,0,0,29,8,0,0,0,0,0,12
200023,1,1,1982,9,9,9,9,9,9,9,9,9,9
200024,1,1,1982,0,0,0,0,0,0,0,0,0,0
200025,1,1,1982,0,0,29,0,0,4,0,12,0,0
200026,0,1,1982,0,0,0,0,0,0,0,0,0,0
200026,1,1,1982,0,0,0,0,0,0,0,0,0,0
200027,1,1,1982,0,0,2,0,0,0,0,0,0,0
200028,1,1,1982,29,29,29,29,29,29,29,29,29,29
200029,0,1,1982,0,16,5,0,0,0,0,0,0,0
200029,1,1,1982,0,0,0,0,0,0,14,0,0,0
200030,1,1,1982,13,13,18,35,20,0,0,0,0,20
200031,1,1,1982,6,0,0,0,0,0,0,0,0,0
200031,2,1,1982,0,0,0,0,0,0,0,0,0,0
200031,3,1,1982,0,0,0,0,0,0,0,0,0,0
200032,0,1,1982,22,22,22,22,22,22,22,22,22,22
200032,1,1,1982,0,0,0,0,0,0,0,18,0,0
200033,1,1,1982,0,0,0,0,0,0,0,0,0,0
200033,2,1,1982,0,0,0,0,0,0,0,0,0,0
200034,1,1,1982,0,0,5,0,0,0,0,16,15,0
200034,2,1,1982,13,14,26,16,15,20,21,5,16,22
200035,1,1,1982,0,0,0,0,9,0,0,0,0,0
200035,2,1,1982,0,0,0,0,0,0,0,0,0,0
200036,1,1,1982,26,15,20,36,34,51,22,24,26,49
200037,1,1,1982,19,19,19,19,19,19,19,19,19,19
200038,1,1,1982,30,19,19,26,12,16,12,16,22,23
200039,1,1,1982,0,0,0,0,0,0,0,0,0,0
200039,2,1,1982,0,0,0,0,0,0,0,0,0,0
200040,1,1,1982,0,0,0,0,0,0,0,0,0,0
200040,2,1,1982,0,0,0,0,0,0,0,0,0,0
200041,1,1,1982,0,0,0,0,19,0,9,0,16,0
200042,1,1,1982,0,0,0,0,0,0,0,0,0,0
200042,2,1,1982,0,17,0,0,0,0,0,0,19,0
200042,3,1,1982,21,19,17,0,17,5,15,12,24,29
200043,1,1,1982,0,0,0,0,0,0,0,0,0,0
200043,2,1,1982,0,0,0,0,7,0,0,0,0,0
200044,1,1,1982,0,0,0,0,0,13,4,0,0,0
200045,1,1,1982,0,0,0,0,0,0,0,0,0,0
200045,2,1,1982,0,0,0,0,0,0,0,0,0,0
200046,1,1,1982,0,0,26,0,34,0,0,0,0,0
200047,1,1,1982,0,0,0,0,0,0,0,0,0,0
200047,2,1,1982,0,0,0,0,0,0,0,0,0,0
200048,0,1,1982,25,14,10,33,17,22,29,23,23,21
200048,1,1,1982,0,0,0,0,0,0,28,0,0,0
200049,0,1,1982,0,0,22,0,25,0,0,0,0,0
200049,2,1,1982,12,12,12,12,12,12,12,12,12,12
200050,1,1,1982,12,12,12,12,12,12,12,12,12,12
200050,2,1,1982,0,0,0,0,0,0,0,0,0,0
200051,1,1,1982,14,19,28,32,35,7,24,33,15,14
200052,1,1,1982,0,15,22,24,19,9,0,0,8,0
200053,0,1,1982,25,20,24,36,8,19,27,11,30,0
200053,1,1,1982,0,0,0,0,14,0,0,0,0,0
200054,1,1,1982,0,0,0,0,0,0,0,0,0,0
200054,2,1,1982,0,0,0,0,0,0,0,0,0,0
200055,1,1,1982,0,0,0,0,0,0,0,0,0,0
200055,2,1,1982,0,0,0,0,0,0,0,0,0,0
200055,3,1,1982,0,0,0,0,0,0,0,0,0,0
200056,1,1,1982,13,4,0,23,0,18,15,11,26,0
200057,1,1,1982,0,0,0,0,0,0,0,0,0,0
200058,1,1,1982,0,0,0,0,0,0,0,0,0,0
200058,2,1,1982,0,0,0,0,0,0,0,0,0,0
200059,1,1,1982,20,20,20,20,20,20,20,20,20,20
200060,1,1,1982,0,0,0,0,0,0,0,0,24,0
200060,2,1,1982,0,0,0,0,0,0,0,0,0,6
200060,3,1,1982,0,0,0,0,0,0,0,0,0,0
200061,0,1,1982,0,0,0,0,0,0,0,0,16,0
200061,1,1,1982,9,17,10,8,11,19,36,15,10,3
200062,1,1,1982,0,0,0,0,0,0,0,0,0,0
200062,2,1,1982,26,14,24,13,0,5,32,12,0,19
200063,1,1,1982,18,0,29,20,13,7,14,18,10,17
200064,1,1,1982,0,0,0,0,0,0,0,0,0,0
200064,2,1,1982,0,0,0,0,0,0,0,0,0,0
200065,1,1,1982,0,0,0,0,0,0,0,0,10,0
200066,1,1,1982,0,16,0,0,0,0,20,0,0,0
200066,2,1,1982,0,0,0,0,0,0,0,0,0,0
200066,3,1,1982,0,0,0,0,0,0,0,0,0,0
200067,1,1,1982,14,14,14,14,14,14,14,14,14,14
200067,2,1,1982,0,0,0,0,0,0,23,0,0,0
200068,1,1,1982,0,0,0,0,0,0,0,0,0,0
200068,2,1,1982,0,0,0,0,0,0,0,0,0,0
200069,1,1,1982,0,0,0,0,0,0,0,0,0,0
200069,2,1,1982,16,18,22,8,13,25,14,20,4,16
200070,0,1,1982,0,0,0,10,20,0,0,0,0,0
200070,1,1,1982,0,0,17,0,0,0,0,0,0,0
200071,1,1,1982,0,0,0,0,0,0,0,0,0,0
200071,2,1,1982,0,0,0,0,0,14,0,0,0,0
200072,1,1,1982,0,0,0,0,0,0,0,0,0,0
200072,2,1,1982,0,0,0,0,0,0,0,0,0,0
200073,0,1,1982,0,8,0,0,0,0,0,0,0,0
200073,0,2,1982,0,0,0,0,0,0,0,0,0,0
200073,1,1,1982,0,0,5,0,0,0,0,0,0,0
200073,2,1,1982,0,0,0,20,0,0,0,0,0,0
200073,3,1,1982,0,0,0,0,0,0,0,0,0,0
200074,1,1,1982,0,0,8,0,0,0,0,0,13,16
200076,1,1,1982,13,19,9,10,13,12,9,21,27,20
200077,1,1,1982,0,0,0,0,0,0,0,0,0,0
200077,2,1,1982,28,22,13,15,16,21,0,3,17,10
200078,1,1,1982,0,16,0,12,18,26,28,14,14,17
200079,1,1,1982,24,24,24,24,24,24,24,24,24,24
200079,2,1,1982,0,0,0,0,0,0,0,0,0,0
200080,1,1,1982,0,0,17,0,0,0,0,0,0,0
200080,2,1,1982,0,0,0,0,0,0,0,0,0,0
200081,1,1,1982,0,14,0,18,0,0,0,34,0,0
200082,1,1,1982,0,0,0,0,0,0,0,0,17,0
200082,2,1,1982,0,0,0,0,0,0,10,0,0,0
200083,1,1,1982,3,0,0,0,0,0,0,0,0,0
200083,2,1,1982,0,0,0,0,0,0,0,0,0,0
200084,1,1,1982,17,25,10,22,13,27,16,33,26,0
200085,1,1,1982,0,0,0,0,0,28,26,0,0,0
200086,1,1,1982,0,0,0,0,0,0,0,0,0,0
200086,2,1,1982,0,0,0,0,0,0,0,0,19,0
200087,1,1,1982,0,0,0,0,0,0,0,0,0,0
200088,1,1,1982,20,20,20,20,20,20,20,20,20,20
200089,1,1,1982,0,23,0,14,0,0,0,0,0,0
200089,2,1,1982,7,21,0,0,0,0,0,0,21,0
200090,1,1,1982,15,12,21,4,29,3,14,18,8,5
200091,1,1,1982,0,0,0,0,0,0,0,0,0,0
200091,2,1,1982,0,0,0,0,20,12,0,0,0,0
200092,0,1,1982,0,24,37,33,24,0,17,0,0,19
200092,1,1,1982,0,0,0,0,0,0,0,0,0,0
200093,1,1,1982,0,0,0,0,0,0,0,0,0,0
200093,2,1,1982,0,0,0,0,0,0,0,0,0,0
200094,1,1,1982,0,0,0,0,0,0,0,0,0,0
200094,2,1,1982,18,0,16,0,0,10,0,0,0,0
200095,1,1,1982,0,0,0,27,0,11,17,0,0,0
200096,1,1,1982,0,0,0,0,0,0,0,0,0,0
200096,2,1,1982,29,12,12,28,0,11,0,0,9,22
200097,1,1,1982,0,0,0,0,0,0,0,0,0,0
200097,2,1,1982,7,18,15,14,16,15,11,11,16,23
200098,1,1,1982,0,0,0,0,0,0,0,0,0,0
200098,2,1,1982,0,0,0,0,0,0,0,0,0,0
200099,1,1,1982,15,14,26,8,9,17,15,21,11,19
200099,2,1,1982,0,0,0,0,9,0,0,0,0,0
200099,3,1,1982,0,0,0,0,0,0,0,0,0,19
200100,1,1,1982,0,0,0,21,0,32,30,12,23,0
200101,1,1,1982,17,14,14,14,12,21,17,16,12,12
200102,1,1,1982,0,0,0,0,0,0,10,0,0,0
200102,2,1,1982,0,0,0,0,15,0,26,0,0,42
200103,1,1,1982,19,19,19,19,19,19,19,19,19,19
200104,1,1,1982,15,2,10,0,20,0,0,7,18,0
200105,1,1,1982,8,4,4,6,31,12,19,0,0,26
200106,1,1,1982,0,0,0,0,0,0,0,0,0,0
200106,2,1,1982,0,0,0,0,0,0,0,0,0,0
200107,1,1,1982,0,0,0,0,0,0,0,0,0,0
200107,2,1,1982,26,10,9,28,30,19,32,0,0,0
200108,1,1,1982,0,0,0,0,14,9,20,0,0,0
200109,1,1,1982,22,12,0,32,7,0,17,37,19,0
200110,1,1,1982,0,10,0,5,16,26,17,0,0,0
200111,1,1,1982,23,23,23,23,23,23,23,23,23,23
200112,0,1,1982,13,0,0,0,6,0,22,23,22,0
200112,1,1,1982,0,7,0,0,0,0,0,0,9,0
200113,1,1,1982,0,0,0,0,0,0,0,0,0,0
200114,1,1,1982,0,0,16,0,0,0,0,0,0,0
200115,1,1,1982,0,0,0,0,0,0,0,0,0,0
200115,2,1,1982,0,0,0,0,0,0,0,0,0,5
200115,3,1,1982,0,0,0,0,0,0,0,0,0,0
200116,1,1,1982,0,0,0,0,0,0,0,0,0,0
200116,2,1,1982,23,23,23,23,23,23,23,23,23,23
200117,1,1,1982,31,22,16,11,13,8,19,26,23,9
200118,1,1,1982,0,0,0,0,8,0,13,0,0,0
200119,1,1,1982,0,0,0,0,0,0,0,0,0,0
200119,2,1,1982,0,0,0,0,0,0,0,0,0,0
200120,1,1,1982,0,0,0,0,0,0,0,0,0,0
200121,1,1,1982,23,23,23,23,23,23,23,23,23,23
200122,1,1,1982,0,0,0,0,0,0,0,0,0,0
200122,2,1,1982,0,0,0,0,0,0,0,0,0,0
200123,1,1,1982,32,25,10,3,9,7,24,16,4,17
200124,1,1,1982,0,15,0,0,21,0,9,0,0,0
200124,2,1,1982,0,0,0,0,0,5,0,0,0,0
200124,3,1,1982,0,0,0,0,0,0,0,3,0,0
200125,1,1,1982,0,0,0,0,17,0,0,6,0,0
200125,2,1,1982,0,0,0,0,0,0,0,0,0,0
200126,1,1,1982,0,0,0,0,0,0,0,0,0,0
200126,2,1,1982,0,0,0,0,0,0,0,0,0,0
200126,3,1,1982,0,0,0,0,0,0,0,0,0,0
200127,1,1,1982,25,17,12,7,13,29,29,16,10,36
200129,1,1,1982,6,13,11,8,0,12,12,19,0,15
200129,2,1,1982,0,0,0,0,0,0,0,0,0,0
200130,1,1,1982,0,13,0,0,0,0,0,0,8,5
200131,1,1,1982,26,26,26,26,26,26,26,26,26,26
200132,1,1,1982,0,0,0,0,23,0,0,0,20,3
200132,2,1,1982,0,0,0,0,0,0,0,0,0,0
200133,1,1,1982,0,3,0,0,0,0,0,0,0,0
200133,2,1,1982,0,0,0,0,0,8,0,0,0,0
200134,1,1,1982,0,0,0,0,0,0,0,0,0,0
200134,2,1,1982,0,0,0,0,0,0,0,0,0,10
200135,0,1,1982,0,0,0,0,0,0,0,22,0,0
200135,1,1,1982,0,0,0,0,0,0,0,0,0,0
200136,1,1,1982,0,0,0,0,0,0,0,0,0,0
200136,2,1,1982,16,0,0,0,2,0,0,0,0,0
200137,1,1,1982,0,0,0,0,0,0,0,0,0,0
200137,2,1,1982,0,0,0,0,0,0,0,0,0,0
200138,1,1,1982,0,0,0,10,0,0,0,0,0,0
200139,1,1,1982,28,5,17,15,9,12,35,4,24,23
200140,1,1,1982,4,4,4,4,4,4,4,4,4,4
200141,1,1,1982,0,0,0,0,0,0,0,0,23,0
200141,2,1,1982,0,0,0,0,0,0,0,0,0,0
200141,3,1,1982,0,0,0,0,0,0,0,0,0,0
200142,1,1,1982,0,24,0,0,13,0,0,7,13,14
200143,0,1,1982,0,0,0,0,0,0,0,0,0,0
200143,1,1,1982,0,0,0,0,0,0,0,15,0,0
200144,1,1,1982,22,22,22,22,22,22,22,22,22,22
200145,1,1,1982,19,19,19,19,19,19,19,19,19,19
200146,1,1,1982,5,5,5,5,5,5,5,5,5,5
200147,1,1,1982,0,0,0,0,0,0,0,0,0,0
200147,2,1,1982,0,0,0,0,0,0,0,0,0,0
200148,1,1,1982,0,16,0,0,0,0,0,0,0,0
200148,2,1,1982,10,12,0,12,15,22,21,17,14,12
200149,1,1,1982,0,6,0,19,32,9,4,0,16,0
200149,2,1,1982,0,0,0,0,0,0,0,0,0,0
200149,3,1,1982,0,0,4,0,17,14,11,0,0,20
200150,1,1,1982,25,25,25,25,25,25,25,25,25,25
200150,2,1,1982,16,16,16,16,16,16,16,16,16,16
200151,1,1,1982,18,7,8,19,8,0,0,12,0,8
200152,1,1,1982,29,29,29,29,29,29,29,29,29,29
200152,2,2,1982,0,0,0,0,0,0,0,0,0,0
200153,1,1,1982,0,0,0,0,0,0,0,0,0,0
200154,1,1,1982,0,13,0,0,0,0,0,0,0,0
200154,2,1,1982,0,0,0,0,0,0,0,0,0,0
200155,1,1,1982,0,0,0,0,0,0,10,0,0,0
200156,0,1,1982,0,0,0,0,0,0,15,0,0,0
200156,1,1,1982,0,0,0,0,0,0,0,0,0,0
200157,1,1,1982,29,11,13,12,12,22,11,12,19,24
200158,0,1,1982,0,0,0,0,0,0,0,0,0,0
200158,1,1,1982,0,0,0,0,0,0,0,0,0,0
200159,1,1,1982,0,6,16,13,0,0,9,0,0,0
200161,1,1,1982,4,15,13,38,0,18,0,15,34,0
200162,0,1,1982,17,14,36,23,29,10,10,52,17,30
200162,1,1,1982,0,0,0,0,22,0,0,0,0,0
200163,1,1,1982,0,0,0,0,0,0,0,0,8,0
200163,2,1,1982,0,0,0,11,0,0,0,0,0,5
200164,1,1,1982,0,0,0,0,0,14,0,0,0,0
200166,1,1,1982,0,0,0,0,0,0,0,0,0,0
200166,2,1,1982,0,0,0,0,0,0,0,0,0,0
200167,1,1,1982,0,0,0,0,0,0,0,0,0,0
200167,2,1,1982,0,0,12,0,0,11,0,0,19,19
200168,1,1,1982,25,25,25,25,25,25,25,25,25,25
200168,2,1,1982,19,19,19,19,19,19,19,19,19,19
200169,1,1,1982,0,0,0,0,0,0,0,0,0,0
200169,2,1,1982,0,0,24,0,0,0,0,0,0,0
200169,3,1,1982,18,21,0,0,0,0,0,20,8,20
200170,1,1,1982,0,0,0,0,0,0,0,0,0,0
200170,2,1,1982,17,14,8,13,5,0,2,18,4,0
200171,1,1,1982,0,0,0,0,0,0,0,0,0,0
200171,2,1,1982,0,0,0,0,0,0,0,0,0,0
200172,1,1,1982,0,0,0,0,0,0,0,0,0,0
200172,2,1,1982,20,12,3,16,31,8,16,15,13,10
200173,0,1,1982,27,18,38,20,32,6,14,17,28,16
200173,1,1,1982,0,0,0,13,0,0,11,0,0,0
200174,1,1,1982,27,30,0,0,0,0,29,0,0,24
200175,1,1,1982,0,0,0,0,0,0,0,0,0,0
200175,2,1,1982,18,6,25,25,25,22,15,24,21,19
200175,3,1,1982,0,0,9,0,0,0,4,0,0,0
200176,1,1,1982,11,17,24,16,9,12,9,20,22,25
200177,1,1,1982,0,0,0,0,0,0,0,0,2,0
200177,2,1,1982,0,0,0,0,0,0,0,0,13,0
200178,1,1,1982,15,22,19,24,28,29,7,9,14,15
200179,1,1,1982,0,0,0,0,0,11,0,0,0,25
200179,2,1,1982,0,0,0,0,0,0,0,0,0,0
200180,0,1,1982,0,0,0,0,17,0,0,0,0,0
200180,0,2,1982,12,0,0,0,0,0,0,0,0,19
200180,1,1,1982,23,23,23,23,23,23,23,23,23,23
200181,1,1,1982,0,20,8,0,18,14,15,12,0,22
200181,2,1,1982,0,0,0,0,0,0,0,0,0,0
200182,1,1,1982,0,10,0,0,0,0,0,7,10,29
200182,2,1,1982,19,0,0,0,12,0,0,0,0,0
200182,3,1,1982,0,0,0,0,0,0,0,0,4,0
200183,0,1,1982,19,18,34,9,9,39,0,14,15,38
200183,1,1,1982,0,0,0,0,0,0,0,0,0,0
200184,1,1,1982,0,0,0,1,0,0,0,0,0,0
200184,2,1,1982,0,0,0,7,0,0,0,0,0,0
200185,1,1,1982,0,0,0,0,0,0,0,0,0,0
200185,2,1,1982,0,0,7,0,16,0,21,9,0,0
200186,1,1,1982,0,0,0,0,0,0,0,0,0,0
200186,2,1,1982,15,15,12,11,12,28,11,10,14,21
200187,0,1,1982,22,0,0,21,7,0,0,7,11,0
200187,1,1,1982,0,0,0,0,0,0,0,0,0,0
200188,1,1,1982,0,5,0,0,2,0,0,0,0,0
200189,1,1,1982,0,0,0,0,0,0,0,0,43,0
200189,2,1,1982,0,0,0,0,0,0,0,0,0,0
200190,0,1,1982,6,0,0,0,0,0,0,0,10,0
200190,0,2,1982,0,14,0,7,0,11,0,9,21,0
200190,0,3,1982,23,6,0,0,11,9,0,24,0,0
200190,1,1,1982,3,15,20,11,10,7,20,20,6,10
200191,1,1,1982,0,0,13,0,0,0,0,0,0,0
200192,0,1,1982,0,0,0,0,0,0,0,19,0,12
200192,1,1,1982,0,0,0,0,0,0,0,0,0,0
200193,1,1,1982,0,0,0,0,0,0,0,0,0,0
200193,2,1,1982,0,0,0,0,0,0,0,0,0,0
200194,1,1,1982,0,0,18,0,0,0,0,14,13,0
200195,1,1,1982,0,0,0,0,0,0,12,0,0,0
200195,2,1,1982,0,0,0,0,0,0,0,0,0,0
200196,1,1,1982,0,0,0,0,19,0,17,0,0,0
200197,1,1,1982,0,0,0,7,0,0,0,0,0,0
200197,2,1,1982,0,0,0,0,0,0,0,0,0,0
200198,1,1,1982,0,0,0,0,0,0,0,7,10,0
200199,1,1,1982,13,13,13,13,13,13,13,13,13,13
200199,2,1,1982,21,0,0,23,11,21,23,9,0,8
200200,1,1,1982,0,0,0,8,9,0,10,4,0,9
200201,1,1,1982,0,0,0,0,0,0,0,0,0,0
200201,2,1,1982,0,0,0,0,0,0,0,0,0,0
200201,3,1,1982,0,0,0,0,0,0,0,0,0,0
200202,1,1,1982,0,0,0,0,0,9,0,0,0,0
200202,2,1,1982,8,0,0,0,0,0,0,0,0,0
200203,1,1,1982,0,0,0,0,0,0,0,0,0,0
200203,2,1,1982,0,0,0,0,0,0,0,0,0,0
200204,1,1,1982,0,0,0,0,0,0,0,0,0,0
200205,1,1,1982,0,0,0,14,0,0,0,0,0,0
200206,1,1,1982,0,0,0,0,0,0,0,0,0,0
200207,1,1,1982,9,21,25,24,10,19,6,22,16,15
200207,2,1,1982,0,0,0,0,0,20,0,0,0,0
200208,0,1,1982,0,0,0,0,0,0,0,0,0,0
200208,1,1,1982,0,0,0,0,0,0,0,0,0,0
200209,1,1,1982,24,12,21,24,29,16,24,0,19,17
200209,2,1,1982,0,0,0,0,0,0,0,0,0,0
200210,0,1,1982,0,0,0,0,0,0,7,0,10,0
200210,1,1,1982,0,0,0,0,0,0,0,0,0,0
200211,1,1,1982,16,16,16,16,16,16,16,16,16,16
200212,1,1,1982,2,0,0,18,0,23,0,0,19,22
200213,1,1,1982,0,7,0,0,0,0,18,0,0,0
200214,1,1,1982,0,4,0,14,7,5,15,27,0,0
200214,2,1,1982,15,10,11,7,8,6,0,0,9,0
200215,1,1,1982,3,7,7,7,7,12,10,22,0,6
200216,1,1,1982,11,18,14,14,22,25,16,24,21,29
200217,1,1,1982,8,8,21,22,13,18,14,43,13,9
200218,1,1,1982,0,0,0,0,0,0,0,0,0,0
200218,2,1,1982,0,0,0,0,0,0,0,0,0,0
200219,0,1,1982,0,0,0,0,0,0,0,0,0,0
200219,1,1,1982,0,0,0,0,17,0,0,0,0,0
200220,0,1,1982,28,0,2,23,22,15,0,0,16,20
200220,1,1,1982,14,14,14,14,14,14,14,14,14,14
200221,1,1,1982,18,18,18,18,18,18,18,18,18,18
200221,2,1,1982,0,0,0,0,0,0,0,0,0,0