ST_CASE,VEH_NO,PER_NO,YEAR,P1,P2,P3,P4,P5,P6,P7,P8,P9,P10
210393,1,1,1982,0,0,0,0,0,0,0,0,0,0
210394,1,1,1982,18,18,18,18,18,18,18,18,18,18
210394,2,1,1982,0,0,0,0,0,0,0,0,0,0
210395,1,1,1982,0,0,0,0,0,0,0,0,0,0
210395,2,1,1982,0,0,0,9,0,0,0,0,0,0
210396,1,1,1982,29,29,29,29,29,29,29,29,29,29
210397,0,1,1982,0,0,0,0,0,0,0,0,0,0
210397,1,1,1982,0,0,0,0,0,0,0,0,0,0
210398,1,1,1982,0,0,0,0,0,0,0,0,28,0
210398,2,1,1982,0,0,0,0,0,0,0,0,0,0
210398,3,1,1982,0,7,0,0,0,0,0,0,9,0
210399,1,1,1982,0,0,0,0,0,0,0,0,0,0
210400,0,1,1982,0,0,0,0,0,0,0,0,0,0
210400,1,1,1982,0,0,0,0,0,0,0,0,0,0
210401,1,1,1982,0,0,0,0,0,0,0,0,0,0
210401,2,1,1982,0,0,0,0,0,0,0,0,0,0
210402,1,1,1982,24,24,24,24,24,24,24,24,24,24
210403,1,1,1982,15,15,15,15,15,15,15,15,15,15
210404,1,1,1982,19,19,19,19,19,19,19,19,19,19
210404,2,1,1982,0,0,0,0,0,0,0,0,0,0
210405,1,1,1982,0,0,0,0,0,0,0,0,0,0
210406,0,1,1982,0,0,0,0,0,0,0,0,0,0
210406,0,2,1982,0,13,11,0,0,10,0,0,0,0
210406,1,1,1982,0,0,0,0,0,0,0,0,0,0
210407,1,1,1982,0,0,0,0,0,0,0,0,0,0
210408,0,1,1982,24,24,24,24,24,24,24,24,24,24
210408,1,1,1982,6,6,6,6,6,6,6,6,6,6
210409,1,1,1982,17,18,23,27,10,20,8,14,25,31
210410,1,1,1982,0,0,0,2,0,0,20,0,0,6
210410,2,1,1982,6,6,6,6,6,6,6,6,6,6
210410,3,1,1982,0,0,0,0,0,0,0,0,0,0
210411,1,1,1982,0,0,23,16,0,0,0,35,0,37
210412,1,1,1982,19,22,20,34,38,19,18,19,16,7
210413,0,1,1982,0,0,0,0,0,0,0,0,0,0
210413,1,1,1982,0,0,0,0,0,0,0,0,0,0
210414,1,1,1982,18,18,18,18,18,18,18,18,18,18
210415,1,1,1982,16,16,16,16,16,16,16,16,16,16
210416,1,1,1982,0,0,0,0,0,0,0,0,0,0
210417,0,1,1982,23,23,23,23,23,23,23,23,23,23
210417,1,1,1982,0,0,0,0,0,0,9,0,0,0
210418,1,1,1982,12,12,12,12,12,12,12,12,12,12
210419,0,1,1982,0,0,20,20,0,17,0,0,0,11
210419,0,2,1982,0,0,0,0,0,0,0,0,0,0
210419,1,1,1982,0,0,0,0,0,0,0,0,0,0
210420,1,1,1982,0,0,0,0,0,0,0,0,5,6
210421,0,1,1982,0,0,5,0,0,11,0,25,0,5
210421,0,2,1982,37,0,13,9,26,26,0,0,11,7
210421,1,1,1982,0,0,0,0,0,0,0,0,0,0
210422,1,1,1982,0,0,0,0,0,0,0,0,0,0
210422,2,1,1982,0,0,0,0,0,0,0,0,0,0
210423,1,1,1982,16,16,16,16,16,16,16,16,16,16
210430,1,1,1982,0,0,6,0,0,0,0,0,0,0
210430,2,1,1982,0,0,0,0,0,0,0,0,0,0
210430,3,1,1982,0,0,0,0,0,0,0,0,0,0
210431,1,1,1982,16,16,16,16,16,16,16,16,16,16
210432,1,1,1982,18,18,18,18,18,18,18,18,18,18
210432,2,1,1982,0,0,0,0,0,0,0,0,0,0
210433,1,1,1982,0,0,0,0,0,0,0,0,0,0
210433,2,1,1982,0,0,0,0,0,13,0,0,0,0
210434,1,1,1982,0,0,0,0,17,0,0,0,0,0
210434,2,1,1982,13,15,16,19,4,24,16,10,12,0
210435,0,1,1982,0,0,0,0,0,0,6,0,0,0
210435,1,1,1982,0,0,0,0,0,0,0,0,0,0
210436,1,1,1982,0,0,0,0,0,0,12,0,0,0
210437,0,1,1982,0,0,0,0,0,0,0,0,0,0
210437,1,1,1982,0,0,15,0,0,0,0,0,12,0
210438,1,1,1982,13,13,13,13,13,13,13,13,13,13
210439,1,1,1982,0,0,0,0,0,0,0,0,0,0
210440,1,1,1982,0,0,0,0,0,0,0,0,0,0
210440,2,1,1982,0,0,0,0,0,0,0,0,0,0
210441,1,1,1982,8,8,8,8,8,8,8,8,8,8
210442,1,1,1982,0,0,0,0,0,0,0,0,0,0
210442,2,1,1982,0,0,0,0,0,0,0,0,0,0
210443,1,1,1982,0,0,0,0,0,0,0,0,0,0
210443,2,1,1982,0,0,0,0,0,0,14,0,0,0
210444,1,1,1982,0,0,0,0,0,0,0,0,0,0
210444,2,1,1982,0,11,0,0,23,0,0,0,0,8
210445,1,1,1982,0,10,8,21,6,0,20,8,13,0
210446,1,1,1982,21,21,21,21,21,21,21,21,21,21
210447,1,1,1982,0,0,0,0,0,0,0,0,0,0
210447,2,1,1982,1,1,1,1,1,1,1,1,1,1
210448,1,1,1982,0,0,0,0,0,0,0,0,23,0
210449,1,1,1982,18,18,18,18,18,18,18,18,18,18
210450,1,1,1982,34,21,34,11,36,17,16,9,13,28
210451,1,1,1982,20,20,20,20,20,20,20,20,20,20
210452,1,1,1982,21,25,25,16,29,22,21,26,29,11
210453,0,1,1982,0,0,0,0,0,0,0,0,0,0
210453,0,2,1982,0,0,0,0,0,0,0,0,0,0
210453,1,1,1982,0,0,0,0,0,0,0,0,0,0
210454,1,1,1982,24,24,24,24,24,24,24,24,24,24
210455,0,1,1982,0,0,0,0,0,0,0,0,0,0
210455,1,1,1982,17,32,15,19,0,13,0,0,13,8
210456,1,1,1982,12,13,0,10,14,2,18,5,22,7
210457,0,1,1982,14,14,14,14,14,14,14,14,14,14
210457,1,1,1982,0,0,0,0,0,0,0,0,0,0
210458,0,1,1982,0,0,0,0,0,0,0,0,0,0
210458,1,1,1982,0,0,0,0,0,0,0,0,0,0
210459,1,1,1982,3,3,3,3,3,3,3,3,3,3
210460,1,1,1982,0,0,0,27,0,9,0,17,0,0
210461,1,1,1982,0,0,0,0,0,0,0,0,0,0
210461,2,1,1982,0,0,0,0,0,0,0,0,0,0
210462,0,1,1982,0,0,0,0,0,0,0,0,0,0
210462,1,1,1982,0,0,0,0,0,0,0,0,0,0
210463,1,1,1982,0,0,0,0,0,0,0,0,0,0
210463,2,1,1982,0,0,0,0,0,0,0,0,0,0
210464,1,1,1982,0,0,0,0,0,0,0,0,0,0
210464,2,1,1982,0,0,0,0,0,0,0,0,0,0
210465,1,1,1982,27,27,27,27,27,27,27,27,27,27
210466,1,1,1982,0,0,0,0,0,0,0,0,0,0
210466,2,1,1982,0,0,0,0,0,0,0,0,0,0
210467,1,1,1982,20,20,20,20,20,20,20,20,20,20
210468,1,1,1982,1,1,1,1,1,1,1,1,1,1
210469,0,1,1982,17,17,17,17,17,17,17,17,17,17
210469,0,2,1982,17,12,0,0,0,0,0,0,0,16
210469,1,1,1982,14,0,0,13,0,0,0,0,17,0
210469,2,1,1982,11,2,12,14,11,18,22,8,8,0
210470,1,1,1982,12,12,12,12,12,12,12,12,12,12
210470,2,1,1982,14,0,0,0,0,0,0,0,0,0
210471,1,1,1982,4,4,4,4,4,4,4,4,4,4
210472,1,1,1982,0,0,0,0,12,0,0,28,5,0
210473,1,1,1982,0,0,11,0,14,35,0,0,9,0
210474,1,1,1982,0,0,0,0,0,0,0,0,0,0
210475,1,1,1982,14,18,14,25,8,20,13,5,9,27
210476,1,1,1982,0,0,0,0,0,0,0,0,0,0
210477,1,1,1982,22,22,22,22,22,22,22,22,22,22
210478,0,1,1982,0,0,0,0,0,0,0,0,0,0
210478,1,1,1982,0,0,0,0,0,0,0,0,0,0
210479,0,1,1982,0,0,0,0,0,0,0,0,0,8
210479,1,1,1982,0,0,0,0,0,0,0,0,0,0
210480,1,1,1982,21,21,21,21,21,21,21,21,21,21
210480,2,1,1982,0,0,0,0,0,0,0,0,0,0
210480,3,1,1982,0,0,0,0,0,0,0,0,0,0
210481,1,1,1982,0,0,0,0,0,0,0,0,0,0
210481,2,1,1982,0,0,0,0,0,0,0,0,0,0
210482,1,1,1982,13,13,13,13,13,13,13,13,13,13
210482,2,1,1982,0,0,0,0,0,0,0,0,0,0
210483,1,1,1982,19,19,19,19,19,19,19,19,19,19
210484,1,1,1982,18,18,18,18,18,18,18,18,18,18
210485,1,1,1982,27,22,5,16,16,19,22,29,23,7
210486,1,1,1982,0,0,0,0,0,0,0,0,0,0
210487,1,1,1982,39,21,16,7,0,26,13,32,11,18
210488,0,1,1982,2,2,2,2,2,2,2,2,2,2
210488,1,1,1982,0,21,27,21,0,5,0,8,0,15
210489,1,1,1982,6,6,6,6,6,6,6,6,6,6
210489,2,1,1982,0,7,0,0,0,0,0,2,8,6
210490,1,1,1982,0,0,0,0,0,0,0,0,0,0
210490,2,1,1982,0,0,0,11,0,0,0,0,0,0
210491,1,1,1982,20,0,0,0,0,0,0,0,0,0
210491,2,1,1982,0,0,0,0,0,0,0,0,0,0
210492,1,1,1982,0,0,0,0,0,0,0,0,0,0
210492,2,1,1982,0,0,0,0,0,0,0,0,0,0
210493,1,1,1982,19,19,19,19,19,19,19,19,19,19
210494,0,1,1982,0,0,0,0,0,0,0,0,0,0
210494,1,1,1982,0,0,0,0,0,0,10,0,0,0
210495,1,1,1982,24,24,24,24,24,24,24,24,24,24
210496,1,1,1982,24,24,24,24,24,24,24,24,24,24
210497,1,1,1982,0,0,0,0,0,0,0,0,0,0
210497,2,1,1982,1,1,1,1,1,1,1,1,1,1
210498,0,1,1982,20,20,20,20,20,20,20,20,20,20
210498,1,1,1982,13,14,16,0,18,0,11,7,19,10
210499,0,1,1982,0,0,0,0,0,0,0,0,0,0
210499,1,1,1982,1,1,1,1,1,1,1,1,1,1
210500,1,1,1982,0,0,0,0,0,0,0,0,0,0
210501,1,1,1982,11,11,11,11,11,11,11,11,11,11
210502,1,1,1982,0,0,3,7,0,0,9,0,0,10
210503,0,1,1982,8,8,8,8,8,8,8,8,8,8
210503,1,1,1982,0,0,5,0,6,16,16,0,0,0
210504,1,1,1982,0,0,0,0,0,0,0,0,0,0
210504,2,1,1982,27,27,27,27,27,27,27,27,27,27
210505,0,1,1982,0,0,0,0,0,0,0,0,0,0
210505,1,1,1982,0,0,0,0,0,0,0,0,0,0
210506,1,1,1982,21,21,21,21,21,21,21,21,21,21
210507,1,1,1982,0,0,0,0,0,0,0,0,0,0
210507,2,1,1982,0,0,0,0,0,0,0,0,0,0
210508,0,1,1982,0,0,0,0,0,0,0,0,0,0
210508,1,1,1982,6,6,6,6,6,6,6,6,6,6
210509,0,1,1982,0,0,0,0,0,0,0,0,0,0
210509,1,1,1982,0,0,3,0,0,0,0,0,0,17
210510,1,1,1982,0,0,0,0,0,0,0,33,0,0
210511,1,1,1982,3,3,3,3,3,3,3,3,3,3
210511,2,1,1982,8,8,8,8,8,8,8,8,8,8
210512,1,1,1982,0,0,0,0,0,0,0,0,0,0
210514,1,1,1982,0,0,0,0,0,0,0,0,0,0
210514,2,1,1982,0,0,0,0,0,0,0,0,0,0
210514,3,1,1982,8,0,0,0,0,0,0,0,0,0
210514,4,1,1982,0,0,0,0,0,0,0,0,0,0
210515,1,1,1982,14,14,14,14,14,14,14,14,14,14
210516,1,1,1982,14,14,14,14,14,14,14,14,14,14
210517,1,1,1982,0,0,0,0,0,0,0,0,0,0
210517,2,1,1982,9,17,15,19,18,5,0,13,0,22
210518,1,1,1982,14,14,14,14,14,14,14,14,14,14
210518,2,1,1982,26,26,26,26,26,26,26,26,26,26
210519,1,1,1982,0,14,0,0,0,0,0,0,0,0
210519,2,1,1982,0,0,0,0,0,0,0,0,0,0
210520,0,1,1982,1,1,1,1,1,1,1,1,1,1
210520,1,1,1982,26,8,31,21,9,12,12,17,19,5
210521,1,1,1982,5,14,31,21,10,27,10,21,10,14
210522,0,1,1982,0,0,0,0,0,8,0,0,0,0
210522,1,1,1982,0,0,0,0,0,0,0,0,0,0
210523,0,1,1982,8,11,0,0,0,18,0,0,20,0
210523,0,2,1982,0,10,16,0,0,0,0,0,0,0
210523,1,1,1982,16,16,16,16,16,16,16,16,16,16
210524,1,1,1982,11,11,11,11,11,11,11,11,11,11
210525,1,1,1982,15,26,19,17,25,13,12,11,19,12
210526,1,1,1982,12,0,8,10,0,17,20,0,0,0
210527,1,1,1982,24,24,24,24,24,24,24,24,24,24
210528,1,1,1982,0,0,0,6,0,0,0,0,0,0
210529,1,1,1982,12,12,12,12,12,12,12,12,12,12
210530,0,1,1982,0,0,0,0,0,0,0,0,0,0
210530,1,1,1982,0,0,0,0,0,0,0,0,0,0
210531,1,1,1982,0,0,0,0,0,0,0,0,0,0
210532,1,1,1982,0,0,0,0,0,0,0,0,0,0
210533,1,1,1982,14,14,14,14,14,14,14,14,14,14
210534,1,1,1982,24,24,24,24,24,24,24,24,24,24
210535,1,1,1982,0,0,0,0,0,0,0,0,0,0
210536,1,1,1982,0,0,0,0,0,0,0,0,0,0
210537,1,1,1982,0,0,0,0,0,0,0,0,0,0
210538,1,1,1982,0,0,0,0,0,18,0,0,0,0
210539,1,1,1982,5,5,5,5,5,5,5,5,5,5
210540,1,1,1982,0,0,0,10,0,0,0,0,0,0
210540,2,1,1982,0,0,0,0,0,0,0,0,0,0
210541,1,1,1982,0,11,0,0,0,0,13,0,0,0
210541,2,1,1982,0,0,0,0,0,0,0,0,0,0
210542,1,1,1982,0,0,0,0,0,0,0,0,0,0
210542,2,1,1982,0,0,5,0,0,0,0,0,0,0
210543,0,1,1982,0,0,0,0,0,0,0,0,0,0
210543,1,1,1982,11,11,11,11,11,11,11,11,11,11
210544,1,1,1982,0,0,0,0,0,0,0,0,0,0
210544,2,1,1982,0,0,9,0,0,0,0,0,0,0
210545,1,1,1982,24,24,24,24,24,24,24,24,24,24
210546,1,1,1982,0,0,0,0,0,0,0,0,0,0
210546,2,1,1982,0,0,0,0,18,0,0,0,20,0
210547,1,1,1982,0,0,0,0,0,0,0,0,0,0
210547,2,1,1982,0,0,0,0,0,0,0,0,0,0
210548,1,1,1982,0,0,0,0,0,0,0,0,0,0
210548,2,1,1982,0,0,0,0,0,0,0,0,0,0
210549,1,1,1982,0,0,0,0,0,4,0,0,0,0
210550,1,1,1982,1,1,1,1,1,1,1,1,1,1
210550,2,1,1982,0,0,0,0,0,0,0,0,0,0
210551,1,1,1982,34,34,34,34,34,34,34,34,34,34
210552,1,1,1982,0,0,0,0,0,0,0,0,0,0
210552,2,1,1982,0,0,0,0,0,0,0,15,0,0
210553,1,1,1982,29,29,29,29,29,29,29,29,29,29
210553,2,1,1982,0,0,0,0,5,0,0,0,10,0
210554,1,1,1982,25,25,25,25,25,25,25,25,25,25
210555,1,1,1982,0,0,0,0,0,0,0,0,0,0
210555,2,1,1982,3,3,3,3,3,3,3,3,3,3
210556,1,1,1982,0,0,0,9,0,0,0,15,0,25
210556,2,1,1982,33,33,33,33,33,33,33,33,33,33
210557,1,1,1982,21,21,21,21,21,21,21,21,21,21
210557,2,1,1982,0,0,0,0,0,0,0,30,0,0
210558,1,1,1982,21,18,9,14,22,22,31,19,24,10
210559,0,1,1982,0,0,0,0,0,0,0,0,0,0
210559,1,1,1982,0,0,0,0,0,0,0,0,0,0
210560,1,1,1982,11,11,11,11,11,11,11,11,11,11
210561,1,1,1982,13,10,16,16,25,11,16,11,28,16
210562,1,1,1982,0,0,0,0,0,0,0,0,0,0
210562,2,1,1982,0,0,0,0,0,0,0,0,0,0
210563,1,1,1982,14,0,14,18,18,13,2,12,23,12
210564,1,1,1982,10,10,10,10,10,10,10,10,10,10
210565,1,1,1982,0,0,0,0,0,0,0,0,0,0
210565,2,1,1982,0,0,0,0,0,0,0,0,0,0
210566,1,1,1982,0,0,10,0,0,0,0,0,0,0
210567,1,1,1982,4,8,10,8,8,0,5,15,15,14
210568,1,1,1982,0,0,0,0,0,0,0,0,0,0
210568,2,1,1982,0,0,0,0,0,0,0,0,0,0
210569,0,1,1982,0,0,0,0,0,0,0,0,0,0
210569,1,1,1982,0,0,0,0,0,0,0,0,0,0
210570,1,1,1982,0,0,0,0,0,0,0,0,0,0
210571,1,1,1982,0,0,0,0,0,0,0,0,0,6
210572,1,1,1982,0,0,0,0,0,0,0,0,0,0
210572,2,1,1982,8,0,0,0,0,0,0,0,0,0
210573,1,1,1982,0,0,0,0,0,0,0,0,0,0
210573,2,1,1982,0,0,0,0,0,0,0,0,0,0
210574,1,1,1982,0,0,11,0,0,0,0,0,0,0
210574,2,1,1982,0,0,0,0,0,0,0,0,0,0
210575,1,1,1982,14,14,14,14,14,14,14,14,14,14
210575,2,1,1982,22,0,0,0,0,0,0,0,0,0
210576,1,1,1982,17,17,17,17,17,17,17,17,17,17
210577,1,1,1982,7,24,25,4,18,25,13,20,20,5
210578,1,1,1982,0,0,0,0,0,0,0,0,0,0
210578,2,1,1982,0,0,0,0,0,0,0,0,0,0
210579,1,1,1982,0,0,0,0,0,0,0,0,0,0
210579,2,1,1982,0,0,0,0,0,0,0,0,0,0
210580,1,1,1982,20,20,20,20,20,20,20,20,20,20
210581,1,1,1982,16,16,16,16,16,16,16,16,16,16
210582,1,1,1982,10,10,10,10,10,10,10,10,10,10
210583,1,1,1982,20,20,20,20,20,20,20,20,20,20
210584,1,1,1982,14,14,14,14,14,14,14,14,14,14
210585,1,1,1982,22,22,22,22,22,22,22,22,22,22
210586,1,1,1982,0,0,0,0,0,0,0,9,0,0
210586,2,1,1982,0,0,0,0,0,0,0,0,0,0
210587,0,1,1982,22,29,25,24,29,30,25,26,29,41
210587,1,1,1982,0,0,0,0,0,0,0,0,0,0
210588,1,1,1982,11,11,11,11,11,11,11,11,11,11
210588,2,1,1982,23,23,23,23,23,23,23,23,23,23
210589,1,1,1982,0,0,0,0,0,0,0,0,0,0
210590,1,1,1982,0,0,0,0,0,0,0,0,0,0
210591,1,1,1982,6,6,6,6,6,6,6,6,6,6
210591,2,1,1982,0,0,0,0,0,0,0,0,0,0
210592,1,1,1982,17,17,17,17,17,17,17,17,17,17
210592,2,1,1982,0,0,0,0,0,0,0,0,0,0
210593,1,1,1982,0,0,0,0,0,0,0,0,0,0
210593,2,1,1982,0,0,0,0,0,0,0,9,0,0
210594,0,1,1982,0,0,0,0,0,0,0,0,0,0
210594,1,1,1982,0,0,0,0,13,0,0,0,0,0
210595,1,1,1982,24,24,24,24,24,24,24,24,24,24
210596,1,1,1982,20,20,20,20,20,20,20,20,20,20
210596,2,1,1982,11,11,11,11,11,11,11,11,11,11
210596,3,1,1982,0,0,0,0,0,0,0,0,0,0
210597,0,1,1982,22,22,22,22,22,22,22,22,22,22
210597,1,1,1982,13,13,13,13,13,13,13,13,13,13
210598,1,1,1982,0,0,0,0,0,0,0,0,0,0
210599,1,1,1982,0,0,0,0,0,0,0,0,0,0
210599,2,1,1982,0,0,0,0,0,0,0,0,0,0
210599,3,1,1982,0,0,0,0,0,0,0,0,0,0
210600,1,1,1982,6,6,6,6,6,6,6,6,6,6
210601,1,1,1982,0,0,0,0,0,0,0,0,0,0
210601,2,1,1982,0,0,0,0,0,0,0,0,0,0
210602,1,1,1982,0,0,0,0,0,0,0,0,0,0
210603,1,1,1982,16,21,21,23,24,26,12,17,29,20
210603,2,1,1982,0,0,0,0,0,0,0,0,0,0
210604,1,1,1982,0,20,0,0,0,0,0,0,0,0
210604,2,1,1982,0,0,0,0,0,0,0,0,0,0
210605,0,1,1982,23,23,23,23,23,23,23,23,23,23
210605,1,1,1982,0,0,0,0,0,6,0,0,0,0
210605,2,1,1982,0,0,0,0,0,0,0,0,0,0
210606,0,1,1982,0,0,0,0,0,0,0,0,0,0
210606,1,1,1982,7,9,0,0,0,0,0,0,0,12
210607,1,1,1982,0,16,0,0,0,0,0,0,0,0
210607,2,1,1982,8,8,8,8,8,8,8,8,8,8
210608,1,1,1982,0,0,0,0,0,0,0,0,0,0
210608,2,1,1982,0,0,0,0,0,0,0,0,0,0
210609,1,1,1982,19,19,19,19,19,19,19,19,19,19
210610,1,1,1982,0,15,0,0,0,0,0,56,4,0
210610,2,1,1982,0,0,0,0,0,0,0,0,0,0
210610,3,1,1982,0,0,0,0,0,9,0,0,0,0
210610,4,1,1982,0,0,0,14,0,0,0,0,0,0
210610,5,1,1982,0,0,0,0,0,0,0,14,0,0
210611,0,1,1982,0,0,0,0,0,0,0,0,0,0
210611,1,1,1982,18,18,18,18,18,18,18,18,18,18
210612,1,1,1982,0,0,0,0,0,0,0,0,0,0
210613,1,1,1982,0,0,0,12,16,0,18,14,0,0
210614,0,1,1982,0,0,0,0,0,0,0,0,0,0
210615,1,1,1982,0,0,0,0,0,0,0,0,0,0
210615,2,1,1982,0,0,0,0,0,0,0,0,0,0
210616,1,1,1982,0,0,0,0,0,0,0,0,0,0
210616,2,1,1982,0,0,0,0,18,0,8,0,0,3
210616,3,1,1982,0,0,0,0,0,0,0,0,0,0
210617,1,1,1982,0,0,0,0,0,0,0,0,0,0
210618,1,1,1982,32,32,32,32,32,32,32,32,32,32
210619,1,1,1982,0,0,0,0,0,0,0,0,0,0
210619,2,1,1982,25,25,25,25,25,25,25,25,25,25
210620,1,1,1982,14,0,23,0,0,0,0,15,0,0
210621,1,1,1982,14,14,14,14,14,14,14,14,14,14
210622,1,1,1982,15,15,15,15,15,15,15,15,15,15
210623,0,1,1982,35,35,35,35,35,35,35,35,35,35
210623,1,1,1982,17,21,6,8,16,24,6,17,9,31
210624,1,1,1982,17,17,17,17,17,17,17,17,17,17
210625,1,1,1982,11,11,11,11,11,11,11,11,11,11
210625,2,1,1982,0,0,0,0,0,0,0,0,0,0
210626,1,1,1982,0,0,0,0,0,0,0,0,0,0
210626,2,1,1982,0,0,0,0,0,0,3,0,0,0
210627,1,1,1982,0,0,0,0,0,0,0,0,0,0
210628,0,1,1982,32,32,32,32,32,32,32,32,32,32
210628,1,1,1982,5,0,0,0,0,0,0,0,0,0
210629,1,1,1982,14,14,14,14,14,14,14,14,14,14
210630,0,1,1982,0,0,8,0,0,0,0,0,0,0
210630,0,2,1982,0,0,0,0,0,0,0,0,0,0
210630,1,1,1982,0,0,0,0,0,0,0,0,0,10
210631,1,1,1982,0,0,0,0,0,0,0,0,0,0
210631,2,1,1982,0,0,0,0,0,0,0,0,0,0
210632,0,1,1982,0,0,6,0,0,0,0,0,0,3
210632,0,2,1982,0,0,0,0,0,0,0,0,0,0
210632,1,1,1982,0,0,28,0,0,0,0,0,0,0
210633,1,1,1982,0,0,0,0,0,0,0,0,0,0
210633,2,1,1982,0,0,0,0,0,0,0,0,0,0
210634,1,1,1982,11,11,11,11,11,11,11,11,11,11
210635,1,1,1982,0,0,0,0,8,0,0,0,0,9
210635,2,1,1982,2,2,2,2,2,2,2,2,2,2
210636,1,1,1982,0,0,0,0,0,0,0,0,0,0
210637,1,1,1982,19,19,19,19,19,19,19,19,19,19
210638,1,1,1982,4,4,4,4,4,4,4,4,4,4
210638,2,1,1982,7,0,0,0,0,0,0,0,0,0
210639,1,1,1982,10,10,10,10,10,10,10,10,10,10
210640,1,1,1982,20,20,20,20,20,20,20,20,20,20
210641,0,1,1982,0,0,0,0,0,0,0,0,0,0
210641,1,1,1982,0,0,0,0,0,0,0,0,0,0
210642,1,1,1982,14,14,14,14,14,14,14,14,14,14
210643,1,1,1982,16,15,23,0,0,8,3,0,9,0
210644,0,1,1982,14,14,14,14,14,14,14,14,14,14
210644,1,1,1982,7,7,7,7,7,7,7,7,7,7
210646,1,1,1982,0,0,0,0,0,0,0,0,0,0
210646,2,1,1982,0,0,0,0,0,0,0,0,0,0
210647,0,1,1982,14,14,14,14,14,14,14,14,14,14
210647,1,1,1982,39,20,18,15,0,33,20,15,0,37
210648,1,1,1982,10,10,10,10,10,10,10,10,10,10
210649,0,1,1982,0,8,0,0,0,0,0,0,0,0
210649,1,1,1982,0,0,0,0,0,0,0,0,0,0
210650,1,1,1982,0,0,0,0,0,0,0,0,0,0
210651,0,1,1982,26,26,26,26,26,26,26,26,26,26
210651,1,1,1982,0,0,0,0,0,0,0,0,0,0
210652,1,1,1982,19,19,19,19,19,19,19,19,19,19
210653,1,1,1982,0,0,0,0,0,0,0,0,0,0
210653,2,1,1982,0,0,0,0,0,0,0,0,0,0
210653,3,1,1982,0,0,0,0,0,0,0,0,0,0
210653,4,1,1982,0,0,0,0,0,0,0,0,0,0
210653,5,1,1982,0,0,0,0,0,0,11,0,0,0
210654,1,1,1982,0,0,0,0,0,0,0,0,0,0
210654,2,1,1982,0,0,0,0,0,0,0,0,0,0
210655,0,1,1982,0,0,0,0,0,25,0,0,0,0
210655,1,1,1982,0,0,0,0,0,0,0,0,0,0
210656,1,1,1982,21,21,21,21,21,21,21,21,21,21
210657,0,1,1982,10,10,10,10,10,10,10,10,10,10
210657,1,1,1982,0,0,0,0,0,0,0,0,0,0
210658,1,1,1982,19,19,19,19,19,19,19,19,19,19
210659,1,1,1982,0,0,0,0,0,0,0,0,0,0
210659,2,1,1982,0,0,0,0,0,0,0,0,0,0
210660,1,1,1982,14,14,14,14,14,14,14,14,14,14
210661,1,1,1982,0,0,0,0,0,0,0,0,0,0
210662,1,1,1982,0,28,11,0,16,7,30,16,28,16
210662,2,1,1982,0,0,0,0,0,0,0,0,0,0
210663,0,1,1982,0,0,0,0,0,6,0,0,21,8
210663,1,1,1982,0,0,0,0,0,7,0,0,17,0
210664,1,1,1982,11,11,11,11,11,11,11,11,11,11
210665,0,1,1982,0,0,0,0,0,0,0,0,0,0
210665,1,1,1982,0,0,19,23,6,22,0,11,7,0
210665,2,1,1982,0,21,0,0,0,0,0,0,0,0
210666,1,1,1982,20,20,20,20,20,20,20,20,20,20
210667,1,1,1982,7,7,7,7,7,7,7,7,7,7
210667,2,1,1982,0,0,0,0,0,0,0,0,0,0
210667,3,1,1982,0,0,0,0,0,0,0,0,0,0
210667,4,1,1982,0,0,0,0,0,0,0,0,0,9
210668,1,1,1982,0,0,0,0,0,0,0,0,0,0
210668,2,1,1982,0,0,0,0,0,0,0,0,0,0
210669,1,1,1982,22,22,22,22,22,22,22,22,22,22
210669,2,1,1982,1,1,1,1,1,1,1,1,1,1
210670,1,1,1982,26,26,26,26,26,26,26,26,26,26
210670,2,1,1982,0,0,0,0,0,0,0,0,0,0
210671,1,1,1982,0,0,0,25,0,0,0,0,0,0
210672,1,1,1982,0,0,0,0,0,0,0,0,0,0
210672,2,1,1982,0,5,0,0,0,0,0,0,0,0
210673,1,1,1982,0,0,0,0,0,0,0,0,0,0
210673,2,1,1982,0,0,0,0,0,0,0,0,0,0
210674,1,1,1982,9,9,9,9,9,9,9,9,9,9
210675,1,1,1982,18,21,21,20,31,10,15,27,11,18
210676,1,1,1982,20,20,20,20,20,20,20,20,20,20
210677,1,1,1982,0,0,0,0,0,0,0,0,0,0
210678,1,1,1982,0,0,0,0,0,0,0,0,0,0
210678,2,1,1982,0,0,0,0,0,0,0,0,0,0
210679,1,1,1982,0,0,0,0,0,0,10,0,0,0
210680,0,1,1982,0,0,0,0,0,0,0,0,0,0
210680,1,1,1982,0,15,0,0,0,0,0,0,0,0
210681,1,1,1982,25,25,25,25,25,25,25,25,25,25
210681,2,1,1982,0,0,0,0,0,0,0,0,0,0
210682,1,1,1982,19,4,10,14,14,14,8,13,7,4
210682,2,1,1982,0,0,0,0,0,5,0,0,0,0
210683,1,1,1982,0,0,0,0,0,0,0,0,0,0
210683,2,1,1982,0,0,0,0,0,0,0,0,0,0
210684,1,1,1982,0,0,0,0,0,0,0,0,0,0
210685,0,1,1982,0,0,0,0,0,22,0,0,0,11
210685,0,2,1982,0,0,0,0,0,0,0,0,0,0
210685,1,1,1982,0,0,0,0,0,0,0,0,0,0
210686,1,1,1982,0,0,0,0,0,0,0,0,0,0
210686,2,1,1982,0,0,0,0,0,0,0,0,0,0
210687,0,1,1982,0,0,0,0,0,0,0,0,0,0
210687,1,1,1982,0,0,0,0,0,24,0,0,0,0
210688,1,1,1982,0,0,0,0,0,0,0,0,0,0
210688,2,1,1982,0,0,0,0,0,0,0,5,0,4