ST_CASE,VEH_NO,PER_NO,YEAR,P1,P2,P3,P4,P5,P6,P7,P8,P9,P10
210689,1,1,1982,22,22,22,22,22,22,22,22,22,22
210690,1,1,1982,8,8,8,8,8,8,8,8,8,8
210690,2,1,1982,0,0,0,0,0,0,0,0,0,0
210691,1,1,1982,20,20,20,20,20,20,20,20,20,20
210692,1,1,1982,0,0,0,0,0,0,0,0,0,0
210693,1,1,1982,23,23,23,23,23,23,23,23,23,23
210694,1,1,1982,7,7,7,7,7,7,7,7,7,7
210695,1,1,1982,20,20,20,20,20,20,20,20,20,20
210696,1,1,1982,21,0,5,14,5,9,0,18,13,8
210697,0,1,1982,11,11,11,11,11,11,11,11,11,11
210697,1,1,1982,0,4,0,0,0,0,0,0,0,0
210698,1,1,1982,0,14,0,0,0,0,0,4,10,0
210698,2,1,1982,0,0,0,0,0,0,0,0,0,0
210699,1,1,1982,7,7,7,7,7,7,7,7,7,7
210700,1,1,1982,0,18,8,0,0,10,25,14,3,22
210701,0,1,1982,0,0,0,0,0,0,0,0,0,0
210701,1,1,1982,0,0,0,0,0,0,0,0,0,0
210702,1,1,1982,0,0,0,0,17,0,0,0,0,0
210703,1,1,1982,0,0,0,0,0,0,0,0,0,0
210703,2,1,1982,0,0,0,0,0,0,0,0,0,0
210704,1,1,1982,0,0,6,0,0,0,0,0,0,0
210704,2,1,1982,0,0,0,0,0,0,0,15,16,0
210705,1,1,1982,0,0,0,0,0,0,0,0,0,0
210706,1,1,1982,1,1,1,1,1,1,1,1,1,1
210706,2,1,1982,0,0,0,0,11,0,0,10,0,0
210707,1,1,1982,22,22,22,22,22,22,22,22,22,22
210707,2,1,1982,0,0,0,0,0,0,0,0,0,0
210708,1,1,1982,23,23,23,23,23,23,23,23,23,23
210709,1,1,1982,3,0,16,0,0,0,0,8,0,0
210709,2,1,1982,0,0,0,0,0,0,0,0,0,0
210710,1,1,1982,17,5,0,9,15,0,18,9,13,10
210711,1,1,1982,0,0,0,0,0,0,0,0,0,20
210712,1,1,1982,8,0,0,0,0,3,0,0,0,0
210712,2,1,1982,0,0,0,0,0,0,0,0,0,0
210712,3,1,1982,0,0,0,0,0,0,0,0,0,0
210712,4,1,1982,0,0,0,0,0,0,0,0,0,0
210713,1,1,1982,0,0,0,0,0,0,0,0,0,0
210714,1,1,1982,18,18,18,18,18,18,18,18,18,18
210715,1,1,1982,0,0,0,0,0,0,19,0,0,12
210716,1,1,1982,22,22,22,22,22,22,22,22,22,22
210716,2,1,1982,0,0,0,0,0,0,0,0,0,0
210717,1,1,1982,25,25,25,25,25,25,25,25,25,25
210717,2,1,1982,0,33,0,0,14,12,0,0,0,0
210719,0,1,1982,0,13,0,0,19,0,14,24,0,0
210719,1,1,1982,0,0,0,0,0,0,0,0,0,0
210719,2,1,1982,0,0,0,0,0,0,9,0,0,0
210720,1,1,1982,0,0,0,0,12,0,6,0,0,0
210720,2,1,1982,0,0,0,4,0,0,0,0,0,0
210721,1,1,1982,0,0,0,0,0,0,0,0,0,0
210721,2,1,1982,0,0,0,0,0,0,0,0,0,0
210722,1,1,1982,0,0,0,0,0,0,0,0,0,0
210723,1,1,1982,0,7,0,0,0,0,0,0,0,7
210723,2,1,1982,28,28,28,28,28,28,28,28,28,28
210724,1,1,1982,26,26,26,26,26,26,26,26,26,26
210725,1,1,1982,0,0,0,0,0,0,0,0,0,0
210726,1,1,1982,0,0,0,0,0,0,0,0,0,0
210726,2,1,1982,0,0,0,16,0,31,0,0,0,0
210727,0,1,1982,0,0,0,0,0,0,0,0,0,0
210727,1,1,1982,16,16,16,16,16,16,16,16,16,16
210728,1,1,1982,0,13,24,0,5,0,0,0,0,0
210729,1,1,1982,0,0,0,0,0,0,0,0,0,0
210729,2,1,1982,0,0,0,0,0,0,0,0,0,0
210730,1,1,1982,0,0,0,0,0,0,0,0,0,0
210730,2,1,1982,0,0,0,0,0,0,0,0,0,0
210731,1,1,1982,0,0,0,0,0,0,0,0,0,0
210733,1,1,1982,0,21,0,12,0,0,29,18,0,0
210734,0,1,1982,28,28,28,28,28,28,28,28,28,28
210734,1,1,1982,0,0,0,0,0,0,0,0,0,0
210735,1,1,1982,11,11,11,11,11,11,11,11,11,11
210735,2,1,1982,0,0,0,0,0,0,0,0,0,0
210736,0,1,1982,0,0,0,0,0,0,0,0,0,0
210736,1,1,1982,0,0,0,0,0,0,0,0,0,5
210737,1,1,1982,17,17,17,17,17,17,17,17,17,17
210738,1,1,1982,0,0,0,0,0,0,0,0,0,0
210738,2,1,1982,0,0,0,0,0,0,0,0,0,0
210739,1,1,1982,0,0,0,0,0,9,0,0,0,0
210740,1,1,1982,27,16,0,20,0,0,40,34,36,20
210741,1,1,1982,0,0,0,0,0,0,0,0,0,0
210741,2,1,1982,0,0,0,0,0,0,0,0,0,0
210742,1,1,1982,41,27,25,23,25,27,25,24,23,42
220001,1,1,1982,13,16,16,19,16,30,17,0,17,16
220001,2,1,1982,0,0,0,0,0,0,13,0,0,0
220001,3,1,1982,0,0,0,0,0,0,0,0,8,0
220002,1,1,1982,26,16,21,25,25,12,28,20,9,19
220003,1,1,1982,22,20,14,27,23,15,24,13,8,14
220004,1,1,1982,8,8,8,8,8,8,8,8,8,8
220004,2,1,1982,12,33,17,24,25,16,19,12,14,22
220005,1,1,1982,0,0,6,0,7,0,14,0,0,0
220006,1,1,1982,0,0,0,0,0,0,0,0,6,0
220006,2,1,1982,9,9,6,0,0,0,0,0,0,0
220008,1,1,1982,0,0,0,0,0,0,0,0,0,0
220008,2,1,1982,0,0,0,0,0,0,0,0,0,0
220009,1,1,1982,14,24,34,19,0,27,0,0,0,15
220010,0,1,1982,32,31,19,22,10,31,34,29,24,32
220010,1,1,1982,22,0,10,0,34,13,24,16,0,2
220011,0,1,1982,23,21,11,20,20,18,29,28,17,35
220011,1,1,1982,20,20,19,9,10,0,12,16,6,2
220012,1,1,1982,16,16,16,16,16,16,16,16,16,16
220012,2,1,1982,0,0,0,0,0,0,0,0,0,0
220013,1,1,1982,22,12,20,14,15,7,15,5,10,12
220013,2,1,1982,19,0,0,0,8,0,8,14,17,20
220014,1,1,1982,20,3,6,16,22,25,13,8,29,9
220015,1,1,1982,0,17,37,18,0,17,11,0,18,0
220016,1,1,1982,0,0,0,25,10,20,0,0,0,0
220016,2,1,1982,14,14,14,14,14,14,14,14,14,14
220017,1,1,1982,0,0,0,0,0,0,0,0,0,0
220017,2,1,1982,0,0,0,0,0,0,0,0,0,0
220018,0,1,1982,53,24,0,0,19,39,33,0,20,0
220018,1,1,1982,0,0,0,0,0,0,0,0,0,0
220019,1,1,1982,0,15,0,0,35,0,13,22,29,14
220019,2,1,1982,4,4,4,4,4,4,4,4,4,4
220020,1,1,1982,20,21,14,25,21,15,0,21,33,17
220021,1,1,1982,22,22,22,22,22,22,22,22,22,22
220021,2,1,1982,18,18,18,18,18,18,18,18,18,18
220022,0,1,1982,8,4,15,0,22,0,0,0,0,0
220022,1,1,1982,16,16,16,16,16,16,16,16,16,16
220023,1,1,1982,22,22,22,22,22,22,22,22,22,22
220024,1,1,1982,0,0,0,0,0,2,0,0,0,0
220024,2,1,1982,0,0,20,0,0,0,13,0,0,0
220025,0,1,1982,0,0,0,0,0,0,0,0,0,0
220025,0,2,1982,0,0,0,0,0,0,0,0,0,0
220025,1,1,1982,19,19,19,19,19,19,19,19,19,19
220026,1,1,1982,0,0,0,6,0,0,0,0,0,0
220026,2,1,1982,25,33,0,32,0,19,22,0,0,17
220027,1,1,1982,12,0,0,0,0,22,13,12,18,7
220028,1,1,1982,0,0,0,0,0,0,0,0,0,0
220028,2,1,1982,0,0,0,0,0,0,0,0,0,0
220029,0,1,1982,27,0,17,14,0,0,0,0,0,0
220029,1,1,1982,2,2,2,2,2,2,2,2,2,2
220030,1,1,1982,8,17,22,20,25,35,16,28,25,29
220031,1,1,1982,22,22,22,22,22,22,22,22,22,22
220031,2,1,1982,0,0,0,0,0,0,0,0,0,0
220032,0,1,1982,0,0,0,0,9,0,0,0,0,13
220032,1,1,1982,0,0,0,22,0,13,13,0,0,0
220034,1,1,1982,6,18,35,30,17,19,15,14,26,9
220035,0,1,1982,0,0,0,0,0,0,0,0,0,0
220035,1,1,1982,0,0,0,0,0,0,0,0,0,0
220036,1,1,1982,0,0,0,0,0,0,0,0,0,0
220036,2,1,1982,0,0,0,0,0,0,0,0,0,0
220036,3,1,1982,0,0,0,0,0,0,0,0,0,0
220037,1,1,1982,0,0,0,0,0,0,0,0,15,6
220037,2,1,1982,13,18,15,0,8,4,19,17,8,13
220038,1,1,1982,17,17,10,17,5,30,25,21,11,25
220038,2,1,1982,0,0,0,0,0,0,0,2,0,0
220039,1,1,1982,1,1,1,1,1,1,1,1,1,1
220039,2,1,1982,10,17,14,14,18,13,20,11,18,11
220040,0,1,1982,0,32,0,0,0,0,0,0,0,0
220040,1,1,1982,0,0,0,0,0,0,0,0,0,0
220041,1,1,1982,0,8,12,0,0,0,0,0,0,0
220041,2,1,1982,0,0,0,0,0,0,0,0,0,0
220041,3,1,1982,0,0,0,0,0,0,0,0,0,0
220042,0,1,1982,0,0,0,0,0,0,0,0,0,0
220042,1,1,1982,1,1,1,1,1,1,1,1,1,1
220043,1,1,1982,0,0,0,0,0,13,0,5,0,0
220044,1,1,1982,0,0,4,0,0,0,0,0,0,0
220044,2,1,1982,0,0,0,0,0,0,0,0,0,0
220045,1,1,1982,0,28,0,15,0,0,17,25,0,0
220045,2,1,1982,17,0,0,0,0,0,0,0,0,8
220046,0,1,1982,19,19,19,19,19,19,19,19,19,19
220046,1,1,1982,0,0,0,0,0,0,0,0,0,0
220047,0,1,1982,0,0,0,0,0,21,0,0,0,9
220047,1,1,1982,12,0,10,30,14,0,0,8,17,5
220048,1,1,1982,0,0,0,0,0,0,0,0,0,0
220048,2,1,1982,0,0,0,0,0,0,0,0,0,0
220049,0,1,1982,0,0,0,0,0,0,0,0,0,10
220049,0,2,1982,0,0,0,0,0,0,0,0,0,0
220049,0,3,1982,0,0,0,0,0,0,0,0,0,0
220049,1,1,1982,0,0,0,0,0,0,0,0,0,0
220049,2,1,1982,0,0,0,0,0,0,0,0,0,0
220050,0,1,1982,16,0,0,0,0,0,0,0,0,0
220050,1,1,1982,0,0,0,0,0,0,0,0,0,0
220051,1,1,1982,0,12,8,0,29,26,26,26,12,0
220052,1,1,1982,0,0,0,0,0,0,0,0,0,0
220052,2,1,1982,10,0,0,24,26,0,9,0,8,0
220053,1,1,1982,0,0,0,20,23,13,27,14,0,21
220054,1,1,1982,0,0,0,0,0,0,0,0,0,0
220054,2,1,1982,15,15,15,15,15,15,15,15,15,15
220055,1,1,1982,0,17,0,10,11,0,0,0,11,13
220056,1,1,1982,0,0,0,0,0,0,0,0,0,0
220056,2,1,1982,2,2,2,2,2,2,2,2,2,2
220057,1,1,1982,28,9,31,26,0,10,30,15,12,19
220058,1,1,1982,7,7,7,7,7,7,7,7,7,7
220059,1,1,1982,0,0,0,0,11,0,0,13,0,0
220059,2,1,1982,0,0,0,0,16,27,0,0,0,0
220060,0,1,1982,0,27,0,0,0,0,0,46,0,0
220060,1,1,1982,0,0,0,19,0,0,0,0,0,0
220061,0,1,1982,0,0,0,17,0,12,0,0,0,25
220061,0,2,1982,0,15,11,19,0,0,0,0,0,0
220061,1,1,1982,0,0,0,0,0,0,0,0,0,0
220064,1,1,1982,0,0,0,20,0,20,0,0,7,16
220065,1,1,1982,18,18,18,18,18,18,18,18,18,18
220065,2,1,1982,0,0,0,0,0,0,0,0,0,0
220066,0,1,1982,0,0,0,0,0,11,0,19,0,0
220066,1,1,1982,2,2,2,2,2,2,2,2,2,2
220067,1,1,1982,0,0,0,0,0,0,0,0,0,0
220067,2,1,1982,1,1,1,1,1,1,1,1,1,1
220068,1,1,1982,4,40,0,0,17,40,9,15,17,20
220069,0,1,1982,29,19,12,0,31,29,0,15,0,23
220069,1,1,1982,0,0,0,0,0,0,0,0,0,16
220070,0,1,1982,15,0,9,11,22,0,0,0,0,0
220070,0,2,1982,24,19,8,19,14,11,35,14,23,9
220070,1,1,1982,0,0,0,0,15,0,0,0,0,0
220071,1,1,1982,11,23,29,10,22,17,27,15,17,27
220072,1,1,1982,21,0,19,15,7,17,17,10,26,32
220072,2,1,1982,0,0,16,6,12,20,0,0,20,10
220073,1,1,1982,18,18,18,18,18,18,18,18,18,18
220074,1,1,1982,0,0,0,0,0,0,0,0,0,0
220074,2,1,1982,0,0,0,0,0,0,0,0,0,0
220075,1,1,1982,24,0,0,0,0,0,0,0,0,0
220075,2,1,1982,2,2,2,2,2,2,2,2,2,2
220076,1,1,1982,0,0,8,0,0,0,0,0,6,0
220076,2,1,1982,0,27,0,0,0,0,0,0,0,0
220077,1,1,1982,0,0,0,0,7,0,0,0,0,0
220077,2,1,1982,0,0,0,0,0,0,0,0,0,0
220078,1,1,1982,0,0,4,13,15,14,15,5,14,0
220079,1,1,1982,17,0,17,16,0,0,0,10,0,0
220079,2,1,1982,0,0,0,0,0,0,0,0,0,0
220080,1,1,1982,0,0,0,0,0,0,0,0,0,0
220080,2,1,1982,0,0,0,0,0,0,0,0,0,0
220081,0,1,1982,0,21,0,25,11,16,26,20,27,0
220081,1,1,1982,22,12,12,0,13,0,0,0,25,17
220082,1,1,1982,4,5,0,0,0,0,0,0,0,0
220082,2,1,1982,0,0,0,0,0,0,0,0,0,0
220083,1,1,1982,0,0,0,0,0,0,0,0,0,0
220083,2,1,1982,0,0,0,0,0,0,0,0,0,0
220084,1,1,1982,24,24,24,24,24,24,24,24,24,24
220085,1,1,1982,11,11,11,11,11,11,11,11,11,11
220085,2,1,1982,0,0,0,0,0,0,0,0,0,0
220086,1,1,1982,15,15,15,15,15,15,15,15,15,15
220087,1,1,1982,0,16,0,0,0,0,0,0,0,0
220088,1,1,1982,0,0,0,0,0,0,0,0,0,0
220088,2,1,1982,0,0,0,0,0,22,10,0,16,6
220088,3,1,1982,11,10,0,0,0,0,0,0,0,27
220089,1,1,1982,14,22,16,20,29,17,3,10,18,23
220089,2,1,1982,0,0,0,0,0,0,0,0,0,0
220089,3,1,1982,0,0,0,0,0,0,0,0,0,0
220090,1,1,1982,17,20,0,0,11,17,17,17,0,21
220091,1,1,1982,7,7,7,7,7,7,7,7,7,7
220091,2,1,1982,0,0,0,10,0,0,0,0,0,0
220091,3,1,1982,0,0,0,0,0,0,0,0,0,0
220091,4,1,1982,0,0,0,0,0,0,0,0,0,12
220092,1,1,1982,0,0,0,0,0,0,0,0,0,0
220092,2,1,1982,0,14,0,4,0,7,7,0,12,0
220093,1,1,1982,23,10,16,41,15,14,25,0,0,0
220094,1,1,1982,14,14,14,14,14,14,14,14,14,14
220095,1,1,1982,0,0,13,9,0,0,0,0,0,0
220096,1,1,1982,18,18,18,18,18,18,18,18,18,18
220097,1,1,1982,0,0,0,0,7,0,0,0,0,0
220097,2,1,1982,8,0,8,0,0,0,0,0,8,20
220098,1,1,1982,31,20,30,0,0,0,0,17,0,0
220099,0,1,1982,0,13,0,0,0,0,0,16,0,0
220099,1,1,1982,0,0,0,22,23,0,0,0,0,29
220100,0,1,1982,0,0,0,0,16,0,0,17,26,0
220100,1,1,1982,0,8,0,0,0,0,0,0,7,0
220101,1,1,1982,0,0,0,0,0,12,23,0,0,10
220102,1,1,1982,11,0,0,8,14,10,0,5,0,15
220103,1,1,1982,20,21,23,30,10,12,12,16,24,0
220103,2,1,1982,0,12,5,20,32,8,8,18,27,0
220104,1,1,1982,0,21,0,0,5,21,0,0,0,21
220105,1,1,1982,23,23,23,23,23,23,23,23,23,23
220105,2,1,1982,10,10,10,10,10,10,10,10,10,10
220106,1,1,1982,0,0,0,0,0,0,0,0,0,0
220106,2,1,1982,0,0,0,0,0,0,0,0,0,0
220107,0,1,1982,0,0,0,0,0,0,13,0,3,0
220107,1,1,1982,22,22,22,22,22,22,22,22,22,22
220108,0,1,1982,0,0,0,0,0,0,0,0,0,0
220108,1,1,1982,23,0,0,0,0,9,0,16,0,17
220109,1,1,1982,18,17,30,24,30,12,13,27,25,16
220110,1,1,1982,32,32,32,32,32,32,32,32,32,32
220110,2,1,1982,0,0,0,0,0,0,0,0,0,0
220110,3,1,1982,0,0,0,0,0,0,15,0,0,0
220111,1,1,1982,0,5,0,18,0,0,0,0,31,0
220111,2,1,1982,2,2,2,2,2,2,2,2,2,2
220112,1,1,1982,20,20,20,20,20,20,20,20,20,20
220113,0,1,1982,0,0,0,0,0,0,0,0,5,0
220113,0,2,1982,10,0,0,3,0,0,0,0,0,0
220113,1,1,1982,11,11,18,18,25,29,25,23,18,8
220114,1,1,1982,16,16,16,16,16,16,16,16,16,16
220115,1,1,1982,11,11,11,11,11,11,11,11,11,11
220115,2,1,1982,12,12,12,12,12,12,12,12,12,12
220116,1,1,1982,20,17,6,24,8,15,20,31,30,29
220117,1,1,1982,32,0,0,26,27,0,0,29,29,38
220118,1,1,1982,0,0,0,0,0,0,0,0,0,0
220118,2,1,1982,7,12,0,0,0,0,0,0,0,0
220119,0,1,1982,0,0,0,0,0,0,0,0,0,0
220119,1,1,1982,0,14,5,0,0,0,9,7,0,0
220120,1,1,1982,0,0,0,0,0,0,0,0,0,0
220120,2,1,1982,20,19,30,10,16,24,16,26,11,36
220121,1,1,1982,0,0,0,0,0,0,0,0,0,0
220121,2,1,1982,0,0,0,0,0,3,0,0,0,0
220122,1,1,1982,0,12,0,0,0,16,0,0,0,0
220122,2,1,1982,0,0,0,0,11,0,0,0,0,0
220123,1,1,1982,21,21,21,21,21,21,21,21,21,21
220123,2,1,1982,0,0,0,0,0,0,0,0,0,0
220123,3,1,1982,1,1,1,1,1,1,1,1,1,1
220124,1,1,1982,10,10,10,10,10,10,10,10,10,10
220124,2,1,1982,0,0,0,0,0,0,0,0,0,0
220125,1,1,1982,0,0,0,0,0,0,0,0,0,0
220125,2,1,1982,0,0,0,0,0,0,0,0,0,0
220126,1,1,1982,1,1,1,1,1,1,1,1,1,1
220126,2,1,1982,0,0,0,0,0,0,5,0,0,0
220127,1,1,1982,15,15,15,15,15,15,15,15,15,15
220128,1,1,1982,0,0,0,0,0,0,0,0,0,0
220129,1,1,1982,12,0,0,26,26,0,0,23,0,0
220129,2,1,1982,19,0,22,0,5,30,4,12,12,25
220130,1,1,1982,0,17,16,6,0,0,35,0,0,0
220130,2,1,1982,15,0,0,0,0,0,0,0,0,0
220131,1,1,1982,11,16,26,15,5,17,22,13,8,21
220132,1,1,1982,0,0,0,0,0,0,0,0,0,0
220133,0,1,1982,19,20,23,15,25,16,0,15,0,23
220133,1,1,1982,28,0,22,18,17,11,0,0,21,11
220134,1,1,1982,0,0,0,0,0,0,0,0,0,0
220134,2,1,1982,0,0,18,0,0,0,0,0,0,0
220135,1,1,1982,0,0,0,0,0,0,0,0,0,0
220136,1,1,1982,0,0,0,0,0,0,0,0,0,0
220136,2,1,1982,24,25,7,28,9,18,23,17,15,27
220137,1,1,1982,14,26,31,18,24,0,44,24,0,0
220138,0,1,1982,0,0,0,0,0,0,0,0,0,0
220138,1,1,1982,0,0,0,0,0,0,0,0,0,0
220139,1,1,1982,0,0,0,0,0,0,0,0,0,0
220139,2,1,1982,0,5,0,0,0,0,0,0,14,0
220140,1,1,1982,15,6,0,0,0,7,15,11,0,14
220141,1,1,1982,16,3,0,14,8,26,29,24,10,8
220142,1,1,1982,11,0,0,11,0,0,0,0,0,0
220142,2,1,1982,0,0,0,0,0,0,0,0,0,0
220143,1,1,1982,16,0,20,0,16,0,0,0,13,0
220143,2,1,1982,0,0,0,0,0,0,0,0,0,0
220144,1,1,1982,18,20,15,32,25,29,32,13,17,14
220145,1,1,1982,24,10,0,20,0,0,15,19,0,0
220146,1,1,1982,0,13,12,0,0,0,0,0,0,0
220147,1,1,1982,12,0,0,0,0,0,8,0,0,0
220147,2,1,1982,0,0,0,21,0,0,0,7,0,0
220148,1,1,1982,11,11,23,28,22,24,29,13,9,23
220149,1,1,1982,0,21,11,21,13,19,15,12,19,20
220150,1,1,1982,21,21,21,21,21,21,21,21,21,21
220150,2,1,1982,0,0,0,0,0,0,0,0,0,0
220150,3,1,1982,0,0,0,0,10,0,0,0,0,0
220151,1,1,1982,37,16,13,13,0,0,0,0,0,12
220151,2,1,1982,0,0,0,0,0,0,0,0,0,0
220152,1,1,1982,0,0,0,0,0,0,0,0,0,0
220152,2,1,1982,0,0,0,0,0,0,0,0,0,0
220153,1,1,1982,0,0,0,0,0,0,18,12,0,0
220153,2,1,1982,0,0,0,0,0,0,0,0,12,0
220153,3,1,1982,0,0,0,0,0,0,0,0,0,0
220154,1,1,1982,29,17,13,21,15,9,22,19,8,17
220155,1,1,1982,22,6,11,22,6,15,0,17,2,23
220156,0,1,1982,0,0,0,0,0,0,0,0,0,24
220156,1,1,1982,0,0,0,0,0,0,0,0,0,0
220157,1,1,1982,0,0,0,0,0,0,0,0,0,0
220157,2,1,1982,0,0,0,0,0,0,9,0,0,0
220158,1,1,1982,0,0,0,0,7,0,14,13,0,0
220158,2,1,1982,0,0,0,0,0,15,0,0,0,0
220159,1,1,1982,0,25,20,17,0,9,21,4,19,14
220159,2,1,1982,0,0,0,0,0,0,0,0,0,0
220160,1,1,1982,12,15,22,6,9,21,12,18,4,0
220160,2,1,1982,0,0,0,0,0,0,0,0,0,0
220161,1,1,1982,18,26,11,29,8,16,12,18,24,7
220162,0,1,1982,23,23,23,23,23,23,23,23,23,23
220162,1,1,1982,0,0,0,0,0,0,0,36,0,0
220163,1,1,1982,0,20,0,0,0,0,11,0,0,0
220163,2,1,1982,18,3,0,0,5,12,0,0,11,9
220164,0,1,1982,15,28,24,13,0,9,11,9,0,0
220164,1,1,1982,6,0,0,2,0,0,0,0,6,7
220165,1,1,1982,0,0,0,9,7,0,11,0,4,0
220165,2,1,1982,0,0,0,0,0,0,0,0,0,0
220166,0,1,1982,0,0,0,0,0,0,0,0,0,0
220166,1,1,1982,0,0,0,0,0,0,0,0,0,0
220167,1,1,1982,19,8,15,0,0,0,24,11,0,0
220168,1,1,1982,0,0,11,0,0,0,10,0,0,9
220168,2,1,1982,21,0,0,0,0,18,0,0,8,4
220169,0,1,1982,0,0,0,0,0,0,0,0,0,0
220169,1,1,1982,0,0,0,0,0,0,0,0,0,0
220170,1,1,1982,22,22,22,22,22,22,22,22,22,22
220170,2,1,1982,20,16,29,18,0,16,25,13,21,18
220171,0,1,1982,28,19,11,21,0,16,16,12,32,20
220171,1,1,1982,25,14,8,27,22,9,5,5,0,15
220172,0,1,1982,0,0,0,0,0,10,0,0,0,0
220172,1,1,1982,0,16,0,0,0,0,0,14,0,0
220173,1,1,1982,17,7,0,17,17,0,0,0,0,0
220173,2,1,1982,13,9,22,0,0,14,27,34,22,16
220174,1,1,1982,19,19,19,19,19,19,19,19,19,19
220174,2,1,1982,16,0,23,20,0,22,0,24,0,0
220174,3,1,1982,0,0,0,0,0,0,0,0,0,0
220174,4,1,1982,0,0,0,16,0,0,0,0,0,0
220175,1,1,1982,6,0,0,12,0,0,0,0,0,0
220175,2,1,1982,0,0,0,0,0,0,11,0,0,0
220176,0,1,1982,21,16,0,12,6,10,16,0,18,17
220176,0,2,1982,0,0,0,0,28,3,10,0,18,0
220176,1,1,1982,0,0,0,0,21,0,0,0,0,14
220177,0,1,1982,29,29,29,29,29,29,29,29,29,29
220177,1,1,1982,0,0,0,0,0,0,0,0,0,0
220178,1,1,1982,9,9,9,9,9,9,9,9,9,9
220178,2,1,1982,0,0,0,0,0,15,0,0,0,0
220179,1,1,1982,13,0,0,0,0,16,0,13,0,0
220179,2,1,1982,24,24,24,24,24,24,24,24,24,24
220179,3,1,1982,4,4,4,4,4,4,4,4,4,4
220180,1,1,1982,0,0,0,0,16,0,0,0,18,0
220181,1,1,1982,28,18,37,29,33,35,23,28,39,23
220182,1,1,1982,0,0,0,0,0,0,0,0,0,0
220182,2,1,1982,0,0,0,0,0,0,0,0,0,0
220183,1,1,1982,0,0,0,0,0,3,0,8,0,0
220183,2,1,1982,0,0,0,0,0,0,8,0,15,0
220184,1,1,1982,23,23,23,23,23,23,23,23,23,23
220185,1,1,1982,11,14,0,0,0,16,12,0,24,3
220185,2,1,1982,0,0,0,0,0,0,0,0,0,0
220186,1,1,1982,0,0,0,0,0,0,0,0,0,0
220186,2,1,1982,0,0,0,0,0,22,0,0,17,0
220187,1,1,1982,27,27,27,27,27,27,27,27,27,27
220188,1,1,1982,19,19,19,19,19,19,19,19,19,19
220189,1,1,1982,3,3,3,3,3,3,3,3,3,3
220190,1,1,1982,0,0,0,0,0,0,0,0,0,0
220190,2,1,1982,0,0,0,0,0,0,0,0,0,0
220191,1,1,1982,0,0,0,0,0,0,0,0,0,0
220191,2,1,1982,0,0,0,0,29,0,0,0,0,10
220192,0,1,1982,24,24,24,24,24,24,24,24,24,24
220192,1,1,1982,0,0,0,0,5,0,0,0,0,0
220193,1,1,1982,32,32,32,32,32,32,32,32,32,32
220193,2,1,1982,7,7,7,7,7,7,7,7,7,7
220193,3,1,1982,0,0,0,0,0,0,0,0,11,3
220194,1,1,1982,19,0,18,15,0,0,0,12,0,6
220194,2,1,1982,15,0,0,22,0,0,0,5,0,0
220195,1,1,1982,18,18,18,18,18,18,18,18,18,18
220196,1,1,1982,12,0,24,0,0,0,18,0,0,0
220196,2,1,1982,0,0,0,0,0,0,0,0,0,0
220197,1,1,1982,0,5,0,0,13,10,0,0,0,0
220198,1,1,1982,0,11,16,0,7,0,0,0,0,0
220199,0,1,1982,0,18,0,0,0,0,0,0,0,0
220199,1,1,1982,0,3,0,0,0,12,12,0,0,0
220200,0,1,1982,0,0,0,0,0,23,21,33,0,0
220200,1,1,1982,0,0,0,0,0,0,0,0,0,0
220201,1,1,1982,8,8,8,8,8,8,8,8,8,8
220201,2,1,1982,28,28,28,28,28,28,28,28,28,28
220202,1,1,1982,13,18,14,13,14,30,12,28,28,13
220203,0,1,1982,33,0,23,22,5,19,20,0,7,0
220203,0,2,1982,0,2,0,10,0,20,0,10,0,0
220203,0,3,1982,0,0,8,9,18,0,0,15,0,9
220203,0,4,1982,0,0,7,7,0,0,0,9,0,8
220203,0,5,1982,0,0,12,0,32,13,0,7,0,0
220203,1,1,1982,0,0,0,0,0,0,0,0,0,14
220204,0,1,1982,0,0,0,0,0,0,0,0,0,0
220204,1,1,1982,0,0,0,0,0,0,0,0,0,0
220205,1,1,1982,14,0,23,0,0,0,0,0,0,24
220205,2,1,1982,0,0,0,0,0,0,0,0,0,0
220206,1,1,1982,23,23,23,23,23,23,23,23,23,23
220207,1,1,1982,0,0,0,0,0,0,0,0,0,0
220207,2,1,1982,0,0,0,0,0,0,0,0,0,0
220208,1,1,1982,14,14,14,14,14,14,14,14,14,14
220209,0,1,1982,0,0,0,0,0,0,0,0,0,0
220209,1,1,1982,0,0,0,11,0,0,28,0,0,0
220211,1,1,1982,19,7,18,21,20,14,15,26,19,19
220212,1,1,1982,12,16,16,32,4,0,18,14,10,29
220213,1,1,1982,15,9,11,14,19,40,12,5,15,14
220214,0,1,1982,0,0,11,0,9,0,0,0,7,0
220214,1,1,1982,0,0,0,0,0,0,9,0,0,0
220215,1,1,1982,0,0,0,0,0,0,0,0,0,0
220215,2,1,1982,20,20,20,20,20,20,20,20,20,20
220216,1,1,1982,21,13,0,20,0,14,0,22,25,0
220217,0,1,1982,0,0,0,0,0,0,0,0,0,0
220217,1,1,1982,0,0,0,0,0,10,0,0,0,0
220218,1,1,1982,0,0,0,0,0,0,0,0,0,0
220218,2,1,1982,0,0,0,0,0,0,0,0,0,0
220219,1,1,1982,0,0,0,0,0,0,0,0,0,0
220219,2,1,1982,2,2,2,2,2,2,2,2,2,2
220220,1,1,1982,10,10,10,10,10,10,10,10,10,10
220220,2,1,1982,18,18,18,18,18,18,18,18,18,18