ST_CASE,VEH_NO,PER_NO,YEAR,P1,P2,P3,P4,P5,P6,P7,P8,P9,P10
220221,1,1,1982,11,11,11,11,11,11,11,11,11,11
220222,1,1,1982,15,6,10,0,0,11,0,0,0,0
220223,1,1,1982,4,4,4,4,4,4,4,4,4,4
220223,2,1,1982,10,10,10,10,10,10,10,10,10,10
220224,0,1,1982,0,0,0,0,10,0,13,18,0,0
220224,0,2,1982,0,29,0,0,0,0,0,7,0,19
220224,1,1,1982,0,0,17,0,0,0,6,0,5,0
220225,1,1,1982,0,0,0,0,0,0,0,0,0,0
220225,2,1,1982,0,0,0,0,0,0,0,0,0,0
220226,1,1,1982,0,18,0,0,10,0,0,13,11,17
220228,0,1,1982,11,11,11,11,11,11,11,11,11,11
220228,1,1,1982,3,3,3,3,3,3,3,3,3,3
220229,0,1,1982,21,21,21,21,21,21,21,21,21,21
220229,1,1,1982,17,19,22,21,19,0,17,15,13,11
220230,1,1,1982,26,15,16,0,27,0,10,17,21,9
220231,1,1,1982,5,0,0,20,0,0,0,0,26,0
220232,1,1,1982,0,0,15,20,0,7,18,0,0,21
220232,2,1,1982,0,0,0,0,0,0,0,0,0,0
220233,1,1,1982,0,0,0,0,0,0,0,0,0,0
220233,2,1,1982,15,15,23,9,7,14,15,10,35,8
220234,1,1,1982,16,16,16,16,16,16,16,16,16,16
220235,1,1,1982,0,0,0,25,10,0,29,0,0,0
220236,1,1,1982,0,0,0,0,0,0,0,0,0,0
220237,1,1,1982,14,14,14,14,14,14,14,14,14,14
220238,1,1,1982,0,0,0,0,0,0,0,0,0,0
220238,2,1,1982,0,0,0,0,0,0,0,0,0,0
220239,1,1,1982,0,0,0,0,0,0,0,0,0,0
220239,2,1,1982,0,0,0,0,0,0,0,0,0,0
220240,1,1,1982,9,0,0,38,0,0,8,0,0,0
220241,1,1,1982,29,29,29,29,29,29,29,29,29,29
220242,1,1,1982,22,22,22,22,22,22,22,22,22,22
220242,2,1,1982,8,8,8,8,8,8,8,8,8,8
220243,1,1,1982,0,0,0,0,0,0,0,0,0,0
220243,2,1,1982,3,3,3,3,3,3,3,3,3,3
220244,0,1,1982,0,0,0,0,0,17,0,0,0,0
220244,1,1,1982,0,19,17,13,17,0,0,0,0,0
220245,0,1,1982,32,32,32,32,32,32,32,32,32,32
220245,1,1,1982,0,0,0,0,0,0,0,0,0,0
220246,0,1,1982,0,0,0,0,0,0,0,0,0,0
220246,1,1,1982,15,15,15,15,15,15,15,15,15,15
220247,1,1,1982,10,0,0,0,0,0,14,0,29,0
220248,1,1,1982,0,0,0,0,0,0,0,0,0,0
220248,2,1,1982,0,0,0,0,0,0,0,0,0,0
220249,1,1,1982,9,9,9,9,9,9,9,9,9,9
220250,1,1,1982,14,14,14,14,14,14,14,14,14,14
220250,2,1,1982,0,0,0,0,0,0,0,0,0,0
220251,1,1,1982,15,15,15,15,15,15,15,15,15,15
220251,2,1,1982,0,0,0,0,0,0,0,0,0,0
220251,3,1,1982,0,0,0,0,0,0,0,0,0,0
220252,1,1,1982,9,9,9,9,9,9,9,9,9,9
220253,1,1,1982,4,4,4,4,4,4,4,4,4,4
220254,0,1,1982,0,0,0,0,13,4,0,16,0,0
220254,0,2,1982,0,4,27,0,16,0,14,0,8,16
220254,1,1,1982,0,0,17,12,0,0,26,0,18,0
220255,1,1,1982,19,20,23,26,21,26,16,36,7,28
220256,1,1,1982,0,23,16,24,0,7,0,0,22,0
220256,2,1,1982,0,0,0,0,0,0,0,0,0,0
220257,1,1,1982,1,1,1,1,1,1,1,1,1,1
220258,1,1,1982,0,0,0,0,0,0,0,0,0,0
220258,2,1,1982,0,0,0,0,0,0,0,0,0,0
220259,1,1,1982,26,18,22,20,15,14,16,20,20,10
220259,2,1,1982,4,11,4,15,15,14,7,32,12,16
220260,0,1,1982,0,0,3,0,0,15,0,0,0,0
220260,1,1,1982,0,0,0,19,0,0,12,35,14,8
220261,0,1,1982,19,19,19,19,19,19,19,19,19,19
220261,1,1,1982,0,0,0,0,6,11,0,0,0,0
220262,1,1,1982,0,0,0,0,0,0,0,0,0,0
220262,2,1,1982,0,0,0,6,0,0,0,0,0,0
220263,1,1,1982,0,0,0,0,0,0,2,0,0,0
220263,2,1,1982,0,0,0,0,0,0,0,0,0,0
220264,1,1,1982,0,0,0,0,0,0,0,0,0,0
220264,2,1,1982,0,0,0,0,0,0,0,0,0,0
220265,0,1,1982,0,0,0,0,2,15,0,0,0,0
220265,1,1,1982,0,0,0,0,0,0,0,0,22,13
220267,0,1,1982,10,0,13,20,5,2,7,32,18,0
220267,1,1,1982,0,0,0,0,0,0,0,0,0,0
220269,1,1,1982,0,0,0,0,0,0,0,0,0,0
220269,2,1,1982,0,0,0,0,0,0,0,0,0,0
220270,1,1,1982,10,10,10,10,10,10,10,10,10,10
220270,2,1,1982,0,0,0,0,0,0,0,0,0,0
220271,0,1,1982,0,0,0,0,0,0,0,0,0,19
220271,1,1,1982,0,0,0,0,0,0,0,0,0,0
220272,1,1,1982,18,0,7,0,14,9,15,16,5,19
220273,1,1,1982,22,18,0,11,0,0,0,0,0,0
220274,0,1,1982,11,11,11,11,11,11,11,11,11,11
220274,1,1,1982,0,0,0,15,0,0,23,0,11,8
220275,1,1,1982,10,10,10,10,10,10,10,10,10,10
220275,2,1,1982,0,0,0,0,0,0,0,0,0,0
220276,1,1,1982,0,14,0,0,0,0,0,0,0,0
220277,1,1,1982,1,1,1,1,1,1,1,1,1,1
220277,2,1,1982,30,30,30,30,30,30,30,30,30,30
220278,1,1,1982,11,17,28,18,12,15,24,18,17,35
220278,2,1,1982,0,0,8,0,0,0,0,0,0,15
220278,3,1,1982,0,0,0,0,0,0,0,0,0,0
220279,0,1,1982,0,0,0,0,0,0,0,0,0,0
220279,1,1,1982,0,0,0,0,0,0,0,0,0,0
220280,0,1,1982,17,18,11,25,8,0,0,5,22,0
220280,1,1,1982,10,19,7,7,19,12,6,25,0,16
220281,1,1,1982,33,25,9,30,28,33,13,23,24,0
220282,1,1,1982,0,0,0,0,17,15,8,0,20,0
220283,1,1,1982,21,21,21,21,21,21,21,21,21,21
220283,2,1,1982,7,7,7,7,7,7,7,7,7,7
220284,1,1,1982,0,0,0,0,0,0,0,4,0,0
220284,2,1,1982,0,0,0,0,9,0,0,0,0,0
220284,3,1,1982,0,0,0,0,3,0,0,0,0,0
220285,1,1,1982,0,0,0,0,0,0,0,0,0,0
220285,2,2,1982,0,14,0,0,0,0,0,0,0,0
220285,3,1,1982,0,0,0,0,0,0,0,0,0,0
220286,1,1,1982,0,0,0,0,0,0,0,0,0,0
220286,2,1,1982,5,5,5,5,5,5,5,5,5,5
220287,1,1,1982,9,2,0,0,0,16,12,0,9,0
220288,1,1,1982,18,18,18,18,18,18,18,18,18,18
220289,1,1,1982,15,6,0,0,0,0,0,0,0,0
220289,2,1,1982,0,0,0,0,0,0,0,0,0,0
220290,1,1,1982,8,8,8,8,8,8,8,8,8,8
220290,2,1,1982,8,8,8,8,8,8,8,8,8,8
220291,1,1,1982,0,0,0,0,0,0,0,0,0,0
220291,2,1,1982,0,0,0,0,0,0,0,0,0,22
220292,1,1,1982,0,0,0,0,0,0,0,0,0,0
220292,2,1,1982,0,0,0,0,0,0,0,0,0,0
220293,1,1,1982,0,0,0,0,0,0,0,0,0,0
220294,1,1,1982,0,20,30,12,10,20,13,22,11,12
220295,1,1,1982,0,0,0,5,0,0,0,0,0,0
220295,2,1,1982,0,0,0,0,0,0,0,0,0,0
220295,3,1,1982,0,0,0,0,0,0,0,0,0,0
220296,1,1,1982,5,5,5,5,5,5,5,5,5,5
220296,2,1,1982,20,25,20,19,10,26,14,11,30,11
220296,3,1,1982,0,0,0,0,0,0,0,0,0,0
220297,1,1,1982,0,0,0,0,0,0,0,0,0,0
220297,2,1,1982,0,0,0,0,0,0,0,0,0,0
220298,0,1,1982,7,15,18,0,26,16,16,0,7,10
220298,1,1,1982,22,0,38,0,0,11,0,29,0,26
220299,1,1,1982,0,0,0,0,13,0,0,0,0,0
220299,2,1,1982,0,0,0,0,0,0,0,0,0,0
220300,1,1,1982,0,0,0,0,0,23,0,0,0,12
220301,1,1,1982,12,26,15,19,17,24,15,21,13,20
220302,0,1,1982,11,11,11,11,11,11,11,11,11,11
220302,1,1,1982,0,0,0,0,0,0,0,0,0,0
220303,1,1,1982,0,0,0,0,0,0,0,0,0,0
220303,2,1,1982,0,0,0,0,0,0,0,0,0,0
220304,0,1,1982,0,0,0,0,0,0,0,0,0,0
220304,1,1,1982,0,0,0,0,0,0,0,0,0,0
220305,1,1,1982,0,0,0,0,0,0,0,0,0,0
220305,2,1,1982,0,0,12,0,0,0,0,0,0,0
220306,0,1,1982,0,0,0,11,0,0,0,0,0,0
220306,0,2,1982,0,0,12,0,0,0,6,16,0,6
220306,0,3,1982,0,0,0,0,0,0,0,0,0,0
220306,1,1,1982,24,15,10,17,18,4,12,21,5,18
220308,0,1,1982,0,0,0,9,0,0,14,0,0,0
220308,1,1,1982,18,18,18,18,18,18,18,18,18,18
220309,1,1,1982,0,0,0,0,0,0,0,0,0,0
220309,2,1,1982,0,0,0,0,0,0,0,0,0,0
220309,3,1,1982,0,0,0,0,0,0,0,0,10,0
220310,0,1,1982,15,0,0,0,0,0,19,0,7,26
220310,1,1,1982,5,11,18,0,4,16,0,13,4,14
220311,1,1,1982,0,12,0,0,0,8,0,10,0,0
220311,2,1,1982,0,0,0,0,0,0,0,0,0,0
220312,1,1,1982,0,0,0,0,0,0,0,0,0,0
220312,2,1,1982,0,0,0,0,0,0,0,0,0,0
220313,1,1,1982,16,16,16,16,16,16,16,16,16,16
220314,1,1,1982,0,0,0,0,0,0,0,0,0,0
220314,2,1,1982,0,0,0,0,0,0,0,0,0,0
220315,1,1,1982,21,21,0,28,0,16,20,12,18,5
220315,2,1,1982,0,0,0,0,0,0,0,0,0,0
220316,0,1,1982,16,32,6,21,19,8,0,41,24,29
220316,1,1,1982,0,0,0,0,0,0,0,0,0,0
220317,1,1,1982,16,16,16,16,16,16,16,16,16,16
220318,0,1,1982,34,34,34,34,34,34,34,34,34,34
220318,1,1,1982,4,4,4,4,4,4,4,4,4,4
220319,1,1,1982,0,0,0,0,0,0,0,0,10,13
220319,2,1,1982,0,0,0,0,0,0,0,0,0,0
220320,1,1,1982,21,21,21,21,21,21,21,21,21,21
220320,2,1,1982,0,0,0,0,0,0,0,0,0,0
220321,0,1,1982,0,0,0,0,11,0,0,0,0,15
220321,0,2,1982,0,0,0,0,0,17,0,12,0,0
220321,1,1,1982,0,0,11,0,0,0,0,0,0,0
220322,1,1,1982,0,8,0,0,0,0,0,0,0,0
220322,2,1,1982,16,19,0,0,17,0,0,16,17,6
220323,0,1,1982,28,16,31,0,10,0,0,35,19,15
220323,1,1,1982,0,0,0,0,0,0,0,0,0,0
220324,1,1,1982,16,22,22,14,9,9,22,18,15,18
220325,1,1,1982,6,6,6,6,6,6,6,6,6,6
220326,1,1,1982,24,17,0,0,20,0,11,17,17,18
220327,1,1,1982,24,0,27,8,0,15,15,0,9,19
220327,2,1,1982,0,0,0,0,0,0,0,0,0,0
220328,1,1,1982,22,13,18,11,8,0,21,0,6,0
220329,1,1,1982,0,0,0,0,0,0,0,0,0,0
220329,2,1,1982,20,12,31,0,14,20,0,6,6,18
220330,0,1,1982,0,0,0,0,0,0,0,0,0,0
220330,1,1,1982,10,10,10,10,10,10,10,10,10,10
220331,1,1,1982,0,0,0,0,0,0,0,0,0,0
220331,2,1,1982,0,0,0,0,0,0,0,0,0,0
220332,1,1,1982,25,25,25,25,25,25,25,25,25,25
220333,0,1,1982,15,38,21,0,13,30,28,21,25,12
220333,1,1,1982,0,0,0,0,0,0,0,0,0,0
220334,1,1,1982,0,0,0,0,0,0,0,0,0,0
220335,1,1,1982,12,0,0,0,0,0,0,0,0,0
220335,2,1,1982,0,0,0,0,0,0,0,0,0,0
220336,1,1,1982,0,0,0,0,0,0,0,0,0,0
220336,2,1,1982,0,0,0,0,0,0,0,0,0,0
220337,0,1,1982,38,10,18,0,15,0,9,13,24,26
220337,0,2,1982,14,6,10,8,0,0,17,22,5,27
220337,1,1,1982,10,5,20,17,7,6,32,15,0,8
220338,1,1,1982,0,3,25,0,15,20,15,7,5,8
220338,2,1,1982,0,6,0,0,0,0,8,0,0,0
220339,1,1,1982,13,0,0,0,0,0,0,0,0,0
220339,2,1,1982,0,0,0,0,0,0,0,0,0,0
220340,1,1,1982,1,1,1,1,1,1,1,1,1,1
220341,1,1,1982,11,11,11,11,11,11,11,11,11,11
220341,2,1,1982,6,0,0,0,0,7,0,0,0,0
220342,1,1,1982,21,21,21,21,21,21,21,21,21,21
220342,2,1,1982,0,0,0,0,0,0,0,0,0,0
220343,1,1,1982,0,0,0,0,0,0,0,0,0,0
220343,2,1,1982,0,0,0,0,0,0,0,0,0,0
220345,0,1,1982,0,0,0,0,0,0,0,0,0,0
220345,1,1,1982,0,0,0,0,0,0,0,0,0,0
220346,1,1,1982,0,0,16,0,0,0,0,0,0,0
220346,2,1,1982,0,0,0,0,0,0,12,0,0,0
220347,1,1,1982,0,0,0,0,0,0,0,0,0,0
220348,0,1,1982,0,3,28,0,5,3,0,0,0,11
220348,1,1,1982,10,10,10,10,10,10,10,10,10,10
220349,1,1,1982,17,0,0,0,0,28,0,16,0,25
220350,0,1,1982,0,0,0,0,0,0,0,0,0,0
220350,1,1,1982,0,0,0,0,0,0,0,0,0,0
220351,0,1,1982,0,29,0,11,0,0,0,0,0,0
220351,1,1,1982,0,0,0,0,31,0,6,0,0,0
220352,1,1,1982,0,0,0,0,0,0,0,0,0,0
220352,2,1,1982,0,0,0,0,0,0,0,0,0,0
220353,1,1,1982,0,0,0,0,0,0,0,0,0,0
220353,2,1,1982,0,0,0,0,0,0,0,0,0,18
220354,1,1,1982,5,10,12,18,9,13,0,15,17,11
220355,1,1,1982,15,15,15,15,15,15,15,15,15,15
220356,1,1,1982,0,13,0,0,0,5,0,0,0,0
220356,2,1,1982,0,0,16,0,32,0,25,20,11,24
220357,1,1,1982,17,17,17,17,17,17,17,17,17,17
220358,1,1,1982,17,17,17,17,17,17,17,17,17,17
220358,2,1,1982,0,0,0,0,0,0,0,0,0,0
220359,0,1,1982,39,24,14,15,0,0,0,15,10,10
220359,1,1,1982,11,11,11,11,11,11,11,11,11,11
220360,1,1,1982,0,0,0,0,0,0,0,0,0,0
220360,2,1,1982,0,0,15,9,0,0,0,0,0,0
220361,1,1,1982,0,0,0,0,28,17,29,13,0,23
220361,2,1,1982,0,19,24,0,0,0,0,0,18,12
220362,0,1,1982,0,27,0,0,0,26,0,0,0,0
220362,1,1,1982,0,0,11,0,0,0,6,0,0,0
220363,1,1,1982,0,0,12,0,0,0,0,0,0,0
220364,0,1,1982,0,0,0,0,0,0,0,0,0,0
220364,1,1,1982,0,0,0,0,0,0,0,0,0,0
220365,1,1,1982,0,0,7,0,0,0,0,0,0,0
220365,2,1,1982,10,4,16,4,6,12,23,0,14,4
220366,0,1,1982,0,0,4,7,0,0,0,0,0,0
220366,1,1,1982,10,0,0,0,0,0,0,0,0,0
220367,1,1,1982,6,0,0,0,0,0,0,0,0,0
220367,2,1,1982,0,0,0,0,0,0,0,6,0,0
220368,1,1,1982,29,11,27,9,21,10,8,19,33,15
220368,2,1,1982,0,18,0,0,0,15,0,0,0,7
220368,3,1,1982,0,0,0,0,0,0,0,0,0,0
220369,0,1,1982,0,0,0,0,0,0,0,0,0,0
220369,1,1,1982,0,0,0,0,0,0,0,0,0,0
220370,1,1,1982,0,0,0,0,0,0,0,0,0,0
220370,2,1,1982,0,4,0,0,0,28,0,0,0,3
220371,0,1,1982,0,0,0,0,0,0,0,0,0,0
220371,1,1,1982,0,0,0,0,0,0,0,0,0,0
220372,1,1,1982,10,9,13,32,7,12,8,25,23,7
220373,1,1,1982,13,13,13,13,13,13,13,13,13,13
220373,2,1,1982,0,0,0,0,0,0,0,0,0,0
220374,0,1,1982,0,0,0,0,0,0,0,0,0,0
220374,1,1,1982,2,2,2,2,2,2,2,2,2,2
220375,1,1,1982,4,4,4,4,4,4,4,4,4,4
220375,2,1,1982,0,0,0,0,0,12,0,0,20,0
220376,1,1,1982,0,0,0,0,0,0,0,0,0,0
220376,2,1,1982,12,12,12,12,12,12,12,12,12,12
220377,1,1,1982,20,18,7,25,10,14,13,23,21,8
220378,0,1,1982,0,17,0,0,0,0,4,13,0,0
220378,1,1,1982,13,12,5,16,0,8,8,10,0,13
220379,1,1,1982,0,13,13,0,0,0,24,20,19,0
220380,1,1,1982,15,15,15,15,15,15,15,15,15,15
220381,1,1,1982,0,0,0,0,0,0,0,0,0,0
220381,2,1,1982,0,0,0,0,0,0,0,0,0,0
220382,0,1,1982,18,22,0,19,32,9,19,14,15,29
220382,1,1,1982,0,0,0,19,0,16,0,6,10,0
220383,1,1,1982,0,0,0,0,0,0,0,0,0,0
220383,2,1,1982,1,1,1,1,1,1,1,1,1,1
220384,1,1,1982,0,12,10,0,9,0,0,2,0,0
220384,2,1,1982,0,0,0,0,0,0,0,0,0,0
220385,1,1,1982,6,6,6,6,6,6,6,6,6,6
220386,1,1,1982,5,5,5,5,5,5,5,5,5,5
220386,2,1,1982,15,15,15,15,15,15,15,15,15,15
220387,1,1,1982,29,29,29,29,29,29,29,29,29,29
220387,2,1,1982,0,18,21,14,26,12,11,23,0,21
220388,1,1,1982,7,7,10,22,4,20,9,0,7,14
220389,1,1,1982,0,0,0,0,0,0,0,0,0,0
220390,1,1,1982,12,14,12,27,10,25,0,11,0,9
220391,1,1,1982,22,6,23,13,15,22,20,17,22,33
220392,1,1,1982,0,0,0,0,0,32,0,0,0,0
220392,2,1,1982,20,0,0,0,0,0,21,0,24,0
220393,1,1,1982,0,0,0,0,0,0,0,0,0,0
220394,0,1,1982,0,0,23,0,29,27,0,0,0,0
220394,1,1,1982,0,0,0,0,0,0,0,0,0,0
220395,1,1,1982,16,5,15,27,27,15,7,14,16,13
220396,1,1,1982,21,24,13,7,16,11,18,5,23,35
220397,0,1,1982,0,0,0,0,13,0,0,0,0,0
220397,1,1,1982,0,0,0,0,0,0,0,0,0,0
220398,1,1,1982,1,1,1,1,1,1,1,1,1,1
220399,1,1,1982,15,28,11,16,0,29,20,8,16,34
220400,1,1,1982,1,1,1,1,1,1,1,1,1,1
220400,2,1,1982,0,0,0,0,0,0,0,11,0,0
220401,1,1,1982,13,13,13,13,13,13,13,13,13,13
220402,1,1,1982,0,0,0,0,0,0,0,0,0,0
220403,1,1,1982,16,20,0,0,0,0,0,0,0,0
220404,1,1,1982,26,22,19,0,20,24,0,29,25,29
220405,0,1,1982,15,0,15,0,23,13,21,12,12,24
220405,1,1,1982,0,0,0,0,0,0,0,0,0,0
220406,1,1,1982,0,0,18,0,0,0,0,0,0,0
220407,1,1,1982,25,25,25,25,25,25,25,25,25,25
220407,2,1,1982,0,0,0,0,0,0,25,0,20,0
220408,1,1,1982,29,29,29,29,29,29,29,29,29,29
220409,1,1,1982,29,19,19,24,17,13,15,18,16,20
220410,1,1,1982,0,0,13,0,0,0,0,0,0,0
220411,1,1,1982,25,25,25,25,25,25,25,25,25,25
220411,2,1,1982,0,0,0,0,9,0,0,0,0,0
220412,1,1,1982,0,0,0,0,0,0,0,0,0,0
220412,2,1,1982,5,0,0,0,0,0,12,0,5,0
220412,3,1,1982,0,0,0,0,0,0,0,0,0,0
220414,1,1,1982,12,12,12,12,12,12,12,12,12,12
220415,0,1,1982,0,0,0,0,23,0,0,22,0,4
220415,1,1,1982,1,1,1,1,1,1,1,1,1,1
220416,0,1,1982,0,0,0,0,0,0,0,0,0,0
220416,0,2,1982,0,0,0,0,0,0,0,0,0,0
220416,0,3,1982,0,0,35,14,0,0,0,20,0,13
220416,1,1,1982,0,0,0,0,0,0,28,0,0,0
220417,1,1,1982,19,0,0,15,11,6,16,0,0,0
220418,1,1,1982,13,14,30,21,18,8,10,20,10,19
220419,1,1,1982,10,17,14,16,8,11,24,32,12,29
220420,1,1,1982,0,0,0,0,0,0,0,0,0,0
220420,2,1,1982,0,0,0,0,0,0,0,0,0,0
220421,1,1,1982,0,4,0,0,9,0,22,0,0,0
220421,2,1,1982,0,0,0,0,0,0,0,0,0,0
220422,1,1,1982,0,0,0,0,0,16,0,20,0,34
220423,0,1,1982,22,0,18,17,0,0,0,0,13,23
220423,1,1,1982,0,21,0,0,0,0,0,14,0,0
220424,1,1,1982,21,20,15,21,35,15,10,18,26,10
220425,1,1,1982,0,0,0,12,0,0,0,0,0,0
220425,2,1,1982,0,0,0,0,0,0,0,0,0,0
220426,0,1,1982,42,0,19,0,15,39,30,0,0,18
220426,1,1,1982,0,0,0,0,0,0,0,0,0,0
220427,0,1,1982,0,23,0,14,0,0,13,0,0,0
220427,1,1,1982,2,2,2,2,2,2,2,2,2,2
220428,0,1,1982,17,0,0,0,2,0,20,0,0,0
220428,1,1,1982,0,0,0,0,0,0,0,22,0,0
220429,1,1,1982,6,19,0,5,12,10,8,12,27,14
220430,1,1,1982,19,19,19,19,19,19,19,19,19,19
220431,1,1,1982,9,0,14,12,16,13,11,0,0,0
220431,2,1,1982,21,5,0,0,0,0,10,4,0,32
220431,3,1,1982,0,0,0,17,0,16,5,23,0,0
220432,1,1,1982,0,0,0,0,0,0,0,0,0,0
220432,2,1,1982,0,0,0,0,0,0,0,0,0,0
220432,3,1,1982,0,0,0,0,0,0,0,0,0,0
220433,0,1,1982,0,0,17,5,0,0,15,0,36,0
220433,1,1,1982,0,0,10,8,6,0,9,0,18,0
220434,0,1,1982,24,0,0,31,33,0,0,0,26,10
220434,1,1,1982,0,0,0,0,0,14,0,0,0,0
220435,0,1,1982,0,0,0,0,0,0,0,0,0,0
220435,1,1,1982,0,0,0,0,0,0,0,0,0,0
220436,0,1,1982,0,0,0,0,0,0,0,0,0,0
220436,1,1,1982,0,0,0,0,0,0,0,0,0,0
220437,1,1,1982,33,33,33,33,33,33,33,33,33,33
220438,1,1,1982,0,0,0,0,0,0,0,9,0,0
220438,2,1,1982,0,0,0,0,0,0,0,0,0,0
220438,3,1,1982,0,0,0,0,0,0,0,0,0,9
220439,0,1,1982,0,0,0,0,0,0,0,0,0,0
220439,1,1,1982,1,1,1,1,1,1,1,1,1,1
220441,1,1,1982,0,0,0,0,0,0,0,0,0,0
220441,2,1,1982,0,0,0,0,0,0,0,0,0,0
220442,0,1,1982,14,14,14,14,14,14,14,14,14,14
220442,1,1,1982,11,20,17,0,15,0,11,0,20,22
220443,0,1,1982,39,39,39,39,39,39,39,39,39,39
220443,1,1,1982,18,18,18,18,18,18,18,18,18,18
220444,1,1,1982,0,0,0,0,0,0,0,0,0,0
220444,2,1,1982,0,0,0,0,0,0,0,0,0,0
220445,0,1,1982,0,0,0,0,0,0,0,0,0,0
220445,1,1,1982,0,0,0,0,0,0,0,16,0,11
220446,1,1,1982,25,25,25,25,25,25,25,25,25,25
220446,2,1,1982,0,0,0,0,0,0,7,0,0,0
220447,1,1,1982,18,18,18,18,18,18,18,18,18,18
220448,1,1,1982,22,22,22,22,22,22,22,22,22,22
220449,1,1,1982,14,14,14,14,14,14,14,14,14,14
220450,1,1,1982,0,8,0,12,0,0,0,33,0,25
220451,0,1,1982,23,21,34,16,23,0,39,25,15,21
220451,1,1,1982,0,0,0,0,0,0,0,0,0,0
220452,0,1,1982,18,30,31,29,23,32,20,34,27,28
220452,1,1,1982,0,0,0,0,0,0,0,0,5,0
220453,1,1,1982,0,0,0,0,0,0,0,0,0,0
220453,2,1,1982,8,8,8,8,8,8,8,8,8,8
220453,3,1,1982,0,0,0,0,0,0,0,0,0,0
220453,4,1,1982,0,7,0,0,13,0,0,11,0,0
220454,1,1,1982,0,18,0,11,0,0,0,0,0,0
220454,2,1,1982,11,14,16,13,12,12,9,25,18,6
220455,1,1,1982,24,9,10,25,11,8,13,17,22,19
220456,0,1,1982,25,25,25,25,25,25,25,25,25,25
220456,1,1,1982,6,0,17,0,0,0,0,0,0,0
220457,1,1,1982,0,0,0,0,0,0,0,0,0,0
220457,2,1,1982,0,0,0,0,0,19,0,0,23,0
220458,1,1,1982,2,2,2,2,2,2,2,2,2,2
220458,2,1,1982,7,7,7,7,7,7,7,7,7,7
220459,0,1,1982,27,27,27,27,27,27,27,27,27,27
220459,1,1,1982,8,8,8,8,8,8,8,8,8,8
220460,1,1,1982,0,0,14,0,0,0,16,27,26,0
220461,1,1,1982,8,0,0,0,0,0,0,0,0,6
220461,2,1,1982,0,0,0,0,0,0,0,0,0,0
220462,1,1,1982,13,13,13,13,13,13,13,13,13,13
220463,1,1,1982,0,0,0,0,0,0,0,0,0,0
220463,2,1,1982,40,8,11,0,0,0,0,8,0,18
220464,1,1,1982,0,0,0,0,0,0,0,0,0,0
220464,2,1,1982,0,15,0,0,7,0,5,0,0,13
220465,0,1,1982,21,21,21,21,21,21,21,21,21,21
220465,1,1,1982,0,0,0,0,0,0,10,0,0,0
220466,1,1,1982,0,0,0,0,0,0,0,0,0,0
220466,2,1,1982,0,0,22,0,0,0,0,0,0,0
220467,1,1,1982,15,0,9,25,0,14,14,0,0,0
220468,1,1,1982,18,18,18,18,18,18,18,18,18,18
220468,2,1,1982,0,0,17,0,25,0,0,13,0,0
220469,1,1,1982,0,0,0,0,0,0,0,0,0,0
220469,2,1,1982,0,0,0,0,0,0,0,0,19,0
220470,1,1,1982,0,0,0,0,0,0,0,0,0,0
220470,2,1,1982,0,0,0,0,0,0,0,0,0,0
220471,1,1,1982,0,0,0,33,33,23,0,0,25,18
220472,0,1,1982,0,0,0,0,0,0,0,0,0,0
220472,1,1,1982,0,26,0,24,10,0,0,0,8,0
220473,0,1,1982,19,9,29,36,14,25,5,24,13,25
220473,1,1,1982,0,0,0,0,0,0,0,0,0,0
220474,1,1,1982,11,11,11,11,11,11,11,11,11,11
220475,1,1,1982,0,0,0,0,0,0,0,0,0,0
220475,2,1,1982,0,0,0,14,0,0,0,0,14,0
220476,1,1,1982,0,0,0,0,14,0,0,0,0,0
220476,2,1,1982,0,0,8,0,0,0,0,0,0,0
220477,1,1,1982,7,7,15,8,12,6,10,35,11,13
220477,2,1,1982,0,0,19,0,10,0,0,18,4,14
220478,1,1,1982,0,0,0,0,0,0,0,0,0,0
220478,2,1,1982,0,0,0,0,0,0,0,0,0,0
220479,1,1,1982,0,0,0,0,0,0,0,22,0,0
220480,0,1,1982,13,0,8,16,0,40,32,16,13,20
220480,1,1,1982,3,3,3,3,3,3,3,3,3,3
220481,1,1,1982,15,12,13,19,2,6,14,28,11,13
220481,2,1,1982,0,0,0,0,0,0,0,0,0,0
220482,1,1,1982,15,15,10,21,10,0,14,13,0,22
220483,0,1,1982,0,0,0,0,0,0,0,0,0,0
220483,1,1,1982,0,22,0,0,0,0,0,0,0,0
220484,1,1,1982,27,26,18,28,11,21,18,18,17,22
220485,1,1,1982,21,24,12,17,18,28,26,11,9,25
220486,1,1,1982,0,0,0,0,0,0,0,0,0,0
220486,2,1,1982,13,9,4,18,13,13,13,8,9,17
220487,1,1,1982,22,3,13,0,14,0,13,0,21,0
220487,2,1,1982,15,0,0,0,6,0,0,17,3,11
220488,0,1,1982,20,20,20,20,20,20,20,20,20,20
220488,1,1,1982,0,0,0,0,0,0,0,0,0,0
220490,1,1,1982,15,15,15,15,15,15,15,15,15,15
220491,0,1,1982,0,0,0,0,0,0,0,0,0,0
220491,1,1,1982,0,0,0,0,0,0,0,4,0,0
220492,1,1,1982,0,0,0,0,0,0,0,0,0,0
220492,2,1,1982,30,0,0,0,0,0,0,0,0,0
220493,1,1,1982,0,8,8,12,13,12,14,16,12,14
220493,2,1,1982,0,0,0,0,0,0,0,0,0,0
220494,1,1,1982,0,0,0,0,0,0,0,0,0,0
220494,2,1,1982,0,0,0,0,0,0,0,0,0,0
220494,3,1,1982,0,0,0,0,0,0,0,0,0,0
220495,0,1,1982,19,40,20,38,11,11,24,37,22,21