ST_CASE,VEH_NO,PER_NO,YEAR,P1,P2,P3,P4,P5,P6,P7,P8,P9,P10
220495,1,1,1982,0,0,0,0,0,0,0,0,0,0
220496,1,1,1982,23,0,0,12,0,15,0,0,0,0
220497,0,1,1982,0,13,0,0,0,0,14,33,34,32
220497,1,1,1982,0,0,0,0,0,0,0,0,0,0
220498,1,1,1982,12,17,0,19,0,22,0,0,20,17
220499,0,1,1982,34,20,19,10,39,28,19,7,14,10
220499,1,1,1982,9,9,9,9,9,9,9,9,9,9
220500,1,1,1982,6,32,7,11,26,9,26,11,27,28
220500,2,1,1982,0,0,0,0,0,0,0,22,0,0
220500,3,1,1982,0,0,0,0,0,0,0,0,0,0
220501,1,1,1982,0,9,0,0,0,0,0,0,0,0
220501,2,1,1982,20,20,20,20,20,20,20,20,20,20
220502,1,1,1982,0,16,3,25,8,11,10,0,0,15
220503,1,1,1982,5,9,17,8,0,17,21,13,30,21
220504,1,1,1982,1,1,1,1,1,1,1,1,1,1
220504,2,1,1982,0,9,0,0,11,6,15,0,17,6
220505,1,1,1982,6,6,6,6,6,6,6,6,6,6
220505,2,1,1982,0,0,0,0,0,0,0,0,0,0
220506,1,1,1982,0,0,0,0,0,0,0,0,0,0
220506,2,1,1982,0,16,9,0,0,9,0,0,15,0
220507,0,1,1982,0,0,0,0,0,0,0,0,0,0
220507,1,1,1982,0,0,0,0,0,0,0,0,0,0
220508,1,1,1982,4,19,12,14,14,15,11,11,0,11
220508,2,1,1982,2,26,0,27,28,0,11,9,19,14
220509,1,1,1982,17,23,7,36,18,29,23,19,0,32
220510,1,1,1982,9,19,12,13,14,15,17,13,11,6
220511,1,1,1982,0,0,0,0,0,0,0,0,0,0
220511,2,1,1982,16,0,23,15,24,26,8,0,5,24
220512,0,1,1982,0,0,17,0,0,10,0,0,17,5
220512,1,1,1982,33,16,9,3,0,17,17,0,33,22
220513,0,1,1982,0,0,0,0,0,0,0,0,0,0
220513,1,1,1982,0,0,0,0,0,0,0,0,0,0
220514,1,1,1982,8,14,14,4,17,4,3,19,17,15
220515,1,1,1982,24,12,27,17,9,12,12,15,34,22
220516,1,1,1982,14,0,29,24,10,14,21,15,19,11
220517,0,1,1982,0,0,0,0,0,0,18,0,0,27
220517,1,1,1982,0,0,16,0,0,0,0,0,0,0
220518,1,1,1982,19,9,5,0,0,0,10,9,20,11
220519,1,1,1982,13,0,16,0,20,0,0,16,10,19
220519,2,1,1982,1,1,1,1,1,1,1,1,1,1
220520,0,1,1982,0,0,0,0,0,0,0,0,0,0
220520,0,2,1982,0,0,0,0,0,0,0,0,0,0
220520,0,3,1982,0,14,0,0,0,22,0,0,0,0
220520,1,1,1982,9,9,9,9,9,9,9,9,9,9
220521,1,1,1982,7,0,0,0,5,0,0,12,0,0
220521,2,1,1982,0,0,0,0,0,0,0,0,0,0
220522,1,1,1982,18,33,12,28,19,19,9,11,13,14
220523,1,1,1982,22,22,22,22,22,22,22,22,22,22
220524,1,1,1982,0,14,0,0,12,10,0,21,18,13
220525,1,1,1982,10,22,10,22,25,9,12,25,15,19
220525,2,1,1982,0,0,0,0,0,0,0,0,0,0
220526,1,1,1982,5,16,20,26,19,0,13,14,9,16
220526,2,1,1982,4,4,4,4,4,4,4,4,4,4
220527,0,1,1982,24,0,0,0,0,0,0,0,0,0
220527,1,1,1982,0,0,0,0,0,0,0,0,0,0
220528,1,1,1982,0,0,0,0,0,0,0,0,0,0
220528,2,1,1982,0,0,0,5,0,0,0,0,0,0
220529,1,1,1982,23,18,33,21,13,9,18,28,21,14
220530,1,1,1982,0,0,0,0,0,0,0,0,0,0
220530,2,1,1982,0,0,13,0,0,0,0,0,0,0
220531,0,1,1982,0,0,0,0,0,0,0,0,0,0
220531,1,1,1982,0,0,0,0,0,0,0,0,0,0
220532,1,1,1982,0,0,0,0,0,0,0,0,0,0
220532,2,1,1982,29,16,22,32,24,23,22,14,40,14
220533,1,1,1982,0,0,0,0,0,0,0,0,0,0
220534,0,1,1982,16,15,0,0,0,0,6,0,0,0
220534,1,1,1982,7,4,9,0,0,0,0,0,0,0
220535,1,1,1982,27,27,27,27,27,27,27,27,27,27
220536,0,1,1982,0,0,11,14,18,23,0,0,25,18
220536,1,1,1982,0,7,18,11,16,0,0,0,23,28
220537,1,1,1982,0,0,0,0,0,33,0,18,0,0
220537,2,1,1982,1,1,1,1,1,1,1,1,1,1
220538,1,1,1982,15,11,24,27,14,0,6,24,0,19
220539,0,1,1982,0,0,0,0,0,4,0,0,0,0
220539,1,1,1982,2,2,2,2,2,2,2,2,2,2
220540,1,1,1982,0,28,29,16,21,18,18,0,15,0
220541,1,1,1982,0,0,0,0,0,0,0,0,0,0
220541,2,1,1982,0,0,0,0,0,0,0,0,0,0
220542,1,1,1982,0,0,0,0,0,0,0,0,0,0
220542,2,1,1982,0,0,0,0,0,0,0,0,0,0
220543,1,1,1982,0,0,5,0,0,0,0,0,0,0
220543,2,1,1982,0,0,0,0,0,0,2,0,0,0
220544,1,1,1982,15,21,21,24,12,19,27,21,20,17
220545,0,1,1982,0,0,0,15,8,0,0,0,18,13
220545,1,1,1982,0,0,0,0,0,0,0,0,0,0
220546,1,1,1982,19,18,15,0,0,13,0,25,0,16
220546,2,1,1982,0,0,0,0,0,0,0,0,0,0
220547,1,1,1982,0,0,0,0,14,16,0,22,0,0
220548,1,1,1982,11,0,19,20,20,23,5,15,18,0
220548,2,1,1982,0,0,0,0,0,0,0,0,0,0
220549,1,1,1982,13,0,0,0,17,9,9,0,0,9
220549,2,1,1982,0,0,0,0,0,0,6,0,0,0
220550,0,1,1982,0,0,0,0,0,0,0,0,0,0
220550,1,1,1982,0,0,0,0,0,0,0,0,0,0
220551,0,1,1982,0,0,3,0,0,16,0,6,15,0
220551,1,1,1982,46,20,0,0,0,27,41,23,21,0
220552,0,1,1982,0,0,0,0,0,0,0,0,0,0
220552,0,2,1982,0,0,0,15,9,0,0,0,0,0
220552,1,1,1982,0,0,0,0,0,0,0,0,0,0
220553,0,1,1982,20,27,23,12,12,11,11,0,4,37
220553,1,1,1982,25,29,4,10,0,0,20,0,0,12
220554,1,1,1982,0,0,0,0,0,0,0,11,21,14
220554,2,1,1982,22,27,0,0,0,0,0,28,0,10
220555,1,1,1982,0,0,11,6,7,20,9,17,18,0
220556,1,1,1982,20,20,20,20,20,20,20,20,20,20
220557,1,1,1982,0,0,0,14,0,0,24,0,0,0
220557,2,1,1982,0,0,10,0,0,0,0,0,0,0
220558,1,1,1982,0,0,5,0,0,0,0,0,0,0
220558,2,1,1982,0,0,0,0,0,0,0,16,0,0
220558,3,1,1982,0,0,0,0,0,0,0,0,0,0
220558,4,1,1982,0,0,0,0,0,0,0,0,0,0
220559,0,1,1982,0,16,13,0,0,0,0,0,0,0
220559,1,1,1982,0,0,0,0,0,0,0,0,0,0
220560,1,1,1982,12,20,0,0,0,0,24,15,11,0
220560,2,1,1982,0,0,0,0,0,0,0,0,11,0
220561,1,1,1982,0,0,0,0,0,0,0,0,0,0
220561,2,1,1982,0,0,0,0,0,0,0,0,0,0
220562,0,1,1982,0,0,0,0,0,0,0,0,0,0
220562,1,1,1982,1,1,1,1,1,1,1,1,1,1
220563,1,1,1982,0,0,0,0,0,0,0,0,0,0
220563,2,1,1982,8,0,0,0,0,13,19,17,9,0
220564,0,1,1982,0,0,0,0,0,0,0,0,0,0
220564,1,1,1982,0,0,0,0,0,0,0,0,0,0
220565,1,1,1982,11,11,11,11,11,11,11,11,11,11
220565,2,1,1982,0,0,0,0,9,11,0,0,7,0
220565,3,1,1982,0,0,0,11,7,0,0,0,21,30
220566,1,1,1982,0,0,0,0,0,0,3,0,10,0
220567,0,1,1982,0,0,0,0,13,0,0,0,2,0
220567,0,2,1982,0,0,0,29,0,0,16,0,0,0
220567,1,1,1982,0,0,0,0,0,0,0,0,0,0
220568,1,1,1982,0,15,9,6,0,9,17,15,26,8
220569,0,1,1982,0,0,0,0,0,18,0,12,0,0
220569,1,1,1982,0,0,14,0,0,16,0,16,21,0
220570,1,1,1982,0,20,0,14,0,0,0,21,5,16
220571,1,1,1982,16,16,16,16,16,16,16,16,16,16
220572,1,1,1982,0,0,0,0,0,0,0,0,0,0
220572,2,1,1982,0,0,0,0,0,0,0,0,0,0
220573,0,1,1982,0,0,0,0,0,0,0,0,0,0
220573,1,1,1982,9,20,22,13,15,20,0,16,25,11
220574,0,1,1982,0,0,18,0,0,0,0,20,16,0
220574,1,1,1982,0,0,0,0,0,0,11,0,23,0
220575,1,1,1982,14,10,21,13,15,22,29,21,13,19
220576,1,1,1982,6,6,6,6,6,6,6,6,6,6
220576,2,1,1982,8,8,8,8,8,8,8,8,8,8
220577,1,1,1982,0,21,0,0,0,0,14,0,0,0
220578,0,1,1982,26,27,14,33,21,17,22,0,26,0
220578,1,1,1982,0,0,0,0,0,0,0,0,0,0
220579,1,1,1982,19,13,26,34,23,16,13,14,30,18
220580,1,1,1982,0,0,13,0,0,0,0,6,0,0
220581,1,1,1982,0,16,0,16,0,0,0,0,0,0
220581,2,1,1982,0,0,0,0,0,0,0,0,0,0
220582,1,1,1982,0,0,0,0,0,0,0,0,0,0
220582,2,1,1982,0,0,0,0,0,0,0,0,0,0
220583,1,1,1982,0,0,0,0,0,0,0,0,0,0
220583,2,1,1982,0,0,0,0,0,0,0,0,0,0
220584,1,1,1982,0,0,0,0,0,0,10,0,0,0
220584,2,1,1982,18,7,16,0,15,15,21,21,19,7
220585,1,1,1982,6,13,32,16,28,24,25,10,14,31
220586,0,1,1982,18,0,0,0,0,0,7,0,0,0
220586,0,2,1982,11,0,11,2,0,9,0,0,0,0
220586,1,1,1982,9,9,9,9,9,9,9,9,9,9
220587,1,1,1982,28,13,7,10,18,8,11,26,15,17
220588,1,1,1982,0,0,4,19,0,20,0,0,0,0
220589,1,1,1982,23,15,21,15,0,11,7,15,0,0
220590,0,1,1982,0,0,0,0,0,0,0,0,0,0
220590,1,1,1982,1,1,1,1,1,1,1,1,1,1
220591,1,1,1982,28,28,28,28,28,28,28,28,28,28
220592,0,1,1982,0,0,0,0,0,0,0,0,0,0
220592,1,1,1982,0,0,4,0,0,0,0,0,0,0
220593,1,1,1982,26,21,17,16,0,18,20,22,32,13
220594,1,1,1982,0,0,0,0,0,0,0,0,0,13
220594,2,1,1982,20,29,16,31,15,20,16,16,16,9
220595,1,1,1982,17,10,14,11,13,13,26,24,18,24
220596,0,1,1982,0,0,14,15,0,27,11,0,0,13
220596,1,1,1982,0,0,0,0,0,0,0,0,0,0
220597,1,1,1982,26,22,0,0,0,21,47,0,4,21
220598,1,1,1982,0,0,0,0,5,0,0,0,0,10
220599,0,1,1982,22,22,22,22,22,22,22,22,22,22
220599,1,1,1982,13,0,0,11,0,0,0,0,0,0
220600,1,1,1982,0,0,0,0,0,0,0,0,0,0
220601,1,1,1982,19,19,19,19,19,19,19,19,19,19
220601,2,1,1982,0,0,10,0,0,0,0,0,0,16
220602,1,1,1982,0,0,0,0,0,0,0,0,0,0
220602,2,1,1982,0,0,0,15,0,22,0,0,0,0
220603,1,1,1982,17,21,23,15,21,22,18,41,21,49
220604,0,1,1982,0,21,20,8,10,0,25,26,11,0
220604,1,1,1982,0,0,0,0,0,0,9,0,0,0
220605,1,1,1982,14,14,17,30,0,24,15,0,24,0
220606,0,1,1982,0,0,0,0,0,0,0,0,0,0
220606,1,1,1982,0,0,0,0,0,0,0,0,0,0
220607,0,1,1982,0,0,0,0,0,0,0,0,0,0
220607,0,2,1982,0,7,0,0,7,10,8,10,0,0
220607,1,1,1982,0,0,0,0,0,0,0,0,0,0
220608,0,1,1982,0,14,13,0,0,0,0,0,0,0
220608,1,1,1982,0,0,0,0,0,0,0,0,0,0
220609,1,1,1982,0,0,0,0,0,0,0,0,0,0
220609,2,1,1982,6,9,0,0,0,0,0,0,9,0
220610,1,1,1982,0,0,0,0,0,0,0,0,0,0
220610,2,1,1982,0,0,0,0,0,0,0,0,0,0
220611,1,1,1982,0,0,0,0,0,0,0,0,0,0
220611,2,1,1982,0,0,0,0,0,0,0,0,0,0
220612,1,1,1982,0,0,0,0,0,22,0,0,0,0
220613,0,1,1982,0,0,0,0,0,0,0,0,0,0
220613,1,1,1982,0,0,27,21,0,0,0,0,0,0
220614,0,1,1982,0,0,0,0,0,0,0,0,0,0
220614,1,1,1982,0,0,0,0,0,0,0,0,0,0
220615,0,1,1982,0,0,0,0,0,0,0,0,0,0
220615,1,1,1982,0,0,0,0,0,0,0,0,0,0
220616,1,1,1982,0,0,4,0,5,0,0,0,0,16
220617,0,1,1982,16,37,0,0,0,0,0,0,6,0
220617,0,2,1982,0,0,0,11,0,0,0,0,20,23
220617,1,1,1982,0,0,0,20,0,0,0,0,0,0
220618,1,1,1982,11,11,11,11,11,11,11,11,11,11
220619,1,1,1982,0,0,0,0,4,0,22,0,18,0
220619,2,1,1982,0,0,0,0,0,0,0,0,0,0
220619,3,1,1982,0,0,0,0,0,0,0,0,0,0
220620,1,1,1982,16,24,22,0,29,20,5,14,0,30
220621,1,1,1982,0,0,0,0,2,0,0,0,0,0
220621,2,1,1982,0,0,14,0,0,0,22,0,0,0
220622,1,1,1982,0,13,19,5,0,0,12,15,11,14
220622,2,1,1982,0,0,0,0,0,0,0,0,0,0
220623,1,1,1982,0,0,0,0,0,0,0,17,0,0
220624,1,1,1982,0,0,0,0,0,0,0,0,0,0
220625,1,1,1982,0,0,0,0,5,0,0,0,0,0
220626,1,1,1982,0,0,0,0,21,0,0,0,0,28
220627,1,1,1982,0,0,0,0,4,25,0,20,14,0
220627,2,1,1982,0,0,0,0,0,5,0,0,0,0
220627,3,1,1982,5,0,0,0,3,0,4,0,0,0
220628,0,1,1982,0,0,9,0,0,23,14,0,16,0
220628,1,1,1982,4,4,4,4,4,4,4,4,4,4
220629,1,1,1982,0,0,0,12,0,20,7,0,0,0
220629,2,1,1982,0,0,0,12,0,16,16,0,18,2
220630,0,1,1982,9,10,25,14,0,0,0,12,0,0
220630,1,1,1982,0,0,0,0,0,0,0,10,0,0
220631,1,1,1982,31,37,21,5,34,25,18,17,19,26
220632,1,1,1982,0,0,26,0,13,14,6,7,13,0
220632,2,1,1982,0,0,0,0,0,0,0,0,0,0
220632,3,1,1982,0,0,0,0,0,0,0,0,0,0
220633,0,1,1982,0,0,14,0,0,0,0,29,0,0
220633,1,1,1982,0,0,0,0,0,0,0,0,0,0
220634,0,1,1982,23,0,7,0,10,0,11,0,0,6
220634,1,1,1982,4,4,4,4,4,4,4,4,4,4
220635,0,1,1982,17,23,44,23,17,27,24,18,20,22
220635,1,1,1982,9,9,9,9,9,9,9,9,9,9
220636,1,1,1982,3,3,3,3,3,3,3,3,3,3
220637,1,1,1982,0,0,0,0,0,0,0,0,0,0
220637,2,1,1982,0,0,0,20,0,0,0,0,0,0
220638,0,1,1982,0,0,0,9,11,14,0,0,29,13
220638,0,2,1982,0,0,0,0,0,8,0,0,17,0
220638,1,1,1982,23,0,0,0,0,17,0,0,0,0
220639,1,1,1982,35,10,13,10,17,0,7,20,27,11
220640,1,1,1982,0,0,0,0,0,0,0,0,0,0
220641,0,1,1982,0,0,0,0,0,0,0,0,0,0
220641,1,1,1982,0,0,0,0,0,0,0,0,0,0
220642,1,1,1982,16,36,24,20,24,16,21,18,14,16
220643,1,1,1982,0,0,7,14,0,0,0,0,0,0
220643,2,1,1982,0,0,0,0,0,0,0,0,0,0
220644,1,1,1982,0,0,0,0,0,0,0,0,0,0
220644,2,1,1982,0,17,0,5,0,0,0,0,0,0
220645,0,1,1982,0,0,0,0,0,0,0,0,0,0
220645,1,1,1982,15,15,15,15,15,15,15,15,15,15
220646,1,1,1982,0,0,29,0,12,0,9,0,15,23
220647,1,1,1982,7,21,10,12,6,14,22,8,15,12
220647,2,1,1982,5,15,0,10,0,0,0,0,0,13
220648,1,1,1982,0,0,0,0,0,0,0,0,0,0
220648,2,1,1982,0,0,0,0,0,0,0,0,0,0
220648,3,1,1982,0,0,0,0,0,0,0,0,0,0
220649,1,1,1982,13,13,13,13,13,13,13,13,13,13
220649,2,1,1982,1,1,1,1,1,1,1,1,1,1
220650,1,1,1982,15,0,22,12,0,17,36,0,15,26
220651,1,1,1982,8,15,0,20,0,15,10,18,37,7
220651,2,1,1982,0,6,0,9,16,25,10,16,14,20
220652,1,1,1982,0,2,18,0,0,0,0,0,0,0
220653,0,1,1982,8,18,0,0,0,26,0,0,0,0
220653,1,1,1982,0,0,0,0,0,0,0,0,0,0
220654,0,1,1982,0,0,0,0,0,0,0,0,0,0
220654,1,1,1982,0,0,0,0,0,0,0,0,0,0
220655,1,1,1982,0,0,0,0,10,0,0,0,0,6
220655,2,1,1982,18,0,0,0,17,0,13,0,21,18
220656,0,1,1982,0,0,0,0,0,0,0,19,24,0
220656,1,1,1982,0,0,0,0,0,0,0,0,0,0
220657,0,1,1982,0,0,0,0,0,0,0,0,0,0
220657,1,1,1982,0,0,0,0,0,0,0,0,0,0
220658,0,1,1982,0,0,0,0,0,0,0,0,0,0
220658,1,1,1982,0,0,0,0,0,0,0,0,0,0
220659,1,1,1982,10,10,10,10,10,10,10,10,10,10
220659,2,1,1982,0,0,0,0,0,0,0,0,0,0
220660,1,1,1982,21,21,21,21,21,21,21,21,21,21
220660,2,1,1982,4,4,4,4,4,4,4,4,4,4
220661,1,1,1982,41,29,17,0,27,5,8,27,4,8
220662,0,1,1982,19,0,0,0,7,0,18,19,21,11
220662,1,1,1982,1,1,1,1,1,1,1,1,1,1
220663,1,1,1982,15,13,16,0,16,24,13,0,0,19
220664,1,1,1982,12,6,0,7,0,0,0,0,0,0
220665,1,1,1982,18,17,6,13,5,0,18,19,4,8
220666,1,1,1982,21,12,0,17,14,9,17,0,5,0
220666,2,1,1982,18,18,18,18,18,18,18,18,18,18
220667,1,1,1982,21,0,0,0,0,0,16,29,0,23
220668,1,1,1982,24,24,24,24,24,24,24,24,24,24
220669,0,1,1982,0,0,0,0,0,0,1,19,0,4
220669,1,1,1982,13,13,13,13,13,13,13,13,13,13
220670,0,1,1982,0,0,0,0,0,0,0,0,0,0
220670,1,1,1982,23,0,6,3,0,0,0,0,10,16
220671,1,1,1982,0,0,0,0,0,0,0,0,0,0
220672,1,1,1982,13,13,13,13,13,13,13,13,13,13
220673,1,1,1982,20,0,0,0,0,0,0,0,0,11
220674,1,1,1982,0,0,0,8,0,24,27,0,0,25
220675,0,1,1982,0,0,0,0,0,0,0,0,0,0
220675,1,1,1982,0,0,0,0,0,0,0,0,0,0
220676,0,1,1982,0,0,0,0,0,0,0,0,0,0
220676,1,1,1982,0,0,15,0,0,0,0,0,0,0
220677,1,1,1982,0,0,0,0,0,0,0,13,0,0
220677,2,1,1982,0,0,0,0,0,0,0,0,0,0
220678,0,1,1982,0,0,0,0,0,0,0,0,0,0
220678,1,1,1982,0,0,0,0,0,0,0,0,0,0
220679,1,1,1982,0,0,0,25,0,0,0,0,0,0
220680,1,1,1982,0,0,0,0,0,0,0,0,9,0
220681,1,1,1982,0,0,0,0,0,0,0,0,5,2
220682,1,1,1982,0,0,0,0,0,0,0,0,0,0
220683,1,1,1982,0,0,0,0,0,0,0,0,0,0
220684,0,1,1982,0,0,0,0,0,0,0,0,0,0
220684,1,1,1982,0,0,0,0,0,0,0,0,0,0
220685,1,1,1982,0,0,0,0,0,0,0,8,0,0
220685,2,1,1982,9,0,0,0,0,0,0,0,13,9
220686,0,1,1982,0,0,0,0,0,0,3,0,26,0
220686,1,1,1982,0,0,6,15,0,16,13,0,0,17
220687,1,1,1982,2,10,25,10,20,16,15,0,18,9
220687,2,1,1982,29,0,0,0,0,0,0,0,0,0
220688,1,1,1982,0,0,0,0,0,0,0,0,0,0
220688,2,1,1982,0,8,14,0,0,0,14,0,0,0
220689,1,1,1982,8,11,15,9,17,16,20,8,13,13
220689,2,1,1982,0,0,0,0,0,0,0,0,0,21
220689,3,1,1982,0,0,0,0,23,0,0,0,9,18
220690,0,1,1982,0,0,0,0,0,0,0,0,0,0
220690,1,1,1982,9,0,0,0,0,0,0,0,0,0
220691,1,1,1982,26,25,22,3,0,16,15,15,14,0
220691,2,1,1982,0,0,0,0,0,0,0,0,21,0
220692,1,1,1982,0,0,0,0,0,25,0,25,22,0
220692,2,1,1982,1,1,1,1,1,1,1,1,1,1
220693,1,1,1982,19,0,8,8,8,24,15,8,0,13
220693,2,1,1982,10,23,13,17,0,26,16,17,11,10
220694,1,1,1982,0,0,0,0,0,0,0,0,0,0
220694,2,1,1982,0,19,18,0,5,8,8,13,0,3
220695,1,1,1982,4,9,17,3,31,9,10,18,22,6
220695,2,1,1982,10,5,4,5,15,12,11,5,12,7
220696,1,1,1982,7,7,7,7,7,7,7,7,7,7
220696,2,1,1982,17,17,17,17,17,17,17,17,17,17
220697,1,1,1982,20,14,7,26,0,23,30,7,10,0
220697,2,1,1982,0,35,28,16,6,9,18,23,30,21
220698,0,1,1982,9,0,12,0,0,9,31,0,0,15
220698,1,1,1982,0,0,0,0,0,0,0,7,0,4
220699,1,1,1982,0,0,0,0,0,0,0,10,0,0
220699,2,1,1982,13,0,4,0,14,0,0,0,0,18
220700,1,1,1982,26,16,22,0,0,0,0,0,0,22
220700,2,1,1982,0,0,0,0,0,0,0,0,0,0
220700,3,1,1982,0,0,0,0,0,0,0,0,0,0
220700,4,1,1982,0,0,0,0,0,0,0,0,0,0
220700,5,1,1982,0,0,0,19,0,17,12,0,0,17
220700,6,1,1982,0,0,0,0,0,0,0,0,0,0
220701,0,1,1982,0,0,14,0,0,0,0,0,0,0
220701,1,1,1982,4,0,11,0,0,0,0,0,0,0
220702,1,1,1982,13,30,16,28,12,17,21,11,15,15
220703,1,1,1982,0,0,0,0,0,0,11,0,0,0
220703,2,1,1982,21,8,0,0,0,14,27,16,19,8
220704,1,1,1982,10,14,22,10,0,0,0,19,0,14
220706,0,1,1982,34,34,34,34,34,34,34,34,34,34
220706,1,1,1982,0,0,0,0,0,0,0,0,0,0
220707,0,1,1982,0,9,0,0,0,0,13,0,0,0
220707,1,1,1982,0,0,0,0,0,0,0,0,0,0
220708,1,1,1982,4,4,4,4,4,4,4,4,4,4
220709,1,1,1982,0,0,0,0,0,0,0,0,0,0
220709,2,1,1982,0,0,17,0,0,0,0,0,0,0
220710,1,1,1982,20,20,20,20,20,20,20,20,20,20
220710,2,1,1982,0,13,7,0,14,5,28,0,15,22
220710,3,1,1982,0,0,0,0,0,0,0,0,0,0
220710,4,1,1982,12,0,0,0,7,0,0,0,10,0
220710,5,1,1982,0,0,0,0,0,0,12,0,8,20
220711,1,1,1982,13,0,0,35,0,16,14,0,0,0
220711,2,1,1982,0,0,0,0,0,0,0,0,0,0
220712,1,1,1982,17,0,34,9,21,7,15,0,12,12
220713,1,1,1982,0,0,0,0,0,0,0,0,0,0
220713,2,1,1982,1,1,1,1,1,1,1,1,1,1
220714,0,1,1982,0,0,0,0,0,0,0,0,0,0
220714,1,1,1982,0,0,0,0,0,0,0,0,0,0
220715,1,1,1982,40,16,12,26,23,23,0,11,15,19
220716,0,1,1982,25,17,0,16,0,16,21,0,21,0
220716,1,1,1982,1,1,1,1,1,1,1,1,1,1
220717,1,1,1982,0,0,0,0,12,14,0,8,0,8
220717,2,1,1982,0,0,0,0,0,0,0,0,0,0
220718,1,1,1982,17,23,23,13,27,4,11,11,0,22
220719,1,1,1982,20,28,13,25,21,18,13,13,30,22
220720,1,1,1982,19,10,25,11,11,8,33,31,23,19
220720,2,1,1982,21,0,14,24,0,0,0,0,0,23
220721,1,1,1982,17,15,3,13,12,8,19,27,10,8
220721,2,1,1982,23,10,11,0,0,19,16,0,0,0
220722,1,1,1982,0,0,0,0,0,0,0,0,0,0
220722,2,1,1982,0,0,0,0,0,0,0,7,0,0
220723,1,1,1982,15,0,0,0,0,17,0,20,0,34
220724,1,1,1982,19,5,15,25,8,0,8,13,15,3
220724,2,1,1982,19,0,29,23,32,20,29,0,13,21
220725,1,1,1982,19,6,14,15,19,0,24,18,0,12
220726,1,1,1982,19,22,16,0,20,18,17,26,13,11
220727,1,1,1982,0,0,0,0,0,0,0,0,0,0
220727,2,1,1982,10,23,16,11,0,15,0,0,0,0
220728,1,1,1982,0,0,0,0,0,0,0,0,0,0
220728,2,1,1982,0,0,0,0,0,0,0,0,0,0
220728,3,1,1982,0,9,0,0,0,0,0,0,0,0
220729,1,1,1982,0,0,0,0,0,0,0,0,0,0
220729,2,1,1982,0,0,0,0,0,0,0,0,0,0
220730,1,1,1982,4,4,4,4,4,4,4,4,4,4
220730,2,1,1982,5,28,22,17,14,17,16,12,9,19
220731,1,1,1982,20,20,15,22,12,28,24,20,19,16
220732,0,1,1982,0,0,6,0,0,12,0,0,0,14
220732,1,1,1982,0,0,0,0,0,0,0,0,0,0
220733,1,1,1982,0,0,0,0,0,0,0,0,0,0
220733,2,1,1982,0,15,0,0,0,0,0,0,0,0
220734,1,1,1982,13,13,13,13,13,13,13,13,13,13
220735,1,1,1982,26,10,5,1,16,0,16,10,0,19
220736,0,1,1982,18,9,0,20,0,13,0,0,13,0
220736,0,2,1982,19,0,0,0,0,10,0,20,21,8
220736,1,1,1982,26,22,0,9,7,14,16,13,29,9
220737,1,1,1982,24,9,23,8,17,25,17,5,17,17
220737,2,1,1982,26,18,0,22,0,20,14,12,21,9
220738,1,1,1982,0,9,0,0,0,0,27,0,9,0
220739,1,1,1982,15,15,15,15,15,15,15,15,15,15
220740,1,1,1982,27,11,0,0,19,26,31,12,13,30
220741,0,1,1982,0,0,0,0,6,0,11,16,0,0
220741,1,1,1982,8,0,0,0,0,0,0,0,0,0
220742,1,1,1982,6,17,30,5,7,13,18,0,7,7
220742,2,1,1982,0,0,0,0,0,0,0,0,0,0
220743,1,1,1982,13,13,13,13,13,13,13,13,13,13
220743,2,1,1982,5,0,0,0,0,0,3,8,0,0
220744,1,1,1982,14,25,22,23,37,7,23,14,7,0
220745,1,1,1982,5,0,0,0,15,0,0,12,0,0
220745,2,1,1982,0,0,0,0,0,0,0,0,0,16
220746,1,1,1982,9,21,0,0,0,0,20,0,0,0
220747,1,1,1982,0,0,0,0,0,0,0,0,0,0
220748,1,1,1982,0,0,0,0,0,0,0,0,0,0
220748,2,1,1982,0,0,0,24,0,0,15,0,0,19
220749,1,1,1982,19,0,19,10,15,0,19,35,40,0
220750,1,1,1982,22,17,12,0,21,18,0,36,0,6
220750,2,1,1982,0,0,0,0,0,0,0,0,0,0
220751,1,1,1982,15,10,29,16,23,0,27,16,24,33
220752,0,1,1982,28,12,16,0,0,19,0,0,22,0
220752,1,1,1982,0,0,20,0,0,0,0,12,0,0
220753,1,1,1982,0,8,12,25,25,19,0,9,15,23
220754,0,1,1982,10,14,26,11,28,28,15,27,15,22
220754,1,1,1982,0,0,0,5,0,23,26,0,0,0
220755,1,1,1982,0,0,0,11,20,0,0,0,0,0
220755,2,1,1982,0,0,0,0,0,0,0,0,0,0
220756,1,1,1982,7,0,0,0,6,6,9,0,21,8
220757,0,1,1982,0,0,0,0,0,0,0,0,0,0
220757,1,1,1982,24,0,0,0,0,17,0,0,0,0
220758,1,1,1982,12,16,17,20,25,17,15,18,20,18
220759,1,1,1982,0,0,0,0,0,12,0,13,9,9
220760,0,1,1982,0,0,0,0,0,0,0,0,0,0
220760,1,1,1982,0,0,0,0,0,0,0,0,0,0
220761,0,1,1982,0,0,0,0,0,0,9,0,0,21
220761,1,1,1982,0,0,0,0,0,0,0,0,0,0
220762,1,1,1982,19,22,9,7,23,13,8,10,13,20
220763,1,1,1982,31,31,31,31,31,31,31,31,31,31
220764,1,1,1982,16,13,18,15,10,9,23,20,22,5
220765,1,1,1982,0,0,0,0,0,0,17,8,0,0
220766,1,1,1982,13,13,13,13,13,13,13,13,13,13
220766,2,1,1982,0,0,0,0,0,0,0,0,0,0
220766,3,1,1982,0,0,0,0,0,0,0,0,0,7
220767,1,1,1982,0,0,0,0,0,0,0,0,8,5
220767,2,1,1982,28,14,6,7,16,19,3,0,4,19
220768,0,1,1982,0,40,15,25,36,30,29,36,0,9