ST_CASE,VEH_NO,PER_NO,YEAR,P1,P2,P3,P4,P5,P6,P7,P8,P9,P10
220768,0,2,1982,14,11,18,31,21,26,27,8,13,0
220768,1,1,1982,16,16,16,16,16,16,16,16,16,16
220769,1,1,1982,0,0,0,0,0,0,9,0,0,0
220769,2,1,1982,8,0,0,0,0,0,0,10,0,0
220769,3,1,1982,0,0,0,0,0,0,0,0,0,0
220770,0,1,1982,0,0,0,0,0,0,0,0,0,0
220770,0,2,1982,0,8,0,0,0,10,0,0,0,20
220770,1,1,1982,0,0,0,0,0,0,0,0,0,0
220771,1,1,1982,0,0,0,6,20,0,0,0,0,0
220772,1,1,1982,9,9,9,9,9,9,9,9,9,9
220772,2,1,1982,0,9,0,7,32,0,0,0,34,0
220773,1,1,1982,25,0,0,0,5,11,17,8,0,11
220774,1,1,1982,0,0,0,0,0,0,0,26,0,0
220775,1,1,1982,23,0,11,0,0,0,0,10,0,0
220775,2,1,1982,0,0,0,0,0,0,0,0,0,0
220776,1,1,1982,0,0,0,0,0,19,0,0,0,0
220776,2,1,1982,0,0,0,0,0,0,0,0,0,0
220776,3,1,1982,0,0,0,0,0,0,0,0,0,0
220777,1,1,1982,0,2,23,6,23,6,0,0,25,3
220778,1,1,1982,0,0,0,0,0,0,0,0,0,0
220778,2,1,1982,6,0,0,0,0,0,0,0,0,0
220779,1,1,1982,11,11,31,7,12,25,21,17,12,18
220780,1,1,1982,10,14,13,19,15,30,22,24,11,15
220781,1,1,1982,3,0,35,0,0,6,0,0,0,0
220781,2,1,1982,0,14,7,9,34,30,10,18,17,19
220782,1,1,1982,0,0,0,9,0,5,0,0,22,0
220782,2,1,1982,1,1,1,1,1,1,1,1,1,1
220783,0,1,1982,0,0,0,12,0,12,23,18,0,0
220783,1,1,1982,0,0,9,28,3,3,0,0,13,21
220784,1,1,1982,15,8,19,10,18,17,15,15,15,15
220785,1,1,1982,19,5,22,16,25,12,13,11,25,15
220786,1,1,1982,17,0,34,18,19,17,31,17,14,24
220787,1,1,1982,0,0,24,0,28,0,20,26,0,0
220788,1,1,1982,0,17,8,32,25,29,0,25,11,30
220789,1,1,1982,19,0,0,0,7,14,0,0,20,0
220789,2,1,1982,0,0,0,0,0,0,0,0,0,0
220789,3,1,1982,0,0,21,0,0,0,0,0,0,0
220790,0,1,1982,27,0,22,0,21,22,0,37,0,10
220790,1,1,1982,0,0,0,0,0,0,0,22,0,23
220791,1,1,1982,0,14,0,0,0,0,0,0,0,0
220791,2,1,1982,0,0,0,0,0,0,0,0,0,0
220792,1,1,1982,0,14,7,25,21,25,11,0,0,10
220792,2,1,1982,0,0,0,0,0,0,0,0,0,0
220793,1,1,1982,0,0,0,0,0,0,0,0,0,0
220793,2,1,1982,0,0,0,0,0,0,0,0,0,0
220794,1,1,1982,22,15,0,0,0,7,0,0,0,0
220794,2,1,1982,0,0,0,0,0,0,0,0,0,0
220795,0,1,1982,6,37,0,37,0,0,0,12,24,0
220795,1,1,1982,0,0,0,0,0,0,0,0,0,0
220796,1,1,1982,0,0,0,0,0,0,0,0,0,0
220796,2,1,1982,0,0,18,0,12,0,0,0,0,0
220797,1,1,1982,0,0,0,0,0,0,0,0,0,0
220797,2,1,1982,0,0,0,0,0,0,0,0,25,0
220798,1,1,1982,0,0,6,0,0,0,0,0,0,0
220798,2,1,1982,0,0,0,0,17,0,0,0,0,0
220799,1,1,1982,0,0,0,31,0,29,0,11,7,0
220800,0,1,1982,10,18,15,0,0,0,0,0,21,0
220800,1,1,1982,0,0,0,0,0,0,12,0,0,0
220801,1,1,1982,0,0,0,0,0,0,0,0,0,0
220801,2,1,1982,0,0,21,0,0,0,0,0,0,0
220802,1,1,1982,9,9,9,9,9,9,9,9,9,9
220802,2,1,1982,24,19,17,16,22,5,18,21,24,20
220803,1,1,1982,17,9,15,16,6,22,11,4,5,23
220804,1,1,1982,0,0,0,0,24,0,12,15,3,0
220805,1,1,1982,0,0,0,0,5,0,0,0,0,0
220805,2,1,1982,0,0,0,0,0,0,0,0,0,0
220806,1,1,1982,21,18,0,16,0,28,0,0,0,0
220807,1,1,1982,10,0,17,16,17,9,5,11,4,0
220807,2,1,1982,0,0,0,0,0,0,0,0,0,0
220807,3,1,1982,0,9,0,14,14,0,21,15,18,7
220808,1,1,1982,0,0,0,0,0,0,0,0,0,0
220808,2,1,1982,0,0,0,0,0,0,0,0,0,0
220809,0,1,1982,0,0,0,0,0,0,0,0,9,0
220809,1,1,1982,0,27,0,0,0,0,0,0,0,0
220810,1,1,1982,18,9,18,2,19,9,27,12,20,0
220810,2,1,1982,0,0,0,0,0,0,0,0,0,0
220811,0,1,1982,33,33,33,33,33,33,33,33,33,33
220811,1,1,1982,0,0,0,0,0,3,0,0,0,0
220812,0,1,1982,22,0,20,0,0,0,0,0,22,11
220812,1,1,1982,0,0,0,0,0,0,0,0,0,0
220813,1,1,1982,33,11,15,7,24,17,36,18,0,15
220813,2,1,1982,0,0,0,0,0,0,0,0,0,0
220814,1,1,1982,20,13,0,0,24,0,24,21,9,0
220814,2,1,1982,0,0,0,0,0,0,0,0,0,0
220815,1,1,1982,0,21,0,19,22,17,15,0,0,0
220815,2,1,1982,0,0,0,0,0,0,0,0,0,0
220816,1,1,1982,10,16,0,25,0,7,23,12,27,11
220817,1,1,1982,20,12,34,20,15,0,25,14,15,32
220818,1,1,1982,0,0,5,0,0,0,0,0,0,0
220818,2,1,1982,0,13,0,0,0,0,0,0,10,0
220819,1,1,1982,8,10,0,0,0,0,11,0,0,0
220819,2,1,1982,21,17,21,0,0,14,0,0,15,10
220819,3,1,1982,16,17,0,12,10,24,20,0,13,26
220820,1,1,1982,0,0,0,0,0,0,0,0,0,0
220820,2,1,1982,0,0,0,0,0,0,0,0,0,0
220821,1,1,1982,0,0,0,0,0,0,0,0,0,0
220821,2,1,1982,0,0,0,0,0,0,0,0,0,0
220822,1,1,1982,6,17,19,0,11,10,0,16,8,12
220823,0,1,1982,0,0,0,0,0,0,0,0,0,0
220823,1,1,1982,0,0,0,0,0,0,0,0,0,0
220824,1,1,1982,17,8,32,32,20,0,15,4,20,33
220824,2,1,1982,0,0,0,0,0,9,0,0,0,0
220825,1,1,1982,28,26,0,9,11,16,21,21,21,22
220826,1,1,1982,0,0,0,0,0,0,0,13,0,0
220826,2,1,1982,0,13,13,0,7,13,17,17,8,15
220826,3,1,1982,16,0,6,0,24,18,6,0,0,17
220827,1,1,1982,26,16,0,0,34,14,17,0,0,13
220828,0,1,1982,0,0,11,27,15,24,0,0,49,0
220828,1,1,1982,13,10,17,30,14,36,11,26,18,14
220829,0,1,1982,29,32,28,13,26,19,22,35,22,27
220829,1,1,1982,0,0,0,0,0,0,0,0,0,0
220830,0,1,1982,0,0,0,28,0,0,0,13,13,39
220830,1,1,1982,16,0,0,16,26,0,21,0,0,0
220831,0,1,1982,0,0,0,0,0,0,8,0,0,7
220831,1,1,1982,4,0,0,0,0,8,0,11,0,0
220832,1,1,1982,19,15,0,33,39,24,0,28,25,11
220833,1,1,1982,0,0,10,0,0,0,0,0,0,0
220833,2,1,1982,0,0,0,0,0,0,0,0,0,0
220834,1,1,1982,0,0,0,0,0,0,0,0,0,0
220834,2,1,1982,0,19,0,0,0,0,0,0,0,0
220835,0,1,1982,0,14,4,0,0,0,0,0,0,0
220835,0,2,1982,0,0,0,0,0,19,0,0,14,0
220835,1,1,1982,0,0,27,0,0,0,0,0,0,0
220836,1,1,1982,0,0,0,10,0,12,0,3,0,0
220836,2,1,1982,0,14,0,15,0,0,0,0,0,0
220837,0,1,1982,0,0,0,0,0,0,0,0,0,0
220837,1,1,1982,0,0,0,0,0,0,0,0,0,0
220838,1,1,1982,0,0,0,0,0,0,0,0,0,0
220838,2,1,1982,0,0,0,0,0,0,0,0,0,0
220839,1,1,1982,0,0,2,25,0,0,0,0,0,0
220839,2,1,1982,0,0,0,0,0,0,0,0,0,0
220839,3,1,1982,0,0,0,0,0,0,0,0,0,0
220840,1,1,1982,0,0,0,0,0,0,0,0,0,0
220840,2,1,1982,0,0,0,0,0,0,0,0,5,0
220840,3,1,1982,0,0,10,0,0,0,0,0,0,0
220841,1,1,1982,6,2,0,7,3,0,19,11,15,0
220841,2,1,1982,11,0,0,24,0,0,0,0,0,0
220842,0,1,1982,0,0,0,0,0,0,0,0,0,0
220842,1,1,1982,0,0,0,0,0,0,0,0,0,0
220843,1,1,1982,19,27,14,16,25,26,16,16,12,36
220844,1,1,1982,34,34,34,34,34,34,34,34,34,34
220845,1,1,1982,14,14,14,14,14,14,14,14,14,14
220846,1,1,1982,19,19,19,19,19,19,19,19,19,19
220847,0,1,1982,21,0,0,0,0,0,0,6,0,0
220847,1,1,1982,24,24,24,24,24,24,24,24,24,24
220848,1,1,1982,31,35,34,4,18,27,14,27,29,5
220848,2,1,1982,0,6,0,0,0,0,0,0,0,0
220849,1,1,1982,0,0,0,0,0,0,0,0,0,0
220849,2,1,1982,0,0,0,0,0,0,0,0,0,22
220850,1,1,1982,22,0,29,0,19,19,14,20,11,16
220851,1,1,1982,11,13,4,22,15,12,12,10,15,7
220852,0,1,1982,0,0,36,16,0,0,25,13,0,8
220852,1,1,1982,0,0,20,0,0,0,0,0,0,20
220853,1,1,1982,21,27,16,44,14,16,0,0,4,23
220854,1,1,1982,0,15,21,7,6,22,8,7,0,0
220855,1,1,1982,0,0,0,0,0,0,0,26,0,0
220856,1,1,1982,5,5,5,5,5,5,5,5,5,5
220857,1,1,1982,0,0,0,19,0,0,0,19,0,0
220857,2,1,1982,0,0,0,0,0,0,0,0,0,0
220858,0,1,1982,0,3,0,0,0,0,0,0,0,0
220858,1,1,1982,17,0,0,0,0,0,0,23,0,8
220859,0,1,1982,0,0,0,0,0,0,0,0,0,0
220859,1,1,1982,0,0,0,0,0,0,0,0,0,0
220860,1,1,1982,0,0,0,0,0,0,0,0,0,0
220860,2,1,1982,11,11,11,11,11,11,11,11,11,11
220861,0,1,1982,0,0,17,0,0,0,0,0,0,12
220861,0,2,1982,12,0,0,0,23,21,0,0,4,15
220861,1,1,1982,14,19,22,20,9,13,2,15,33,11
220862,0,1,1982,0,34,0,10,0,12,0,20,11,0
220862,1,1,1982,12,0,8,13,0,13,27,0,0,0
220863,1,1,1982,18,18,18,18,18,18,18,18,18,18
220864,1,1,1982,0,8,0,23,18,28,7,12,22,21
220864,2,1,1982,4,0,10,0,17,22,0,13,18,8
220865,1,1,1982,21,17,18,0,13,19,13,27,10,14
220866,1,1,1982,19,0,8,29,15,13,10,14,13,5
220866,2,1,1982,13,24,22,0,0,14,16,3,21,14
220867,0,1,1982,0,21,0,0,0,0,0,0,17,0
220867,0,2,1982,0,0,0,0,0,0,23,36,0,0
220867,1,1,1982,0,0,0,0,17,0,0,0,0,0
220868,1,1,1982,16,0,10,0,0,0,11,18,6,0
220868,2,1,1982,9,0,4,14,0,0,9,0,0,0
220869,1,1,1982,0,13,0,0,0,0,0,0,0,0
220869,2,1,1982,0,0,0,0,0,0,0,0,0,0
220870,1,1,1982,0,0,0,0,0,0,0,0,0,0
220871,1,1,1982,0,0,0,0,0,0,0,0,0,0
220871,2,1,1982,0,0,0,0,0,0,0,0,0,0
220871,3,1,1982,0,0,0,0,0,0,0,0,0,0
220872,1,1,1982,0,14,12,27,26,0,9,16,4,4
220873,1,1,1982,3,0,17,0,24,14,0,0,14,6
220874,0,1,1982,26,13,15,21,16,38,24,49,28,27
220874,1,1,1982,17,17,17,17,17,17,17,17,17,17
220875,1,1,1982,0,0,0,0,0,0,0,0,0,0
220876,1,1,1982,24,0,31,0,0,0,0,17,26,0
220877,1,1,1982,0,0,15,0,17,27,6,10,7,31
220877,2,1,1982,12,12,12,12,12,12,12,12,12,12
220877,3,1,1982,0,0,8,13,0,0,16,28,20,17
220878,1,1,1982,7,0,0,0,0,0,0,0,0,0
220878,2,1,1982,0,0,0,0,0,0,0,0,0,0
220879,1,1,1982,26,38,0,24,18,9,17,21,13,0
220879,2,1,1982,14,15,0,0,0,32,0,0,0,0
220880,1,1,1982,0,0,0,0,0,0,0,0,0,0
220880,2,1,1982,19,11,0,11,0,0,0,24,12,7
220881,1,1,1982,18,0,0,0,12,0,0,16,0,6
220881,2,1,1982,5,0,0,7,0,0,0,0,0,0
220882,0,1,1982,12,0,0,3,0,26,30,13,0,0
220882,1,1,1982,0,0,0,7,0,0,0,0,4,0
220883,1,1,1982,0,38,7,20,15,10,11,15,16,25
220883,2,1,1982,0,0,0,0,0,0,0,0,0,0
220884,1,1,1982,27,0,0,5,0,10,17,26,26,29
220885,1,1,1982,0,0,12,0,28,0,11,18,26,24
220886,1,1,1982,0,23,26,7,0,15,26,15,15,0
220886,2,1,1982,16,10,0,12,16,0,0,12,22,0
220887,0,1,1982,15,12,5,44,0,24,13,16,22,13
220887,1,1,1982,1,1,1,1,1,1,1,1,1,1
220888,0,1,1982,17,19,44,0,35,0,0,17,5,8
220888,1,1,1982,0,0,0,0,31,22,0,23,0,0
220889,1,1,1982,0,24,0,26,0,19,6,0,28,0
220889,2,1,1982,12,28,0,13,28,10,0,0,0,0
220890,1,1,1982,15,33,18,35,40,25,33,22,17,19
220891,1,1,1982,8,0,0,13,0,0,0,0,0,0
220891,2,1,1982,0,0,0,0,0,0,0,0,0,0
220892,1,1,1982,0,0,0,0,0,0,0,0,0,0
220892,2,1,1982,9,9,9,9,9,9,9,9,9,9
220893,0,1,1982,0,0,0,0,0,0,0,0,0,0
220893,0,2,1982,0,0,0,0,0,0,0,0,0,0
220893,1,1,1982,0,0,0,0,0,0,0,0,0,0
220894,1,1,1982,21,9,0,0,7,9,0,0,0,0
220894,2,1,1982,0,19,14,19,24,5,0,0,10,18
220894,3,1,1982,0,12,0,0,0,0,0,0,0,0
220894,4,1,1982,0,0,0,0,0,0,0,9,0,0
220895,1,1,1982,0,0,0,0,0,0,12,0,31,0
220895,2,1,1982,0,0,0,0,0,0,0,0,0,0
220896,1,1,1982,30,26,27,19,21,18,0,0,15,32
220896,2,1,1982,0,5,0,0,0,0,0,0,0,0
220897,1,1,1982,0,21,21,0,0,0,3,0,0,0
220897,2,1,1982,0,0,0,0,0,0,0,0,0,0
220898,1,1,1982,5,5,5,5,5,5,5,5,5,5
220898,2,1,1982,5,0,6,0,10,0,0,6,0,0
220899,1,1,1982,7,7,7,7,7,7,7,7,7,7
220899,2,1,1982,0,0,0,0,0,0,0,0,0,0
220900,1,1,1982,0,0,21,0,0,6,0,0,0,0
220901,1,1,1982,0,0,0,0,0,0,0,0,0,0
220902,1,1,1982,0,0,0,9,0,0,0,0,0,0
220902,2,1,1982,0,0,0,0,0,0,3,0,0,0
220903,0,1,1982,19,21,14,15,10,23,33,21,21,58
220903,1,1,1982,0,0,0,0,0,0,0,0,0,0
220904,0,1,1982,18,18,18,18,18,18,18,18,18,18
220904,1,1,1982,0,0,17,0,0,0,0,35,0,0
220905,1,1,1982,0,0,0,0,0,0,0,0,0,0
220906,0,1,1982,0,22,0,19,0,0,0,0,14,6
220906,1,1,1982,0,0,0,0,0,0,0,13,0,5
220907,0,1,1982,34,34,34,34,34,34,34,34,34,34
220907,1,1,1982,0,0,0,0,0,0,0,0,0,0
220908,0,1,1982,0,0,0,0,0,0,0,0,0,0
220908,1,1,1982,0,0,0,0,0,0,0,0,0,0
220909,1,1,1982,15,11,0,0,30,20,10,0,15,7
220910,1,1,1982,10,10,10,10,10,10,10,10,10,10
220911,0,1,1982,16,19,0,0,0,27,0,23,16,0
220911,1,1,1982,0,4,0,0,0,18,0,0,0,0
220912,1,1,1982,19,0,9,0,0,22,0,0,0,0
220913,1,1,1982,14,14,14,14,14,14,14,14,14,14
220914,1,1,1982,0,0,0,0,0,0,0,0,0,0
220914,2,1,1982,0,0,0,0,0,0,0,0,0,0
220914,3,1,1982,0,0,0,0,0,0,0,0,0,0
220915,1,1,1982,0,0,0,0,0,0,0,9,0,0
220916,1,1,1982,0,16,11,13,8,0,0,11,22,0
220917,0,1,1982,21,21,21,21,21,21,21,21,21,21
220917,1,1,1982,0,0,0,0,0,0,0,0,0,0
220918,1,1,1982,0,16,16,18,13,16,0,14,9,0
220919,1,1,1982,38,38,38,38,38,38,38,38,38,38
220919,2,1,1982,15,0,21,0,0,0,0,12,0,0
220920,1,1,1982,14,14,14,14,14,14,14,14,14,14
220921,1,1,1982,30,17,0,16,0,12,0,14,12,11
220921,2,1,1982,16,18,15,0,11,35,11,8,15,17
220922,0,1,1982,25,25,25,25,25,25,25,25,25,25
220922,1,1,1982,9,9,9,9,9,9,9,9,9,9
220923,1,1,1982,16,16,16,16,16,16,16,16,16,16
220924,1,1,1982,0,0,0,0,0,0,0,15,24,10
220925,1,1,1982,18,18,18,18,18,18,18,18,18,18
220925,2,1,1982,20,20,20,20,20,20,20,20,20,20
220926,0,1,1982,0,0,0,0,0,0,0,0,0,12
220926,1,1,1982,0,0,0,0,0,0,0,0,0,0
220927,1,1,1982,19,14,15,12,12,15,9,11,6,0
220927,2,1,1982,0,0,0,0,0,25,0,0,0,0
220928,1,1,1982,0,18,0,22,7,21,0,29,18,0
220928,2,1,1982,24,15,19,25,7,5,1,0,20,0
220929,1,1,1982,15,0,0,12,0,0,0,0,0,0
220930,1,1,1982,39,0,6,0,40,0,12,0,0,12
220931,1,1,1982,0,0,0,0,0,0,0,0,0,0
220932,1,1,1982,0,14,0,0,0,6,0,0,22,25
220933,1,1,1982,0,0,0,0,0,0,0,0,0,0
220934,1,1,1982,19,19,19,19,19,19,19,19,19,19
220934,2,1,1982,12,0,0,0,0,0,0,0,0,0
220935,1,1,1982,0,0,0,0,0,0,0,0,0,0
220935,2,1,1982,0,0,0,0,0,22,0,0,0,0
220936,1,1,1982,26,0,0,0,0,0,0,0,0,0
220936,2,1,1982,0,0,0,0,0,0,0,0,0,0
220936,3,1,1982,0,0,0,0,0,0,0,0,0,0
220937,1,1,1982,0,0,0,0,0,0,0,0,10,0
220937,2,1,1982,0,0,0,3,0,0,0,0,0,0
220937,3,1,1982,0,0,0,0,0,0,0,0,0,0
220938,1,1,1982,0,0,0,0,0,0,14,0,0,0
220939,1,1,1982,28,31,13,24,16,20,25,23,12,14
220940,1,1,1982,0,0,0,0,0,0,0,0,0,0
220940,2,1,1982,0,0,0,0,0,0,0,0,0,0
220941,1,1,1982,0,7,0,18,20,12,0,0,0,0
220942,1,1,1982,17,14,15,13,0,32,23,15,7,9
220943,1,1,1982,0,0,0,16,0,0,0,12,0,0
220943,2,1,1982,0,0,0,8,0,0,0,0,0,0
220944,1,1,1982,0,0,0,0,0,0,0,0,0,0
220945,1,1,1982,16,0,11,35,9,0,0,33,0,0
220946,1,1,1982,11,11,11,11,11,11,11,11,11,11
220946,2,1,1982,0,0,0,0,0,0,0,0,0,0
220947,0,1,1982,0,0,0,17,0,0,0,17,0,0
220947,1,1,1982,0,0,0,0,0,0,0,0,0,0
220948,1,1,1982,0,0,0,0,0,5,6,0,0,0
220949,1,1,1982,0,0,0,0,0,0,0,0,0,0
220950,0,1,1982,20,0,30,0,22,28,12,6,11,15
220950,1,1,1982,0,0,0,0,0,0,0,20,27,0
220951,0,1,1982,13,0,0,0,0,0,0,15,0,18
220951,1,1,1982,21,0,14,0,0,16,0,7,20,7
220952,1,1,1982,3,3,3,3,3,3,3,3,3,3
220952,2,1,1982,12,12,12,12,12,12,12,12,12,12
220953,1,1,1982,20,13,9,23,32,14,33,19,21,18
220954,1,1,1982,0,22,0,0,0,0,0,18,0,0
220955,1,1,1982,0,0,0,0,0,0,0,0,0,0
220956,0,1,1982,0,0,0,0,0,0,0,0,0,0
220956,1,1,1982,0,0,0,0,0,0,0,0,0,0
220957,0,1,1982,32,32,32,32,32,32,32,32,32,32
220957,1,1,1982,25,25,25,25,25,25,25,25,25,25
220958,1,1,1982,0,0,0,0,0,0,0,0,0,0
220959,0,1,1982,0,0,0,0,0,0,0,0,0,0
220959,1,1,1982,0,0,0,0,0,0,0,0,0,0
220960,0,1,1982,28,0,14,17,0,0,23,0,0,0
220960,1,1,1982,16,16,16,16,16,16,16,16,16,16
220961,0,1,1982,0,25,0,18,26,0,0,0,25,17
220961,1,1,1982,0,0,0,0,0,0,0,0,0,0
220962,0,1,1982,18,0,27,16,31,0,0,0,0,0
220962,1,1,1982,17,12,22,16,15,35,10,9,0,13
220963,1,1,1982,0,0,0,0,8,7,0,0,0,0
220964,1,1,1982,0,0,0,12,0,0,0,0,7,0
220965,0,1,1982,23,0,30,10,19,13,0,25,0,0
220965,1,1,1982,0,0,22,0,14,20,0,17,17,0
220966,0,1,1982,26,8,20,36,31,10,14,19,21,31
220966,1,1,1982,23,40,0,23,24,0,0,0,3,12
220967,1,1,1982,0,0,0,0,0,0,0,0,0,0
220968,1,1,1982,20,17,13,19,13,29,19,12,0,18
220969,0,1,1982,29,15,0,0,0,34,0,0,33,0
220969,1,1,1982,0,0,21,0,0,0,0,0,0,0
220970,1,1,1982,0,10,0,0,0,0,0,0,9,3
220970,2,1,1982,8,22,16,7,25,25,19,0,31,10
220971,0,1,1982,0,0,0,0,0,0,0,0,0,7
220971,1,1,1982,0,0,0,0,0,0,0,0,0,0
220972,1,1,1982,0,0,0,0,0,0,0,0,0,0
220972,2,1,1982,0,7,0,0,0,0,0,0,0,0
220973,1,1,1982,0,0,17,0,0,0,0,14,0,6
220974,0,1,1982,0,0,0,0,0,0,0,0,0,0
220974,1,1,1982,0,0,0,0,0,0,0,0,0,0
220975,1,1,1982,0,0,10,0,12,0,0,0,0,0
220975,2,1,1982,0,0,0,0,0,0,0,5,0,0
220976,1,1,1982,0,20,0,15,0,0,0,0,0,0
220976,2,1,1982,0,0,0,0,0,0,8,0,0,0
230001,0,1,1982,16,0,0,7,0,0,28,0,0,17
230001,1,1,1982,0,0,15,18,0,0,0,0,0,0
230001,2,1,1982,0,0,17,0,0,0,0,0,0,0
230002,1,1,1982,15,15,15,15,15,15,15,15,15,15
230003,1,1,1982,0,0,0,0,0,0,0,0,0,0
230003,2,1,1982,0,0,0,0,0,0,0,0,0,0
230003,3,1,1982,0,5,0,0,0,0,0,0,0,14
230005,1,1,1982,0,0,0,0,0,0,0,0,0,0
230005,2,1,1982,8,8,8,8,8,8,8,8,8,8
230006,0,1,1982,0,0,0,0,0,0,16,19,0,0
230006,1,1,1982,0,0,0,29,0,0,0,5,0,0
230007,1,1,1982,0,0,0,0,0,0,0,0,0,0
230007,2,1,1982,0,0,0,0,0,0,0,0,0,0
230009,0,1,1982,0,15,0,0,7,4,7,0,13,0
230009,1,1,1982,0,0,0,0,0,0,0,0,0,0
230010,1,1,1982,0,0,0,0,0,0,0,0,0,3
230012,1,1,1982,0,0,14,0,0,0,0,18,0,10
230013,1,1,1982,0,0,0,0,0,0,0,0,0,0
230013,2,1,1982,0,0,0,0,0,0,0,0,0,0
230014,1,1,1982,28,28,28,28,28,28,28,28,28,28
230014,2,1,1982,0,0,0,0,0,0,0,0,0,0
230015,0,1,1982,20,14,16,21,27,19,31,36,6,22
230015,1,1,1982,0,0,0,0,0,0,0,0,8,0
230016,1,1,1982,17,17,17,17,17,17,17,17,17,17
230017,1,1,1982,0,0,0,0,0,0,16,22,0,20
230017,2,1,1982,0,0,0,0,0,0,0,0,0,0
230018,1,1,1982,13,13,13,13,13,13,13,13,13,13
230019,0,1,1982,4,0,0,0,0,0,0,0,0,0
230019,1,1,1982,0,0,0,0,0,0,0,0,0,0
230021,1,1,1982,0,0,0,0,0,0,0,0,0,0
230021,2,1,1982,0,0,0,20,0,0,0,0,0,0
230022,0,1,1982,23,24,28,35,23,12,36,33,0,33
230022,1,1,1982,0,5,12,14,0,0,0,0,0,0
230023,0,1,1982,0,0,0,0,0,0,0,0,0,0
230023,1,1,1982,0,0,0,0,0,0,0,0,0,0
230024,1,1,1982,20,20,20,20,20,20,20,20,20,20
230024,2,1,1982,0,0,0,0,0,0,0,10,0,0
230026,1,1,1982,21,21,21,21,21,21,21,21,21,21
230027,1,1,1982,12,12,12,12,12,12,12,12,12,12
230028,0,1,1982,13,20,16,4,29,24,4,13,25,13
230028,0,2,1982,24,0,0,0,23,13,20,0,0,7
230028,1,1,1982,0,0,0,0,0,0,0,0,0,0
230029,0,1,1982,0,0,0,0,0,0,0,0,0,0
230029,1,1,1982,0,0,0,0,0,0,0,0,0,0
230030,1,1,1982,26,5,7,15,19,23,9,8,7,14
230030,2,1,1982,8,14,7,7,17,30,20,11,41,14
230031,1,1,1982,0,0,0,0,0,0,0,0,0,0
230031,2,1,1982,0,0,0,0,0,0,0,0,0,0
230032,1,1,1982,19,19,19,19,19,19,19,19,19,19
230033,0,1,1982,24,24,24,24,24,24,24,24,24,24
230033,1,1,1982,0,0,0,0,0,0,0,0,0,0
230034,1,1,1982,28,25,0,9,0,18,11,28,8,15
230035,1,1,1982,0,10,6,0,0,14,9,10,0,21
230036,1,1,1982,14,14,14,14,14,14,14,14,14,14
230037,1,1,1982,0,0,24,3,17,33,6,0,13,12
230038,0,1,1982,0,0,0,0,0,0,0,0,0,0
230038,1,1,1982,0,0,0,0,0,0,0,0,0,0
230039,1,1,1982,21,21,21,21,21,21,21,21,21,21
230039,2,1,1982,0,0,0,0,0,0,0,0,0,0
230040,1,1,1982,0,28,0,0,0,0,0,0,0,0
230041,0,1,1982,14,14,14,14,14,14,14,14,14,14
230041,1,1,1982,12,12,12,12,12,12,12,12,12,12
230042,1,1,1982,8,8,8,8,8,8,8,8,8,8
230043,1,1,1982,0,0,0,0,0,0,0,0,0,0
230043,2,1,1982,0,0,0,0,0,0,0,0,0,0
230044,1,1,1982,6,6,6,6,6,6,6,6,6,6
230045,1,1,1982,24,23,23,14,15,30,25,30,19,17
230046,1,1,1982,10,19,11,24,0,19,17,46,14,29
230047,1,1,1982,0,15,7,28,15,0,14,0,12,0
230048,1,1,1982,0,0,0,0,0,7,0,17,14,0
230048,2,1,1982,0,0,0,0,0,0,0,0,0,0
230049,1,1,1982,0,0,0,0,26,0,7,0,0,0
230050,1,1,1982,19,0,0,0,0,14,0,31,0,0
230051,1,1,1982,8,8,8,8,8,8,8,8,8,8
230051,2,1,1982,0,0,0,20,15,14,0,0,13,0
230052,1,1,1982,0,0,0,0,0,0,0,7,0,0
230052,2,1,1982,11,0,0,0,0,0,0,0,0,0
230052,3,1,1982,0,0,0,0,0,5,0,0,0,0
230053,1,1,1982,21,21,21,21,21,21,21,21,21,21
230054,1,1,1982,0,6,18,0,0,0,0,0,0,0
230055,1,1,1982,0,0,24,0,0,0,5,10,0,0
230056,1,1,1982,22,22,22,22,22,22,22,22,22,22
230057,1,1,1982,10,14,13,15,11,14,12,23,8,7
230058,1,1,1982,17,17,17,17,17,17,17,17,17,17
230058,2,1,1982,0,0,0,0,0,0,15,0,0,0
230059,1,1,1982,0,26,19,0,15,0,33,24,0,0
230060,1,1,1982,4,4,4,4,4,4,4,4,4,4
230061,1,1,1982,27,27,27,27,27,27,27,27,27,27
230062,1,1,1982,12,12,12,12,12,12,12,12,12,12
230063,1,1,1982,28,28,28,28,28,28,28,28,28,28
230064,0,1,1982,0,0,0,0,0,0,0,0,0,0
230064,1,1,1982,0,0,0,0,0,0,0,0,0,0
230065,1,1,1982,0,0,0,0,0,0,0,0,0,0
230066,1,1,1982,0,0,17,22,0,27,14,22,21,21
230067,1,1,1982,17,17,17,17,17,17,17,17,17,17
230068,0,1,1982,3,3,3,3,3,3,3,3,3,3
230068,1,1,1982,0,0,0,0,0,0,0,0,0,18
230069,1,1,1982,21,21,21,21,21,21,21,21,21,21
230071,0,1,1982,0,0,0,0,0,6,0,0,0,0
230071,1,1,1982,0,12,0,0,0,0,0,0,0,0
230072,1,1,1982,0,0,12,13,0,0,0,31,15,17
230072,2,1,1982,0,0,0,0,0,4,15,7,15,12
230073,1,1,1982,0,17,0,0,22,0,0,0,0,0
230073,2,1,1982,0,0,0,0,0,0,0,0,0,0