ST_CASE,VEH_NO,PER_NO,YEAR,P1,P2,P3,P4,P5,P6,P7,P8,P9,P10
230074,1,1,1982,19,29,29,11,25,19,12,18,44,29
230075,1,1,1982,28,28,28,28,28,28,28,28,28,28
230150,1,1,1982,0,0,0,0,0,45,0,0,0,0
230150,2,1,1982,0,0,0,0,0,0,0,0,0,0
230151,1,1,1982,0,0,0,0,0,0,0,0,0,0
230151,2,1,1982,0,0,0,0,0,0,0,0,0,0
230152,1,1,1982,0,0,0,0,0,0,0,0,0,0
230153,1,1,1982,12,0,0,0,0,15,13,30,23,9
230154,0,1,1982,0,0,0,0,0,0,0,0,0,0
230154,1,1,1982,0,0,0,0,0,0,14,15,0,0
230155,1,1,1982,8,8,8,8,8,8,8,8,8,8
230156,1,1,1982,0,0,0,0,0,0,0,0,0,0
230156,2,1,1982,6,14,0,0,0,0,0,0,0,0
230157,1,1,1982,0,0,0,0,0,0,0,0,0,0
230157,2,1,1982,0,0,0,0,0,0,0,0,0,0
230158,1,1,1982,15,15,15,15,15,15,15,15,15,15
230159,1,1,1982,18,18,18,18,18,18,18,18,18,18
230160,1,1,1982,7,0,0,0,0,0,0,0,0,0
230161,0,1,1982,0,0,0,0,19,0,0,13,0,0
230161,1,1,1982,0,0,0,0,0,30,0,0,0,0
230162,1,1,1982,20,20,20,20,20,20,20,20,20,20
230163,0,1,1982,0,0,0,0,0,0,11,10,0,0
230163,0,2,1982,0,0,13,27,0,20,12,5,18,0
230163,1,1,1982,4,18,15,30,6,10,10,17,32,17
230164,1,1,1982,18,18,18,18,18,18,18,18,18,18
230165,1,1,1982,0,0,0,0,0,0,0,11,0,0
230165,2,1,1982,19,19,19,19,19,19,19,19,19,19
230166,1,1,1982,0,0,0,0,0,0,0,0,0,0
230166,2,1,1982,38,14,19,17,0,7,0,34,16,28
230167,1,1,1982,16,16,16,16,16,16,16,16,16,16
230167,2,1,1982,13,12,0,0,13,0,5,25,0,0
230168,1,1,1982,0,0,13,0,0,0,0,0,0,0
230168,2,1,1982,0,0,0,0,0,0,0,0,0,0
230169,1,1,1982,5,0,9,0,0,0,0,8,0,21
230170,1,1,1982,0,0,0,0,0,0,0,0,0,0
230170,2,1,1982,0,0,0,0,0,0,0,0,0,0
230171,1,1,1982,13,11,12,0,12,23,10,9,21,0
230172,1,1,1982,0,0,0,0,0,0,0,0,0,0
230172,2,1,1982,0,0,0,0,0,0,0,0,0,0
230173,1,1,1982,0,0,0,0,0,12,0,0,0,0
230173,2,1,1982,0,0,0,21,0,0,0,0,0,0
230173,3,1,1982,0,0,0,0,0,3,0,0,0,0
230175,0,1,1982,0,0,6,0,0,4,0,0,0,0
230175,1,1,1982,0,0,0,0,0,0,0,10,0,0
230176,1,1,1982,0,0,0,0,0,0,0,0,0,0
230176,2,1,1982,0,0,0,0,0,0,0,0,0,0
230177,1,1,1982,0,0,0,0,0,0,0,0,0,0
230177,2,1,1982,0,0,0,0,0,0,0,0,10,0
230178,1,1,1982,0,0,0,0,0,0,0,0,0,0
230178,2,1,1982,0,0,0,0,0,0,0,0,0,0
230179,1,1,1982,0,0,0,0,0,0,0,0,0,0
230179,2,1,1982,0,0,0,0,0,0,0,0,0,0
230180,1,1,1982,16,16,16,16,16,16,16,16,16,16
230181,1,1,1982,0,0,0,12,0,0,0,14,0,13
230182,1,1,1982,0,0,2,0,0,0,0,0,0,0
230182,2,1,1982,0,0,0,0,0,0,0,0,0,0
230183,1,1,1982,29,29,29,29,29,29,29,29,29,29
230183,2,1,1982,0,0,0,0,15,0,0,0,13,0
230184,1,1,1982,11,11,11,11,11,11,11,11,11,11
230185,1,1,1982,0,0,0,0,0,0,0,0,13,0
230185,2,1,1982,4,4,4,4,4,4,4,4,4,4
230186,1,1,1982,0,0,0,0,0,0,3,0,0,0
230186,2,1,1982,0,0,0,0,0,0,0,0,0,0
230187,1,1,1982,0,0,0,0,0,0,0,0,0,15
230187,2,1,1982,0,0,0,0,0,0,0,0,0,0
230188,1,1,1982,22,22,22,22,22,22,22,22,22,22
230189,1,1,1982,21,21,21,21,21,21,21,21,21,21
230190,1,1,1982,0,0,0,0,0,0,0,0,0,0
230190,2,1,1982,0,0,0,0,3,0,0,0,0,0
230191,1,1,1982,19,19,19,19,19,19,19,19,19,19
230192,1,1,1982,11,11,11,11,11,11,11,11,11,11
230193,0,1,1982,0,0,0,0,0,0,0,0,0,0
230193,1,1,1982,0,0,0,0,0,0,0,0,0,0
230195,1,1,1982,0,0,0,0,0,0,0,0,0,0
230196,1,1,1982,0,0,0,0,0,0,0,14,0,0
230197,1,1,1982,0,0,0,0,0,0,0,0,0,0
230197,2,1,1982,0,0,0,0,0,0,0,0,0,0
230198,0,1,1982,0,0,0,14,0,0,0,0,0,0
230198,1,1,1982,0,0,21,0,35,0,0,0,15,0
230199,1,1,1982,22,22,22,22,22,22,22,22,22,22
230200,1,1,1982,10,10,10,10,10,10,10,10,10,10
230200,2,1,1982,0,0,0,0,0,0,0,0,0,0
230201,1,1,1982,0,0,0,0,0,0,0,18,0,4
230201,2,1,1982,0,0,0,0,0,0,0,0,0,0
230201,3,1,1982,21,0,0,0,0,0,0,0,0,0
230201,4,1,1982,0,0,0,0,0,0,0,0,0,0
230202,1,1,1982,10,10,10,10,10,10,10,10,10,10
230203,0,1,1982,0,0,0,26,0,0,0,17,13,0
230203,1,1,1982,0,0,0,0,0,0,0,0,0,0
230204,1,1,1982,0,0,0,0,0,0,0,0,0,0
230204,2,1,1982,11,11,11,11,11,11,11,11,11,11
230205,1,1,1982,0,0,0,12,0,0,0,0,0,0
230205,2,1,1982,0,0,0,0,0,0,0,0,0,0
230207,0,1,1982,17,0,0,0,0,0,0,0,0,0
230207,1,1,1982,28,0,34,8,0,0,0,0,0,0
230208,1,1,1982,10,10,10,10,10,10,10,10,10,10
230209,1,1,1982,0,0,0,0,0,0,0,0,0,0
230210,1,1,1982,5,5,5,5,5,5,5,5,5,5
230211,1,1,1982,8,0,0,0,0,0,0,0,0,0
230212,1,1,1982,0,0,0,0,0,13,0,0,0,0
230212,2,1,1982,0,0,0,0,0,0,0,0,0,0
230213,1,1,1982,0,15,0,0,0,0,19,0,0,0
230214,1,1,1982,0,0,0,0,0,0,8,0,12,7
230215,1,1,1982,0,0,0,0,0,0,0,0,0,0
230216,1,1,1982,17,17,17,17,17,17,17,17,17,17
230217,1,1,1982,21,0,20,35,8,15,19,15,26,22
230218,1,1,1982,0,24,0,5,0,0,14,0,0,0
230218,2,1,1982,0,0,0,0,0,0,0,0,0,0
230219,1,1,1982,21,21,21,21,21,21,21,21,21,21
230219,2,1,1982,0,0,0,0,0,0,0,0,0,14
230220,1,1,1982,0,13,0,14,0,0,0,0,0,0
230220,2,1,1982,0,0,0,11,0,0,0,0,8,0
230220,3,1,1982,0,0,0,0,0,0,0,0,0,0
230221,0,1,1982,0,0,0,0,0,0,0,0,0,0
230221,1,1,1982,0,10,8,0,0,0,23,14,0,0
230222,1,1,1982,23,9,16,18,20,20,29,30,21,22
230223,1,1,1982,0,0,0,0,0,0,0,0,0,0
230224,1,1,1982,30,9,24,14,12,18,28,14,18,20
230225,1,1,1982,15,7,0,0,0,0,17,0,16,0
230225,2,1,1982,0,0,0,0,0,0,0,0,0,0
230226,1,1,1982,12,8,17,17,11,0,22,7,22,24
230227,1,1,1982,0,18,9,0,0,4,3,0,0,0
230228,1,1,1982,13,13,13,13,13,13,13,13,13,13
230228,2,1,1982,0,0,0,0,0,0,0,0,0,0
230229,1,1,1982,0,0,0,0,0,0,0,0,0,0
230229,2,1,1982,0,0,0,4,0,0,9,0,0,0
230230,0,1,1982,0,0,13,0,6,0,0,17,0,0
230230,1,1,1982,0,0,0,0,0,0,11,0,0,0
230235,0,1,1982,0,0,0,0,0,0,0,0,0,0
230235,1,1,1982,0,0,0,0,0,0,13,0,0,0
230236,1,1,1982,29,29,29,29,29,29,29,29,29,29
230237,1,1,1982,0,0,9,17,0,0,0,0,0,31
230238,0,1,1982,0,0,0,0,0,0,0,0,0,0
240001,1,1,1982,0,0,0,0,0,0,0,0,0,0
240001,2,1,1982,0,0,0,0,0,0,0,0,0,0
240002,0,1,1982,20,20,20,20,20,20,20,20,20,20
240002,1,1,1982,30,25,8,25,25,11,20,28,30,15
240003,1,1,1982,0,0,0,0,0,0,0,0,0,13
240004,1,1,1982,0,0,0,0,0,0,0,0,0,0
240005,0,1,1982,7,0,0,0,0,31,20,22,2,0
240005,1,1,1982,10,10,10,10,10,10,10,10,10,10
240006,1,1,1982,0,0,0,0,0,0,0,0,0,0
240006,2,1,1982,0,0,0,0,0,0,0,0,0,0
240007,1,1,1982,11,11,11,11,11,11,11,11,11,11
240008,1,1,1982,23,23,23,23,23,23,23,23,23,23
240008,2,1,1982,0,0,0,0,0,0,0,0,0,12
240009,0,1,1982,19,19,19,19,19,19,19,19,19,19
240009,1,1,1982,0,14,0,0,0,0,0,0,0,0
240010,1,1,1982,16,16,16,16,16,16,16,16,16,16
240011,1,1,1982,0,0,0,0,0,0,19,0,4,0
240011,2,1,1982,0,0,0,0,0,0,0,0,0,0
240012,1,1,1982,27,27,27,27,27,27,27,27,27,27
240013,1,1,1982,0,0,0,0,0,0,0,0,0,0
240014,1,1,1982,29,29,29,29,29,29,29,29,29,29
240015,1,1,1982,0,0,0,0,0,0,0,0,0,0
240015,2,1,1982,0,0,0,0,0,0,0,0,0,24
240016,1,1,1982,0,0,0,0,0,0,0,0,0,0
240016,2,1,1982,0,0,0,0,0,0,0,0,0,0
240017,1,1,1982,0,0,0,0,0,0,0,0,0,0
240017,2,1,1982,0,0,0,0,0,7,0,0,0,0
240018,1,1,1982,0,0,0,0,0,0,0,0,0,0
240018,2,1,1982,0,2,0,0,0,0,0,0,0,0
240019,1,1,1982,0,0,0,0,0,0,0,0,0,0
240019,2,1,1982,0,0,0,0,0,0,0,0,0,8
240020,1,1,1982,0,0,0,0,0,0,0,0,0,0
240020,2,1,1982,0,0,0,0,0,0,0,0,0,0
240021,0,1,1982,0,0,0,0,0,0,0,0,0,0
240021,1,1,1982,0,0,0,0,0,0,0,0,0,0
240022,1,1,1982,0,0,0,0,0,0,0,0,0,0
240022,2,1,1982,0,0,0,0,0,0,0,0,0,0
240023,1,1,1982,14,14,14,14,14,14,14,14,14,14
240023,2,1,1982,0,0,13,11,0,11,0,0,0,18
240025,0,1,1982,27,27,27,27,27,27,27,27,27,27
240025,1,1,1982,0,0,0,0,0,9,0,0,0,0
240026,0,1,1982,0,0,0,0,0,0,0,0,0,0
240026,0,2,1982,8,17,0,0,0,0,0,0,0,12
240026,1,1,1982,0,0,0,0,0,0,0,5,0,0
240027,1,1,1982,15,15,15,15,15,15,15,15,15,15
240028,1,1,1982,18,18,18,18,18,18,18,18,18,18
240028,2,1,1982,0,0,0,0,0,0,0,0,0,0
240029,0,1,1982,21,21,21,21,21,21,21,21,21,21
240029,1,1,1982,0,0,0,0,0,0,0,0,0,0
240030,0,1,1982,24,24,24,24,24,24,24,24,24,24
240030,1,1,1982,0,0,0,13,0,0,0,0,0,0
240031,1,1,1982,0,0,0,0,3,0,0,0,0,0
240031,2,1,1982,0,0,0,0,0,0,0,0,0,0
240032,1,1,1982,0,0,0,0,0,0,0,0,0,0
240032,2,1,1982,0,0,0,0,0,0,0,0,0,0
240033,1,1,1982,0,0,0,0,0,0,0,0,0,0
240034,1,1,1982,0,0,0,0,0,0,0,0,0,0
240034,2,1,1982,0,0,0,0,0,0,0,0,0,0
240035,0,1,1982,0,0,0,0,0,0,0,0,0,0
240035,1,1,1982,0,0,19,0,0,0,0,0,0,0
240036,1,1,1982,21,21,21,21,21,21,21,21,21,21
240037,1,1,1982,0,0,0,0,0,0,0,0,0,0
240037,2,1,1982,0,0,0,0,0,0,0,0,0,0
240038,1,1,1982,20,20,20,20,20,20,20,20,20,20
240039,1,1,1982,0,0,0,0,10,0,0,7,0,12
240039,2,1,1982,0,0,0,0,0,0,0,0,0,0
240040,1,1,1982,0,0,0,0,0,0,0,0,0,0
240040,2,1,1982,0,0,0,0,0,0,0,0,0,0
240040,3,1,1982,6,6,6,6,6,6,6,6,6,6
240041,0,1,1982,0,0,0,0,0,0,0,0,0,0
240041,1,1,1982,0,0,0,0,0,0,0,0,0,0
240042,0,1,1982,35,35,35,35,35,35,35,35,35,35
240042,1,1,1982,0,0,3,0,0,0,0,0,0,0
240043,1,1,1982,0,0,0,0,0,0,0,0,0,0
240043,2,1,1982,0,0,0,0,0,0,0,2,0,0
240044,0,1,1982,0,0,0,0,0,0,0,0,0,0
240044,1,1,1982,0,0,0,0,0,0,0,0,0,0
240045,1,1,1982,15,12,17,0,15,19,0,16,19,19
240045,2,1,1982,0,0,0,0,0,0,0,0,0,0
240046,1,1,1982,2,0,0,0,0,0,0,3,0,0
240046,2,1,1982,0,0,0,15,0,0,0,0,0,0
240047,1,1,1982,0,0,0,0,0,0,19,0,0,0
240048,0,1,1982,38,38,38,38,38,38,38,38,38,38
240048,1,1,1982,0,0,0,0,0,0,0,0,0,0
240049,0,1,1982,0,0,0,0,0,0,0,0,0,0
240049,1,1,1982,0,10,0,0,0,0,0,0,0,0
240049,2,1,1982,0,0,0,7,0,0,0,0,0,0
240050,0,1,1982,0,0,0,0,0,0,0,0,0,0
240050,1,1,1982,16,16,16,16,16,16,16,16,16,16
240051,1,1,1982,0,7,0,0,0,0,0,0,0,0
240051,2,1,1982,8,8,8,8,8,8,8,8,8,8
240052,0,1,1982,0,0,0,0,0,0,0,0,0,0
240052,1,1,1982,17,12,30,17,19,11,23,4,17,17
240053,0,1,1982,13,13,13,13,13,13,13,13,13,13
240053,1,1,1982,0,0,0,0,0,0,0,0,0,0
240054,1,1,1982,0,0,0,0,0,0,0,0,0,18
240054,2,1,1982,0,17,15,17,0,20,0,0,0,11
240055,1,1,1982,8,19,14,20,8,11,25,29,15,22
240056,1,1,1982,12,12,12,12,12,12,12,12,12,12
240057,0,1,1982,18,18,18,18,18,18,18,18,18,18
240057,0,2,1982,17,17,17,17,17,17,17,17,17,17
240057,1,1,1982,0,0,0,0,0,0,0,0,0,0
240058,1,1,1982,32,32,32,32,32,32,32,32,32,32
240059,1,1,1982,0,0,0,0,0,0,0,0,3,3
240059,2,1,1982,0,0,0,0,0,0,0,0,0,0
240060,1,1,1982,9,9,9,9,9,9,9,9,9,9
240061,0,1,1982,0,0,0,0,0,0,0,0,0,0
240061,1,1,1982,0,0,0,0,0,0,0,0,0,0
240062,0,1,1982,0,0,0,0,0,0,0,0,0,0
240062,1,1,1982,0,0,0,0,0,0,0,0,0,0
240063,1,1,1982,0,0,0,0,0,0,0,0,0,0
240063,2,1,1982,0,0,0,0,0,0,0,0,0,0
240064,0,1,1982,0,17,0,0,0,0,0,0,0,0
240064,1,1,1982,0,0,0,0,0,0,0,0,0,0
240064,2,1,1982,0,0,0,0,0,0,0,0,0,0
240065,0,1,1982,0,0,0,0,0,0,0,0,0,0
240065,1,1,1982,0,0,0,0,0,0,0,0,0,0
240066,1,1,1982,0,15,0,12,12,0,0,14,0,0
240066,2,1,1982,0,0,0,0,0,0,0,13,0,0
240067,1,1,1982,0,0,0,0,0,0,0,0,0,0
240067,2,1,1982,0,0,27,0,7,0,16,12,0,15
240068,1,1,1982,0,0,0,0,0,0,0,0,0,12
240068,2,1,1982,20,20,20,20,20,20,20,20,20,20
240069,1,1,1982,10,10,10,10,10,10,10,10,10,10
240070,1,1,1982,0,0,0,0,0,0,0,0,0,0
240070,2,1,1982,0,0,0,0,0,0,0,0,0,0
240071,1,1,1982,0,0,0,0,0,0,0,0,3,0
240071,2,1,1982,20,20,20,20,20,20,20,20,20,20
240073,1,1,1982,0,24,30,19,13,26,15,34,31,19
240074,1,1,1982,18,18,18,18,18,18,18,18,18,18
240075,1,1,1982,27,27,27,27,27,27,27,27,27,27
240076,0,1,1982,0,0,0,29,0,0,0,0,0,0
240076,1,1,1982,0,0,0,0,0,0,0,0,0,0
240077,0,1,1982,0,0,0,0,0,0,0,0,0,0
240077,1,1,1982,0,0,0,0,5,0,0,0,0,0
240078,1,1,1982,24,24,24,24,24,24,24,24,24,24
240079,1,1,1982,12,12,12,12,12,12,12,12,12,12
240080,1,1,1982,0,0,0,0,0,0,0,0,0,0
240081,1,1,1982,20,20,20,20,20,20,20,20,20,20
240082,1,1,1982,33,33,33,33,33,33,33,33,33,33
240083,1,1,1982,0,0,0,0,0,0,0,0,0,0
240083,2,1,1982,0,0,0,21,0,0,0,0,0,0
240084,1,1,1982,0,0,0,0,0,0,0,0,0,0
240084,2,1,1982,0,0,17,0,0,4,0,0,0,0
240085,1,1,1982,0,0,0,4,0,0,0,0,0,0
240085,2,1,1982,0,0,0,0,0,0,0,0,0,0
240086,0,1,1982,0,0,0,0,0,0,0,0,0,0
240086,1,1,1982,0,0,3,0,0,0,0,0,0,0
240087,1,1,1982,27,12,19,31,16,24,7,20,11,0
240088,1,1,1982,0,0,0,0,0,0,0,0,0,0
240088,2,1,1982,0,0,0,0,0,0,0,0,0,10
240089,1,1,1982,0,0,0,0,0,0,0,0,0,0
240089,2,1,1982,0,0,8,0,0,0,0,0,0,0
240090,1,1,1982,22,5,16,13,0,22,6,14,29,23
240091,1,1,1982,0,0,0,0,0,0,0,0,0,0
240091,2,1,1982,12,12,12,12,12,12,12,12,12,12
240092,1,1,1982,0,0,0,0,0,0,0,0,0,0
240093,1,1,1982,17,20,13,20,29,15,12,22,7,16
240094,1,1,1982,0,0,0,0,0,0,0,0,0,0
240094,2,1,1982,0,9,0,0,0,0,0,0,0,0
240095,0,1,1982,0,0,0,0,0,0,0,0,0,0
240095,1,1,1982,0,13,4,8,11,14,29,13,14,9
240096,1,1,1982,25,25,25,25,25,25,25,25,25,25
240097,0,1,1982,23,23,23,23,23,23,23,23,23,23
240097,1,1,1982,0,0,0,0,0,0,0,0,13,0
240098,1,1,1982,0,0,0,0,0,0,0,0,0,0
240099,1,1,1982,0,0,0,0,0,0,0,0,0,0
240099,2,1,1982,0,0,0,0,0,0,0,0,0,0
240100,0,1,1982,0,0,0,0,0,0,0,0,0,0
240100,1,1,1982,0,0,0,0,0,0,0,0,0,0
240101,1,1,1982,17,14,11,19,9,0,28,13,20,13
240101,2,1,1982,10,13,14,14,9,25,16,9,12,22
240103,1,1,1982,16,13,18,11,6,0,5,19,11,13
240104,0,1,1982,43,43,43,43,43,43,43,43,43,43
240104,1,1,1982,0,0,0,0,0,5,0,0,0,0
240105,0,1,1982,0,0,0,0,0,0,0,0,0,0
240105,1,1,1982,0,0,12,18,0,0,0,2,0,0
240106,0,1,1982,40,40,40,40,40,40,40,40,40,40
240106,1,1,1982,10,26,16,9,0,15,33,21,21,16
240107,0,1,1982,7,7,7,7,7,7,7,7,7,7
240107,1,1,1982,0,0,0,0,0,0,0,0,0,0
240108,1,1,1982,33,18,10,10,16,17,16,0,13,15
240108,2,1,1982,0,0,0,0,0,0,0,0,0,0
240109,1,1,1982,24,24,24,24,24,24,24,24,24,24
240110,1,1,1982,0,2,11,15,0,0,0,13,0,8
240111,1,1,1982,30,30,30,30,30,30,30,30,30,30
240112,1,1,1982,55,55,55,55,55,55,55,55,55,55
240113,1,1,1982,0,19,0,11,14,9,7,6,15,20
240113,2,1,1982,0,0,0,13,4,6,0,0,0,0
240114,1,1,1982,14,14,14,14,14,14,14,14,14,14
240115,1,1,1982,9,0,21,39,16,20,30,9,11,18
240115,2,1,1982,17,17,17,17,17,17,17,17,17,17
240116,1,1,1982,0,0,0,8,0,0,9,0,0,0
240116,2,1,1982,10,0,0,0,20,0,10,0,0,0
240117,1,1,1982,0,0,0,0,0,0,0,0,0,0
240118,0,1,1982,7,7,7,7,7,7,7,7,7,7
240118,1,1,1982,12,12,12,12,12,12,12,12,12,12
240119,1,1,1982,0,0,0,0,0,0,0,0,0,0
240119,2,1,1982,0,0,0,0,0,0,0,0,0,0
240120,0,1,1982,17,17,17,17,17,17,17,17,17,17
240120,1,1,1982,0,0,0,0,10,0,0,0,0,5
240121,1,1,1982,27,17,16,17,8,8,13,9,19,31
240122,1,1,1982,0,0,0,0,0,0,0,0,0,0
240122,2,1,1982,0,0,0,0,0,0,0,0,0,0
240123,1,1,1982,13,13,13,13,13,13,13,13,13,13
240124,1,1,1982,0,0,0,0,0,0,0,0,2,0
240124,2,1,1982,0,0,0,0,0,0,0,0,0,0
240125,0,1,1982,0,0,0,0,0,0,0,0,0,0
240125,1,1,1982,0,0,0,0,0,0,0,0,0,0
240126,1,1,1982,14,11,24,25,17,11,27,0,23,12
240127,1,1,1982,0,0,0,0,0,0,0,0,0,0
240127,2,1,1982,19,19,19,19,19,19,19,19,19,19
240128,1,1,1982,2,0,0,0,0,7,0,0,14,0
240128,2,1,1982,35,15,10,6,5,19,0,28,20,15
240129,0,1,1982,0,0,0,0,0,0,0,0,0,0
240129,1,1,1982,0,0,0,0,0,0,0,0,0,0
240130,1,1,1982,0,0,0,0,0,0,0,0,0,0
240130,2,1,1982,0,0,0,0,0,0,0,17,0,0
240131,1,1,1982,12,17,35,21,14,8,24,17,9,29
240132,1,1,1982,27,27,27,27,27,27,27,27,27,27
240133,1,1,1982,25,25,25,25,25,25,25,25,25,25
240133,2,1,1982,0,0,0,0,0,0,0,0,0,8
240134,0,1,1982,0,0,0,0,0,0,0,0,0,0
240134,1,1,1982,0,0,0,0,0,0,0,0,0,0
240135,0,1,1982,17,17,17,17,17,17,17,17,17,17
240135,1,1,1982,0,0,0,0,0,10,3,0,0,8
240136,1,1,1982,16,13,25,16,11,23,32,16,15,21
240136,2,1,1982,13,0,0,0,0,0,0,0,0,0
240137,0,1,1982,22,22,22,22,22,22,22,22,22,22
240137,1,1,1982,0,0,0,0,0,0,0,0,0,0
240138,1,1,1982,16,16,16,16,16,16,16,16,16,16
240139,1,1,1982,27,27,27,27,27,27,27,27,27,27
240140,1,1,1982,17,17,17,17,17,17,17,17,17,17
240141,1,1,1982,0,0,0,0,0,0,0,0,0,0
240141,2,1,1982,0,0,0,0,0,0,0,0,0,0
240142,1,1,1982,0,0,0,0,0,0,0,0,0,0
240142,2,1,1982,1,1,1,1,1,1,1,1,1,1
240143,1,1,1982,21,21,21,21,21,21,21,21,21,21
240144,1,1,1982,0,0,0,0,0,0,0,0,0,0
240145,1,1,1982,14,7,12,0,7,28,27,14,26,15
240146,1,1,1982,0,0,0,0,0,0,0,0,0,0
240147,1,1,1982,17,17,17,17,17,17,17,17,17,17
240148,1,1,1982,5,14,19,36,20,19,13,28,14,17
240148,2,1,1982,0,0,0,0,0,0,0,0,0,0
240149,1,1,1982,27,27,27,27,27,27,27,27,27,27
240150,1,1,1982,0,0,0,0,0,0,0,0,0,0
240151,0,1,1982,0,0,0,0,0,0,0,0,0,0
240151,1,1,1982,0,14,0,0,0,0,0,0,0,0
240152,0,1,1982,15,15,15,15,15,15,15,15,15,15
240152,1,1,1982,13,0,0,18,0,0,11,21,0,11
240153,1,1,1982,0,0,0,0,0,0,0,0,0,0
240154,0,1,1982,0,0,0,0,0,0,0,0,0,0
240154,1,1,1982,16,3,0,0,15,0,0,0,0,0
240155,0,1,1982,14,14,14,14,14,14,14,14,14,14
240155,1,1,1982,4,19,10,11,17,10,18,13,22,18
240156,0,1,1982,0,0,0,0,0,0,0,0,0,0
240156,1,1,1982,0,0,0,0,5,0,0,0,7,0
240157,1,1,1982,4,4,4,4,4,4,4,4,4,4
240157,2,1,1982,0,0,7,6,0,22,0,0,11,0
240158,1,1,1982,0,0,0,0,0,0,0,0,0,0
240158,2,1,1982,0,0,0,0,0,0,0,0,0,0
240159,1,1,1982,11,15,23,11,22,14,7,20,23,13
240159,2,1,1982,0,0,0,0,0,0,0,0,0,0
240160,1,1,1982,13,13,13,13,13,13,13,13,13,13
240161,1,1,1982,10,10,10,10,10,10,10,10,10,10
240162,1,1,1982,0,0,0,0,0,0,0,0,0,0
240163,1,1,1982,24,24,24,24,24,24,24,24,24,24
240164,0,1,1982,0,0,0,0,0,0,0,0,0,0
240164,1,1,1982,0,0,0,0,0,0,0,0,0,0
240165,0,1,1982,22,22,22,22,22,22,22,22,22,22
240165,1,1,1982,0,4,0,3,20,0,0,10,0,21
240166,1,1,1982,0,0,0,0,0,0,0,0,0,0
240167,0,1,1982,0,0,0,0,0,0,0,0,0,0
240167,1,1,1982,0,0,0,0,0,0,0,18,13,0
240168,1,1,1982,18,18,18,18,18,18,18,18,18,18
240168,2,1,1982,0,0,0,0,0,0,0,0,0,0
240169,1,1,1982,6,6,6,6,6,6,6,6,6,6
240170,0,1,1982,28,28,28,28,28,28,28,28,28,28
240170,1,1,1982,0,0,0,25,4,8,14,14,11,9
240171,1,1,1982,18,25,11,20,21,11,8,0,9,10
240171,2,1,1982,11,11,11,11,11,11,11,11,11,11
240172,0,1,1982,30,30,30,30,30,30,30,30,30,30
240172,1,1,1982,4,0,0,0,6,0,0,20,0,0
240173,1,1,1982,15,19,20,25,9,5,9,20,17,16
240174,1,1,1982,0,0,0,0,0,0,0,0,0,0
240175,1,1,1982,16,16,16,16,16,16,16,16,16,16
240176,1,1,1982,0,0,0,0,5,0,0,0,0,0
240176,2,1,1982,0,0,0,0,0,0,0,0,0,0
240177,1,1,1982,0,0,24,18,22,19,9,0,0,0
240177,2,1,1982,0,0,0,0,0,0,0,0,0,0
240178,1,1,1982,24,18,14,24,20,13,23,5,3,5
240178,2,1,1982,0,0,0,0,0,0,0,0,0,0
240179,0,1,1982,0,0,0,0,0,0,0,0,0,0
240179,1,1,1982,0,0,0,0,0,0,0,0,0,0
240180,1,1,1982,0,0,0,14,0,0,0,0,0,0
240180,2,1,1982,17,17,17,17,17,17,17,17,17,17
240181,1,1,1982,11,11,11,11,11,11,11,11,11,11
240182,1,1,1982,26,26,26,26,26,26,26,26,26,26
240183,1,1,1982,0,0,0,0,0,0,0,0,0,0
240183,2,1,1982,0,0,0,0,0,0,0,13,0,0
240184,1,1,1982,0,0,0,0,0,0,0,0,0,0
240185,1,1,1982,21,21,21,21,21,21,21,21,21,21
240186,1,1,1982,0,0,0,0,0,0,0,0,0,0
240186,2,1,1982,0,0,0,0,0,0,0,0,0,0
240187,1,1,1982,0,0,0,0,0,0,0,0,0,0
240187,2,1,1982,0,0,0,0,0,0,0,0,0,0
240188,1,1,1982,8,26,16,3,11,19,0,5,17,15
240188,2,1,1982,0,0,0,0,8,0,0,0,0,0
240189,1,1,1982,0,0,0,0,0,11,0,0,0,0
240190,0,1,1982,8,8,8,8,8,8,8,8,8,8
240190,1,1,1982,0,0,0,0,0,0,0,0,8,0
240191,1,1,1982,14,25,19,21,20,4,18,7,15,23
240191,2,1,1982,23,23,23,23,23,23,23,23,23,23
240192,0,1,1982,0,0,0,0,0,0,0,0,0,0
240192,1,1,1982,0,0,0,0,0,0,0,0,0,0
240193,1,1,1982,0,0,0,0,0,0,0,0,0,0
240193,2,1,1982,0,0,0,0,0,0,0,0,0,0
240194,1,1,1982,0,0,0,0,0,0,0,0,0,0
240194,2,1,1982,21,21,21,21,21,21,21,21,21,21
240195,1,1,1982,3,3,3,3,3,3,3,3,3,3
240196,1,1,1982,5,5,5,5,5,5,5,5,5,5
240197,1,1,1982,17,17,17,17,17,17,17,17,17,17
240197,2,1,1982,18,20,13,11,10,25,27,6,21,11
240198,1,1,1982,21,21,21,21,21,21,21,21,21,21
240199,0,1,1982,20,20,20,20,20,20,20,20,20,20
240199,1,1,1982,9,21,0,0,0,0,20,11,0,0
240200,1,1,1982,0,0,0,0,0,0,0,0,0,0
240200,2,1,1982,0,0,0,0,0,0,0,0,0,0
240201,1,1,1982,9,0,0,0,0,3,0,0,15,0
240201,2,1,1982,0,0,0,0,0,0,0,0,0,0
240202,1,1,1982,22,22,22,22,22,22,22,22,22,22
240203,0,1,1982,0,0,0,0,0,0,0,0,0,0