ST_CASE,VEH_NO,PER_NO,YEAR,P1,P2,P3,P4,P5,P6,P7,P8,P9,P10
240481,1,1,1982,18,28,0,15,26,0,0,0,11,0
240481,2,1,1982,0,0,0,0,0,0,0,0,0,0
240482,1,1,1982,0,0,0,0,0,0,0,0,0,0
240483,1,1,1982,0,0,0,0,13,0,0,0,0,0
240483,2,1,1982,0,0,0,0,0,0,0,0,0,0
240484,1,1,1982,0,0,0,0,0,0,0,0,0,0
240484,2,1,1982,16,16,16,16,16,16,16,16,16,16
240485,0,1,1982,16,16,16,16,16,16,16,16,16,16
240485,1,1,1982,0,0,0,0,0,11,0,0,0,13
240486,1,1,1982,15,15,15,15,15,15,15,15,15,15
240487,1,1,1982,0,0,0,0,0,0,0,0,0,0
240487,2,1,1982,0,0,0,0,0,0,0,0,0,0
240487,3,1,1982,0,0,0,0,0,0,0,0,0,0
240488,1,1,1982,19,19,19,19,19,19,19,19,19,19
240489,1,1,1982,0,0,0,0,0,0,0,0,0,0
240489,2,1,1982,0,0,0,0,0,0,0,0,0,0
240490,1,1,1982,0,0,0,0,0,0,0,0,0,0
240490,2,1,1982,0,0,0,0,0,0,0,0,0,0
240490,3,1,1982,0,0,15,0,0,0,0,0,0,0
240490,4,1,1982,0,0,0,0,0,0,0,0,0,0
240490,5,1,1982,0,0,0,0,0,0,0,0,0,0
240490,6,1,1982,0,0,0,0,0,0,0,0,0,0
240490,7,1,1982,0,0,0,0,0,0,5,0,0,0
240491,1,1,1982,12,12,12,12,12,12,12,12,12,12
240491,2,1,1982,0,0,0,0,23,15,0,0,0,0
240492,1,1,1982,0,0,0,0,0,0,0,0,0,0
240492,2,1,1982,21,21,21,21,21,21,21,21,21,21
240493,1,1,1982,1,1,1,1,1,1,1,1,1,1
240494,1,1,1982,0,0,0,0,0,0,0,0,0,0
240495,1,1,1982,11,11,11,11,11,11,11,11,11,11
240495,2,1,1982,0,0,14,0,0,18,0,20,0,0
240496,1,1,1982,9,16,17,31,22,17,16,2,19,15
240497,1,1,1982,11,11,11,11,11,11,11,11,11,11
240498,1,1,1982,16,16,16,16,16,16,16,16,16,16
240498,2,1,1982,0,0,0,0,0,0,0,0,0,0
240499,0,1,1982,0,0,0,0,0,0,0,0,0,0
240499,1,1,1982,0,0,0,0,0,0,6,0,0,0
240500,1,1,1982,0,0,0,0,0,0,0,0,0,0
240500,2,1,1982,17,17,17,17,17,17,17,17,17,17
240501,1,1,1982,5,0,0,0,0,0,0,0,0,0
240501,2,1,1982,0,0,0,0,0,0,0,0,0,0
240502,1,1,1982,26,26,26,26,26,26,26,26,26,26
240503,1,1,1982,0,0,0,0,0,0,0,0,0,0
240503,2,1,1982,0,0,0,0,0,0,0,0,0,15
240504,1,1,1982,22,22,22,22,22,22,22,22,22,22
240505,1,1,1982,13,14,17,0,5,12,11,0,8,11
240506,1,1,1982,12,12,12,12,12,12,12,12,12,12
240507,1,1,1982,0,0,0,0,0,0,0,0,0,0
240507,2,1,1982,0,0,0,0,0,0,0,0,0,0
240508,1,1,1982,0,0,0,0,0,0,0,0,0,0
240508,2,1,1982,0,0,0,0,0,0,0,0,0,0
240509,1,1,1982,2,2,2,2,2,2,2,2,2,2
240509,2,1,1982,0,0,3,0,0,0,0,0,0,0
240510,1,1,1982,0,0,0,0,0,0,0,10,0,4
240510,2,1,1982,0,0,0,0,0,0,0,0,0,0
240511,1,1,1982,23,23,23,23,23,23,23,23,23,23
240511,2,1,1982,0,0,0,0,0,0,0,0,0,0
240512,1,1,1982,24,24,24,24,24,24,24,24,24,24
240513,1,1,1982,6,6,6,6,6,6,6,6,6,6
240514,0,1,1982,0,0,0,0,0,0,0,0,0,0
240514,1,1,1982,0,0,0,0,0,0,0,0,0,0
240515,1,1,1982,22,5,8,14,16,9,14,3,12,10
240516,0,1,1982,21,21,21,21,21,21,21,21,21,21
240516,1,1,1982,0,0,18,0,0,0,6,20,0,0
240517,0,1,1982,24,24,24,24,24,24,24,24,24,24
240517,1,1,1982,0,0,16,0,0,0,15,0,11,0
240518,0,1,1982,0,0,0,0,0,0,0,0,0,0
240518,1,1,1982,15,0,0,0,0,0,0,0,0,0
240518,2,1,1982,0,0,0,0,0,0,0,0,0,0
240519,0,1,1982,0,0,0,0,0,0,0,0,0,0
240519,1,1,1982,0,0,0,0,0,0,0,0,0,0
240520,1,1,1982,0,0,0,0,0,0,0,0,0,0
240520,2,1,1982,0,0,0,0,0,0,0,0,0,0
240520,3,1,1982,12,12,12,12,12,12,12,12,12,12
240521,1,1,1982,10,10,10,10,10,10,10,10,10,10
240522,0,1,1982,18,0,11,15,16,15,23,0,23,24
240522,1,1,1982,0,0,0,0,0,0,0,9,9,0
240522,2,1,1982,0,0,0,0,0,0,0,0,0,0
240523,1,1,1982,26,23,18,13,33,15,17,15,40,13
240524,1,1,1982,0,0,0,0,0,0,0,0,0,0
240524,2,1,1982,30,0,13,0,0,28,18,0,10,0
240524,3,1,1982,25,21,0,8,11,29,0,0,28,0
240525,1,1,1982,0,0,0,0,0,15,14,0,3,0
240526,1,1,1982,0,0,0,0,0,0,0,0,0,0
240526,2,1,1982,0,0,0,0,0,0,0,0,0,0
240527,1,1,1982,0,0,0,0,0,0,0,0,0,0
240528,1,1,1982,11,7,2,6,7,14,5,18,15,0
240528,2,1,1982,0,0,7,0,0,14,6,0,0,0
240529,1,1,1982,13,6,19,20,31,22,0,11,17,17
240530,1,1,1982,0,0,0,0,0,0,0,0,0,0
240530,2,1,1982,0,0,0,0,0,0,0,0,9,0
240531,0,1,1982,0,0,0,0,0,0,0,0,0,0
240531,1,1,1982,0,0,0,0,0,0,0,0,0,0
240532,1,1,1982,0,10,0,0,0,0,0,0,0,0
240532,2,1,1982,0,0,0,0,0,0,0,0,0,0
240532,3,1,1982,0,0,0,0,0,8,0,0,0,0
240533,0,1,1982,0,0,20,0,0,0,0,0,0,0
240533,1,1,1982,0,0,0,0,0,0,0,0,0,0
240534,1,1,1982,22,22,22,22,22,22,22,22,22,22
240534,2,1,1982,0,0,0,0,0,0,0,0,0,0
240534,3,1,1982,0,0,0,0,0,0,0,0,0,0
240534,4,1,1982,0,0,0,0,0,0,0,0,0,0
240535,1,1,1982,0,0,0,0,0,0,0,0,0,0
240535,2,1,1982,0,0,0,0,0,0,0,0,0,0
240536,1,1,1982,0,0,0,0,0,0,0,0,0,0
240536,2,1,1982,0,0,0,0,0,0,0,0,0,0
240537,0,1,1982,0,0,0,0,0,0,0,0,0,0
240537,1,1,1982,0,0,0,0,0,0,0,0,0,16
240538,1,1,1982,0,0,0,0,0,0,0,0,0,0
240539,1,1,1982,13,27,17,22,37,9,23,18,15,18
240539,2,1,1982,0,0,0,0,0,0,0,0,0,0
240540,1,1,1982,0,0,0,0,0,0,0,0,0,0
240540,2,1,1982,0,0,0,0,0,0,18,0,0,0
240541,1,1,1982,0,0,0,0,0,0,0,0,0,0
240541,2,1,1982,0,0,0,0,0,0,0,0,0,0
240541,3,1,1982,0,0,0,0,0,0,0,0,0,0
240542,0,1,1982,0,0,0,0,0,0,0,0,0,0
240542,1,1,1982,0,0,0,0,0,0,0,0,0,0
240543,1,1,1982,0,0,0,0,0,0,0,0,0,0
240544,1,1,1982,0,0,0,0,0,0,0,0,0,0
240545,0,1,1982,0,0,0,0,0,0,0,0,0,0
240546,1,1,1982,0,0,0,0,0,0,0,0,2,0
240546,2,1,1982,0,0,0,0,0,0,0,0,0,0
240547,1,1,1982,0,0,0,0,0,0,0,0,0,0
240547,2,1,1982,0,0,0,0,0,0,0,0,0,0
240548,1,1,1982,0,0,0,0,0,0,0,0,0,0
240549,1,1,1982,12,9,21,14,11,27,18,22,20,8
240550,1,1,1982,13,13,13,13,13,13,13,13,13,13
240551,0,1,1982,0,0,0,0,0,0,0,0,0,0
240551,1,1,1982,0,0,0,0,0,0,0,0,0,0
240552,1,1,1982,26,26,26,26,26,26,26,26,26,26
240552,2,1,1982,0,0,0,0,0,0,0,0,0,0
240553,1,1,1982,0,0,0,0,0,0,0,0,0,0
240553,2,1,1982,14,0,13,10,11,8,27,7,0,18
240554,1,1,1982,19,19,19,19,19,19,19,19,19,19
240555,1,1,1982,0,0,0,0,0,0,0,0,0,0
240555,2,1,1982,0,0,0,0,0,0,0,0,0,0
240556,0,1,1982,10,10,10,10,10,10,10,10,10,10
240556,1,1,1982,0,0,12,0,10,12,0,0,0,0
240557,1,1,1982,4,4,4,4,4,4,4,4,4,4
240558,0,1,1982,0,0,0,0,0,0,0,0,0,0
240558,1,1,1982,10,0,0,17,0,0,0,0,0,0
240559,1,1,1982,9,9,9,9,9,9,9,9,9,9
240560,1,1,1982,0,0,7,0,0,0,0,0,0,0
240560,2,1,1982,0,0,0,0,0,0,0,0,0,0
240561,1,1,1982,0,0,0,0,0,0,0,0,0,0
240561,2,1,1982,0,0,0,0,0,0,0,0,0,0
240562,1,1,1982,0,28,0,5,15,0,0,14,0,17
240563,1,1,1982,0,0,0,0,0,0,0,0,0,0
240563,2,1,1982,0,0,0,0,0,0,18,0,0,0
240564,0,1,1982,36,11,24,12,6,18,16,17,17,21
240564,1,1,1982,0,28,5,12,0,22,0,0,0,0
240564,2,1,1982,0,0,0,0,0,0,0,0,0,0
240565,0,1,1982,0,0,0,0,0,0,0,0,0,0
240565,1,1,1982,0,0,0,0,0,0,0,0,0,0
240566,0,1,1982,10,15,19,12,6,21,21,16,25,18
240566,1,1,1982,0,0,0,0,4,0,0,0,0,0
240566,2,1,1982,0,0,0,0,0,3,0,0,0,0
240567,1,1,1982,11,11,3,17,6,14,16,4,18,16
240568,1,1,1982,9,0,0,13,0,21,9,26,19,22
240569,1,1,1982,19,25,44,24,29,12,16,16,21,24
240570,1,1,1982,0,0,0,0,0,0,0,0,0,0
240570,2,1,1982,4,0,0,0,0,0,0,0,0,0
240571,1,1,1982,0,0,0,0,0,0,0,0,0,0
240571,2,1,1982,0,0,0,0,0,0,0,0,29,0
240571,3,1,1982,0,0,0,0,13,0,0,0,0,0
240572,1,1,1982,0,0,0,0,0,0,0,0,0,0
240572,2,1,1982,0,0,0,0,0,0,0,0,0,0
240573,0,1,1982,0,0,0,0,0,0,0,0,9,0
240573,1,1,1982,0,0,0,0,0,0,0,0,0,0
240574,1,1,1982,21,21,21,21,21,21,21,21,21,21
240575,1,1,1982,16,3,19,12,13,11,24,16,3,24
240576,1,1,1982,20,11,27,15,24,11,0,0,12,15
240577,1,1,1982,0,0,0,0,6,0,0,0,0,0
240577,2,1,1982,0,18,0,0,0,0,0,0,0,11
240578,1,2,1982,28,9,23,2,0,11,18,16,21,20
240579,1,1,1982,20,9,20,21,18,12,16,23,17,25
250001,1,1,1982,23,23,23,23,23,23,23,23,23,23
250002,1,1,1982,18,17,17,25,15,17,22,27,13,31
250002,2,1,1982,0,0,0,0,0,11,28,0,0,0
250003,1,1,1982,8,5,13,21,14,15,11,9,21,27
250004,0,1,1982,0,0,0,0,0,0,0,26,0,0
250004,1,1,1982,0,0,0,0,0,0,0,0,0,0
250005,1,1,1982,0,0,0,0,0,0,14,0,0,0
250006,1,1,1982,18,13,14,12,13,6,25,18,0,16
250007,1,1,1982,16,0,19,15,0,0,0,0,51,29
250008,0,1,1982,0,0,0,17,0,0,0,0,0,0
250008,1,1,1982,0,0,0,0,0,0,0,0,0,0
250009,1,1,1982,21,21,21,21,21,21,21,21,21,21
250010,1,1,1982,11,16,11,12,11,0,16,9,15,3
250011,0,1,1982,9,0,0,0,20,35,0,0,0,44
250011,1,1,1982,6,0,0,0,0,0,0,0,0,0
250012,1,1,1982,0,15,6,0,12,15,0,17,0,0
250013,1,1,1982,24,24,24,24,24,24,24,24,24,24
250014,0,1,1982,0,0,0,0,0,0,0,0,0,0
250014,1,1,1982,0,0,0,0,0,0,0,0,0,0
250015,1,1,1982,23,0,0,0,0,0,0,28,0,0
250016,1,1,1982,17,17,17,17,17,17,17,17,17,17
250017,1,1,1982,0,36,0,0,0,18,16,30,0,13
250018,1,1,1982,23,16,5,0,8,17,23,0,30,22
250018,2,1,1982,19,0,0,18,3,7,0,0,23,6
250019,1,1,1982,0,0,0,0,0,0,0,0,0,0
250019,2,1,1982,0,10,0,11,12,13,0,30,0,19
250020,1,1,1982,13,13,13,13,13,13,13,13,13,13
250020,2,1,1982,16,0,0,0,0,12,0,0,0,0
250021,1,1,1982,19,13,17,15,8,10,4,4,3,24
250022,1,1,1982,23,23,23,23,23,23,23,23,23,23
250022,2,1,1982,0,0,0,32,15,0,22,0,0,12
250023,1,1,1982,26,0,11,14,14,23,18,35,0,17
250024,0,1,1982,0,8,16,0,0,16,9,0,0,17
250024,1,1,1982,17,11,6,0,9,0,0,0,8,9
250025,1,1,1982,0,0,0,0,0,0,0,0,0,0
250025,2,1,1982,0,0,0,0,0,0,0,0,0,0
250026,1,1,1982,0,0,20,0,0,0,6,0,0,16
250026,2,1,1982,0,0,0,0,0,0,0,0,0,0
250027,1,1,1982,0,0,0,0,0,0,0,0,0,0
250027,2,1,1982,0,0,0,0,0,0,0,0,0,0
250028,1,1,1982,9,6,6,0,27,9,0,25,0,16
250029,0,1,1982,17,0,0,0,0,0,8,0,0,0
250029,1,1,1982,0,0,0,0,0,0,0,0,0,0
250030,1,1,1982,0,0,12,0,0,0,0,8,0,0
250031,0,1,1982,0,0,0,0,0,0,0,0,0,0
250031,1,1,1982,0,0,0,0,0,0,13,19,0,0
250032,0,1,1982,0,0,0,0,0,0,12,0,18,0
250032,0,2,1982,0,10,0,10,0,11,20,8,0,0
250032,1,1,1982,17,12,17,8,4,11,14,21,9,21
250033,0,1,1982,3,0,0,24,0,0,0,0,0,0
250033,0,2,1982,14,0,22,0,22,0,0,9,0,0
250033,1,1,1982,22,3,21,11,20,0,10,5,35,16
250034,0,1,1982,19,19,19,19,19,19,19,19,19,19
250034,1,1,1982,0,0,0,0,10,0,19,0,0,0
250035,0,1,1982,0,0,0,15,4,0,0,10,0,0
250035,1,1,1982,0,0,0,0,0,0,0,0,0,0
250036,1,1,1982,0,0,0,0,0,15,9,0,16,14
250037,0,1,1982,0,9,0,0,0,0,0,0,0,0
250037,1,1,1982,16,16,16,16,16,16,16,16,16,16
250038,0,1,1982,8,8,8,8,8,8,8,8,8,8
250038,1,1,1982,0,0,0,0,0,0,5,0,0,2
250039,0,1,1982,0,0,0,0,0,29,16,0,0,0
250039,1,1,1982,0,0,0,0,0,0,0,0,0,0
250040,1,1,1982,17,17,17,17,17,17,17,17,17,17
250041,1,1,1982,5,0,0,0,0,0,18,0,0,0
250041,2,1,1982,0,0,0,23,0,0,0,0,12,0
250042,1,1,1982,18,18,18,18,18,18,18,18,18,18
250042,2,1,1982,0,0,24,0,0,0,0,0,0,0
250043,1,1,1982,0,0,0,0,0,0,0,0,0,0
250043,2,1,1982,0,0,0,0,0,0,0,0,0,17
250044,0,1,1982,24,24,24,24,24,24,24,24,24,24
250044,1,1,1982,0,0,0,0,0,0,0,0,0,0
250044,2,1,1982,0,0,0,0,0,0,2,0,0,0
250045,0,1,1982,0,24,0,0,0,0,0,0,0,0
250045,1,1,1982,0,0,0,0,0,0,0,0,0,0
250046,1,1,1982,0,0,0,0,0,0,0,0,2,0
250046,2,1,1982,0,0,0,0,0,0,0,8,0,0
250047,1,1,1982,0,0,0,0,0,0,0,0,0,0
250048,1,1,1982,21,12,7,19,19,10,22,18,14,0
250049,1,1,1982,13,15,0,0,22,8,20,20,19,28
250049,2,1,1982,14,3,16,0,10,0,7,0,0,0
250050,1,1,1982,18,16,12,10,0,0,25,16,17,11
250051,1,1,1982,15,0,0,0,0,0,0,0,0,0
250052,0,1,1982,0,26,0,34,7,0,0,0,0,22
250052,1,1,1982,0,0,0,9,0,0,0,0,0,0
250052,2,1,1982,0,0,0,0,0,0,0,0,0,0
250053,1,1,1982,16,16,16,16,16,16,16,16,16,16
250054,0,1,1982,0,22,26,0,0,0,0,14,0,0
250054,1,1,1982,0,0,0,0,0,22,0,0,0,0
250055,1,1,1982,0,0,0,0,0,0,0,0,0,0
250055,2,1,1982,0,0,0,0,0,0,0,0,0,0
250056,1,1,1982,0,0,0,0,0,0,4,0,0,0
250056,2,1,1982,18,18,18,18,18,18,18,18,18,18
250057,0,1,1982,0,0,0,0,0,0,0,0,0,0
250057,1,1,1982,0,0,0,0,0,0,0,0,0,0
250058,1,1,1982,26,15,18,11,30,0,30,25,11,24
250059,1,1,1982,0,0,0,0,0,0,0,0,0,2
250060,0,1,1982,34,8,0,28,0,0,0,20,0,0
250060,1,1,1982,0,0,0,0,0,0,0,0,0,0
250061,0,1,1982,21,21,21,21,21,21,21,21,21,21
250061,1,1,1982,0,0,0,0,0,0,0,0,0,0
250062,1,1,1982,0,0,0,0,0,0,0,0,0,0
250062,2,2,1982,0,0,0,0,0,0,4,0,0,0
250063,1,1,1982,0,0,0,12,0,0,0,0,0,12
250064,1,1,1982,0,0,7,20,0,0,0,0,0,9
250065,1,1,1982,23,18,21,3,6,0,11,25,4,31
250066,1,1,1982,0,9,0,0,11,0,0,0,0,0
250066,2,1,1982,0,0,0,0,0,0,0,0,0,0
250067,1,1,1982,0,0,0,6,0,0,0,0,0,0
250067,2,1,1982,0,0,0,0,0,0,0,0,0,0
250068,1,1,1982,23,11,19,21,7,13,14,0,15,19
250069,1,1,1982,22,29,8,24,0,14,15,22,0,23
250070,1,1,1982,0,13,0,27,0,32,0,0,0,17
250070,2,1,1982,0,11,7,0,14,0,4,0,12,10
250071,1,1,1982,27,16,5,17,9,21,4,13,8,4
250071,2,1,1982,0,0,0,0,0,13,0,0,0,0
250072,1,1,1982,0,0,0,0,0,0,26,0,0,0
250073,1,1,1982,8,4,21,0,9,16,11,14,7,12
250074,1,1,1982,20,0,8,4,21,10,6,6,11,7
250074,2,1,1982,0,0,0,0,16,0,0,0,0,6
250075,1,1,1982,0,0,22,20,7,33,9,33,25,19
250076,0,1,1982,0,0,0,0,0,0,0,0,0,0
250076,1,1,1982,0,0,0,0,0,0,0,0,0,0
250077,1,1,1982,0,0,0,0,0,0,0,0,0,0
250077,2,1,1982,24,24,24,24,24,24,24,24,24,24
250078,1,1,1982,0,0,0,0,0,0,0,0,0,0
250079,1,1,1982,0,0,0,0,21,31,22,0,0,27
250080,1,1,1982,0,0,0,0,0,0,0,0,0,0
250080,2,1,1982,0,0,0,0,0,0,0,0,0,0
250081,1,1,1982,0,0,0,0,0,0,0,0,0,0
250081,2,1,1982,0,0,0,0,0,0,0,0,0,0
250082,1,1,1982,0,0,0,0,0,17,0,27,0,22
250082,2,1,1982,0,0,0,0,0,0,0,0,0,12
250083,1,1,1982,9,13,0,9,9,14,6,6,14,0
250083,2,1,1982,11,19,23,26,9,17,15,9,30,15
250084,1,1,1982,0,0,0,0,20,0,0,0,0,0
250085,0,1,1982,22,0,0,20,0,24,13,11,6,9
250085,1,1,1982,26,20,0,20,14,0,0,10,19,15
250086,1,1,1982,0,0,7,0,15,0,0,0,0,0
250087,1,1,1982,24,22,13,13,11,0,18,29,16,12
250088,1,1,1982,23,24,20,19,11,30,17,27,15,24
250088,2,1,1982,0,0,0,0,0,0,0,19,0,0
250089,0,1,1982,0,11,9,0,0,0,0,0,0,0
250089,1,1,1982,10,15,4,23,0,10,25,0,28,16
250090,1,1,1982,15,29,13,16,17,12,12,26,0,20
250090,2,1,1982,0,0,0,0,0,0,0,0,0,0
250092,1,1,1982,25,25,25,25,25,25,25,25,25,25
250093,1,1,1982,0,20,0,0,0,0,0,15,0,16
250093,2,1,1982,0,0,0,0,0,0,0,0,0,0
250094,1,1,1982,0,17,20,27,0,0,16,0,0,0
250094,2,1,1982,0,0,0,0,0,0,0,0,0,0
250095,1,1,1982,23,0,0,0,0,0,0,0,0,0
250095,2,1,1982,0,0,0,0,0,0,15,57,0,0
250096,1,1,1982,0,0,0,0,0,0,0,0,0,0
250096,2,1,1982,0,0,0,0,0,0,0,0,0,0
250097,1,1,1982,18,28,12,15,15,16,24,33,16,13
250098,1,1,1982,0,0,8,9,0,0,0,0,0,18
250098,2,1,1982,0,0,18,0,0,9,0,21,0,0
250099,1,1,1982,0,0,0,0,14,27,0,0,0,18
250099,2,1,1982,0,0,0,9,0,0,0,0,0,0
250100,1,1,1982,12,4,18,19,8,19,0,10,17,20
250100,2,1,1982,0,11,0,0,17,0,0,0,0,10
250101,1,1,1982,0,9,0,17,10,17,17,20,13,0
250102,0,1,1982,0,0,0,23,0,0,0,16,9,4
250102,0,2,1982,0,0,0,0,0,0,0,0,0,0
250102,1,1,1982,12,12,12,12,12,12,12,12,12,12
250103,1,1,1982,0,0,0,0,0,0,0,0,0,0
250103,2,1,1982,0,14,0,0,0,0,0,0,0,0
250104,1,1,1982,4,0,13,0,0,0,4,0,11,14
250104,2,1,1982,12,0,0,0,0,0,0,7,0,0
250104,3,1,1982,0,0,0,16,0,0,0,0,0,0
250105,1,1,1982,0,0,0,0,27,0,0,11,6,15
250106,1,1,1982,13,21,8,13,21,14,0,13,11,20
250107,1,1,1982,9,17,19,10,0,11,0,0,19,0
250107,2,1,1982,0,0,0,0,0,0,0,0,0,0
250108,0,1,1982,0,16,0,13,12,20,24,21,21,11
250108,0,2,1982,34,0,15,0,19,17,18,20,4,21
250108,0,3,1982,20,12,32,17,29,8,18,12,23,11
250108,1,1,1982,12,25,11,19,14,5,14,8,19,28
250109,1,1,1982,0,0,0,0,0,0,0,0,0,0
250109,2,1,1982,16,11,17,16,19,20,13,12,7,5
250110,1,1,1982,9,0,0,0,0,24,13,0,25,14
250110,2,1,1982,0,0,2,0,0,0,0,0,0,0
250111,1,1,1982,0,8,16,0,9,0,20,18,15,9
250111,2,1,1982,0,0,0,0,0,0,0,0,0,0
250112,1,1,1982,3,17,4,12,30,3,20,20,13,0
250113,1,1,1982,0,0,0,0,0,0,0,0,0,0
250113,2,1,1982,0,0,0,0,0,0,7,0,0,0
250114,1,1,1982,20,15,11,11,13,37,12,24,9,0
250115,1,1,1982,15,20,12,18,16,23,16,0,22,24
250116,0,1,1982,25,0,14,0,0,11,17,9,0,20
250116,1,1,1982,6,15,23,19,23,7,33,9,15,19
250117,1,1,1982,7,10,9,0,0,7,4,0,0,0
250118,1,1,1982,25,11,0,0,16,14,19,10,18,12
250119,0,1,1982,0,0,0,0,0,0,0,0,0,0
250119,1,1,1982,0,0,0,0,0,0,0,0,0,0
250121,1,1,1982,0,0,0,0,0,0,0,0,0,0
250121,2,1,1982,0,0,0,0,0,0,0,0,0,0
250122,1,1,1982,0,0,0,0,0,0,0,0,0,0
250122,2,1,1982,0,11,0,10,0,0,0,0,0,16
250122,3,1,1982,9,21,16,24,21,14,9,23,30,0
250123,0,1,1982,22,31,19,17,16,12,17,23,55,15
250123,1,1,1982,16,17,22,22,32,11,17,4,15,5
250124,1,1,1982,15,7,18,9,0,2,15,15,17,6
250125,1,1,1982,12,5,9,23,17,30,11,21,30,22
250126,1,1,1982,8,25,11,11,10,10,5,27,10,21
250127,0,1,1982,0,34,32,24,23,20,15,15,9,17
250127,1,1,1982,0,0,0,0,0,0,0,0,0,0
250128,1,1,1982,28,0,0,13,0,0,33,27,0,26
250129,0,1,1982,16,7,28,19,35,30,15,4,20,19
250129,1,1,1982,0,0,0,0,0,0,0,13,0,0
250130,1,1,1982,0,0,0,0,15,19,0,0,0,26
250131,1,1,1982,0,0,6,0,0,0,27,27,0,0
250132,0,1,1982,0,14,19,16,0,0,0,0,14,0
250132,1,1,1982,0,0,0,0,0,0,0,0,0,0
250133,1,1,1982,0,0,0,20,0,15,26,0,16,0
250133,2,1,1982,0,15,0,0,22,12,0,0,0,16
250133,3,1,1982,0,0,0,13,0,0,0,5,29,16
250134,0,1,1982,0,0,8,9,21,14,0,0,0,10
250134,1,1,1982,0,0,19,0,0,0,0,0,15,6
250135,0,1,1982,22,0,0,0,0,0,0,8,0,15
250135,1,1,1982,0,0,0,0,0,0,0,0,0,0
250136,0,1,1982,0,0,0,0,0,0,0,0,0,0
250136,1,1,1982,0,0,0,0,0,0,0,0,0,0
250138,1,1,1982,0,0,0,0,11,0,0,0,0,10
250139,1,1,1982,12,12,24,12,20,20,12,23,12,19
250140,0,1,1982,0,0,0,0,0,0,0,0,7,0
250140,1,1,1982,0,0,0,0,8,0,0,0,8,0
250141,1,1,1982,0,0,0,6,0,0,0,0,0,4
250141,2,1,1982,9,18,13,7,17,6,26,8,9,12
250142,1,1,1982,13,0,13,12,27,0,21,16,33,0
250143,1,1,1982,0,0,0,0,0,0,0,0,0,0
250143,2,1,1982,0,0,0,0,0,0,12,0,0,0
250144,1,1,1982,0,20,19,14,12,17,14,11,26,17
250145,1,1,1982,13,18,21,6,16,13,36,15,15,18
250146,0,1,1982,0,5,27,15,0,0,27,0,0,0
250146,1,1,1982,0,0,0,0,0,0,0,0,0,0
250147,0,1,1982,0,0,0,0,0,0,0,0,0,0
250147,1,1,1982,0,0,0,0,0,0,0,0,0,0
250148,1,1,1982,12,16,20,9,32,23,25,5,32,16
250149,0,1,1982,0,39,0,0,18,0,0,0,0,0
250149,0,2,1982,0,0,0,0,0,0,0,0,0,0
250149,1,1,1982,14,0,18,0,0,0,0,0,0,0
250150,1,1,1982,7,7,7,7,7,7,7,7,7,7
250150,2,1,1982,9,9,9,9,9,9,9,9,9,9
250151,1,1,1982,0,0,0,0,0,15,0,0,0,0
250151,2,1,1982,0,0,0,0,0,0,0,0,0,0
250152,1,1,1982,0,6,0,0,8,26,0,0,31,0
250152,2,1,1982,0,0,0,2,0,0,0,0,0,0
250153,1,1,1982,0,0,0,0,0,0,0,0,0,0
250153,2,1,1982,0,0,0,0,0,3,0,0,0,0
250154,1,1,1982,7,11,4,8,18,3,17,29,9,16
250155,0,1,1982,0,0,0,0,0,7,0,0,0,0
250155,1,1,1982,4,7,10,9,0,9,0,0,10,0
250156,1,1,1982,19,30,21,22,9,24,22,20,13,0
250157,1,1,1982,25,25,25,25,25,25,25,25,25,25
250158,1,1,1982,0,0,0,0,8,0,0,0,11,8
250159,1,1,1982,19,19,19,19,19,19,19,19,19,19
250160,1,1,1982,0,0,0,32,0,28,0,5,19,0
250161,1,1,1982,0,0,0,0,6,22,0,7,13,21
250162,1,1,1982,4,5,9,0,0,0,0,10,4,0
250163,1,1,1982,22,10,6,7,20,18,17,30,14,21
250164,0,1,1982,0,0,0,0,0,0,0,0,0,0
250164,1,1,1982,0,0,0,0,20,0,0,0,0,22
250165,1,1,1982,15,0,0,0,34,17,15,6,17,15
250166,1,1,1982,18,6,0,8,15,21,4,2,2,6
250167,1,1,1982,0,0,0,0,0,0,0,0,0,0
250167,2,1,1982,0,0,0,0,0,0,0,0,0,12
250168,1,1,1982,0,0,0,0,0,0,0,9,0,21
250168,2,1,1982,0,0,0,0,12,0,0,12,8,0
250169,1,1,1982,27,27,27,27,27,27,27,27,27,27
250170,1,1,1982,0,0,6,0,18,0,0,0,0,18
250170,2,1,1982,12,0,0,0,11,8,0,0,20,29
250171,1,1,1982,22,22,22,22,22,22,22,22,22,22
250172,1,1,1982,0,0,0,0,0,0,0,0,0,0
250172,2,1,1982,0,0,0,0,0,0,0,0,0,0
250173,1,1,1982,0,0,0,0,0,0,0,0,0,0
250174,0,1,1982,0,27,25,6,11,25,0,22,20,13
250174,1,1,1982,21,0,23,0,8,8,0,0,0,30
250175,1,1,1982,0,0,0,0,0,10,0,0,0,0
250176,0,1,1982,0,0,12,0,0,0,0,0,0,0
250176,1,1,1982,0,0,0,0,0,0,0,0,0,0
250177,1,1,1982,19,19,15,18,21,16,13,0,14,12
250178,1,1,1982,14,17,10,0,16,0,26,11,10,5
250179,1,1,1982,0,10,9,12,0,0,17,0,9,8
250180,1,1,1982,0,0,0,0,0,0,0,0,0,0
250181,1,1,1982,17,19,16,18,26,12,5,22,11,34
250182,1,1,1982,23,19,10,14,18,28,14,30,20,15
250183,1,1,1982,0,0,0,16,11,4,0,15,23,0
250184,1,1,1982,17,17,17,17,17,17,17,17,17,17