ST_CASE,VEH_NO,PER_NO,YEAR,P1,P2,P3,P4,P5,P6,P7,P8,P9,P10
260119,1,1,1982,15,15,15,15,15,15,15,15,15,15
260120,0,1,1982,0,0,0,0,0,0,0,0,0,0
260120,1,1,1982,14,22,0,19,7,9,17,8,15,15
260121,1,1,1982,0,0,0,0,0,0,0,0,0,0
260121,2,1,1982,10,16,24,19,22,9,12,0,17,16
260122,0,1,1982,0,0,0,0,0,0,0,0,0,0
260122,1,1,1982,0,0,0,0,0,7,0,0,0,0
260123,1,1,1982,0,0,0,0,0,0,0,0,0,0
260123,2,1,1982,0,0,0,0,0,0,0,0,0,0
260124,0,1,1982,0,0,0,0,0,14,0,0,0,8
260124,1,1,1982,12,0,14,13,30,14,16,0,18,8
260125,1,1,1982,0,0,0,0,0,0,0,0,0,0
260125,2,1,1982,14,0,0,13,0,0,0,0,0,0
260126,0,1,1982,0,0,0,0,0,0,0,0,0,0
260126,0,2,1982,0,0,0,12,0,0,0,0,0,0
260126,1,1,1982,0,0,0,0,0,0,0,12,0,16
260127,1,1,1982,15,0,15,0,0,0,0,0,0,0
260127,2,1,1982,0,29,0,0,16,0,0,8,0,0
260128,1,1,1982,0,0,0,0,0,0,0,0,0,0
260128,2,1,1982,0,0,0,0,0,0,0,0,0,0
260129,1,1,1982,20,20,20,20,20,20,20,20,20,20
260131,1,1,1982,0,0,0,10,0,0,0,18,0,0
260131,2,1,1982,0,0,0,0,0,0,3,0,0,0
260131,3,1,1982,0,0,0,0,0,0,0,0,0,0
260132,1,1,1982,23,23,23,23,23,23,23,23,23,23
260132,2,1,1982,0,0,0,0,0,0,0,0,0,0
260133,0,1,1982,0,15,0,14,0,10,31,29,7,2
260133,1,1,1982,0,0,0,0,0,0,0,0,0,0
260134,1,1,1982,0,0,0,0,0,0,0,0,0,0
260134,2,1,1982,0,0,0,0,0,0,0,0,0,0
260135,1,1,1982,25,25,25,25,25,25,25,25,25,25
260135,2,1,1982,0,0,0,0,0,0,0,0,0,0
260136,1,1,1982,20,20,20,20,20,20,20,20,20,20
260136,2,1,1982,1,6,0,0,0,0,0,0,15,0
260137,0,1,1982,0,0,0,0,0,0,0,0,0,0
260137,1,1,1982,0,0,0,0,0,0,0,0,0,0
260139,0,1,1982,20,20,20,20,20,20,20,20,20,20
260139,1,1,1982,7,13,2,17,15,9,13,12,45,0
260140,1,1,1982,25,25,25,25,25,25,25,25,25,25
260141,1,1,1982,7,7,7,7,7,7,7,7,7,7
260142,1,1,1982,0,0,0,0,7,0,0,0,0,0
260142,2,1,1982,0,0,0,0,0,0,0,0,11,0
260142,3,1,1982,0,0,0,0,0,0,0,0,0,0
260143,1,1,1982,10,18,0,31,22,20,25,17,23,11
260143,2,1,1982,0,0,8,0,0,0,0,0,0,0
260144,1,1,1982,0,0,0,0,0,0,0,0,0,0
260145,1,1,1982,9,0,0,23,23,0,0,0,0,0
260145,2,1,1982,13,13,13,13,13,13,13,13,13,13
260146,1,1,1982,0,20,0,0,0,0,0,0,0,0
260146,2,1,1982,0,0,0,0,0,13,0,0,0,0
260147,0,1,1982,0,16,0,0,0,0,0,0,0,5
260147,1,1,1982,0,0,20,0,0,0,0,0,0,0
260148,1,1,1982,11,0,9,0,0,4,6,13,14,6
260149,1,1,1982,0,0,0,0,0,0,0,0,0,0
260150,0,1,1982,0,0,0,0,0,0,0,0,0,0
260150,1,1,1982,0,0,0,0,0,0,0,7,0,0
260150,2,1,1982,0,0,0,0,0,0,0,0,0,0
260151,1,1,1982,24,24,24,24,24,24,24,24,24,24
260151,2,1,1982,4,0,0,12,0,4,0,7,0,0
260152,0,1,1982,17,17,17,17,17,17,17,17,17,17
260152,1,1,1982,22,19,29,12,10,26,27,28,6,2
260153,1,1,1982,0,0,0,0,24,0,25,0,0,0
260154,1,1,1982,19,19,19,19,19,19,19,19,19,19
260155,1,1,1982,14,13,21,10,17,19,0,21,7,12
260157,0,1,1982,0,0,0,0,0,0,0,0,0,0
260157,1,1,1982,11,11,11,11,11,11,11,11,11,11
260158,1,1,1982,2,2,2,2,2,2,2,2,2,2
260159,1,1,1982,17,17,17,17,17,17,17,17,17,17
260159,2,1,1982,0,11,0,19,0,0,0,0,0,0
260160,1,1,1982,0,0,0,0,0,0,0,0,3,0
260161,1,1,1982,0,0,12,0,0,0,0,0,0,0
260161,2,1,1982,0,0,0,0,0,11,0,0,0,0
260162,1,1,1982,0,6,0,0,0,0,0,0,0,0
260163,0,1,1982,29,29,29,29,29,29,29,29,29,29
260163,1,1,1982,0,0,0,0,0,0,0,0,0,0
260164,0,1,1982,0,8,0,11,5,34,0,0,0,0
260164,1,1,1982,0,0,0,0,0,0,24,0,0,0
260165,1,1,1982,0,0,0,29,0,0,0,0,0,0
260166,1,1,1982,15,15,18,22,16,12,0,0,20,9
260166,2,1,1982,6,0,6,8,0,0,18,0,11,0
260167,1,1,1982,0,0,0,0,0,0,0,0,0,0
260167,2,1,1982,0,0,0,0,7,0,0,0,0,0
260168,1,1,1982,8,10,3,9,24,16,2,25,13,3
260169,1,1,1982,0,0,0,0,0,0,0,11,0,0
260169,2,1,1982,0,0,0,0,0,0,0,0,0,0
260170,0,1,1982,0,0,0,0,0,0,0,0,0,0
260170,1,1,1982,0,0,0,0,0,0,0,0,0,0
260171,1,1,1982,25,28,16,21,6,18,7,6,21,18
260171,2,1,1982,0,0,0,0,0,0,0,0,0,0
260172,1,1,1982,0,0,0,0,0,0,0,0,0,0
260172,2,1,1982,0,0,0,0,0,0,0,0,0,0
260172,3,1,1982,0,0,0,0,0,0,0,0,0,0
260173,0,1,1982,0,0,0,0,0,0,0,0,0,0
260173,1,1,1982,21,11,17,9,9,14,25,18,16,12
260174,1,1,1982,0,0,0,0,0,0,0,0,0,0
260174,2,1,1982,0,0,0,0,0,0,0,0,0,0
260175,1,1,1982,10,0,8,0,0,0,0,0,16,0
260175,2,1,1982,0,0,0,0,0,0,0,0,0,0
260176,0,1,1982,13,0,0,0,0,0,0,0,0,9
260176,1,1,1982,0,0,0,0,0,0,0,0,0,0
260177,0,1,1982,21,21,21,21,21,21,21,21,21,21
260177,1,1,1982,2,2,2,2,2,2,2,2,2,2
260178,1,1,1982,5,0,0,0,0,0,0,0,0,0
260178,2,1,1982,16,16,16,16,16,16,16,16,16,16
260179,1,1,1982,20,20,20,20,20,20,20,20,20,20
260180,0,1,1982,6,0,7,0,0,0,0,0,0,0
260180,1,1,1982,0,0,0,0,0,0,0,0,15,0
260181,0,1,1982,0,0,0,7,0,0,0,0,0,0
260181,1,1,1982,5,16,15,25,16,21,19,22,5,15
260182,1,1,1982,11,11,11,11,11,11,11,11,11,11
260182,2,1,1982,0,0,0,0,0,0,0,0,0,0
260183,1,1,1982,32,32,32,32,32,32,32,32,32,32
260184,1,1,1982,24,24,16,11,25,22,23,16,22,24
260185,0,1,1982,0,0,0,0,0,0,0,0,0,0
260185,1,1,1982,0,0,0,0,0,0,0,0,0,0
260186,1,1,1982,0,0,0,0,0,0,0,0,0,0
260186,2,1,1982,0,0,0,0,0,0,6,0,0,0
260186,3,1,1982,0,0,0,0,0,0,0,0,0,0
260186,4,1,1982,0,0,0,0,0,0,0,0,0,0
260187,1,1,1982,22,22,22,22,22,22,22,22,22,22
260187,2,1,1982,0,0,0,0,0,0,0,0,10,0
260188,1,1,1982,18,18,18,18,18,18,18,18,18,18
260188,2,1,1982,14,14,14,14,14,14,14,14,14,14
260189,1,1,1982,0,0,0,0,0,0,0,0,0,0
260189,2,1,1982,0,0,0,0,0,0,14,24,0,15
260190,1,1,1982,16,16,16,16,16,16,16,16,16,16
260191,1,1,1982,0,14,0,6,0,0,0,6,18,0
260191,2,1,1982,0,0,0,0,0,0,0,0,0,0
260192,0,1,1982,0,0,0,12,0,5,0,0,0,0
260192,1,1,1982,0,0,0,0,0,20,15,0,0,0
260193,1,1,1982,0,0,0,0,0,0,0,0,0,0
260193,2,1,1982,0,0,0,0,0,0,0,0,0,0
260194,1,1,1982,0,0,12,0,0,0,0,0,0,0
260195,1,1,1982,0,0,0,0,0,0,0,0,0,0
260195,2,1,1982,0,0,0,0,0,0,0,0,0,0
260196,1,1,1982,37,9,8,13,11,0,13,7,16,25
260196,2,1,1982,0,0,0,0,0,0,0,0,0,0
260197,1,1,1982,0,0,0,0,0,0,0,0,0,0
260197,2,1,1982,0,0,0,0,0,0,0,0,0,0
260198,1,1,1982,0,0,0,0,0,0,0,0,0,0
260199,1,1,1982,0,0,0,0,0,0,0,0,0,0
260199,2,1,1982,0,0,0,6,0,0,0,0,0,0
260200,1,1,1982,0,0,0,0,0,0,0,0,0,0
260200,2,1,1982,0,0,0,0,0,0,0,0,0,0
260201,1,1,1982,9,9,9,9,9,9,9,9,9,9
260202,1,1,1982,0,0,0,0,0,0,0,0,0,0
260202,2,1,1982,0,0,0,0,0,0,0,0,0,0
260203,1,1,1982,25,25,25,25,25,25,25,25,25,25
260203,2,1,1982,0,0,30,0,0,0,12,0,0,0
260204,1,1,1982,0,0,0,0,0,0,0,0,0,4
260204,2,1,1982,0,0,0,0,0,0,0,0,0,0
260205,1,1,1982,0,0,0,0,0,0,0,0,0,0
260205,2,1,1982,16,21,0,0,0,8,0,0,0,0
260205,3,1,1982,0,0,0,0,18,0,0,0,0,0
260206,1,1,1982,18,18,18,18,18,18,18,18,18,18
260206,2,1,1982,0,0,0,0,0,0,0,0,0,0
260207,1,1,1982,0,0,0,0,0,0,0,0,0,0
260207,2,1,1982,0,0,0,0,0,0,0,0,0,0
260207,3,1,1982,0,0,0,0,0,0,0,0,0,0
260208,0,1,1982,0,0,0,0,0,0,0,0,0,0
260208,1,1,1982,0,0,0,0,0,0,0,0,0,0
260209,1,1,1982,5,0,0,0,0,0,0,0,0,0
260209,2,1,1982,0,0,0,0,0,0,0,0,0,0
260210,1,1,1982,14,14,14,14,14,14,14,14,14,14
260211,1,1,1982,1,1,1,1,1,1,1,1,1,1
260211,2,1,1982,0,0,0,0,0,0,0,0,0,0
260212,1,1,1982,0,0,0,0,0,0,0,0,0,0
260212,2,1,1982,0,0,0,0,8,0,27,0,0,0
260213,1,1,1982,0,8,0,0,0,17,0,0,0,0
260214,1,1,1982,0,0,0,0,0,0,0,0,0,0
260214,2,1,1982,0,0,0,0,0,0,0,0,0,0
260214,3,1,1982,0,0,0,0,0,0,0,0,0,0
260215,0,1,1982,0,0,0,0,0,0,0,0,0,0
260215,1,1,1982,0,0,0,0,0,0,0,0,9,0
260215,2,1,1982,0,0,0,0,0,0,8,0,0,0
260216,1,1,1982,11,11,11,11,11,11,11,11,11,11
260216,2,1,1982,0,0,0,0,0,0,0,0,0,0
260216,3,1,1982,0,0,11,0,0,0,0,0,0,0
260217,1,1,1982,0,0,0,0,0,0,0,0,0,0
260217,2,1,1982,0,0,0,0,0,0,0,0,8,0
260218,0,1,1982,27,27,27,27,27,27,27,27,27,27
260218,1,1,1982,23,0,10,0,0,0,26,0,12,11
260219,0,1,1982,29,29,29,29,29,29,29,29,29,29
260219,1,1,1982,0,19,23,20,0,4,0,25,0,0
260220,1,1,1982,22,22,22,22,22,22,22,22,22,22
260221,0,1,1982,0,0,0,0,0,0,0,0,0,0
260221,1,1,1982,21,9,14,15,5,11,26,10,31,24
260222,1,1,1982,12,11,11,14,11,22,24,6,14,9
260222,2,1,1982,13,20,18,34,16,9,9,11,15,7
260222,3,1,1982,0,0,9,0,0,0,0,10,0,0
260223,1,1,1982,0,0,0,0,0,0,0,0,0,0
260223,2,1,1982,0,0,0,0,0,0,0,0,0,27
260224,0,1,1982,3,3,3,3,3,3,3,3,3,3
260224,1,1,1982,4,0,20,17,0,7,0,12,0,23
260224,2,1,1982,0,0,0,0,0,0,0,0,0,0
260225,0,1,1982,27,20,31,31,6,4,22,23,10,22
260225,1,1,1982,11,23,4,10,19,10,11,22,17,20
260226,0,1,1982,32,32,32,32,32,32,32,32,32,32
260226,1,1,1982,15,15,15,15,15,15,15,15,15,15
260227,1,1,1982,21,13,3,14,20,12,0,20,9,16
260227,2,1,1982,0,19,18,0,0,0,0,0,18,7
260228,1,1,1982,28,15,13,20,19,10,22,7,20,13
260228,2,1,1982,15,9,16,13,18,8,23,0,2,15
260229,1,1,1982,28,28,28,28,28,28,28,28,28,28
260230,0,1,1982,23,23,23,23,23,23,23,23,23,23
260230,1,1,1982,0,0,0,0,0,0,0,0,0,0
260231,0,1,1982,0,0,0,0,0,0,0,0,0,0
260231,1,1,1982,0,10,0,0,0,11,2,17,0,0
260231,2,1,1982,0,0,0,19,8,10,0,0,16,12
260232,1,1,1982,0,0,0,0,0,0,0,0,0,0
260232,2,1,1982,0,0,0,0,0,0,0,0,0,0
260232,3,1,1982,0,0,16,0,0,0,0,0,0,0
260232,4,1,1982,0,0,0,0,0,0,0,0,0,0
260233,0,1,1982,0,0,0,0,0,0,0,0,0,0
260233,1,1,1982,0,0,0,19,0,0,0,0,0,0
260234,1,1,1982,20,20,20,20,20,20,20,20,20,20
260235,1,1,1982,0,0,0,0,21,0,0,0,0,0
260236,0,1,1982,0,0,0,0,0,0,0,0,0,0
260236,1,1,1982,0,0,0,0,0,0,0,0,0,0
260237,1,1,1982,26,25,4,8,11,27,22,14,12,29
260238,1,1,1982,0,0,0,0,0,0,0,0,0,0
260238,2,1,1982,0,0,0,0,0,0,0,0,0,0
260239,1,1,1982,25,25,25,25,25,25,25,25,25,25
260241,0,1,1982,7,7,7,7,7,7,7,7,7,7
260241,1,1,1982,0,0,27,14,16,16,12,20,0,23
260242,1,1,1982,0,0,0,0,0,0,0,0,0,0
260242,2,1,1982,17,16,20,20,16,18,28,15,21,13
260243,1,1,1982,0,24,0,26,0,0,0,20,0,0
260244,0,1,1982,0,0,0,0,0,0,0,0,0,0
260244,0,2,1982,0,0,0,0,0,0,0,0,0,0
260244,0,3,1982,0,0,0,0,0,0,0,0,0,0
260244,1,1,1982,0,9,2,0,0,0,0,0,0,0
260245,1,1,1982,0,0,0,0,0,0,0,0,0,0
260245,2,1,1982,4,4,4,4,4,4,4,4,4,4
260246,1,1,1982,20,20,20,20,20,20,20,20,20,20
260247,1,1,1982,0,0,0,0,0,0,0,0,0,0
260248,1,1,1982,21,21,21,21,21,21,21,21,21,21
260249,1,1,1982,8,8,8,8,8,8,8,8,8,8
260250,1,1,1982,23,23,23,23,23,23,23,23,23,23
260250,2,1,1982,22,5,7,12,16,0,13,0,16,6
260251,1,1,1982,0,0,0,0,0,0,0,0,0,0
260251,2,1,1982,0,27,0,0,0,0,0,0,0,0
260252,1,1,1982,0,0,0,0,0,0,0,0,0,0
260253,1,1,1982,0,0,0,0,0,0,0,0,0,0
260253,2,1,1982,16,8,36,6,19,12,15,12,13,9
260254,1,1,1982,43,31,9,11,14,12,9,15,15,20
260255,1,1,1982,0,0,0,0,0,0,0,0,0,0
260255,2,1,1982,0,0,0,19,0,0,0,0,0,28
260256,1,1,1982,16,16,16,16,16,16,16,16,16,16
260256,2,1,1982,13,0,23,5,0,0,0,11,0,11
260257,1,1,1982,0,0,0,0,0,0,0,0,0,0
260257,2,1,1982,24,0,25,14,3,17,25,16,35,9
260257,3,1,1982,0,0,0,0,0,0,0,0,0,0
260258,1,1,1982,38,38,38,38,38,38,38,38,38,38
260259,1,1,1982,27,27,27,27,27,27,27,27,27,27
260260,1,1,1982,23,23,23,23,23,23,23,23,23,23
260260,2,1,1982,0,0,0,0,0,0,0,0,0,0
260261,1,1,1982,19,2,16,15,16,10,12,16,18,19
260262,1,1,1982,0,0,0,0,0,0,0,0,0,0
260262,2,1,1982,0,0,0,0,0,0,0,0,0,0
260263,1,1,1982,19,19,19,19,19,19,19,19,19,19
260264,1,1,1982,22,22,22,22,22,22,22,22,22,22
260265,1,1,1982,19,19,19,19,19,19,19,19,19,19
260266,1,1,1982,26,26,26,26,26,26,26,26,26,26
260267,1,4,1982,19,19,19,19,19,19,19,19,19,19
260268,1,1,1982,0,0,0,0,0,0,0,0,0,0
260268,2,1,1982,0,0,0,0,0,0,19,0,0,0
260269,1,1,1982,0,0,0,0,0,0,0,0,0,0
260269,2,1,1982,0,0,0,0,15,15,0,0,9,0
260269,3,1,1982,0,0,0,3,0,0,0,10,0,13
260269,4,1,1982,0,0,0,6,0,0,0,0,7,0
260269,5,1,1982,0,0,0,11,0,0,0,0,0,0
260270,1,1,1982,0,0,0,0,0,0,0,0,0,0
260272,0,1,1982,17,0,0,0,0,0,0,0,0,0
260272,1,1,1982,11,11,11,11,11,11,11,11,11,11
260273,1,1,1982,0,0,0,0,0,0,0,0,0,0
260274,1,1,1982,0,0,0,0,0,0,0,0,0,0
260275,0,1,1982,0,0,0,0,0,0,0,0,0,0
260275,1,1,1982,0,0,0,0,1,0,0,0,0,18
260276,1,1,1982,28,28,28,28,28,28,28,28,28,28
260276,2,1,1982,0,0,0,0,0,0,0,0,0,14
260277,0,1,1982,0,0,0,0,0,0,0,0,0,0
260277,1,1,1982,0,0,0,0,0,0,0,0,0,0
260278,1,1,1982,19,19,19,19,19,19,19,19,19,19
260278,2,1,1982,1,1,1,1,1,1,1,1,1,1
260279,1,1,1982,18,18,18,18,18,18,18,18,18,18
260280,1,1,1982,15,15,15,15,15,15,15,15,15,15
260281,1,1,1982,9,9,9,9,9,9,9,9,9,9
260282,1,1,1982,0,0,0,0,0,0,0,0,0,0
260283,1,1,1982,0,0,0,0,0,3,0,0,0,0
260283,2,1,1982,0,0,0,0,0,0,0,0,0,0
260284,1,1,1982,0,0,0,0,0,0,0,0,0,0
260284,2,1,1982,0,0,0,0,0,0,0,0,0,0
260285,1,1,1982,32,25,26,17,20,30,23,13,18,12
260286,0,1,1982,46,21,23,15,15,22,12,13,16,11
260286,0,2,1982,17,23,0,20,16,0,23,18,37,0
260286,1,1,1982,0,0,0,0,0,12,0,0,0,0
260287,1,1,1982,36,20,0,11,7,32,0,0,19,0
260288,0,1,1982,33,33,33,33,33,33,33,33,33,33
260288,1,1,1982,0,0,0,0,0,0,0,0,0,0
260289,1,1,1982,0,0,0,0,0,0,0,0,0,0
260289,2,1,1982,0,0,0,0,0,0,0,0,0,0
260290,1,1,1982,15,17,11,20,9,24,0,9,19,0
260290,2,1,1982,0,0,0,0,0,0,13,0,0,0
260291,1,1,1982,0,0,0,0,0,0,0,0,0,0
260292,0,1,1982,17,17,17,17,17,17,17,17,17,17
260292,1,1,1982,22,31,12,15,14,12,14,21,6,21
260294,0,1,1982,15,15,15,15,15,15,15,15,15,15
260294,1,1,1982,15,7,17,15,7,15,21,16,16,24
260295,1,1,1982,0,0,0,0,0,0,0,0,0,0
260295,2,1,1982,0,0,0,0,0,0,0,0,0,0
260296,1,1,1982,0,0,0,0,0,0,0,0,0,0
260296,2,1,1982,10,10,10,10,10,10,10,10,10,10
260297,1,1,1982,34,22,28,28,20,18,19,35,31,24
260298,1,1,1982,0,0,0,0,0,0,12,0,0,0
260298,2,1,1982,0,0,0,0,0,0,0,0,0,0
260299,1,1,1982,0,0,0,0,0,0,0,0,0,0
260299,2,1,1982,0,0,0,0,0,0,0,10,0,0
260300,1,1,1982,8,0,0,0,0,0,0,10,7,0
260300,2,1,1982,9,21,23,12,21,15,0,9,13,12
260301,0,1,1982,0,0,0,0,0,0,0,0,0,0
260301,1,1,1982,0,0,0,14,0,0,14,21,0,19
260302,0,1,1982,20,20,20,20,20,20,20,20,20,20
260302,1,1,1982,0,0,0,0,0,0,0,0,0,0
260303,0,1,1982,0,0,0,0,0,0,0,0,0,0
260303,1,1,1982,0,0,0,0,0,0,0,0,0,0
260305,1,1,1982,0,0,0,0,0,0,0,0,0,0
260306,0,1,1982,0,0,0,0,0,0,0,0,0,0
260306,1,1,1982,0,0,0,0,0,0,0,0,0,0
260307,1,1,1982,17,17,17,17,17,17,17,17,17,17
260307,2,1,1982,0,0,0,0,0,0,0,0,0,0
260308,1,1,1982,9,9,9,9,9,9,9,9,9,9
260308,2,1,1982,0,0,0,0,10,0,0,0,0,0
260309,1,1,1982,12,12,12,12,12,12,12,12,12,12
260310,1,1,1982,0,0,0,0,14,0,0,0,0,0
260310,2,1,1982,5,5,5,5,5,5,5,5,5,5
260311,1,1,1982,9,9,9,9,9,9,9,9,9,9
260311,2,1,1982,18,18,5,0,8,9,9,9,7,14
260312,1,1,1982,23,23,23,23,23,23,23,23,23,23
260313,1,1,1982,0,0,0,0,0,0,0,0,0,0
260313,2,1,1982,0,0,0,0,0,0,10,0,0,0
260314,0,1,1982,0,0,0,0,0,0,0,0,0,0
260314,1,1,1982,0,0,0,0,0,0,20,8,0,11
260315,1,1,1982,31,31,31,31,31,31,31,31,31,31
260316,1,1,1982,24,24,24,24,24,24,24,24,24,24
260317,1,1,1982,10,10,10,10,10,10,10,10,10,10
260318,1,1,1982,21,21,21,21,21,21,21,21,21,21
260319,1,1,1982,0,0,0,0,0,0,4,0,0,0
260319,2,1,1982,0,0,0,0,0,21,0,14,0,14
260320,1,1,1982,0,0,0,0,0,0,0,0,0,0
260321,1,1,1982,0,0,0,0,0,0,0,0,0,10
260321,2,1,1982,0,0,0,0,10,0,0,0,0,0
260322,1,1,1982,13,18,23,23,11,8,11,14,0,8
260323,1,1,1982,16,16,16,16,16,16,16,16,16,16
260324,1,1,1982,0,0,0,0,0,0,0,0,0,0
260324,2,1,1982,0,0,0,0,0,0,0,0,0,0
260325,1,1,1982,27,27,8,8,20,0,0,14,16,17
260325,2,1,1982,0,0,0,0,0,0,0,0,0,0
260326,1,1,1982,10,10,10,10,10,10,10,10,10,10
260326,2,1,1982,1,1,1,1,1,1,1,1,1,1
260327,1,1,1982,19,19,19,19,19,19,19,19,19,19
260327,2,1,1982,0,0,0,10,0,0,9,0,0,0
260327,3,1,1982,0,0,0,0,0,0,0,0,0,0
260328,1,1,1982,0,0,0,0,0,0,0,0,0,0
260329,1,1,1982,31,31,31,31,31,31,31,31,31,31
260330,0,1,1982,24,24,24,24,24,24,24,24,24,24
260330,0,2,1982,13,13,13,13,13,13,13,13,13,13
260330,1,1,1982,0,0,0,0,0,0,0,0,0,0
260331,0,1,1982,0,0,0,0,0,0,0,0,0,0
260331,1,1,1982,6,6,6,6,6,6,6,6,6,6
260332,1,1,1982,0,0,0,0,0,0,0,0,0,0
260333,1,1,1982,13,13,13,13,13,13,13,13,13,13
260333,2,1,1982,0,0,0,0,0,0,0,20,0,0
260334,0,1,1982,9,0,17,0,11,13,0,6,0,0
260334,1,1,1982,11,0,0,0,17,10,0,0,8,3
260335,1,1,1982,0,0,0,0,0,0,0,0,0,0
260335,2,1,1982,0,0,0,0,0,0,0,0,0,0
260336,0,1,1982,0,0,0,0,0,0,0,0,0,0
260336,1,1,1982,0,0,0,0,0,0,0,0,0,0
260337,1,1,1982,0,0,0,0,0,0,0,0,0,0
260338,1,1,1982,0,0,0,0,0,0,5,0,0,0
260338,2,1,1982,0,0,0,0,0,0,0,0,0,0
260339,1,1,1982,12,12,12,12,12,12,12,12,12,12
260339,2,1,1982,0,0,0,0,0,0,0,0,0,21
260340,1,1,1982,0,0,29,0,0,0,30,0,0,0
260340,2,1,1982,0,0,0,0,0,0,0,0,0,0
260341,1,1,1982,0,0,0,0,0,0,0,16,0,0
260341,2,1,1982,0,0,0,0,0,0,0,0,0,0
260342,1,1,1982,0,0,0,0,0,0,0,0,0,0
260343,1,1,1982,0,0,0,0,0,0,0,0,0,0
260344,0,1,1982,17,18,0,0,0,0,0,0,0,21
260344,1,1,1982,2,25,14,22,22,11,12,7,11,9
260345,1,1,1982,13,13,13,13,13,13,13,13,13,13
260345,2,1,1982,0,0,0,0,0,0,6,0,0,0
260346,0,1,1982,0,0,0,0,0,0,0,0,0,0
260346,1,1,1982,0,0,0,0,0,0,0,0,0,0
260347,1,1,1982,23,23,23,23,23,23,23,23,23,23
260347,2,1,1982,0,0,0,0,0,0,0,0,0,0
260348,1,1,1982,0,0,0,0,0,0,0,0,0,0
260349,1,1,1982,0,0,0,0,0,0,0,0,0,0
260349,2,1,1982,20,20,20,20,20,20,20,20,20,20
260350,1,1,1982,8,8,8,8,8,8,8,8,8,8
260351,1,1,1982,17,17,17,17,17,17,17,17,17,17
260352,1,1,1982,9,18,14,24,14,5,7,11,2,27
260352,2,1,1982,20,0,0,0,0,0,0,0,0,0
260353,1,1,1982,0,0,0,0,0,0,0,0,0,0
260354,1,1,1982,15,15,15,15,15,15,15,15,15,15
260354,2,1,1982,8,0,12,17,10,11,10,11,18,0
260354,3,1,1982,0,0,0,0,0,0,0,0,0,0
260355,1,1,1982,13,13,13,13,13,13,13,13,13,13
260356,1,1,1982,1,1,1,1,1,1,1,1,1,1
260357,1,1,1982,16,9,31,0,15,25,31,38,20,19
260358,1,1,1982,0,0,0,0,0,0,0,0,0,0
260358,2,1,1982,10,0,8,6,0,0,0,0,0,0
260359,1,1,1982,0,0,0,0,0,0,0,0,0,0
260359,2,1,1982,0,0,0,0,0,0,0,0,0,0
260359,3,1,1982,0,0,0,0,0,0,0,0,0,0
260360,1,1,1982,0,0,0,0,0,0,0,0,0,0
260360,2,1,1982,8,20,8,12,5,17,26,24,19,22
260361,1,1,1982,14,23,36,25,13,24,10,0,7,21
260362,1,1,1982,17,17,17,17,17,17,17,17,17,17
260362,2,1,1982,0,0,0,0,0,0,0,0,0,0
260363,1,1,1982,25,25,25,25,25,25,25,25,25,25
260363,2,1,1982,9,16,21,8,17,16,2,24,11,7
260363,3,1,1982,0,0,0,0,0,0,0,0,0,0
260363,4,1,1982,0,0,0,0,0,0,0,0,0,0
260365,1,1,1982,0,0,0,21,0,0,0,0,0,0
260366,1,1,1982,14,14,14,14,14,14,14,14,14,14
260367,0,1,1982,20,20,20,20,20,20,20,20,20,20
260367,1,1,1982,25,0,0,0,0,0,0,0,12,0
260368,1,1,1982,20,0,0,8,13,15,0,6,30,15
260368,2,1,1982,0,0,8,0,0,0,0,0,0,0
260369,0,1,1982,21,21,21,21,21,21,21,21,21,21
260369,1,1,1982,14,10,10,4,0,10,25,0,25,0
260370,1,1,1982,0,0,0,0,0,0,0,0,0,0
260371,1,1,1982,7,7,7,7,7,7,7,7,7,7
260372,1,1,1982,0,0,0,9,22,0,3,15,23,6
260373,1,1,1982,0,0,0,0,0,0,0,0,0,0
260373,2,1,1982,0,0,0,0,0,0,0,0,0,0
260373,3,1,1982,0,0,0,0,0,0,0,0,0,0
260374,0,1,1982,0,0,0,0,0,0,0,0,0,0
260374,1,1,1982,0,0,0,0,12,0,0,0,0,0
260375,1,1,1982,24,24,24,24,24,24,24,24,24,24
260375,2,1,1982,0,0,0,0,0,0,0,0,0,0
260376,1,1,1982,8,8,8,8,8,8,8,8,8,8
260377,1,1,1982,18,18,18,18,18,18,18,18,18,18
260377,2,1,1982,11,9,22,9,0,19,14,0,0,13
260378,1,1,1982,18,18,18,18,18,18,18,18,18,18
260378,2,1,1982,28,0,18,24,27,21,14,10,10,12
260379,1,1,1982,26,26,26,26,26,26,26,26,26,26
260380,0,1,1982,0,0,0,0,0,0,0,0,0,0
260380,1,1,1982,0,0,0,0,0,0,0,0,0,0
260381,1,1,1982,21,21,21,21,21,21,21,21,21,21
260382,1,1,1982,12,12,8,17,7,8,5,15,12,4
260382,2,1,1982,19,19,19,19,19,19,19,19,19,19
260383,1,1,1982,0,0,0,0,0,0,0,0,0,0
260383,2,1,1982,0,0,0,0,0,0,0,0,0,0
260384,0,1,1982,0,0,0,0,0,0,0,0,0,0
260384,1,1,1982,0,0,0,5,0,0,0,0,0,0
260384,2,1,1982,0,0,0,0,0,0,0,0,0,0
260385,1,1,1982,8,8,8,8,8,8,8,8,8,8
260385,2,1,1982,9,19,5,14,11,15,26,21,24,9
260386,1,1,1982,22,17,8,21,14,35,22,11,26,11
260386,2,1,1982,13,10,20,9,19,19,10,18,0,11
260387,1,1,1982,17,17,17,17,17,17,17,17,17,17