ST_CASE,VEH_NO,PER_NO,YEAR,P1,P2,P3,P4,P5,P6,P7,P8,P9,P10
260659,1,1,1982,21,28,34,16,29,15,27,0,15,22
260660,1,1,1982,0,0,0,0,0,0,0,0,0,0
260660,2,1,1982,0,0,0,0,0,0,0,0,0,0
260661,2,1,1982,16,16,16,16,16,16,16,16,16,16
260662,0,1,1982,0,17,0,18,20,8,18,9,0,0
260662,1,1,1982,0,0,0,0,0,0,0,0,15,0
260663,0,1,1982,0,0,0,0,0,0,0,0,0,0
260663,1,1,1982,0,0,0,0,0,0,0,0,0,0
260664,1,1,1982,17,17,17,17,17,17,17,17,17,17
260664,2,1,1982,11,11,11,11,11,11,11,11,11,11
260665,1,1,1982,4,4,4,4,4,4,4,4,4,4
260665,2,1,1982,0,13,0,0,0,0,0,0,0,0
260666,0,1,1982,0,0,0,0,0,0,0,0,0,0
260666,1,1,1982,24,24,24,24,24,24,24,24,24,24
260667,1,1,1982,30,11,3,15,6,10,13,6,15,22
260668,1,1,1982,33,26,16,7,17,16,3,24,5,18
260669,0,1,1982,0,0,0,0,0,0,0,0,0,0
260669,1,1,1982,19,0,22,3,25,6,0,26,16,12
260670,0,1,1982,0,0,0,0,0,0,0,0,0,0
260670,1,1,1982,0,0,0,0,0,0,0,0,0,0
260671,1,1,1982,22,22,22,22,22,22,22,22,22,22
260672,0,1,1982,25,25,25,25,25,25,25,25,25,25
260672,1,1,1982,12,0,0,0,0,0,0,0,0,8
260673,0,1,1982,0,0,0,0,0,0,0,0,0,0
260673,1,1,1982,0,0,0,0,0,0,0,0,0,0
260674,1,1,1982,27,27,27,27,27,27,27,27,27,27
260675,1,1,1982,0,0,0,23,9,0,0,0,0,0
260676,1,1,1982,9,9,9,9,9,9,9,9,9,9
260677,1,1,1982,18,18,18,18,18,18,18,18,18,18
260678,1,1,1982,0,0,0,0,0,0,0,0,0,0
260678,2,1,1982,0,0,0,0,0,0,0,0,0,0
260679,1,1,1982,16,16,16,16,16,16,16,16,16,16
260679,2,1,1982,6,0,29,0,4,15,25,0,0,10
260680,1,1,1982,19,19,19,19,19,19,19,19,19,19
260681,1,1,1982,0,11,0,4,0,11,0,0,0,0
260682,0,1,1982,0,0,0,0,0,0,0,0,0,0
260682,1,1,1982,0,0,0,0,0,0,0,0,0,0
260683,1,1,1982,29,29,29,29,29,29,29,29,29,29
260683,2,1,1982,0,0,0,0,0,0,0,0,0,0
260684,1,1,1982,0,0,0,0,0,0,0,0,0,0
260684,2,1,1982,0,0,0,0,14,0,0,0,0,0
260685,1,1,1982,0,0,0,0,0,0,0,0,0,0
260685,2,1,1982,0,0,0,0,0,0,0,0,0,0
260686,1,1,1982,0,0,0,0,0,0,0,0,0,0
260687,1,1,1982,0,17,0,0,13,0,0,0,0,0
260688,1,1,1982,0,0,0,0,0,0,0,0,0,0
260688,2,1,1982,0,0,0,0,0,0,0,0,0,0
260689,1,1,1982,25,25,25,25,25,25,25,25,25,25
260690,1,1,1982,24,24,24,24,24,24,24,24,24,24
260690,2,1,1982,1,1,1,1,1,1,1,1,1,1
260691,1,1,1982,10,10,10,10,10,10,10,10,10,10
260692,1,1,1982,12,12,12,12,12,12,12,12,12,12
260693,1,1,1982,10,10,10,10,10,10,10,10,10,10
260694,1,1,1982,0,0,0,0,0,0,0,0,0,0
260694,2,1,1982,0,0,0,0,0,0,0,0,0,0
260694,3,1,1982,0,0,0,0,0,0,0,0,0,0
260695,1,1,1982,0,0,0,8,0,0,0,0,0,0
260695,2,1,1982,0,0,0,0,0,0,0,0,0,0
260696,0,1,1982,24,24,24,24,24,24,24,24,24,24
260696,1,1,1982,26,18,23,15,12,22,12,12,15,6
260697,1,1,1982,2,16,5,16,12,17,8,27,10,22
260698,1,1,1982,0,0,0,0,0,0,0,0,0,0
260699,1,1,1982,0,0,0,0,0,0,0,0,0,0
260699,2,1,1982,0,0,0,0,0,0,0,0,0,0
260700,1,1,1982,10,10,10,10,10,10,10,10,10,10
260700,2,1,1982,0,0,0,0,3,0,0,0,0,0
260701,1,1,1982,18,18,18,18,18,18,18,18,18,18
260702,1,1,1982,0,0,0,0,0,0,0,0,0,0
260702,2,1,1982,0,0,0,0,0,0,8,0,0,0
260703,1,1,1982,0,0,0,0,0,0,0,0,0,0
260704,1,1,1982,10,10,10,10,10,10,10,10,10,10
260705,1,1,1982,0,20,15,7,0,15,29,16,17,16
260706,1,1,1982,10,10,10,10,10,10,10,10,10,10
260707,1,1,1982,0,0,0,0,0,0,0,0,0,0
260708,1,1,1982,21,21,21,21,21,21,21,21,21,21
260709,0,1,1982,12,12,12,12,12,12,12,12,12,12
260709,1,1,1982,0,0,0,26,0,0,0,0,0,0
260710,1,1,1982,12,12,12,12,12,12,12,12,12,12
260710,2,1,1982,5,5,5,5,5,5,5,5,5,5
260711,1,1,1982,13,13,13,13,13,13,13,13,13,13
260712,1,1,1982,3,3,3,3,3,3,3,3,3,3
260712,2,1,1982,5,5,5,5,5,5,5,5,5,5
260713,1,1,1982,0,0,7,0,0,0,0,12,13,0
260713,2,1,1982,21,16,8,15,14,11,22,23,7,20
260714,0,1,1982,23,26,14,15,10,19,11,34,18,11
260714,1,1,1982,0,8,14,3,14,16,11,0,10,18
260715,0,1,1982,0,0,0,0,0,0,0,0,0,0
260715,1,1,1982,11,11,11,11,11,11,11,11,11,11
260716,1,1,1982,26,26,26,26,26,26,26,26,26,26
260717,1,1,1982,34,34,34,34,34,34,34,34,34,34
260718,1,1,1982,16,16,16,16,16,16,16,16,16,16
260718,2,1,1982,0,0,0,0,0,0,0,0,0,0
260719,0,1,1982,0,0,0,5,7,0,18,0,0,0
260719,1,1,1982,0,0,0,0,0,0,0,11,25,0
260720,1,1,1982,7,7,7,7,7,7,7,7,7,7
260721,1,1,1982,23,23,23,23,23,23,23,23,23,23
260722,1,1,1982,29,9,10,24,20,11,12,22,39,13
260723,1,1,1982,17,17,17,17,17,17,17,17,17,17
260723,2,1,1982,0,0,0,0,0,0,0,0,0,14
260723,3,1,1982,0,0,13,0,24,0,24,0,0,0
260724,1,1,1982,9,0,22,19,24,19,35,20,28,16
260725,1,1,1982,9,24,8,19,19,11,0,9,31,14
260725,2,1,1982,0,0,0,0,0,0,0,0,0,0
260726,1,1,1982,0,0,0,0,0,0,0,0,0,0
260726,2,1,1982,0,0,0,0,0,0,0,0,0,0
260727,1,1,1982,10,8,22,19,19,18,30,20,5,23
260728,1,1,1982,35,9,23,10,6,4,7,10,17,11
260728,2,1,1982,2,2,2,2,2,2,2,2,2,2
260729,0,1,1982,17,17,17,17,17,17,17,17,17,17
260729,1,1,1982,14,14,14,14,14,14,14,14,14,14
260730,1,1,1982,16,16,16,16,16,16,16,16,16,16
260730,2,1,1982,0,0,0,0,0,0,0,19,0,0
260731,1,1,1982,0,0,0,0,0,0,0,0,0,0
260731,2,1,1982,0,0,0,0,0,0,0,0,0,0
260732,0,1,1982,0,0,0,0,0,0,0,0,0,0
260732,1,1,1982,3,3,3,3,3,3,3,3,3,3
260733,1,1,1982,10,17,12,7,13,18,18,33,13,15
260734,0,1,1982,0,0,0,0,0,0,0,0,0,0
260734,1,1,1982,0,22,0,0,0,7,0,0,0,0
260735,1,1,1982,0,0,0,0,0,0,0,0,0,0
260735,2,1,1982,0,0,0,0,0,0,0,0,0,0
260736,1,1,1982,4,4,4,4,4,4,4,4,4,4
260736,2,1,1982,0,0,0,0,0,0,0,0,0,0
260737,1,1,1982,0,0,0,0,0,0,0,0,0,0
260737,2,1,1982,0,0,0,0,0,0,0,0,0,0
260738,1,1,1982,0,0,0,0,0,0,0,0,0,0
260738,2,1,1982,0,0,0,0,0,0,0,0,0,0
260739,1,1,1982,25,13,15,13,12,13,15,19,15,19
260740,1,1,1982,0,0,0,11,0,8,0,17,0,5
260740,2,1,1982,0,0,0,0,0,0,0,0,10,0
260740,3,1,1982,0,0,0,0,0,0,0,0,0,0
260741,1,1,1982,0,0,0,0,0,0,0,0,0,0
260742,1,1,1982,18,18,14,14,13,19,12,14,26,27
260742,2,1,1982,0,0,0,0,0,0,0,0,0,4
260743,1,1,1982,28,28,28,28,28,28,28,28,28,28
260744,1,1,1982,0,0,0,0,0,0,0,0,0,0
260744,2,1,1982,0,0,0,0,0,0,0,0,0,0
260745,1,1,1982,15,7,21,16,9,16,13,21,6,7
260745,2,1,1982,0,0,0,0,0,0,0,0,0,0
260746,1,1,1982,15,15,15,15,15,15,15,15,15,15
260747,1,1,1982,14,14,14,14,14,14,14,14,14,14
260747,2,1,1982,0,0,0,0,0,0,0,0,0,0
260748,1,1,1982,0,0,0,0,0,0,0,0,0,0
260748,2,1,1982,0,0,0,0,0,0,0,0,0,0
260749,0,1,1982,19,19,19,19,19,19,19,19,19,19
260749,1,1,1982,0,0,0,0,0,0,0,0,0,0
260750,0,1,1982,0,0,0,0,0,0,0,0,0,0
260750,1,1,1982,0,12,5,0,0,0,0,0,9,0
260751,1,1,1982,0,0,0,0,0,0,0,0,0,0
260751,2,1,1982,0,0,0,0,0,0,0,0,0,0
260752,1,1,1982,13,13,13,13,13,13,13,13,13,13
260752,2,1,1982,10,10,10,10,10,10,10,10,10,10
260753,1,1,1982,25,24,4,16,14,11,9,10,11,14
260753,2,1,1982,24,24,24,24,24,24,24,24,24,24
260754,1,1,1982,0,0,0,0,0,0,0,0,0,0
260755,1,1,1982,16,21,16,0,19,0,11,13,16,12
260755,2,1,1982,0,0,0,0,0,0,0,0,0,0
260755,3,1,1982,0,0,0,0,0,0,0,0,0,0
260756,1,1,1982,8,0,0,0,0,0,0,0,0,0
260756,2,1,1982,0,0,0,0,0,0,0,0,0,0
260756,3,1,1982,0,0,0,0,0,0,0,0,0,0
260757,1,1,1982,0,0,0,0,0,0,0,0,0,0
260757,2,1,1982,0,0,0,0,0,0,0,0,0,0
260758,1,1,1982,0,0,0,0,0,0,0,0,0,0
260758,2,1,1982,0,0,0,0,0,0,0,0,0,0
260759,1,1,1982,19,19,19,19,19,19,19,19,19,19
260759,2,1,1982,0,0,0,0,10,0,0,0,0,0
260760,1,1,1982,15,17,32,5,17,0,30,14,31,11
260761,1,1,1982,0,0,0,0,12,0,18,21,0,0
260762,0,1,1982,0,0,0,0,0,0,0,0,0,0
260762,1,1,1982,0,0,0,0,0,0,0,0,0,0
260763,1,1,1982,0,0,0,0,0,0,0,0,0,0
260763,2,1,1982,14,0,0,0,0,0,0,0,0,0
260764,1,1,1982,10,10,10,10,10,10,10,10,10,10
260764,2,1,1982,0,0,0,0,0,0,0,0,0,0
260765,1,1,1982,0,0,0,0,0,0,0,22,0,0
260765,2,1,1982,16,16,16,16,16,16,16,16,16,16
260766,1,1,1982,3,3,3,3,3,3,3,3,3,3
260767,1,1,1982,12,20,11,9,11,14,0,15,11,10
260767,2,1,1982,21,0,0,9,0,25,0,0,20,16
260768,1,1,1982,11,11,11,11,11,11,11,11,11,11
260769,1,1,1982,0,0,0,0,0,0,0,0,0,0
260769,2,1,1982,12,12,12,12,12,12,12,12,12,12
260770,1,1,1982,23,27,36,25,13,23,10,24,14,20
260771,0,1,1982,0,0,0,14,0,30,0,0,11,0
260771,1,1,1982,0,0,0,0,0,10,0,0,0,0
260772,1,1,1982,23,23,23,23,23,23,23,23,23,23
260772,2,1,1982,20,0,0,0,0,0,0,0,15,0
260773,0,1,1982,0,0,0,0,0,0,0,0,0,0
260773,0,2,1982,0,0,0,0,0,0,0,9,0,9
260773,1,1,1982,0,0,0,0,0,0,13,0,0,0
260774,1,1,1982,25,25,25,25,25,25,25,25,25,25
260774,2,1,1982,0,11,0,0,0,0,0,0,0,0
260775,1,1,1982,0,0,10,9,25,0,11,0,0,0
260776,0,1,1982,0,0,0,0,0,0,0,0,0,16
260776,1,1,1982,0,0,0,0,0,0,0,0,0,0
260777,0,1,1982,15,15,15,15,15,15,15,15,15,15
260777,1,1,1982,11,11,15,0,0,32,21,0,22,12
260778,1,1,1982,7,7,7,7,7,7,7,7,7,7
260778,2,1,1982,0,0,0,0,0,0,0,0,0,0
260779,1,1,1982,0,0,0,0,0,0,0,0,0,0
260780,1,1,1982,0,0,0,0,0,0,0,0,0,0
260780,2,1,1982,0,0,0,0,0,0,0,0,0,0
260781,1,1,1982,13,13,13,13,13,13,13,13,13,13
260781,2,1,1982,0,0,0,0,0,0,0,0,0,0
260782,1,1,1982,0,0,0,0,0,0,0,0,0,0
260782,2,1,1982,0,0,0,0,0,0,15,0,0,0
260783,1,1,1982,0,9,11,19,0,7,24,1,16,21
260783,2,1,1982,0,14,0,0,0,0,0,0,0,0
260784,1,1,1982,14,9,9,19,0,23,15,0,4,10
260785,1,1,1982,7,7,7,7,7,7,7,7,7,7
260786,1,1,1982,10,6,23,14,18,18,12,16,15,14
260787,1,1,1982,27,27,27,27,27,27,27,27,27,27
260788,1,1,1982,0,0,0,0,0,0,0,0,0,0
260788,2,1,1982,0,0,0,0,0,0,0,0,0,0
260789,1,1,1982,19,19,19,19,19,19,19,19,19,19
260791,1,1,1982,9,9,9,9,9,9,9,9,9,9
260792,1,1,1982,18,18,18,18,18,18,18,18,18,18
260793,1,1,1982,21,21,21,21,21,21,21,21,21,21
260794,1,1,1982,0,0,0,0,0,0,0,0,0,0
260795,1,1,1982,18,17,10,12,14,14,0,11,5,13
260795,2,1,1982,0,0,0,0,0,0,0,0,16,0
260796,0,1,1982,0,0,0,0,0,0,13,0,0,0
260796,0,2,1982,0,0,0,0,0,0,0,0,0,0
260796,1,1,1982,0,0,0,0,0,0,0,0,0,0
260797,1,1,1982,0,0,0,0,0,0,0,0,0,0
260798,1,1,1982,0,0,0,0,0,0,0,0,0,0
260798,2,1,1982,0,0,0,0,0,0,0,0,0,0
260798,3,1,1982,0,0,0,0,0,0,0,0,0,0
260798,4,1,1982,0,0,0,0,0,0,0,0,0,0
260799,1,1,1982,0,0,0,0,0,16,4,0,0,0
260800,1,1,1982,0,0,0,0,0,0,0,0,0,0
260800,2,1,1982,17,17,17,17,17,17,17,17,17,17
260801,1,1,1982,22,22,22,22,22,22,22,22,22,22
260802,1,1,1982,0,0,0,0,0,0,0,0,0,0
260803,1,1,1982,0,0,0,0,0,0,0,0,0,0
260803,2,1,1982,0,0,0,0,0,0,0,0,0,0
260804,1,1,1982,0,0,0,0,0,0,0,0,0,0
260805,1,1,1982,0,0,0,0,0,0,0,0,0,0
260805,2,1,1982,0,0,0,0,0,0,0,0,0,0
260806,1,1,1982,16,0,7,14,0,0,0,0,9,0
260807,0,1,1982,0,0,0,0,0,0,0,0,0,0
260807,1,1,1982,0,0,0,0,0,0,0,0,0,0
260808,0,1,1982,0,0,0,0,0,0,0,0,0,0
260808,1,1,1982,0,0,0,0,0,0,0,0,0,0
260809,1,1,1982,0,0,0,0,0,0,13,14,8,6
260809,2,1,1982,0,21,0,0,0,0,0,0,0,0
260810,1,1,1982,0,0,0,0,0,0,0,0,0,0
260811,1,1,1982,19,19,19,19,19,19,19,19,19,19
260811,2,1,1982,14,14,14,14,14,14,14,14,14,14
260812,1,1,1982,8,8,8,8,8,8,8,8,8,8
260813,0,1,1982,0,27,4,0,0,0,23,0,0,19
260813,1,1,1982,0,0,0,0,0,0,0,0,0,0
260814,1,1,1982,0,0,0,0,0,0,0,0,0,0
260814,2,1,1982,0,0,0,0,0,3,0,0,0,0
260815,1,1,1982,24,24,24,24,24,24,24,24,24,24
260816,1,1,1982,29,17,10,14,11,14,17,28,21,24
260817,1,1,1982,12,12,12,12,12,12,12,12,12,12
260817,2,1,1982,0,0,0,0,0,0,0,0,0,0
260818,0,1,1982,2,2,2,2,2,2,2,2,2,2
260818,1,1,1982,0,0,0,0,0,0,15,0,0,0
260819,1,1,1982,16,18,18,16,11,13,26,9,18,19
260820,1,1,1982,15,13,7,17,12,24,13,5,10,13
260821,1,1,1982,0,0,0,0,0,0,0,0,0,0
260822,1,1,1982,0,0,0,0,0,0,0,0,0,0
260823,0,1,1982,0,0,0,0,0,0,0,0,0,0
260823,1,1,1982,0,0,0,0,0,0,0,0,0,0
260824,0,1,1982,24,24,24,24,24,24,24,24,24,24
260824,1,1,1982,18,0,0,0,0,0,0,17,0,0
260825,1,1,1982,0,0,0,0,0,0,0,0,0,0
260825,2,1,1982,0,15,0,0,0,0,0,0,3,0
260826,1,1,1982,9,9,9,9,9,9,9,9,9,9
260826,2,1,1982,0,0,0,0,0,0,0,0,0,13
260826,3,1,1982,0,0,0,0,0,0,0,0,0,0
260827,1,1,1982,0,0,0,0,0,0,0,0,0,0
260827,2,1,1982,0,0,0,0,0,0,0,14,4,0
260828,1,1,1982,0,0,0,0,18,0,0,0,0,0
260828,2,1,1982,0,0,0,0,0,0,0,0,0,0
260829,1,1,1982,24,24,24,24,24,24,24,24,24,24
260830,1,1,1982,12,12,12,12,12,12,12,12,12,12
260831,1,1,1982,11,11,11,11,11,11,11,11,11,11
260831,2,1,1982,0,0,0,0,0,0,0,0,0,0
260832,1,1,1982,12,12,12,12,12,12,12,12,12,12
260832,2,1,1982,0,0,0,0,0,0,0,0,0,0
260833,0,1,1982,22,0,0,0,0,8,30,0,0,13
260833,1,1,1982,0,0,0,0,0,0,0,0,0,0
260834,1,1,1982,0,0,0,0,0,0,0,0,0,0
260835,1,1,1982,20,24,9,20,15,29,19,28,32,21
260836,1,1,1982,0,0,0,0,0,0,0,0,0,0
260836,2,1,1982,0,0,0,0,0,0,0,0,0,0
260837,0,1,1982,23,23,23,23,23,23,23,23,23,23
260837,1,1,1982,0,0,0,0,0,0,0,0,0,0
260838,1,1,1982,0,0,0,0,0,0,0,0,0,0
260839,0,1,1982,18,0,15,0,26,0,0,10,22,0
260839,1,1,1982,11,0,12,0,0,0,0,9,0,0
260840,1,1,1982,0,0,0,0,0,0,0,0,0,0
260840,2,1,1982,0,0,0,0,0,0,0,0,5,0
260841,1,1,1982,36,12,17,33,14,23,18,29,19,6
260842,1,1,1982,27,27,27,27,27,27,27,27,27,27
260843,1,1,1982,22,22,22,22,22,22,22,22,22,22
260844,1,1,1982,0,0,0,0,0,0,0,0,0,0
260844,2,1,1982,0,0,0,0,0,0,0,0,0,0
260844,3,1,1982,0,0,0,0,0,0,0,0,0,0
260844,4,1,1982,0,0,0,0,0,0,0,0,0,0
260844,5,1,1982,0,0,0,0,0,0,0,0,0,0
260845,1,1,1982,0,0,0,0,0,0,0,0,0,0
260845,2,1,1982,0,0,0,0,0,0,12,0,0,0
260846,1,1,1982,0,9,0,0,0,0,0,0,5,0
260846,2,1,1982,0,0,0,5,0,0,0,0,0,0
260847,1,1,1982,0,0,0,0,0,11,0,0,0,0
260848,1,1,1982,8,12,18,13,20,9,15,14,6,18
260849,1,1,1982,26,26,26,26,26,26,26,26,26,26
260851,0,1,1982,14,14,14,14,14,14,14,14,14,14
260851,1,1,1982,0,0,0,0,0,0,0,0,11,0
260852,1,1,1982,0,0,0,0,0,0,0,0,0,0
260853,1,1,1982,25,25,25,25,25,25,25,25,25,25
260854,1,1,1982,0,0,12,16,25,3,9,0,0,0
260855,1,1,1982,0,0,0,0,0,0,0,0,0,0
260855,2,1,1982,0,0,0,0,0,0,0,0,0,0
260856,1,1,1982,21,21,21,21,21,21,21,21,21,21
260857,1,1,1982,30,30,30,30,30,30,30,30,30,30
260858,0,1,1982,22,16,24,15,27,16,29,18,14,10
260858,1,1,1982,4,4,4,4,4,4,4,4,4,4
260859,1,1,1982,7,7,7,7,7,7,7,7,7,7
260859,2,1,1982,0,0,0,0,0,0,0,0,0,0
260860,1,1,1982,22,22,22,22,22,22,22,22,22,22
260860,2,1,1982,0,0,5,0,9,0,0,30,0,0
260861,1,1,1982,0,0,5,0,0,0,0,0,0,0
260861,2,1,1982,0,0,0,0,0,0,0,7,3,0
260862,1,1,1982,0,0,0,0,0,0,0,0,0,0
260862,2,1,1982,0,0,0,0,0,0,0,0,0,14
260863,1,1,1982,26,26,26,26,26,26,26,26,26,26
260864,0,1,1982,0,0,0,0,23,0,0,0,0,12
260864,1,1,1982,9,0,0,0,0,0,0,0,0,0
260865,1,1,1982,25,25,25,25,25,25,25,25,25,25
260865,2,1,1982,10,10,10,10,10,10,10,10,10,10
260866,1,1,1982,25,25,25,25,25,25,25,25,25,25
260867,1,1,1982,19,29,16,24,18,7,15,12,16,15
260868,1,1,1982,0,0,0,0,0,0,0,0,0,0
260869,1,1,1982,32,23,17,30,15,24,26,15,21,23
260869,2,1,1982,11,7,21,31,24,14,22,6,33,9
260870,1,1,1982,21,17,12,8,0,16,17,12,9,19
260870,2,1,1982,23,0,0,0,0,10,0,0,8,0
260871,0,1,1982,0,0,0,0,0,0,0,0,0,0
260871,1,1,1982,0,0,0,8,0,0,18,0,0,0
260872,1,1,1982,0,0,0,12,0,0,0,0,0,0
260872,2,1,1982,0,0,0,0,0,0,0,0,0,0
260873,1,1,1982,22,0,0,0,12,0,0,0,0,0
260874,1,1,1982,0,0,0,0,0,0,0,0,0,0
260874,2,1,1982,0,0,0,0,0,0,5,9,0,0
260875,1,1,1982,7,13,12,15,18,12,13,6,22,6
260875,2,1,1982,0,0,0,0,0,15,0,0,0,0
260876,1,1,1982,0,0,0,0,0,0,0,0,0,0
260876,2,1,1982,21,0,0,0,0,0,0,0,0,0
260877,1,1,1982,13,0,15,0,11,13,0,4,18,17
260878,1,1,1982,23,23,23,23,23,23,23,23,23,23
260879,1,1,1982,15,15,15,15,15,15,15,15,15,15
260880,1,1,1982,31,31,31,31,31,31,31,31,31,31
260881,1,1,1982,10,9,13,18,0,23,12,0,20,19
260881,2,1,1982,11,11,11,11,11,11,11,11,11,11
260882,1,1,1982,0,11,0,18,0,0,0,0,0,3
260883,1,1,1982,19,13,16,8,25,0,0,7,7,19
260884,1,1,1982,17,17,17,17,17,17,17,17,17,17
260885,1,1,1982,0,0,0,0,0,0,0,0,0,0
260885,2,1,1982,0,0,0,0,0,0,0,0,0,0
260886,1,1,1982,0,0,0,0,0,0,0,0,0,0
260886,2,1,1982,0,0,0,0,0,0,0,0,0,0
260887,1,1,1982,24,24,24,24,24,24,24,24,24,24
260887,2,1,1982,30,0,0,8,0,0,5,0,0,0
260888,1,1,1982,11,11,11,11,11,11,11,11,11,11
260889,0,1,1982,0,0,0,0,16,0,0,0,6,0
260889,1,1,1982,17,0,0,0,0,0,0,0,0,0
260890,0,1,1982,0,0,0,0,0,0,0,0,0,0
260890,1,1,1982,0,0,0,0,0,0,0,0,0,0
260891,1,1,1982,0,0,0,0,0,0,0,0,0,0
260891,2,1,1982,0,0,0,0,0,0,0,0,0,9
260892,0,1,1982,0,0,0,0,0,0,0,10,0,0
260892,1,1,1982,0,0,0,0,0,0,0,0,0,0
260893,1,1,1982,7,7,7,7,7,7,7,7,7,7
260894,1,1,1982,0,0,0,0,0,0,0,0,0,0
260894,2,1,1982,0,0,0,0,0,0,0,0,0,0
260895,1,1,1982,25,25,25,25,25,25,25,25,25,25
260896,1,1,1982,0,0,0,0,0,0,0,0,0,0
260896,2,1,1982,8,0,0,0,0,0,0,0,0,0
260897,1,1,1982,0,0,0,0,0,0,0,0,0,14
260897,2,1,1982,0,0,0,0,0,0,0,0,0,0
260898,1,1,1982,25,19,18,9,19,0,27,26,21,7
260899,0,1,1982,23,0,21,0,19,0,0,0,13,8
260899,1,1,1982,0,0,0,0,0,14,0,0,0,0
260900,1,1,1982,10,10,10,10,10,10,10,10,10,10
260901,1,1,1982,0,0,0,0,0,0,0,0,0,0
260901,2,1,1982,0,0,0,0,0,0,0,0,0,0
260902,0,1,1982,0,0,0,0,0,0,0,0,0,0
260902,1,1,1982,0,0,0,0,0,0,0,0,0,0
260903,0,1,1982,29,29,29,29,29,29,29,29,29,29
260903,1,1,1982,12,0,8,22,0,17,13,0,8,0
260904,1,1,1982,0,0,0,0,0,0,0,0,0,0
260904,2,1,1982,0,0,0,0,0,0,0,0,13,19
260905,1,1,1982,39,39,39,39,39,39,39,39,39,39
260906,1,1,1982,0,0,0,0,0,0,0,0,0,0
260906,2,1,1982,0,0,0,0,0,0,0,0,0,0
260907,1,1,1982,14,14,14,14,14,14,14,14,14,14
260907,2,1,1982,0,0,0,0,0,0,0,0,0,0
260908,1,1,1982,7,7,7,7,7,7,7,7,7,7
260909,0,1,1982,0,0,0,0,0,0,0,0,0,0
260909,1,1,1982,0,0,0,0,0,0,0,13,0,0
260910,1,1,1982,0,0,0,0,0,0,0,0,0,0
260910,2,1,1982,14,14,14,14,14,14,14,14,14,14
260911,1,1,1982,0,0,0,0,0,0,0,0,0,0
260911,2,1,1982,0,0,0,0,0,0,0,0,0,0
260912,1,1,1982,15,15,15,15,15,15,15,15,15,15
260913,1,1,1982,0,0,0,0,0,0,0,0,0,0
260913,2,1,1982,0,0,0,0,0,0,0,0,0,0
260914,1,1,1982,0,0,0,0,0,0,0,0,0,0
260914,2,1,1982,0,0,0,0,0,0,0,0,0,0
260916,0,1,1982,0,0,0,0,0,0,0,0,0,0
260916,1,1,1982,0,0,0,0,0,0,0,0,0,0
260917,1,1,1982,0,5,0,0,0,0,0,0,0,0
260917,2,1,1982,0,0,0,0,0,18,0,0,0,0
260918,1,1,1982,0,0,0,0,0,0,0,0,0,0
260918,2,1,1982,0,0,0,0,0,0,0,0,0,0
260919,1,1,1982,5,5,5,5,5,5,5,5,5,5
260919,2,1,1982,0,0,0,0,12,0,16,0,0,0
260920,1,1,1982,0,0,0,0,0,0,0,0,0,0
260920,2,1,1982,12,12,12,12,12,12,12,12,12,12
260921,1,1,1982,0,0,0,0,0,0,0,0,0,0
260921,2,1,1982,15,15,15,15,15,15,15,15,15,15
260922,1,1,1982,11,11,11,11,11,11,11,11,11,11
260922,2,1,1982,22,13,18,3,14,0,23,12,11,0
260923,1,1,1982,22,22,0,13,27,15,0,15,0,22
260923,2,1,1982,0,0,0,0,0,0,0,0,0,0
260923,3,1,1982,8,20,12,22,10,20,28,10,28,0
260924,1,1,1982,8,8,8,8,8,8,8,8,8,8
260925,1,1,1982,22,22,22,22,22,22,22,22,22,22
260926,1,1,1982,0,0,0,0,0,0,0,0,0,0
260926,2,1,1982,0,0,0,0,19,0,0,0,0,0
260926,3,1,1982,19,0,0,0,0,0,0,0,0,0
260927,1,1,1982,0,0,0,6,14,0,9,0,0,0
260928,1,1,1982,0,0,0,0,0,0,0,0,0,0
260929,1,1,1982,14,14,14,14,14,14,14,14,14,14
260930,1,1,1982,0,0,0,0,0,0,0,0,0,0
260931,1,1,1982,18,18,18,18,18,18,18,18,18,18
260932,1,1,1982,0,0,0,0,0,0,0,0,0,9
260932,2,1,1982,0,0,0,0,0,0,0,0,0,0
260933,1,1,1982,0,0,0,0,0,0,0,0,0,0
260933,2,1,1982,0,0,0,0,0,0,0,0,0,0
260934,1,1,1982,24,24,24,24,24,24,24,24,24,24
260935,1,1,1982,23,23,23,23,23,23,23,23,23,23
260935,2,1,1982,0,0,18,0,0,0,0,0,0,0
260936,1,1,1982,9,12,29,25,20,12,24,22,16,16
260937,1,1,1982,16,16,16,16,16,16,16,16,16,16
260938,0,1,1982,16,28,0,24,0,13,21,27,29,18
260938,1,1,1982,0,0,18,30,0,0,24,10,9,15
260939,1,1,1982,18,18,18,18,18,18,18,18,18,18
260940,0,1,1982,19,0,0,0,0,0,0,0,0,17
260940,0,2,1982,23,0,0,0,0,0,11,6,13,0
260940,1,1,1982,0,0,0,0,0,0,0,7,0,0
260941,1,1,1982,0,0,0,0,0,0,0,0,0,0
260942,1,1,1982,9,23,14,22,23,0,12,17,18,16
260943,1,1,1982,22,22,22,22,22,22,22,22,22,22
260943,2,1,1982,0,0,0,0,0,0,0,0,0,0
260944,1,1,1982,11,14,4,16,11,17,22,12,3,13
260944,2,1,1982,0,0,0,0,0,0,0,0,0,0