ST_CASE,VEH_NO,PER_NO,YEAR,P1,P2,P3,P4,P5,P6,P7,P8,P9,P10
260945,1,1,1982,17,0,3,19,14,23,17,4,19,19
260946,1,1,1982,6,6,6,6,6,6,6,6,6,6
260946,2,1,1982,0,0,0,0,0,0,0,0,0,0
260947,1,1,1982,21,21,21,21,21,21,21,21,21,21
260948,1,1,1982,8,8,8,8,8,8,8,8,8,8
260948,2,1,1982,0,0,0,0,0,0,0,0,0,0
260949,1,1,1982,23,34,15,14,28,0,20,18,22,39
260950,0,1,1982,0,0,0,0,0,0,0,0,0,17
260950,1,1,1982,0,0,0,0,0,0,0,0,0,0
260951,1,1,1982,0,0,0,0,0,0,0,0,0,0
260952,1,1,1982,0,0,0,0,0,0,0,0,0,0
260952,2,1,1982,0,0,0,0,0,0,0,0,0,0
260953,1,1,1982,15,0,13,0,0,5,0,19,0,26
260954,1,1,1982,11,12,12,5,21,16,21,21,17,30
260955,1,1,1982,30,23,16,20,32,12,19,43,15,33
260956,1,1,1982,0,0,0,0,0,0,0,0,0,0
260956,2,1,1982,0,0,0,0,0,0,0,0,0,0
260957,1,1,1982,19,19,19,19,19,19,19,19,19,19
260957,2,1,1982,0,0,0,0,0,0,0,0,0,0
260958,1,1,1982,0,0,0,0,0,0,0,0,0,0
260959,1,1,1982,0,0,0,0,0,0,0,0,0,0
260960,1,1,1982,22,22,22,22,22,22,22,22,22,22
260960,2,1,1982,11,10,18,17,13,11,0,5,11,16
260960,3,1,1982,0,16,0,22,10,17,0,11,11,7
260961,1,1,1982,0,0,0,0,0,0,0,0,0,0
260962,1,1,1982,24,24,24,24,24,24,24,24,24,24
260962,2,1,1982,0,0,12,0,0,0,0,9,0,0
260962,3,1,1982,0,0,0,0,0,0,0,0,0,0
260963,1,1,1982,24,35,11,26,32,23,19,31,15,17
260964,1,1,1982,19,23,22,15,34,38,8,27,19,7
260965,1,1,1982,0,0,0,0,0,0,0,0,0,0
260965,2,1,1982,0,0,0,0,0,0,0,0,0,0
260966,1,1,1982,16,16,22,28,20,4,18,7,7,0
260966,2,1,1982,0,15,13,0,0,0,0,0,0,0
260967,0,1,1982,0,0,0,0,0,0,0,0,0,0
260967,0,2,1982,16,0,0,2,0,0,0,16,0,0
260967,1,1,1982,24,11,5,0,0,0,0,0,21,0
260967,2,1,1982,0,0,0,0,0,0,0,0,0,0
260968,1,1,1982,4,29,0,20,17,18,20,12,26,11
260968,2,1,1982,11,11,11,11,11,11,11,11,11,11
260969,1,1,1982,6,6,6,6,6,6,6,6,6,6
260969,2,1,1982,0,0,0,0,0,0,0,0,0,0
260969,3,1,1982,0,0,0,0,0,0,0,0,8,0
260970,0,1,1982,0,0,0,0,0,0,0,0,0,0
260970,1,1,1982,0,3,0,0,0,0,0,0,0,16
260971,1,1,1982,0,16,6,16,16,30,19,18,12,12
260972,0,1,1982,0,0,0,0,0,0,0,0,0,0
260972,1,1,1982,17,22,22,15,29,22,20,19,23,15
260973,1,1,1982,8,0,0,0,0,0,0,0,0,0
260973,2,1,1982,0,0,20,0,0,24,0,0,0,0
260974,0,1,1982,19,19,19,19,19,19,19,19,19,19
260974,1,1,1982,0,0,0,0,0,0,0,0,0,0
260975,1,1,1982,27,27,27,27,27,27,27,27,27,27
260976,1,1,1982,20,20,20,20,20,20,20,20,20,20
260976,2,1,1982,3,3,3,3,3,3,3,3,3,3
260977,1,1,1982,14,14,14,14,14,14,14,14,14,14
260978,1,1,1982,25,25,25,25,25,25,25,25,25,25
260979,1,1,1982,29,0,17,20,0,14,26,0,24,11
260980,1,1,1982,0,0,0,0,0,0,0,0,0,0
260980,2,1,1982,0,0,0,0,0,0,0,20,0,0
260981,0,1,1982,0,0,0,0,0,0,0,0,21,0
260981,1,1,1982,0,0,0,11,0,0,0,0,0,0
260982,1,2,1982,0,0,0,0,0,0,0,0,0,0
260982,2,1,1982,0,0,0,0,0,0,0,0,0,0
260983,0,1,1982,0,0,0,0,0,0,0,0,0,0
260983,1,1,1982,0,10,0,0,0,0,0,0,0,0
260984,1,1,1982,21,21,21,21,21,21,21,21,21,21
260984,2,1,1982,15,15,15,15,15,15,15,15,15,15
260984,3,1,1982,2,2,2,2,2,2,2,2,2,2
260984,4,1,1982,15,16,20,10,11,9,14,11,12,0
260984,5,1,1982,0,17,16,0,9,6,15,0,12,15
260985,1,1,1982,0,0,0,0,5,0,0,0,0,0
260986,0,1,1982,0,0,0,0,0,0,0,0,0,0
260986,1,1,1982,0,0,0,0,0,0,0,0,0,0
260987,1,1,1982,0,8,0,0,0,0,0,0,0,0
260988,1,1,1982,21,21,21,21,21,21,21,21,21,21
260989,1,1,1982,9,26,22,19,23,55,10,18,21,7
260990,1,1,1982,20,20,20,20,20,20,20,20,20,20
260990,2,1,1982,0,0,0,0,0,0,0,0,0,0
260991,1,1,1982,0,0,0,0,0,0,0,0,0,0
260991,2,1,1982,9,16,17,15,13,11,9,20,5,17
260992,1,1,1982,0,0,0,0,0,0,0,0,0,0
260992,2,1,1982,0,0,0,19,0,0,0,0,0,0
260993,1,1,1982,12,14,23,24,15,9,21,0,26,20
260993,2,1,1982,0,0,0,0,0,0,0,0,0,0
260994,0,1,1982,0,8,0,13,0,0,0,7,16,13
260994,1,1,1982,15,18,12,17,9,20,16,17,19,10
260995,0,1,1982,0,0,0,0,0,0,0,0,0,0
260995,1,1,1982,0,0,0,0,0,0,0,0,0,0
260996,1,1,1982,20,12,3,36,17,18,19,8,12,3
260997,1,1,1982,0,0,0,0,0,0,0,0,0,0
260997,2,1,1982,0,0,0,0,0,0,0,0,0,0
260998,1,1,1982,24,24,24,24,24,24,24,24,24,24
260999,1,1,1982,0,0,0,0,0,0,0,0,0,0
260999,2,1,1982,1,1,1,1,1,1,1,1,1,1
261000,1,1,1982,8,8,8,8,8,8,8,8,8,8
261001,1,1,1982,8,8,8,8,8,8,8,8,8,8
261001,2,1,1982,25,25,25,25,25,25,25,25,25,25
261002,1,1,1982,28,28,28,28,28,28,28,28,28,28
261003,1,1,1982,14,14,14,14,14,14,14,14,14,14
261004,0,1,1982,29,29,29,29,29,29,29,29,29,29
261004,1,1,1982,20,27,7,0,0,16,24,0,8,0
261005,1,1,1982,9,7,11,0,17,17,12,13,7,17
261005,2,1,1982,0,0,0,0,0,0,0,0,0,8
261006,1,1,1982,8,33,0,17,15,14,13,8,22,21
261006,2,1,1982,0,0,0,0,0,0,0,0,0,0
261007,1,1,1982,16,3,34,19,20,9,23,28,12,15
261008,0,1,1982,0,0,0,0,0,0,0,0,0,0
261008,1,1,1982,15,15,15,15,15,15,15,15,15,15
261009,1,1,1982,0,0,0,0,0,0,0,0,0,0
261009,2,1,1982,0,0,0,0,0,0,0,0,0,0
261010,1,1,1982,0,0,0,0,0,0,0,0,0,0
261010,2,1,1982,0,0,0,0,0,0,0,0,0,0
261011,1,1,1982,0,0,0,0,0,0,0,0,0,0
261011,2,1,1982,0,0,0,0,0,0,0,0,0,0
261012,1,1,1982,0,0,0,0,0,0,0,0,0,0
261013,1,1,1982,17,17,17,17,17,17,17,17,17,17
261014,1,1,1982,20,20,20,20,20,20,20,20,20,20
261014,2,1,1982,8,8,0,18,19,8,10,28,21,12
261015,1,1,1982,0,0,10,0,0,12,22,0,0,0
261016,0,1,1982,28,28,28,28,28,28,28,28,28,28
261016,1,1,1982,16,0,0,0,0,0,20,0,0,20
261016,2,1,1982,0,0,0,0,12,0,0,0,0,0
261017,0,1,1982,0,4,0,0,0,0,0,0,0,0
261017,1,1,1982,0,0,0,0,0,0,0,0,0,0
261018,0,1,1982,25,20,27,40,11,47,17,22,32,15
261018,1,1,1982,0,0,0,0,0,0,0,0,0,0
261019,1,1,1982,0,0,0,0,0,0,0,0,0,0
261019,2,1,1982,0,17,0,23,0,0,0,0,0,0
261020,1,1,1982,13,13,13,13,13,13,13,13,13,13
261021,1,1,1982,29,27,28,12,23,16,34,12,13,18
261022,1,1,1982,0,0,0,0,0,0,0,9,0,0
261023,0,1,1982,8,0,14,17,27,24,15,4,22,14
261023,1,1,1982,0,0,0,0,0,0,0,0,0,0
261024,0,1,1982,0,0,0,0,0,0,0,0,0,0
261024,1,1,1982,0,0,0,0,0,0,0,0,0,0
261025,1,1,1982,2,2,2,2,2,2,2,2,2,2
261026,1,1,1982,35,10,20,10,18,32,15,28,17,24
261027,1,1,1982,28,28,28,28,28,28,28,28,28,28
261028,1,1,1982,11,11,11,11,11,11,11,11,11,11
261029,1,1,1982,28,13,21,14,19,21,19,12,22,8
261029,2,1,1982,0,0,0,9,12,18,0,18,12,19
261030,1,1,1982,26,26,26,26,26,26,26,26,26,26
261031,1,1,1982,2,2,2,2,2,2,2,2,2,2
261031,2,1,1982,14,5,25,22,21,21,14,31,19,6
261032,1,1,1982,0,0,0,0,0,0,0,0,0,0
261032,2,1,1982,0,0,0,15,0,0,0,0,0,0
261033,1,1,1982,19,6,4,14,19,20,12,16,5,7
261033,2,1,1982,0,0,0,0,0,0,0,0,0,0
261034,1,1,1982,10,10,10,10,10,10,10,10,10,10
261035,1,1,1982,33,33,33,33,33,33,33,33,33,33
261036,1,1,1982,0,0,0,0,0,0,0,0,0,0
261036,2,1,1982,32,24,18,24,35,23,19,23,36,20
261037,1,1,1982,32,16,14,11,31,22,23,24,26,0
261038,0,1,1982,0,0,0,0,26,0,39,0,0,3
261038,1,1,1982,0,0,0,0,0,0,0,0,0,0
261039,1,1,1982,36,36,36,36,36,36,36,36,36,36
261040,0,1,1982,0,0,0,23,0,0,0,0,0,0
261040,1,1,1982,0,0,0,0,0,0,0,0,0,0
261041,1,1,1982,16,16,16,16,16,16,16,16,16,16
261042,1,1,1982,0,0,0,0,0,0,0,0,0,0
261043,1,1,1982,0,0,0,0,0,0,0,0,0,0
261044,0,1,1982,0,0,0,0,0,0,0,0,0,0
261044,1,1,1982,0,0,0,0,0,0,0,0,0,0
261045,1,1,1982,0,0,0,0,0,0,0,0,0,0
261045,2,1,1982,10,10,10,10,10,10,10,10,10,10
261046,1,1,1982,0,0,0,0,0,0,0,0,0,0
261046,2,1,1982,0,0,0,0,0,0,0,0,0,0
261047,1,1,1982,18,18,18,18,18,18,18,18,18,18
261048,1,1,1982,7,21,11,10,5,7,5,10,4,0
261048,2,1,1982,20,12,16,16,18,14,23,6,16,18
261049,0,1,1982,37,37,37,37,37,37,37,37,37,37
261049,1,1,1982,0,0,0,0,0,0,0,0,0,0
261050,1,1,1982,0,0,0,0,0,0,0,0,14,0
261050,2,1,1982,0,0,8,0,0,5,0,0,0,17
261051,1,1,1982,20,15,9,18,23,0,23,19,23,34
261052,0,1,1982,0,0,0,0,0,0,0,0,0,0
261052,1,1,1982,0,0,0,0,0,0,0,0,0,0
261053,0,1,1982,0,0,0,0,0,0,0,0,0,0
261053,1,1,1982,15,15,15,15,15,15,15,15,15,15
261054,1,1,1982,5,0,11,6,21,0,0,21,0,0
261055,1,1,1982,0,0,0,0,0,0,0,0,0,0
261055,2,1,1982,0,0,0,0,9,0,0,0,0,0
261056,0,1,1982,0,0,0,0,0,0,0,0,0,0
261056,1,1,1982,22,22,22,22,22,22,22,22,22,22
261057,1,1,1982,14,17,0,3,8,14,4,20,14,10
261057,2,1,1982,0,0,0,0,0,0,0,0,0,0
261058,1,1,1982,22,24,23,15,16,13,18,16,31,15
261059,0,1,1982,23,4,0,28,0,13,16,12,5,0
261059,1,1,1982,0,0,0,0,0,0,0,0,0,0
261060,1,1,1982,0,0,0,0,0,0,0,25,0,0
261061,1,1,1982,0,0,0,0,0,0,0,0,0,0
261062,1,1,1982,24,16,23,20,20,4,6,17,27,6
261062,2,1,1982,0,0,0,0,0,0,0,0,0,0
261063,0,1,1982,0,0,0,0,0,0,0,0,0,0
261063,1,1,1982,0,0,0,0,0,0,0,0,0,0
261063,2,1,1982,0,0,0,0,0,6,14,0,0,0
261064,1,1,1982,0,0,0,0,0,0,0,0,0,0
261065,1,1,1982,27,27,27,27,27,27,27,27,27,27
261066,0,1,1982,0,18,0,0,0,17,24,0,0,0
261066,0,2,1982,0,19,25,0,7,0,25,11,0,16
261066,0,3,1982,13,0,15,0,22,8,24,13,6,13
261066,1,1,1982,0,0,15,0,0,0,0,0,12,20
261067,1,1,1982,22,22,22,22,22,22,22,22,22,22
261067,2,1,1982,0,0,0,0,0,0,0,0,0,0
261068,1,1,1982,0,0,0,0,0,0,0,0,0,0
261069,1,1,1982,0,0,0,0,0,0,0,0,0,0
261069,2,1,1982,17,17,17,17,17,17,17,17,17,17
261070,1,1,1982,18,18,18,18,18,18,18,18,18,18
261071,1,1,1982,24,24,24,24,24,24,24,24,24,24
261072,0,1,1982,0,0,0,0,8,0,0,0,0,0
261072,1,1,1982,12,12,12,12,12,12,12,12,12,12
261073,1,1,1982,0,0,0,0,0,0,0,0,0,0
261074,1,1,1982,0,0,0,0,0,0,0,0,0,0
261074,2,1,1982,0,0,0,0,0,0,0,0,0,0
261075,1,1,1982,14,23,9,0,18,10,13,19,26,18
261075,2,1,1982,0,0,0,0,0,0,0,0,0,0
261076,1,1,1982,0,0,0,0,0,0,0,0,0,0
261076,2,1,1982,0,0,0,0,0,0,0,0,0,11
261077,1,1,1982,18,18,18,18,18,18,18,18,18,18
261078,1,1,1982,37,37,37,37,37,37,37,37,37,37
261079,1,1,1982,23,23,23,23,23,23,23,23,23,23
261080,1,1,1982,0,0,0,0,0,0,0,0,0,0
261081,1,1,1982,18,18,18,18,18,18,18,18,18,18
261081,2,1,1982,0,0,0,0,0,0,0,0,0,0
261082,1,1,1982,26,26,26,26,26,26,26,26,26,26
261083,1,1,1982,22,22,22,22,22,22,22,22,22,22
261083,2,1,1982,0,0,0,0,0,0,0,0,0,0
261084,1,1,1982,0,0,0,0,0,0,0,0,0,0
261085,1,1,1982,0,0,0,0,0,0,0,0,0,0
261085,2,1,1982,0,0,0,0,0,0,0,0,0,0
261086,0,1,1982,11,0,0,0,20,0,0,0,0,0
261086,1,1,1982,0,0,0,13,0,0,0,0,0,0
261087,1,1,1982,15,15,15,15,15,15,15,15,15,15
261087,2,1,1982,0,0,0,0,0,0,0,0,0,0
261088,1,1,1982,24,24,24,24,24,24,24,24,24,24
261088,2,1,1982,0,0,0,0,0,0,0,0,0,0
261089,1,1,1982,13,13,13,13,13,13,13,13,13,13
261090,1,1,1982,0,0,0,0,0,0,0,0,0,0
261090,2,1,1982,7,7,7,7,7,7,7,7,7,7
261091,1,1,1982,0,0,0,0,0,0,0,0,0,0
261092,0,1,1982,0,0,14,0,0,0,0,24,22,0
261092,1,1,1982,0,29,16,25,5,27,15,0,5,14
261093,1,1,1982,0,0,0,0,0,0,0,0,0,0
261093,2,1,1982,0,0,0,0,0,0,0,0,0,0
261094,1,1,1982,24,24,24,24,24,24,24,24,24,24
261095,1,1,1982,17,17,17,17,17,17,17,17,17,17
261096,1,1,1982,0,0,0,0,0,0,0,0,0,0
261097,0,1,1982,0,0,0,0,28,0,0,0,0,0
261097,0,2,1982,0,0,0,0,0,11,0,40,0,0
261097,1,1,1982,0,0,0,0,0,0,0,0,0,0
261098,1,1,1982,0,0,0,0,0,0,0,0,0,0
261098,2,1,1982,0,0,0,0,0,0,0,0,0,0
261099,1,1,1982,0,0,11,0,0,0,0,0,0,0
261099,2,1,1982,0,0,0,0,0,0,0,0,0,0
261100,1,1,1982,0,0,0,0,0,0,0,0,0,0
261101,1,1,1982,0,0,3,0,0,0,0,0,0,0
261101,2,1,1982,5,0,11,0,0,0,0,0,0,0
261102,1,1,1982,0,5,0,0,0,0,0,0,0,0
261102,2,1,1982,0,0,0,0,0,0,0,0,5,0
261103,0,1,1982,0,0,0,0,0,0,0,0,0,0
261103,1,1,1982,0,0,0,0,0,0,0,0,0,0
261104,1,1,1982,0,0,0,0,0,0,0,0,0,0
261104,2,1,1982,0,0,0,0,0,0,0,0,0,0
261105,0,1,1982,14,14,12,29,15,38,35,21,22,21
261105,1,1,1982,0,0,0,0,0,0,0,0,0,0
261106,1,1,1982,12,12,12,12,12,12,12,12,12,12
261106,2,1,1982,0,0,0,0,0,0,0,0,15,0
261107,1,1,1982,0,0,0,0,0,0,0,0,0,0
261107,2,1,1982,0,0,0,0,0,0,16,0,9,20
261108,1,1,1982,0,0,0,0,0,0,0,0,0,0
261108,2,1,1982,14,0,0,0,0,0,0,0,10,0
261109,0,1,1982,0,0,0,0,0,0,0,0,0,0
261109,1,1,1982,0,27,0,0,11,0,0,22,31,0
261110,1,1,1982,0,10,23,13,0,25,6,14,12,9
261111,0,1,1982,31,26,10,4,21,10,17,15,45,18
261111,1,1,1982,0,0,14,17,0,35,0,0,0,0
261112,1,1,1982,0,0,0,0,0,0,0,0,0,0
261112,2,1,1982,0,8,18,12,13,8,16,11,10,6
261113,1,1,1982,7,0,0,0,0,0,0,0,0,13
261114,1,1,1982,14,14,14,14,14,14,14,14,14,14
261114,2,1,1982,0,2,0,0,0,3,0,0,0,0
261115,0,1,1982,0,0,0,0,0,0,0,0,0,0
261115,1,1,1982,7,7,7,7,7,7,7,7,7,7
261116,1,1,1982,14,14,14,14,14,14,14,14,14,14
261117,1,1,1982,22,22,22,22,22,22,22,22,22,22
261118,1,1,1982,0,0,0,0,0,6,0,0,0,0
261119,1,1,1982,19,19,19,19,19,19,19,19,19,19
261120,1,1,1982,6,0,0,0,0,3,0,0,0,0
261120,2,1,1982,12,0,0,0,0,0,0,0,0,0
261120,3,1,1982,0,9,0,20,0,0,0,0,0,14
261120,4,1,1982,0,0,0,0,0,28,0,0,0,0
261120,5,1,1982,6,5,0,16,14,0,0,0,0,0
261120,6,1,1982,0,0,0,0,12,0,0,0,16,0
261120,7,1,1982,0,0,0,0,0,0,0,0,0,11
261120,8,1,1982,16,0,18,0,0,0,15,0,0,0
261120,9,1,1982,10,26,0,16,11,0,0,0,0,0
261120,10,1,1982,11,4,0,11,0,0,0,16,5,0
261120,11,1,1982,9,0,0,13,13,16,0,0,24,3
261120,12,1,1982,0,0,13,0,0,7,0,16,14,0
261120,13,1,1982,4,12,0,3,0,0,0,0,0,0
261120,14,1,1982,0,0,0,0,0,0,12,0,0,0
261120,15,1,1982,0,0,11,0,0,19,0,0,0,0
261120,16,1,1982,6,0,0,0,4,0,0,9,0,0
261120,17,1,1982,0,0,0,0,0,0,0,0,0,0
261120,18,1,1982,0,0,0,0,0,3,9,0,0,0
261121,1,1,1982,1,1,1,1,1,1,1,1,1,1
261121,2,1,1982,33,17,34,15,17,12,18,15,23,29
261122,0,1,1982,0,0,0,0,0,0,0,0,0,0
261122,1,1,1982,0,0,0,0,10,0,0,10,0,0
261123,1,1,1982,0,0,0,0,0,0,0,0,0,0
261123,2,1,1982,0,0,0,0,0,0,0,0,10,0
261123,3,1,1982,0,0,0,0,0,0,0,0,0,0
261123,4,1,1982,0,0,0,0,0,0,0,0,0,0
261124,1,1,1982,5,5,5,5,5,5,5,5,5,5
261125,0,1,1982,12,12,12,12,12,12,12,12,12,12
261125,1,1,1982,24,24,24,24,24,24,24,24,24,24
261125,3,1,1982,0,0,0,0,0,0,0,16,0,0
261126,1,1,1982,10,10,10,10,10,10,10,10,10,10
261127,1,1,1982,0,0,0,0,0,0,0,0,0,0
261128,1,1,1982,0,0,0,0,0,0,0,0,7,0
261128,2,1,1982,0,0,0,0,0,0,0,0,0,0
261129,1,1,1982,23,23,23,23,23,23,23,23,23,23
261129,2,1,1982,13,12,14,27,7,20,19,14,16,10
261130,0,1,1982,22,22,22,22,22,22,22,22,22,22
261130,1,1,1982,0,0,0,0,0,0,0,0,0,0
261131,1,1,1982,0,0,0,0,0,0,0,0,0,0
261132,1,1,1982,7,7,7,7,7,7,7,7,7,7
261133,0,1,1982,0,0,0,0,0,0,0,0,0,0
261133,1,1,1982,0,0,0,0,0,0,0,0,0,0
261133,2,1,1982,0,0,0,0,0,0,0,15,0,0
261134,1,1,1982,0,0,0,0,0,0,0,0,0,0
261134,2,1,1982,0,0,0,0,0,0,0,0,0,0
261135,0,1,1982,20,7,26,15,29,21,0,20,24,17
261135,1,1,1982,0,0,0,0,0,0,0,0,0,0
261135,2,1,1982,0,0,0,0,0,0,0,0,0,0
261136,1,1,1982,0,0,0,0,0,0,0,0,0,0
261136,2,1,1982,16,16,16,16,16,16,16,16,16,16
261137,0,1,1982,0,0,37,0,0,0,0,0,0,20
261137,0,2,1982,0,0,0,0,0,20,0,4,0,14
261137,1,1,1982,0,0,0,0,0,0,0,0,3,0
261138,0,1,1982,0,0,0,0,0,30,0,0,0,0
261138,1,1,1982,0,0,0,0,0,0,0,0,0,0
261139,1,1,1982,0,0,0,0,0,0,6,0,0,0
261140,0,1,1982,4,0,0,0,0,0,0,17,0,0
261140,1,1,1982,0,0,0,0,0,0,0,0,0,5
261141,1,1,1982,16,27,15,15,29,19,8,12,22,12
261141,2,1,1982,22,18,21,27,20,10,0,0,7,18
261141,3,1,1982,20,15,6,11,4,3,22,15,24,2
261142,0,1,1982,0,0,0,0,0,0,0,0,0,0
261142,1,1,1982,0,0,0,0,0,0,0,0,0,0
261143,1,1,1982,2,0,0,0,0,0,0,0,25,0
261144,0,1,1982,0,0,0,0,0,0,7,0,0,0
261144,1,1,1982,0,0,0,0,0,0,0,0,0,0
261145,1,1,1982,13,13,13,13,13,13,13,13,13,13
261147,0,1,1982,30,30,30,30,30,30,30,30,30,30
261147,1,1,1982,0,0,0,0,0,0,0,0,0,0
261148,1,1,1982,25,25,25,25,25,25,25,25,25,25
261148,2,1,1982,0,0,0,0,0,0,0,0,0,0
261148,3,1,1982,0,0,0,0,0,0,0,0,0,0
261148,4,1,1982,0,14,15,5,15,9,15,13,21,14
261149,1,1,1982,8,8,8,8,8,8,8,8,8,8
261150,1,1,1982,19,19,19,19,19,19,19,19,19,19
261151,1,1,1982,18,18,18,18,18,18,18,18,18,18
261152,1,1,1982,0,0,0,0,0,0,0,0,0,0
261152,2,1,1982,0,0,0,0,0,0,0,0,0,0
261153,1,1,1982,0,0,0,0,0,0,0,0,0,0
261153,2,1,1982,0,0,0,0,0,0,0,0,0,0
261154,0,1,1982,29,29,29,29,29,29,29,29,29,29
261154,1,1,1982,0,0,0,0,0,0,0,0,0,0
261155,1,1,1982,8,8,8,8,8,8,8,8,8,8
261156,1,1,1982,14,20,13,8,14,11,13,0,4,12
261156,2,1,1982,0,0,12,0,0,0,0,0,0,0
261156,3,1,1982,0,0,13,0,0,0,0,0,0,0
261157,0,1,1982,12,12,12,12,12,12,12,12,12,12
261157,1,1,1982,0,0,0,0,0,0,0,0,0,0
261158,1,1,1982,0,0,0,0,0,0,5,0,0,0
261158,2,1,1982,0,0,12,0,0,0,12,0,0,0
261159,1,1,1982,0,0,0,0,0,0,0,0,0,0
261159,2,1,1982,19,19,19,19,19,19,19,19,19,19
261160,1,1,1982,27,27,27,27,27,27,27,27,27,27
261161,1,1,1982,30,30,30,30,30,30,30,30,30,30
261161,2,1,1982,5,5,5,5,5,5,5,5,5,5
261162,1,1,1982,4,4,4,4,4,4,4,4,4,4
261162,2,1,1982,0,0,0,0,0,0,0,0,0,0
261163,1,1,1982,23,23,23,23,23,23,23,23,23,23
261164,1,1,1982,0,0,0,0,0,0,10,0,0,0
261164,2,1,1982,0,0,0,0,0,0,0,0,0,0
261165,0,1,1982,0,0,0,0,0,0,0,0,0,0
261165,1,1,1982,0,0,0,0,0,0,0,14,0,11
261166,1,1,1982,0,0,0,0,0,0,0,0,0,0
261166,2,1,1982,0,0,0,0,0,0,0,0,0,0
261167,1,1,1982,29,29,29,29,29,29,29,29,29,29
261168,1,1,1982,13,11,6,6,0,6,24,5,4,16
261168,2,1,1982,0,0,0,0,0,0,19,0,0,0
261169,1,1,1982,0,0,0,6,0,0,0,0,0,9
261169,2,1,1982,19,0,0,0,0,0,0,0,0,0
261170,1,1,1982,0,0,0,0,0,0,0,0,0,0
261171,1,1,1982,28,28,28,28,28,28,28,28,28,28
261171,2,1,1982,0,0,0,0,0,0,0,0,0,0
261171,3,1,1982,0,8,0,0,0,0,0,0,0,0
261172,1,1,1982,15,15,15,15,15,15,15,15,15,15
261173,1,1,1982,25,25,25,25,25,25,25,25,25,25
261173,2,1,1982,0,0,0,0,0,0,0,0,0,0
261174,1,1,1982,0,34,0,0,0,0,0,0,0,0
261175,1,1,1982,14,0,0,0,0,0,0,7,0,0
261176,1,1,1982,20,20,20,20,20,20,20,20,20,20
261176,2,1,1982,4,4,4,4,4,4,4,4,4,4
261177,1,1,1982,22,22,22,22,22,22,22,22,22,22
261177,2,1,1982,0,0,0,0,0,0,0,0,0,0
261178,1,1,1982,8,18,10,24,17,0,9,19,20,18
261178,2,1,1982,0,0,0,0,18,0,0,0,0,0
261179,1,1,1982,13,13,13,13,13,13,13,13,13,13
261179,2,1,1982,0,0,0,9,0,0,0,0,0,0
261179,3,1,1982,0,0,0,0,0,0,0,0,0,0
261180,0,1,1982,21,23,20,39,30,35,0,36,28,40
261180,0,2,1982,25,16,25,6,30,0,20,12,17,0
261180,1,1,1982,9,10,6,30,29,13,17,16,16,24
261180,2,1,1982,0,0,0,0,0,0,0,0,0,0
261181,1,1,1982,23,23,23,23,23,23,23,23,23,23
261181,2,1,1982,0,0,0,0,0,0,0,0,0,0
261181,3,1,1982,19,16,17,24,9,18,15,19,11,4
261182,1,1,1982,0,0,0,0,0,0,0,0,0,0
261182,2,1,1982,4,0,0,0,0,0,0,0,0,0
261183,1,1,1982,10,0,0,0,0,0,0,0,0,0
261183,2,1,1982,0,0,0,0,0,0,0,0,0,0
261184,0,1,1982,28,16,19,15,31,15,15,14,20,15
261184,1,1,1982,10,18,0,0,0,0,0,0,0,0
261185,1,1,1982,25,25,25,25,25,25,25,25,25,25
261186,0,1,1982,0,0,0,0,0,0,0,0,0,0
261186,1,1,1982,0,0,0,0,0,0,0,0,0,0
261187,1,1,1982,34,34,34,34,34,34,34,34,34,34
261187,2,1,1982,0,0,19,0,0,0,0,0,0,0
261188,1,1,1982,29,29,29,29,29,29,29,29,29,29
261188,2,1,1982,4,0,0,0,0,0,0,0,0,0
261189,1,1,1982,28,28,28,28,28,28,28,28,28,28
261189,2,1,1982,0,0,0,0,0,0,0,0,0,0
261190,0,1,1982,29,25,26,15,44,15,20,13,28,31
261190,1,1,1982,0,14,16,24,26,9,0,0,0,0
261191,0,1,1982,0,0,0,0,0,0,0,8,0,5
261191,1,1,1982,0,0,0,0,0,0,0,0,0,0
261192,1,1,1982,18,18,18,18,18,18,18,18,18,18
261193,1,1,1982,0,9,0,0,10,0,0,0,0,11
261193,2,1,1982,0,0,0,0,0,0,0,0,23,0
261193,3,1,1982,0,0,0,0,0,0,0,0,0,0
261194,0,1,1982,0,0,0,0,0,0,0,0,0,0
261194,1,1,1982,0,0,0,0,0,0,0,0,0,0
261195,1,1,1982,10,5,17,9,17,0,15,4,9,18
261195,2,1,1982,11,8,7,8,17,20,9,6,10,14
261196,1,1,1982,0,0,0,0,0,0,0,0,0,0
261196,2,1,1982,0,0,0,0,0,0,0,0,0,0
261197,0,1,1982,6,19,40,26,18,11,12,16,20,18
261197,1,1,1982,7,9,26,17,9,16,20,0,14,16
261198,1,1,1982,22,24,13,25,10,29,18,19,26,7
261199,0,1,1982,27,27,27,27,27,27,27,27,27,27
261199,1,1,1982,22,0,17,6,19,0,17,11,26,9
261200,1,1,1982,22,22,22,22,22,22,22,22,22,22
261201,1,1,1982,7,7,7,7,7,7,7,7,7,7
261202,0,1,1982,0,0,0,0,0,0,0,0,0,0
261202,1,1,1982,0,0,0,0,0,0,0,0,0,0
261203,0,1,1982,0,20,0,0,0,0,0,0,0,0
261203,1,1,1982,0,0,0,0,0,0,0,0,0,0