ST_CASE,VEH_NO,PER_NO,YEAR,P1,P2,P3,P4,P5,P6,P7,P8,P9,P10
261204,1,1,1982,0,0,0,0,0,0,0,0,0,0
261204,2,1,1982,0,0,0,0,0,0,0,0,0,0
261205,1,1,1982,20,26,27,6,23,11,31,34,17,23
261206,1,1,1982,17,17,17,17,17,17,17,17,17,17
261206,2,1,1982,0,23,37,22,28,36,24,31,0,19
261207,0,1,1982,0,0,0,0,0,0,0,0,0,0
261207,1,1,1982,0,0,0,0,0,0,0,0,0,0
261208,1,1,1982,14,14,14,14,14,14,14,14,14,14
261209,0,1,1982,0,0,0,0,0,0,0,0,0,0
261209,1,1,1982,19,0,0,18,18,10,0,3,0,11
261210,1,1,1982,0,0,7,0,0,0,0,0,0,0
261210,2,1,1982,0,0,18,0,0,0,0,0,0,0
261211,1,1,1982,18,18,18,18,18,18,18,18,18,18
261212,1,1,1982,0,2,0,5,24,9,12,13,7,23
261213,1,1,1982,12,12,12,12,12,12,12,12,12,12
261213,2,1,1982,0,0,0,0,0,0,0,0,0,10
261214,2,1,1982,0,0,0,0,0,0,0,12,0,0
261214,3,1,1982,0,6,0,0,0,0,0,0,0,0
261215,0,1,1982,23,23,23,23,23,23,23,23,23,23
261215,1,1,1982,8,8,8,8,8,8,8,8,8,8
261216,1,1,1982,0,0,0,0,0,0,0,0,0,0
261216,2,1,1982,0,0,0,0,0,0,0,0,0,0
261217,1,1,1982,0,0,0,0,0,0,0,0,0,0
261217,2,1,1982,10,13,16,21,5,28,0,18,0,11
261218,1,1,1982,0,0,0,0,0,0,0,0,0,0
261218,2,1,1982,0,0,0,0,0,0,0,0,0,0
261219,1,1,1982,18,18,18,18,18,18,18,18,18,18
261219,2,1,1982,19,25,17,15,12,14,7,21,15,23
261220,0,1,1982,12,0,0,0,0,0,0,0,0,0
261220,1,1,1982,0,0,0,0,0,0,0,0,0,0
261222,1,1,1982,16,11,9,12,6,6,24,9,9,13
261222,2,1,1982,0,0,0,0,0,0,26,0,0,25
261223,1,1,1982,13,0,6,0,0,0,0,0,9,0
261225,1,1,1982,0,0,0,0,0,0,0,0,0,0
261226,1,1,1982,0,0,0,0,0,0,0,0,0,7
261227,1,1,1982,0,18,0,17,0,0,10,0,0,10
261228,1,1,1982,24,24,24,24,24,24,24,24,24,24
261229,1,1,1982,15,15,15,15,15,15,15,15,15,15
261230,1,1,1982,0,0,0,0,0,0,0,0,0,0
261230,2,1,1982,0,0,0,0,0,0,0,0,0,0
261231,1,1,1982,0,0,0,0,0,0,0,0,0,0
261231,2,1,1982,0,0,0,0,0,0,0,0,0,0
261232,1,1,1982,0,0,0,18,0,22,0,17,0,20
261233,1,1,1982,0,0,0,0,0,0,0,0,0,0
261233,2,1,1982,0,0,0,13,0,0,0,0,0,0
261233,3,1,1982,0,0,0,0,0,0,0,0,0,0
261234,1,1,1982,23,11,21,9,18,16,12,22,16,18
261235,0,1,1982,22,22,22,22,22,22,22,22,22,22
261235,1,1,1982,29,0,0,21,30,19,28,10,0,24
261236,1,1,1982,15,23,27,21,31,2,38,18,9,10
261236,2,1,1982,0,0,0,0,0,0,0,0,0,0
261237,1,1,1982,34,34,34,34,34,34,34,34,34,34
261237,2,1,1982,15,15,15,15,15,15,15,15,15,15
261238,1,1,1982,21,21,21,21,21,21,21,21,21,21
261239,1,1,1982,14,25,13,10,0,18,25,23,26,16
261239,2,1,1982,24,24,24,24,24,24,24,24,24,24
261240,0,1,1982,0,0,0,0,0,0,0,0,0,0
261240,1,1,1982,25,4,11,0,23,0,16,0,0,0
261241,1,1,1982,7,7,7,7,7,7,7,7,7,7
261242,1,1,1982,16,11,9,16,4,8,0,28,16,0
261243,1,1,1982,21,21,21,21,21,21,21,21,21,21
261243,2,1,1982,0,0,0,0,0,0,0,0,0,0
261244,1,1,1982,0,0,0,0,0,0,0,0,0,0
261244,2,1,1982,0,0,0,0,0,0,0,0,0,0
261245,1,1,1982,0,0,0,0,0,0,0,0,0,0
261245,2,1,1982,0,0,0,0,0,0,0,0,0,0
261246,0,1,1982,8,8,8,8,8,8,8,8,8,8
261246,1,1,1982,4,4,4,4,4,4,4,4,4,4
261248,1,1,1982,39,39,39,39,39,39,39,39,39,39
261249,1,1,1982,19,22,0,21,11,33,12,30,30,42
261250,0,1,1982,0,0,0,0,0,0,0,0,0,0
261250,1,1,1982,0,0,0,0,0,0,0,0,0,0
261251,1,1,1982,17,13,7,10,5,21,31,9,0,26
261252,1,1,1982,0,0,0,0,0,0,0,0,0,0
261252,2,1,1982,0,0,0,0,0,0,0,0,0,0
261253,0,1,1982,0,0,0,16,0,0,0,36,0,0
261253,1,1,1982,0,0,0,0,0,0,0,7,0,0
261254,0,1,1982,24,24,24,24,24,24,24,24,24,24
261254,1,1,1982,0,0,0,0,0,0,0,0,0,0
261254,2,1,1982,0,0,0,0,0,0,0,0,0,0
261255,0,1,1982,0,0,0,0,0,0,0,0,0,0
261255,1,1,1982,22,28,13,19,4,23,16,26,19,13
261256,1,1,1982,9,13,13,18,9,17,10,15,14,10
261257,1,1,1982,17,30,22,0,23,20,0,23,16,10
261257,2,1,1982,0,0,22,0,0,0,0,0,0,16
261258,1,1,1982,22,19,6,14,13,23,22,15,12,21
261259,1,1,1982,0,0,0,0,0,0,0,0,0,0
261259,2,1,1982,0,0,16,22,0,0,10,21,6,34
261260,1,1,1982,0,0,0,0,10,0,0,0,0,7
261260,2,1,1982,0,0,0,0,0,0,0,0,0,0
261261,1,1,1982,0,18,0,0,0,0,0,0,0,0
261262,1,1,1982,0,0,0,0,0,0,0,0,0,0
261263,0,1,1982,0,0,0,12,0,19,20,0,11,0
261263,1,1,1982,14,0,0,0,0,0,0,0,0,0
261264,1,1,1982,0,0,0,0,0,0,0,0,0,0
261264,2,1,1982,0,0,0,0,2,0,0,0,0,0
261265,0,1,1982,0,0,2,32,0,0,0,0,0,0
261265,1,1,1982,0,0,0,0,0,0,0,0,0,0
261265,2,1,1982,0,0,0,0,0,0,0,0,0,0
261266,1,1,1982,0,0,0,0,0,0,0,0,0,0
261267,1,1,1982,0,0,0,0,0,0,0,0,0,0
261268,1,1,1982,21,21,21,21,21,21,21,21,21,21
261269,0,1,1982,0,0,0,0,0,0,0,0,0,0
261269,1,1,1982,0,0,0,0,0,0,0,0,0,0
261270,1,1,1982,18,18,18,18,18,18,18,18,18,18
261271,0,1,1982,0,0,0,0,0,0,0,0,0,0
261271,1,1,1982,0,19,0,22,0,0,0,0,0,0
261272,1,1,1982,37,37,37,37,37,37,37,37,37,37
261273,1,1,1982,20,20,20,20,20,20,20,20,20,20
261274,0,1,1982,0,0,0,0,0,0,0,0,0,0
261274,1,1,1982,31,0,0,0,0,0,0,0,0,0
261275,0,1,1982,12,12,0,0,0,0,25,0,0,0
261275,1,1,1982,0,0,0,0,0,0,0,0,0,0
261276,1,1,1982,19,19,19,19,19,19,19,19,19,19
270001,1,1,1982,25,26,7,20,24,9,31,14,22,17
270002,1,1,1982,32,32,32,32,32,32,32,32,32,32
270002,2,1,1982,21,21,21,21,21,21,21,21,21,21
270003,1,1,1982,0,0,0,0,0,18,2,0,0,4
270003,2,1,1982,0,0,0,0,0,0,0,0,0,0
270004,1,1,1982,0,0,0,0,0,0,0,0,0,0
270004,2,1,1982,0,0,0,0,0,0,0,0,0,0
270005,1,1,1982,0,0,0,0,0,0,0,0,0,0
270005,2,1,1982,0,0,0,0,0,0,0,0,0,0
270006,1,1,1982,0,0,0,0,0,7,0,0,0,0
270006,2,1,1982,0,0,0,0,0,0,0,0,0,0
270007,1,1,1982,0,0,0,0,0,0,0,0,0,0
270007,2,1,1982,0,0,0,0,0,0,0,0,0,0
270008,1,1,1982,0,0,0,0,0,0,0,0,0,0
270008,2,1,1982,0,0,0,0,0,0,0,0,0,0
270009,1,1,1982,0,0,0,0,0,0,0,0,0,0
270009,2,1,1982,0,0,0,0,0,0,0,0,0,0
270010,1,1,1982,0,0,0,0,0,0,0,0,0,0
270010,2,1,1982,0,0,0,0,0,0,0,0,0,0
270011,1,1,1982,0,0,0,0,0,0,0,0,0,0
270011,2,1,1982,0,0,0,0,0,0,0,0,0,0
270012,1,1,1982,0,0,0,0,0,0,0,0,0,0
270012,2,1,1982,0,0,0,0,0,0,0,0,0,0
270013,1,1,1982,0,0,0,0,0,0,0,24,0,0
270013,2,1,1982,0,0,0,0,0,0,0,0,0,0
270014,1,1,1982,0,0,0,13,0,0,0,0,0,0
270014,2,1,1982,0,0,0,0,0,0,13,0,0,0
270014,3,1,1982,0,0,0,0,26,0,0,0,0,2
270015,1,1,1982,0,0,0,0,0,0,0,0,0,0
270015,2,1,1982,0,0,0,0,0,0,0,0,0,0
270016,1,1,1982,0,0,0,0,0,0,0,0,0,0
270016,2,1,1982,1,1,1,1,1,1,1,1,1,1
270017,0,1,1982,0,25,0,0,0,0,0,0,0,0
270017,1,1,1982,0,0,0,0,0,10,0,0,0,0
270017,2,1,1982,0,0,0,0,0,0,0,0,0,0
270018,0,1,1982,18,18,18,18,18,18,18,18,18,18
270018,1,1,1982,14,0,35,30,26,13,30,12,18,21
270019,1,1,1982,0,0,0,0,0,20,0,0,0,0
270019,2,1,1982,0,0,0,0,0,0,0,0,0,0
270020,1,1,1982,14,14,14,14,14,14,14,14,14,14
270020,2,1,1982,0,0,0,0,0,0,0,0,0,0
270021,1,1,1982,25,25,25,25,25,25,25,25,25,25
270022,1,1,1982,8,8,8,8,8,8,8,8,8,8
270023,1,1,1982,0,0,0,0,0,0,0,0,0,0
270024,0,1,1982,0,0,0,0,0,0,0,0,0,0
270024,1,1,1982,0,10,0,0,11,0,0,0,0,0
270025,0,1,1982,29,0,15,0,0,0,19,28,15,0
270025,1,1,1982,0,0,0,0,0,0,0,0,6,0
270026,1,1,1982,0,0,0,0,0,0,0,0,0,0
270026,2,1,1982,0,0,0,0,0,0,0,0,0,0
270027,1,1,1982,0,0,0,0,0,0,0,0,0,0
270027,2,1,1982,0,18,0,10,0,0,0,0,0,0
270028,1,1,1982,0,0,0,0,0,0,0,0,0,0
270028,2,1,1982,0,0,0,0,0,0,0,0,0,0
270029,1,1,1982,0,0,0,0,0,0,0,0,0,0
270029,2,1,1982,15,15,15,15,15,15,15,15,15,15
270030,1,1,1982,22,22,22,22,22,22,22,22,22,22
270030,2,1,1982,0,8,0,0,0,16,24,20,20,7
270031,1,1,1982,24,24,24,24,24,24,24,24,24,24
270032,0,1,1982,0,0,0,0,0,0,0,0,0,0
270032,1,1,1982,0,0,0,0,0,0,0,0,0,19
270033,1,1,1982,0,0,0,0,0,0,0,0,0,0
270033,2,1,1982,15,15,15,15,15,15,15,15,15,15
270033,3,1,1982,0,0,0,0,0,0,0,0,0,0
270034,1,1,1982,8,8,8,8,8,8,8,8,8,8
270034,2,1,1982,0,0,0,0,0,0,9,0,0,0
270034,3,1,1982,0,0,0,0,0,0,0,0,0,0
270035,0,1,1982,0,0,0,0,0,0,0,0,0,0
270035,1,1,1982,0,0,0,0,0,0,0,0,0,0
270036,1,1,1982,0,0,0,0,0,0,0,0,0,0
270036,2,1,1982,0,0,0,0,0,0,0,0,0,0
270037,0,1,1982,0,0,0,0,0,0,0,0,0,0
270037,1,1,1982,13,13,13,13,13,13,13,13,13,13
270038,1,1,1982,23,23,23,23,23,23,23,23,23,23
270038,2,1,1982,0,0,0,0,0,0,14,0,0,0
270039,1,1,1982,0,0,0,0,0,0,0,0,0,0
270039,2,1,1982,17,0,0,10,0,0,0,7,8,0
270040,1,1,1982,10,10,10,10,10,10,10,10,10,10
270040,2,1,1982,0,0,0,0,0,0,0,0,0,0
270041,1,1,1982,0,0,0,0,0,0,0,0,0,0
270041,2,1,1982,0,29,0,0,0,7,0,0,0,0
270042,1,1,1982,0,0,0,0,0,0,0,0,0,0
270042,2,1,1982,0,0,0,0,0,0,0,0,0,0
270043,1,1,1982,29,29,29,29,29,29,29,29,29,29
270044,1,1,1982,24,0,22,21,13,0,29,11,14,31
270044,2,1,1982,0,0,0,0,0,0,14,0,0,12
270045,0,1,1982,29,29,29,29,29,29,29,29,29,29
270045,1,1,1982,35,0,21,38,10,26,0,11,0,0
270046,1,1,1982,10,10,10,10,10,10,10,10,10,10
270047,1,1,1982,20,20,20,20,20,20,20,20,20,20
270048,1,1,1982,19,0,6,9,5,8,11,32,14,5
270049,1,1,1982,0,0,0,0,0,0,0,0,0,0
270049,2,1,1982,0,0,0,0,0,0,0,0,0,0
270050,1,1,1982,0,0,0,0,0,0,0,0,0,0
270051,0,1,1982,19,19,19,19,19,19,19,19,19,19
270051,1,1,1982,0,0,0,0,0,0,0,0,0,0
270052,1,1,1982,3,3,3,3,3,3,3,3,3,3
270052,2,1,1982,0,0,0,0,0,0,0,0,0,0
270053,1,1,1982,0,0,0,0,0,0,0,0,0,0
270053,2,1,1982,0,0,0,0,0,0,0,0,0,0
270054,1,1,1982,7,7,7,7,7,7,7,7,7,7
270055,1,1,1982,0,0,0,10,0,0,0,4,0,0
270055,2,1,1982,0,0,0,0,5,0,0,0,0,0
270056,1,1,1982,24,0,16,23,20,0,17,28,13,0
270056,2,1,1982,0,0,20,0,0,0,0,0,0,0
270057,1,1,1982,0,0,0,0,0,0,0,0,0,0
270058,1,1,1982,23,23,23,23,23,23,23,23,23,23
270059,1,1,1982,23,23,23,23,23,23,23,23,23,23
270060,0,1,1982,0,0,0,0,0,0,0,0,0,0
270060,1,1,1982,16,26,12,12,16,17,11,11,29,12
270061,1,1,1982,0,0,0,0,0,0,0,0,0,0
270061,2,1,1982,0,0,0,0,0,0,0,0,0,0
270062,1,1,1982,12,12,12,12,12,12,12,12,12,12
270062,2,1,1982,0,0,0,0,0,0,0,0,0,0
270063,1,1,1982,19,19,19,19,19,19,19,19,19,19
270064,1,1,1982,9,9,9,9,9,9,9,9,9,9
270065,1,1,1982,18,0,0,0,0,0,0,0,0,0
270066,1,1,1982,13,13,13,13,13,13,13,13,13,13
270067,1,1,1982,0,0,0,0,0,0,0,0,0,0
270067,2,1,1982,0,0,0,0,0,0,0,0,0,0
270067,3,1,1982,0,0,0,0,0,0,0,0,0,0
270068,1,1,1982,0,0,0,0,0,0,0,0,0,0
270069,1,1,1982,0,0,0,0,0,0,0,0,0,0
270069,2,1,1982,0,0,0,0,0,0,0,0,0,8
270070,1,1,1982,0,0,0,0,0,0,0,0,2,0
270070,2,1,1982,0,0,0,0,0,0,0,0,0,0
270071,0,1,1982,0,0,0,0,0,0,0,0,0,0
270071,1,1,1982,0,0,0,0,0,10,0,0,12,0
270072,1,1,1982,0,0,0,0,0,0,0,0,0,0
270072,2,1,1982,0,0,0,0,0,0,0,0,0,0
270073,1,1,1982,15,15,15,15,15,15,15,15,15,15
270074,1,1,1982,0,0,0,0,0,0,0,0,0,0
270074,2,1,1982,0,0,0,0,0,0,0,0,0,0
270075,1,1,1982,25,25,35,0,8,33,18,23,8,15
270076,1,1,1982,15,10,17,14,9,14,6,5,3,11
270077,0,1,1982,9,0,0,12,14,16,32,13,12,0
270077,1,1,1982,21,9,4,30,14,5,15,19,21,12
270078,1,1,1982,0,0,0,0,0,0,0,0,20,0
270078,2,1,1982,0,0,0,0,0,0,0,0,0,0
270079,1,1,1982,0,0,0,0,0,0,0,0,0,0
270079,2,1,1982,0,0,0,0,0,0,0,0,0,0
270080,1,1,1982,0,10,0,0,0,0,0,0,0,0
270081,0,1,1982,0,0,0,0,0,0,0,0,0,0
270081,1,1,1982,0,0,0,0,0,0,0,0,0,0
270082,1,1,1982,11,11,11,11,11,11,11,11,11,11
270083,1,1,1982,16,16,16,16,16,16,16,16,16,16
270084,1,1,1982,0,0,0,0,0,0,0,0,0,0
270084,2,1,1982,0,29,19,0,17,2,0,0,0,19
270085,1,1,1982,0,0,0,0,0,0,0,29,0,0
270085,2,1,1982,5,0,0,10,0,0,0,0,0,10
270086,1,1,1982,0,0,0,0,0,0,9,0,0,0
270087,1,1,1982,0,0,0,0,0,17,0,0,0,0
270087,2,1,1982,0,0,0,0,0,0,0,0,0,0
270088,1,1,1982,15,15,15,15,15,15,15,15,15,15
270089,1,1,1982,0,0,0,0,0,0,0,0,0,0
270089,2,1,1982,0,0,0,0,0,0,0,0,0,0
270090,1,1,1982,0,0,0,0,0,0,0,0,0,0
270090,2,1,1982,28,28,28,28,28,28,28,28,28,28
270091,1,1,1982,0,0,0,0,0,0,0,0,0,0
270091,2,1,1982,0,0,0,0,0,0,0,0,0,0
270092,1,1,1982,27,16,4,16,9,18,14,7,8,14
270093,1,1,1982,25,25,25,25,25,25,25,25,25,25
270094,1,1,1982,0,0,0,0,0,0,0,0,0,0
270094,2,1,1982,15,15,15,15,15,15,15,15,15,15
270095,1,1,1982,0,0,0,0,0,0,0,0,0,0
270095,2,1,1982,0,0,0,0,0,0,0,0,0,0
270096,1,1,1982,17,6,21,17,25,24,6,20,14,33
270097,1,1,1982,18,18,18,18,18,18,18,18,18,18
270098,1,1,1982,23,15,21,23,14,15,12,8,20,22
270098,2,1,1982,20,20,20,20,20,20,20,20,20,20
270099,1,1,1982,17,17,17,17,17,17,17,17,17,17
270099,2,1,1982,24,24,24,24,24,24,24,24,24,24
270100,1,1,1982,0,0,0,0,0,0,0,0,0,0
270100,2,1,1982,0,0,0,0,0,0,0,0,0,0
270101,0,1,1982,15,10,13,19,6,20,16,16,1,39
270101,1,1,1982,17,17,17,17,17,17,17,17,17,17
270102,1,1,1982,12,12,12,12,12,12,12,12,12,12
270102,2,1,1982,0,7,0,0,0,12,0,0,24,0
270102,3,1,1982,0,0,0,0,0,0,0,0,0,0
270103,1,1,1982,0,0,0,0,0,0,0,0,0,0
270103,2,1,1982,20,0,11,20,12,17,17,20,14,24
270103,3,1,1982,0,0,0,0,0,0,0,0,0,0
270104,0,1,1982,0,0,0,0,0,0,0,0,0,0
270104,1,1,1982,0,0,0,0,0,0,0,0,0,0
270105,1,1,1982,16,16,16,16,16,16,16,16,16,16
270106,1,1,1982,18,0,0,0,44,0,19,28,0,0
270106,2,1,1982,0,0,0,0,0,0,0,0,0,0
270106,3,1,1982,0,0,6,0,0,0,0,0,0,0
270107,1,1,1982,4,10,0,0,0,0,0,0,9,10
270107,2,1,1982,20,20,20,20,20,20,20,20,20,20
270108,1,1,1982,10,9,14,14,11,0,13,15,5,18
270109,1,1,1982,6,6,6,6,6,6,6,6,6,6
270111,1,1,1982,13,13,13,13,13,13,13,13,13,13
270111,2,1,1982,0,0,0,0,0,0,0,0,0,0
270112,1,1,1982,0,0,0,0,0,0,0,0,0,0
270112,2,1,1982,0,0,0,0,0,0,0,0,0,0
270113,0,1,1982,14,19,6,25,26,18,10,0,20,24
270113,1,1,1982,0,0,0,0,0,0,0,0,0,0
270114,0,1,1982,0,0,0,0,0,0,0,0,0,0
270114,1,1,1982,6,0,0,0,15,0,0,0,0,0
270115,1,1,1982,17,17,17,17,17,17,17,17,17,17
270116,0,1,1982,0,13,0,24,0,0,0,0,0,0
270116,1,1,1982,0,0,0,0,0,0,0,17,5,0
270117,1,1,1982,13,13,13,13,13,13,13,13,13,13
270118,1,1,1982,21,16,20,0,22,12,3,15,0,13
270119,1,1,1982,0,0,0,0,0,0,0,0,0,0
270120,1,1,1982,0,0,0,0,0,0,0,0,0,0
270120,2,1,1982,0,0,0,0,0,0,0,0,0,0
270120,3,1,1982,0,0,0,0,0,0,0,0,0,0
270121,0,1,1982,0,0,0,0,0,0,0,0,0,0
270121,1,1,1982,0,19,0,0,0,0,0,0,0,0
270122,1,1,1982,14,14,14,14,14,14,14,14,14,14
270123,1,1,1982,0,0,0,0,0,0,0,0,0,0
270124,1,1,1982,39,39,39,39,39,39,39,39,39,39
270125,1,1,1982,7,22,21,28,30,11,16,19,25,17
270125,2,1,1982,0,0,0,0,0,0,0,0,0,0
270126,1,1,1982,0,0,0,0,0,0,0,0,0,0
270126,2,1,1982,1,1,1,1,1,1,1,1,1,1
270127,1,1,1982,0,0,0,0,0,0,0,0,10,0
270127,2,1,1982,12,18,7,28,9,10,13,20,7,28
270128,1,1,1982,26,17,14,16,26,40,10,19,10,26
270129,1,1,1982,14,0,0,0,0,0,0,0,0,0
270129,2,1,1982,0,0,0,0,0,0,0,0,0,0
270130,0,1,1982,0,0,0,0,0,0,0,0,0,0
270130,1,1,1982,0,0,6,0,0,0,0,0,0,0
270131,1,1,1982,13,19,10,23,22,24,28,25,0,12
270131,2,1,1982,0,0,0,29,0,0,0,43,0,0
270132,1,1,1982,26,26,26,26,26,26,26,26,26,26
270132,2,1,1982,0,10,0,0,0,0,0,19,9,0
270133,0,1,1982,0,15,7,0,0,18,9,0,0,0
270133,1,1,1982,6,3,12,10,11,13,23,6,14,25
270133,2,1,1982,5,18,11,18,6,5,12,0,16,6
270134,1,1,1982,19,19,19,19,19,19,19,19,19,19
270135,1,1,1982,0,0,0,0,0,0,16,0,0,0
270135,2,1,1982,0,0,0,0,0,0,0,0,0,0
270136,1,1,1982,0,0,0,0,0,0,0,0,9,0
270137,1,1,1982,22,22,22,22,22,22,22,22,22,22
270138,1,1,1982,17,17,17,17,17,17,17,17,17,17
270138,2,1,1982,0,0,0,0,0,0,0,0,0,0
270139,1,1,1982,15,10,0,21,26,37,16,22,7,0
270140,1,1,1982,0,0,0,0,0,0,0,0,0,13
270141,1,1,1982,19,19,19,19,19,19,19,19,19,19
270142,0,1,1982,0,0,0,0,0,0,0,0,0,0
270142,1,1,1982,0,0,0,0,0,0,0,0,0,0
270143,1,1,1982,0,0,0,0,0,0,0,0,0,0
270143,2,1,1982,0,0,0,0,0,0,0,0,0,0
270144,1,1,1982,9,17,3,32,25,15,9,11,18,16
270145,1,1,1982,0,12,0,0,0,0,0,12,0,0
270145,2,1,1982,0,0,0,0,0,16,0,0,0,0
270146,0,1,1982,0,17,23,35,15,20,15,17,20,13
270146,1,1,1982,0,0,0,0,0,0,0,0,0,0
270147,0,1,1982,0,6,0,0,0,0,24,0,21,0
270147,1,1,1982,0,0,0,0,5,0,0,0,0,0
270148,1,1,1982,9,9,9,9,9,9,9,9,9,9
270148,2,1,1982,15,15,15,15,15,15,15,15,15,15
270149,1,1,1982,22,22,22,22,22,22,22,22,22,22
270150,1,1,1982,20,20,20,20,20,20,20,20,20,20
270151,0,1,1982,0,13,0,14,0,19,0,25,12,0
270151,1,1,1982,18,26,11,0,15,0,0,0,0,0
270152,0,1,1982,0,0,0,0,0,0,0,0,0,0
270152,1,1,1982,0,0,0,0,14,0,0,0,0,0
270153,0,1,1982,43,15,34,20,3,30,15,18,17,26
270153,1,1,1982,27,20,33,0,0,0,0,0,2,9
270154,1,1,1982,0,0,0,0,0,0,0,0,0,0
270154,2,1,1982,0,0,0,8,0,0,0,0,0,0
270155,1,1,1982,19,17,10,12,5,16,18,26,0,14
270156,0,1,1982,26,26,26,26,26,26,26,26,26,26
270156,1,1,1982,17,0,13,0,8,19,9,21,11,17
270157,1,1,1982,0,0,0,0,0,0,0,0,0,0
270158,1,1,1982,25,8,0,6,14,0,21,6,13,0
270158,2,1,1982,0,0,0,0,0,15,0,0,23,0
270159,0,1,1982,36,36,36,36,36,36,36,36,36,36
270159,1,1,1982,5,5,5,5,5,5,5,5,5,5
270160,1,1,1982,23,10,12,5,12,12,0,15,19,8
270160,2,1,1982,0,0,23,0,0,11,0,13,26,0
270162,1,1,1982,0,0,0,0,0,0,0,0,0,0
270162,2,1,1982,0,7,0,0,0,0,0,0,0,0
270163,0,1,1982,0,0,0,0,0,0,0,0,0,0
270163,2,1,1982,21,4,8,21,10,9,23,6,12,10
270164,1,1,1982,1,1,1,1,1,1,1,1,1,1
270165,1,1,1982,17,17,17,17,17,17,17,17,17,17
270166,0,1,1982,0,0,0,0,0,0,0,0,0,0
270166,1,1,1982,0,0,0,10,0,0,0,0,0,13
270167,1,1,1982,27,22,21,23,3,19,12,30,21,0
270168,1,1,1982,0,0,0,0,0,0,0,0,0,0
270168,2,1,1982,13,13,13,13,13,13,13,13,13,13
270169,1,1,1982,20,20,20,20,20,20,20,20,20,20
270170,1,1,1982,11,11,11,11,11,11,11,11,11,11
270171,0,1,1982,12,12,12,12,12,12,12,12,12,12
270171,1,1,1982,7,13,0,12,12,17,8,10,24,12
270172,1,1,1982,10,10,10,10,10,10,10,10,10,10
270172,2,1,1982,9,9,9,9,9,9,9,9,9,9
270173,1,1,1982,0,9,21,0,0,29,0,9,0,0
270174,1,1,1982,0,0,0,0,0,0,0,0,0,0
270174,2,1,1982,0,0,0,0,0,0,0,0,0,0
270175,0,1,1982,0,0,0,0,0,0,0,0,0,0
270175,1,1,1982,0,0,0,48,0,0,0,0,0,0
270176,1,1,1982,12,12,12,12,12,12,12,12,12,12
270177,1,1,1982,0,0,0,0,0,0,0,0,0,0
270177,2,1,1982,0,0,0,0,0,0,0,0,0,0
270178,1,1,1982,0,0,0,0,0,0,0,0,0,0
270179,1,1,1982,9,0,21,15,14,6,0,8,19,11
270180,1,1,1982,16,25,22,10,8,26,0,10,20,11
270180,2,1,1982,0,7,0,0,0,0,0,0,8,0
270181,1,1,1982,12,12,12,12,12,12,12,12,12,12
270182,1,1,1982,10,12,20,11,9,0,41,17,24,25
270182,2,1,1982,0,0,0,0,0,0,0,0,0,0
270183,1,1,1982,0,0,0,0,0,0,0,0,0,0
270183,2,1,1982,0,0,0,0,0,0,0,0,0,0
270184,1,1,1982,9,9,21,14,10,11,5,7,20,15
270185,1,1,1982,0,0,0,0,0,0,0,0,0,0
270186,1,1,1982,14,0,0,0,0,0,0,0,0,0
270186,2,1,1982,0,0,0,0,0,0,0,0,0,0
270187,1,1,1982,15,15,15,15,15,15,15,15,15,15
270188,0,1,1982,0,0,2,0,0,28,17,0,0,0
270188,1,1,1982,0,0,0,0,0,0,0,0,0,0
270189,1,1,1982,0,0,0,0,0,0,0,0,0,0
270189,2,1,1982,18,18,18,18,18,18,18,18,18,18
270190,1,1,1982,17,17,17,17,17,17,17,17,17,17
270191,1,1,1982,27,27,27,27,27,27,27,27,27,27
270192,1,1,1982,0,0,0,0,0,0,0,0,0,0
270192,2,1,1982,0,0,0,0,0,0,0,0,0,0
270193,0,1,1982,25,25,25,25,25,25,25,25,25,25
270193,1,1,1982,8,20,23,17,30,22,23,23,15,18
270194,1,1,1982,7,0,0,0,0,0,0,0,0,0
270194,2,1,1982,0,0,0,0,0,0,0,0,0,0
270195,1,1,1982,14,7,30,0,11,12,32,22,26,12
270196,1,1,1982,0,0,0,0,0,0,0,0,0,0
270196,2,1,1982,0,0,0,0,0,0,0,0,0,0
270197,1,1,1982,22,22,22,22,22,22,22,22,22,22
270198,1,1,1982,0,0,0,0,0,0,0,0,30,0
270198,2,1,1982,0,0,0,0,0,0,0,0,0,6
270199,1,1,1982,17,0,22,0,21,11,22,0,11,24
270200,1,1,1982,19,24,36,21,15,33,29,11,6,14
270201,1,1,1982,0,0,0,0,0,0,0,0,0,0
270201,2,1,1982,0,0,0,0,0,0,0,0,0,0
270202,1,1,1982,14,14,14,14,14,14,14,14,14,14
270203,1,1,1982,0,7,19,16,10,0,0,17,0,0
270203,2,1,1982,13,0,0,0,0,0,4,0,0,0
270204,1,1,1982,0,0,0,18,0,0,0,0,0,0
270204,2,1,1982,0,0,0,0,0,0,0,0,0,0
270205,1,1,1982,0,0,0,0,0,0,0,0,0,0
270205,2,1,1982,0,0,0,0,0,0,0,0,13,0
270206,1,1,1982,15,15,15,15,15,15,15,15,15,15
270206,2,1,1982,8,6,8,5,9,0,9,11,6,16
270207,1,1,1982,14,14,14,14,14,14,14,14,14,14
270208,1,1,1982,9,9,9,9,9,9,9,9,9,9
270208,2,1,1982,0,0,0,0,0,6,0,0,0,0
270209,1,1,1982,0,0,0,0,0,0,0,0,0,0
270209,2,1,1982,0,0,0,0,0,0,0,0,0,0