ST_CASE,VEH_NO,PER_NO,YEAR,P1,P2,P3,P4,P5,P6,P7,P8,P9,P10
270210,1,1,1982,24,16,14,31,23,13,28,18,12,27
270211,1,1,1982,20,20,20,20,20,20,20,20,20,20
270212,0,1,1982,0,0,34,23,0,0,6,19,16,14
270212,1,1,1982,30,12,22,14,12,26,15,22,17,10
270213,1,1,1982,0,0,0,0,0,0,0,0,0,0
270213,2,1,1982,0,0,0,0,0,0,0,0,0,0
270214,1,1,1982,0,0,0,0,13,0,0,0,0,0
270214,2,1,1982,12,12,12,12,12,12,12,12,12,12
270215,1,1,1982,10,10,10,10,10,10,10,10,10,10
270216,1,1,1982,0,0,0,0,0,11,0,0,0,0
270217,0,1,1982,23,23,23,23,23,23,23,23,23,23
270217,1,1,1982,0,0,0,0,0,0,0,0,0,0
270218,1,1,1982,0,0,0,0,0,0,0,0,0,0
270219,1,1,1982,0,0,0,0,0,5,0,0,0,0
270219,2,1,1982,29,29,29,29,29,29,29,29,29,29
270220,1,1,1982,0,0,0,0,0,0,0,0,0,0
270220,2,1,1982,9,18,20,29,12,16,21,12,6,27
270221,1,1,1982,0,0,0,0,0,0,0,0,0,0
270222,1,1,1982,18,18,18,18,18,18,18,18,18,18
270223,1,1,1982,0,0,0,0,0,0,0,0,0,0
270223,2,1,1982,6,26,6,21,15,18,18,5,13,17
270224,1,1,1982,0,0,0,0,0,0,0,0,0,0
270224,2,1,1982,0,0,0,0,0,0,0,0,0,0
270225,1,1,1982,0,0,0,0,0,0,0,0,0,0
270225,2,1,1982,0,0,0,0,0,0,0,0,0,0
270226,1,1,1982,21,9,19,10,12,9,7,13,9,16
270227,1,1,1982,0,0,0,0,0,0,0,0,0,0
270227,2,1,1982,0,0,0,0,0,0,0,0,0,0
270228,1,1,1982,34,34,34,34,34,34,34,34,34,34
270229,1,1,1982,0,9,0,0,0,0,0,0,0,0
270229,2,1,1982,0,0,0,0,0,0,0,0,0,0
270230,1,1,1982,0,23,0,0,23,0,0,0,0,0
270231,1,1,1982,23,12,10,27,21,24,26,22,10,22
270232,1,1,1982,0,0,0,0,0,0,0,0,0,0
270232,2,1,1982,0,0,0,0,0,0,0,0,0,0
270233,1,1,1982,0,0,0,0,0,0,0,0,0,0
270233,2,1,1982,0,0,0,0,0,0,0,0,0,0
270234,1,1,1982,10,10,10,10,10,10,10,10,10,10
270235,0,1,1982,0,0,0,0,0,0,0,0,0,0
270235,1,1,1982,0,0,0,0,0,0,0,0,0,0
270236,1,1,1982,20,20,20,20,20,20,20,20,20,20
270236,2,1,1982,0,0,0,0,0,0,0,0,0,0
270237,1,1,1982,0,0,0,0,0,0,0,0,0,0
270238,0,1,1982,4,4,4,4,4,4,4,4,4,4
270238,1,1,1982,14,14,14,14,14,14,14,14,14,14
270239,1,1,1982,18,18,18,18,18,18,18,18,18,18
270240,1,1,1982,0,0,0,0,0,0,0,0,0,0
270240,2,1,1982,0,0,0,0,0,0,0,0,0,0
270241,1,1,1982,12,12,12,12,12,12,12,12,12,12
270242,1,1,1982,0,0,0,0,0,0,0,0,0,0
270242,2,1,1982,0,0,0,0,0,0,0,0,0,0
270243,1,1,1982,23,23,23,23,23,23,23,23,23,23
270244,1,1,1982,0,0,0,0,0,0,0,0,0,0
270245,1,1,1982,0,0,0,0,0,0,0,0,0,0
270246,1,1,1982,3,3,3,3,3,3,3,3,3,3
270247,1,1,1982,14,14,14,14,14,14,14,14,14,14
270248,1,1,1982,0,0,0,0,0,23,0,0,0,0
270248,2,1,1982,0,0,0,0,0,0,0,0,0,0
270249,1,1,1982,0,0,0,0,0,0,0,0,0,0
270249,2,1,1982,0,0,0,0,0,0,0,0,0,0
270250,1,1,1982,25,25,25,25,25,25,25,25,25,25
270251,1,1,1982,0,0,0,0,0,0,0,0,14,0
270251,2,1,1982,14,20,0,0,0,0,0,7,7,0
270252,0,1,1982,0,0,0,0,0,0,0,0,0,0
270252,1,1,1982,0,0,0,0,0,0,17,0,24,0
270253,1,1,1982,27,7,25,16,20,10,5,0,20,22
270253,2,1,1982,0,0,0,0,0,0,0,0,0,0
270254,1,1,1982,15,26,5,16,8,23,18,26,7,6
270255,1,1,1982,19,19,19,19,19,19,19,19,19,19
270256,1,1,1982,15,15,15,15,15,15,15,15,15,15
270257,1,1,1982,0,0,0,0,0,0,0,0,0,0
270257,2,1,1982,0,0,0,0,0,0,0,0,0,0
270258,1,1,1982,0,0,0,0,0,0,0,0,0,0
270258,2,1,1982,0,26,0,0,0,0,0,0,0,0
270259,1,1,1982,0,0,0,0,0,0,0,0,0,0
270259,2,1,1982,1,1,1,1,1,1,1,1,1,1
270260,1,1,1982,24,24,24,24,24,24,24,24,24,24
270261,1,1,1982,0,0,0,0,0,0,0,0,0,0
270261,2,1,1982,0,0,0,0,0,0,0,0,0,0
270262,1,1,1982,27,27,27,27,27,27,27,27,27,27
270263,1,1,1982,0,0,0,0,0,0,0,0,0,0
270263,2,1,1982,0,0,0,0,0,0,0,0,0,0
270264,0,1,1982,23,23,23,23,23,23,23,23,23,23
270264,1,1,1982,0,0,0,0,0,0,0,0,0,0
270265,1,1,1982,31,31,31,31,31,31,31,31,31,31
270265,2,1,1982,0,0,0,0,0,0,0,0,0,0
270266,1,1,1982,14,14,14,14,14,14,14,14,14,14
270267,1,1,1982,0,0,0,0,0,0,0,0,0,0
270267,2,1,1982,0,0,0,0,0,0,0,0,0,0
270268,0,1,1982,17,0,0,0,0,8,7,18,27,0
270268,1,1,1982,0,19,0,0,3,0,0,0,0,0
270269,0,1,1982,10,10,10,10,10,10,10,10,10,10
270269,1,1,1982,13,0,0,0,11,8,0,0,2,0
270270,1,1,1982,27,27,27,27,27,27,27,27,27,27
270270,2,1,1982,24,27,13,13,16,0,12,0,17,5
270271,1,1,1982,17,17,17,17,17,17,17,17,17,17
270272,1,1,1982,15,0,0,0,0,0,0,0,0,0
270272,2,1,1982,0,0,0,0,0,0,0,0,0,0
270272,3,1,1982,0,2,0,0,0,0,0,0,0,0
270273,1,1,1982,10,13,0,0,0,0,0,12,9,0
270274,1,1,1982,0,0,0,0,0,0,0,0,0,0
270275,1,1,1982,12,12,12,12,12,12,12,12,12,12
270275,2,1,1982,0,0,0,0,0,0,0,0,0,0
270276,1,1,1982,0,0,0,0,0,0,0,0,0,0
270277,1,1,1982,2,2,2,2,2,2,2,2,2,2
270277,2,1,1982,0,0,0,0,0,0,0,0,0,11
270279,1,1,1982,14,14,14,14,14,14,14,14,14,14
270280,0,1,1982,11,11,11,11,11,11,11,11,11,11
270280,1,1,1982,19,6,4,8,12,9,17,3,34,14
270281,1,1,1982,0,0,0,0,0,0,0,0,0,0
270281,2,1,1982,0,0,0,0,0,0,0,0,0,0
270282,1,1,1982,0,0,0,0,0,0,0,0,0,0
270282,2,1,1982,0,0,0,0,0,0,0,0,0,0
270283,1,1,1982,31,23,33,36,37,12,13,17,21,28
270284,1,1,1982,0,16,3,33,8,18,13,4,21,7
270284,2,1,1982,1,1,1,1,1,1,1,1,1,1
270285,1,1,1982,0,0,0,0,0,0,14,0,0,0
270286,1,1,1982,0,0,0,0,0,0,0,0,0,0
270286,2,1,1982,0,0,0,0,0,0,0,0,0,0
270287,0,1,1982,0,0,13,0,0,0,0,0,0,0
270287,1,1,1982,0,0,0,0,0,0,0,0,0,0
270288,1,1,1982,8,8,8,8,8,8,8,8,8,8
270289,1,1,1982,7,0,23,21,18,4,19,11,14,14
270289,2,1,1982,0,0,0,0,0,0,0,0,11,0
270290,1,1,1982,0,0,0,0,0,0,0,0,0,0
270290,2,1,1982,0,0,0,0,0,0,0,0,0,0
270291,1,1,1982,9,9,9,9,9,9,9,9,9,9
270292,1,1,1982,0,0,0,0,0,0,0,0,0,0
270293,0,1,1982,0,0,0,0,0,0,0,0,0,0
270293,1,1,1982,0,0,0,0,0,0,0,0,0,0
270294,1,1,1982,26,14,8,23,33,15,27,15,7,19
270294,2,1,1982,21,21,21,21,21,21,21,21,21,21
270295,1,1,1982,20,0,0,0,0,0,14,28,0,0
270296,0,1,1982,0,9,22,0,0,0,21,0,0,10
270296,1,1,1982,0,0,0,0,0,0,0,0,0,0
270297,1,1,1982,0,9,0,0,23,0,0,0,0,0
270297,2,1,1982,0,0,0,0,0,0,0,0,0,0
270298,0,1,1982,0,30,14,0,8,0,0,0,0,0
270298,1,1,1982,0,0,0,0,7,0,0,0,0,0
270298,2,1,1982,0,0,0,0,0,0,0,0,0,0
270300,1,1,1982,0,0,0,0,0,0,0,0,0,0
270300,2,1,1982,0,0,0,0,0,0,0,0,12,0
270301,0,1,1982,0,10,0,0,20,0,0,13,23,0
270301,1,1,1982,0,0,0,0,0,0,0,0,0,0
270302,1,1,1982,0,0,0,0,0,0,0,0,0,0
270302,2,1,1982,0,0,0,0,0,0,0,0,0,0
270303,1,1,1982,0,0,0,0,0,0,0,0,0,0
270303,2,1,1982,15,8,26,19,20,23,12,16,11,9
270304,1,1,1982,0,0,0,0,0,0,0,0,0,0
270304,2,1,1982,8,0,0,0,0,0,0,0,0,24
270305,1,1,1982,12,12,12,12,12,12,12,12,12,12
270305,2,1,1982,12,12,12,12,12,12,12,12,12,12
270306,1,1,1982,19,19,19,19,19,19,19,19,19,19
270307,1,1,1982,3,3,3,3,3,3,3,3,3,3
270307,2,1,1982,0,4,21,0,0,0,0,0,0,0
270308,1,1,1982,16,16,16,16,16,16,16,16,16,16
270309,1,1,1982,0,0,0,0,0,0,0,0,0,0
270309,2,1,1982,0,0,0,0,0,0,0,0,0,0
270310,1,1,1982,14,10,6,12,0,0,19,20,17,12
270311,1,1,1982,0,0,0,0,0,0,0,0,0,0
270311,2,1,1982,0,0,0,0,0,0,0,0,0,0
270312,0,1,1982,0,0,0,0,0,0,0,0,0,0
270312,1,1,1982,0,0,8,0,0,0,0,0,0,0
270313,1,1,1982,17,17,17,17,17,17,17,17,17,17
270314,1,1,1982,0,0,0,0,0,0,0,0,0,0
270314,2,1,1982,0,0,0,0,0,0,0,0,0,0
270315,1,1,1982,15,15,15,15,15,15,15,15,15,15
270315,2,1,1982,0,0,0,0,0,0,0,0,0,0
270316,1,1,1982,24,24,24,24,24,24,24,24,24,24
270316,2,1,1982,0,0,0,0,0,0,0,0,0,0
270317,1,1,1982,25,25,25,25,25,25,25,25,25,25
270319,1,1,1982,0,0,0,0,0,0,0,0,0,0
270319,2,1,1982,0,0,0,0,0,0,0,0,0,0
270320,1,1,1982,17,17,17,17,17,17,17,17,17,17
270321,1,1,1982,0,0,0,0,0,0,0,0,0,0
270322,1,1,1982,0,0,0,0,0,0,0,0,0,0
270322,2,1,1982,0,0,0,0,0,0,0,0,0,0
270323,0,1,1982,9,0,14,16,26,19,15,0,12,20
270323,1,1,1982,0,0,2,11,17,24,13,17,13,13
270324,0,1,1982,0,0,0,0,0,0,0,0,0,0
270324,1,1,1982,0,0,0,0,0,0,0,0,0,0
270325,0,1,1982,0,0,0,0,0,19,0,0,0,0
270325,1,1,1982,0,0,0,0,0,0,0,0,0,0
270326,1,1,1982,16,16,16,16,16,16,16,16,16,16
270327,1,1,1982,16,16,16,16,16,16,16,16,16,16
270328,1,1,1982,2,2,2,2,2,2,2,2,2,2
270328,2,1,1982,0,8,7,0,18,0,15,0,0,0
270329,1,1,1982,16,16,16,16,16,16,16,16,16,16
270330,1,1,1982,17,17,17,17,17,17,17,17,17,17
270330,2,1,1982,16,16,16,16,16,16,16,16,16,16
270331,1,1,1982,15,15,15,15,15,15,15,15,15,15
270332,0,1,1982,0,0,7,8,16,0,0,25,14,14
270332,1,1,1982,0,0,0,0,0,0,0,0,0,0
270333,1,1,1982,0,0,0,0,0,0,0,0,0,0
270334,1,1,1982,0,0,0,0,0,0,0,0,0,0
270334,2,1,1982,0,0,0,0,0,0,0,0,0,0
270335,1,1,1982,15,15,15,15,15,15,15,15,15,15
270335,2,1,1982,0,0,0,0,0,0,0,0,0,0
270336,1,1,1982,0,0,0,0,0,0,0,0,0,0
270336,2,1,1982,7,7,7,7,7,7,7,7,7,7
270337,1,1,1982,0,0,0,0,0,0,0,0,0,0
270337,2,1,1982,0,0,0,0,0,0,0,0,0,0
270338,1,1,1982,0,0,0,0,0,0,0,0,0,0
270338,2,1,1982,0,0,0,0,0,0,0,0,0,0
270339,1,1,1982,0,0,0,0,0,0,0,0,0,0
270340,1,1,1982,0,0,0,0,0,0,0,0,0,0
270340,2,1,1982,20,20,20,20,20,20,20,20,20,20
270341,1,1,1982,0,0,0,0,0,0,0,0,0,0
270341,2,1,1982,0,0,0,0,0,15,0,0,0,0
270342,1,1,1982,0,0,0,0,0,0,0,0,0,0
270343,1,1,1982,0,0,0,0,0,0,0,0,0,0
270343,2,1,1982,0,0,0,0,9,0,0,0,0,0
270344,1,1,1982,30,0,35,24,0,26,17,18,29,0
270345,1,1,1982,0,0,0,0,0,0,0,0,0,0
270345,2,1,1982,0,0,0,0,0,0,0,0,0,0
270346,1,1,1982,20,20,20,20,20,20,20,20,20,20
270346,2,1,1982,11,11,11,11,11,11,11,11,11,11
270347,1,1,1982,29,29,29,29,29,29,29,29,29,29
270348,0,1,1982,16,16,16,16,16,16,16,16,16,16
270348,1,1,1982,0,0,0,0,0,0,0,0,0,0
270349,1,1,1982,12,19,24,11,13,14,11,7,13,4
270349,2,1,1982,0,0,0,0,0,0,0,0,0,0
270350,1,1,1982,18,18,18,18,18,18,18,18,18,18
270350,2,1,1982,0,0,0,0,0,0,0,0,0,0
270351,1,1,1982,19,19,19,19,19,19,19,19,19,19
270352,1,1,1982,24,24,24,24,24,24,24,24,24,24
270353,1,1,1982,0,0,0,0,0,0,0,0,0,0
270355,1,1,1982,0,0,0,0,0,0,0,0,0,0
270355,2,1,1982,0,0,0,0,0,0,0,0,0,0
270356,1,1,1982,17,8,11,18,10,21,15,24,9,12
270356,2,1,1982,0,0,0,0,0,0,0,0,0,0
270357,0,1,1982,24,24,24,24,24,24,24,24,24,24
270357,1,1,1982,23,0,18,23,12,14,19,13,24,12
270358,1,1,1982,18,18,18,18,18,18,18,18,18,18
270359,1,1,1982,0,0,0,0,0,0,0,0,0,0
270359,2,1,1982,0,0,0,0,0,0,0,0,0,0
270359,3,1,1982,23,0,0,0,0,0,3,8,0,0
270359,4,1,1982,0,0,0,0,0,0,0,0,0,18
270360,1,1,1982,13,13,13,13,13,13,13,13,13,13
270361,0,1,1982,0,0,0,0,7,0,0,0,0,0
270361,1,1,1982,0,0,0,0,0,0,0,0,0,0
270362,1,1,1982,10,0,0,0,0,0,0,0,0,7
270362,2,1,1982,0,0,0,0,7,0,0,0,13,0
270363,1,1,1982,0,0,0,0,0,0,0,0,0,0
270364,0,1,1982,0,0,0,0,0,0,0,0,0,0
270364,1,1,1982,0,0,0,0,0,0,0,0,0,0
270365,1,1,1982,0,0,0,0,0,0,0,0,0,0
270365,2,1,1982,0,0,0,0,0,0,0,0,0,0
270366,1,1,1982,0,0,0,0,0,0,0,0,0,0
270366,2,1,1982,20,20,20,20,20,20,20,20,20,20
270367,1,1,1982,0,0,0,0,0,0,0,0,0,0
270367,2,1,1982,7,7,7,7,7,7,7,7,7,7
270368,1,1,1982,24,24,24,24,24,24,24,24,24,24
270369,1,2,1982,12,12,12,12,12,12,12,12,12,12
270370,1,1,1982,20,20,20,20,20,20,20,20,20,20
270370,2,1,1982,0,0,0,0,0,0,0,25,0,0
270371,1,1,1982,0,6,0,0,0,0,0,0,0,0
270371,2,1,1982,0,0,0,0,0,0,0,0,0,0
270372,1,1,1982,32,32,32,32,32,32,32,32,32,32
270373,0,1,1982,24,24,24,24,24,24,24,24,24,24
270373,1,1,1982,0,0,3,0,0,0,0,0,0,0
270374,1,1,1982,28,28,28,28,28,28,28,28,28,28
270374,2,1,1982,12,0,0,0,0,0,0,0,0,0
270375,1,1,1982,0,0,0,0,0,0,0,0,0,0
270375,2,1,1982,0,0,0,0,0,0,0,0,0,0
270376,1,1,1982,0,0,0,0,0,0,0,0,0,0
270377,0,1,1982,0,0,0,0,0,0,0,0,0,0
270377,1,1,1982,0,0,0,0,0,0,0,0,0,0
270378,1,1,1982,18,9,28,30,20,13,30,10,15,11
270379,1,1,1982,10,17,24,18,41,23,19,12,27,26
270380,1,1,1982,16,16,16,16,16,16,16,16,16,16
270381,1,1,1982,25,25,25,25,25,25,25,25,25,25
270381,2,1,1982,0,0,0,0,0,0,0,0,0,0
270382,1,1,1982,0,0,24,0,0,0,0,0,0,0
270382,2,1,1982,0,0,0,0,0,0,0,0,0,0
270383,1,1,1982,0,0,0,0,0,0,0,0,0,0
270383,2,1,1982,0,0,0,0,0,0,0,0,0,0
270384,0,1,1982,20,20,20,20,20,20,20,20,20,20
270384,1,1,1982,0,0,0,0,0,0,0,0,0,0
270385,1,1,1982,29,29,29,29,29,29,29,29,29,29
270386,0,1,1982,0,0,0,0,0,0,0,5,0,0
270386,1,1,1982,0,0,0,0,0,0,0,0,0,0
270387,1,1,1982,0,0,0,0,0,0,0,0,0,0
270387,2,1,1982,14,14,14,14,14,14,14,14,14,14
270388,1,1,1982,0,0,0,0,0,0,0,0,0,0
270388,2,1,1982,0,0,0,0,0,0,0,0,0,0
270389,1,1,1982,0,0,0,0,0,0,0,0,0,0
270389,2,1,1982,0,0,0,0,0,0,0,0,0,0
270390,1,1,1982,36,36,36,36,36,36,36,36,36,36
270391,1,1,1982,21,21,21,21,21,21,21,21,21,21
270392,1,1,1982,13,14,15,7,29,41,19,16,27,36
270393,1,1,1982,0,0,0,0,0,0,0,0,0,0
270393,2,1,1982,0,0,0,0,0,0,0,0,0,0
270394,1,1,1982,0,0,12,11,0,18,0,0,0,0
270395,0,1,1982,0,0,0,0,0,0,0,0,0,19
270395,0,2,1982,0,0,17,11,0,0,9,0,31,0
270395,1,1,1982,13,34,22,20,19,19,11,20,21,35
270396,1,1,1982,0,18,5,22,24,16,13,11,13,31
270397,1,1,1982,11,11,11,11,11,11,11,11,11,11
270397,2,1,1982,18,18,18,18,18,18,18,18,18,18
270398,1,1,1982,0,0,0,0,0,0,0,0,0,0
270398,2,1,1982,0,0,0,0,0,0,0,0,0,0
270398,3,1,1982,0,0,0,0,0,0,0,0,0,0
270399,1,1,1982,22,22,22,22,22,22,22,22,22,22
270401,1,1,1982,0,0,0,0,0,0,0,0,0,0
270402,1,1,1982,20,9,12,14,8,7,5,0,11,8
270402,2,1,1982,20,20,12,0,6,12,13,11,16,13
270403,1,1,1982,18,18,18,18,18,18,18,18,18,18
270405,0,1,1982,0,0,0,0,0,0,0,0,0,0
270405,0,2,1982,0,0,0,0,0,0,0,0,0,0
270405,1,1,1982,0,0,0,0,0,0,0,0,0,0
270406,1,1,1982,0,0,0,0,0,0,0,0,0,0
270406,2,1,1982,0,0,0,0,0,0,0,0,0,0
270407,1,1,1982,0,0,0,0,0,0,0,0,0,0
270407,2,1,1982,0,0,0,0,0,0,0,0,0,0
270407,3,1,1982,0,0,0,0,0,0,0,0,0,0
270408,1,1,1982,0,0,0,5,0,0,0,0,0,0
270408,2,1,1982,19,19,19,19,19,19,19,19,19,19
270408,3,1,1982,0,0,34,0,0,0,0,0,0,15
270409,1,1,1982,13,13,13,13,13,13,13,13,13,13
270410,0,1,1982,17,17,17,17,17,17,17,17,17,17
270410,1,1,1982,0,0,0,0,0,0,0,0,0,0
270412,1,1,1982,0,0,0,0,0,0,0,0,0,0
270413,1,2,1982,22,15,26,0,0,0,17,14,13,11
270414,1,1,1982,0,0,0,0,0,0,0,0,0,0
270414,2,1,1982,0,0,0,14,0,14,0,0,0,0
270415,1,1,1982,14,12,13,6,16,14,12,27,14,15
270416,1,1,1982,0,0,0,0,0,12,7,0,0,0
270417,1,1,1982,16,16,16,16,16,16,16,16,16,16
270418,1,1,1982,0,0,0,0,0,0,0,0,0,0
270418,2,1,1982,0,0,0,0,0,0,0,0,0,0
270419,1,1,1982,0,0,0,0,0,0,0,0,0,0
270419,2,1,1982,0,0,0,0,0,0,0,0,0,13
270420,1,1,1982,0,0,0,0,20,0,0,0,0,0
270420,2,1,1982,0,0,0,0,0,0,0,0,0,0
270421,1,1,1982,0,0,0,0,0,0,0,0,0,0
270421,2,1,1982,0,0,0,0,0,0,0,0,0,0
270422,1,1,1982,0,0,0,0,0,0,0,0,0,0
270423,1,1,1982,0,0,0,0,0,0,0,0,0,0
270423,2,1,1982,9,9,9,9,9,9,9,9,9,9
270424,1,1,1982,15,0,0,0,0,0,0,0,0,0
270425,1,1,1982,10,10,10,10,10,10,10,10,10,10
270426,0,1,1982,0,0,0,0,0,7,0,0,0,0
270426,0,2,1982,0,0,0,6,0,0,17,0,0,8
270426,1,1,1982,16,16,20,15,7,0,0,0,14,11
270427,1,1,1982,27,27,27,27,27,27,27,27,27,27
270427,2,1,1982,0,0,0,10,0,0,0,0,0,0
270428,1,1,1982,0,0,0,0,0,0,0,0,0,0
270428,2,1,1982,10,0,0,0,0,9,0,0,0,0
270429,0,1,1982,0,0,0,0,0,0,0,0,0,0
270429,1,1,1982,0,0,0,0,0,0,0,0,0,0
270430,1,1,1982,30,30,30,30,30,30,30,30,30,30
270430,2,1,1982,0,0,0,0,0,0,0,0,0,0
270431,1,1,1982,17,12,36,21,5,20,23,13,33,21
270431,2,1,1982,23,23,23,23,23,23,23,23,23,23
270432,1,1,1982,0,0,0,0,0,0,0,0,0,0
270432,2,1,1982,0,0,0,0,0,0,0,0,0,0
270433,1,1,1982,0,0,0,0,0,0,0,0,0,0
270433,2,1,1982,0,0,0,0,0,0,0,0,0,0
270434,0,1,1982,0,0,0,0,0,0,0,0,0,0
270434,1,1,1982,0,0,0,0,0,0,0,0,0,0
270435,1,1,1982,19,19,19,19,19,19,19,19,19,19
270437,1,1,1982,37,19,32,27,0,11,31,15,20,19
270438,1,1,1982,0,0,0,0,0,14,0,15,0,0
270438,2,1,1982,15,15,15,15,15,15,15,15,15,15
270439,1,1,1982,14,14,14,14,14,14,14,14,14,14
270439,2,1,1982,0,0,0,0,0,0,0,0,0,0
270440,1,1,1982,0,0,0,0,0,0,0,0,0,0
270441,1,1,1982,0,0,0,0,0,0,0,0,0,0
270441,2,1,1982,0,0,0,0,0,0,0,0,0,0
270442,1,1,1982,0,14,0,0,0,0,15,0,0,0
270443,1,1,1982,0,0,0,0,0,0,0,0,0,0
270443,2,1,1982,0,0,0,0,0,0,0,0,0,0
270443,3,1,1982,0,0,0,0,0,0,0,0,0,0
270443,4,1,1982,0,0,0,0,0,17,0,0,0,8
270444,1,1,1982,23,23,23,23,23,23,23,23,23,23
270445,1,1,1982,15,15,15,15,15,15,15,15,15,15
270447,1,1,1982,15,15,15,15,15,15,15,15,15,15
270448,1,1,1982,0,0,0,0,0,0,0,0,0,0
270449,1,1,1982,0,0,0,0,0,0,0,0,0,0
270450,0,1,1982,0,0,0,0,0,0,0,0,0,0
270450,1,1,1982,0,0,0,0,0,0,0,0,0,0
270451,0,1,1982,0,0,0,0,0,0,0,0,0,0
270451,0,2,1982,0,0,0,0,0,0,0,0,0,0
270451,1,1,1982,0,0,0,0,0,0,0,0,13,0
270452,1,1,1982,18,18,18,18,18,18,18,18,18,18
270452,2,1,1982,0,0,0,0,0,0,0,0,0,0
270453,1,1,1982,30,30,30,30,30,30,30,30,30,30
270453,2,1,1982,0,0,0,0,0,0,0,0,0,0
270454,1,1,1982,0,0,0,0,0,0,0,0,0,0
270455,1,1,1982,23,11,25,12,17,12,10,12,17,0
270456,1,1,1982,0,5,0,0,0,0,0,0,0,0
270456,2,1,1982,18,0,0,0,17,28,0,14,0,0
270456,3,1,1982,0,0,0,0,0,18,0,0,0,0
270456,4,1,1982,0,0,0,0,0,0,0,0,0,0
270457,1,1,1982,0,0,0,0,0,0,0,0,20,0
270458,0,1,1982,0,0,0,0,0,0,0,0,0,0
270458,1,1,1982,0,0,0,0,0,0,0,0,0,0
270459,1,1,1982,0,0,0,0,0,0,0,0,0,0
270460,1,1,1982,0,0,0,0,0,0,0,0,0,0
270460,2,1,1982,0,0,0,0,0,0,0,0,0,0
270461,1,1,1982,30,30,30,30,30,30,30,30,30,30
270462,1,1,1982,0,0,0,0,0,0,0,0,0,0
270462,2,1,1982,0,0,0,0,0,0,0,0,0,0
270463,1,1,1982,0,0,0,0,0,0,12,0,0,0
270463,2,1,1982,0,0,0,0,0,0,0,0,0,0
270464,1,1,1982,0,0,0,0,0,0,0,0,0,0
270464,2,1,1982,0,0,0,0,0,0,0,0,0,0
270465,1,1,1982,0,0,0,0,0,0,0,0,0,0
270466,1,1,1982,0,0,0,0,0,0,0,0,0,0
270466,2,1,1982,0,0,0,0,0,0,0,0,0,0
270467,1,1,1982,0,0,8,0,0,0,0,0,0,0
270467,2,1,1982,27,27,27,27,27,27,27,27,27,27
270468,1,1,1982,19,19,19,19,19,19,19,19,19,19
270469,1,1,1982,0,0,0,0,0,0,0,0,0,0
270469,2,1,1982,18,18,18,18,18,18,18,18,18,18
270470,1,1,1982,0,0,0,0,0,0,0,0,0,0
270470,2,1,1982,0,0,0,0,0,0,0,0,0,0
270471,1,1,1982,0,0,0,0,0,0,0,0,0,0
270471,2,1,1982,0,0,0,0,0,0,0,0,0,0
270472,1,1,1982,18,18,18,18,18,18,18,18,18,18
270473,0,1,1982,0,0,0,0,0,0,0,0,0,0
270473,0,2,1982,0,0,0,0,0,0,0,0,0,0
270473,1,1,1982,0,0,0,0,0,0,0,0,0,0
270474,1,1,1982,0,0,0,0,0,0,0,0,0,0
270474,2,1,1982,0,0,0,0,0,0,0,0,0,0
270475,1,1,1982,0,0,0,0,0,0,0,0,0,0
270475,2,1,1982,19,19,19,19,19,19,19,19,19,19
270476,0,1,1982,20,20,20,20,20,20,20,20,20,20
270476,1,1,1982,0,0,0,0,11,0,0,0,18,0
270477,1,1,1982,31,31,31,31,31,31,31,31,31,31
270477,2,1,1982,0,0,0,0,0,0,0,0,4,0
270478,1,1,1982,0,0,0,0,0,0,0,0,0,0
270478,2,1,1982,0,0,0,0,0,4,0,0,0,0
270479,1,1,1982,0,0,0,0,0,0,0,0,0,0
270479,2,1,1982,5,5,5,5,5,5,5,5,5,5
270479,3,1,1982,15,0,17,29,8,0,0,0,21,25
270480,1,1,1982,0,0,0,0,0,0,0,0,0,0
270480,2,1,1982,0,0,0,0,0,0,0,0,0,0
270481,1,1,1982,22,22,22,22,22,22,22,22,22,22
270482,1,1,1982,8,0,0,0,0,0,0,0,0,0
270483,1,1,1982,0,0,0,0,0,0,0,0,0,0
270483,2,1,1982,0,0,14,20,6,0,0,0,0,17
270485,0,1,1982,0,0,0,0,0,0,0,0,0,0
270485,1,1,1982,0,0,0,0,0,0,0,0,0,0
270486,1,1,1982,0,0,0,0,0,0,0,0,0,0
270486,2,1,1982,0,0,0,0,0,0,0,0,0,0
270487,0,1,1982,13,13,13,13,13,13,13,13,13,13
270487,1,1,1982,0,0,0,0,0,0,12,0,0,0
270488,1,1,1982,0,0,0,0,0,0,0,0,0,0
270488,2,1,1982,0,0,11,0,0,0,0,0,0,0
270489,0,1,1982,0,0,0,0,0,0,0,0,0,0
270489,1,1,1982,4,14,11,5,18,12,21,6,7,18
270490,0,1,1982,29,20,14,25,3,9,17,20,0,31
270490,1,1,1982,0,0,0,0,0,0,0,0,0,0
270491,0,1,1982,31,0,24,0,20,0,0,0,6,19
270491,1,1,1982,0,13,0,0,0,0,0,17,0,31
270492,1,1,1982,19,19,19,19,19,19,19,19,19,19
270492,2,1,1982,0,0,0,0,0,0,0,0,0,0
270493,1,1,1982,19,10,8,12,17,11,13,4,11,24
270493,2,1,1982,0,0,0,0,0,0,0,0,0,0
270494,1,1,1982,0,0,0,0,0,0,0,0,0,0
270494,2,1,1982,0,0,0,0,0,0,0,0,0,0
270495,1,1,1982,18,18,18,18,18,18,18,18,18,18
270495,2,1,1982,0,0,0,0,0,0,0,0,0,0
270499,0,1,1982,31,31,31,31,31,31,31,31,31,31