ST_CASE,VEH_NO,PER_NO,YEAR,P1,P2,P3,P4,P5,P6,P7,P8,P9,P10
270499,1,1,1982,0,0,0,0,0,0,0,0,0,0
270500,1,1,1982,0,0,0,0,0,0,0,15,0,0
270500,2,1,1982,0,0,0,0,0,0,0,0,0,0
270501,0,1,1982,0,0,0,0,0,0,0,0,0,0
270501,1,1,1982,0,0,0,0,0,0,0,0,0,0
270502,1,1,1982,28,28,28,28,28,28,28,28,28,28
270502,2,1,1982,0,0,0,0,0,30,0,12,0,0
270503,1,1,1982,0,0,0,0,0,0,0,0,0,0
270504,1,1,1982,15,15,15,15,15,15,15,15,15,15
270504,2,1,1982,0,0,0,0,0,0,0,0,0,0
270505,0,1,1982,0,0,0,0,0,0,0,0,0,0
270505,1,1,1982,11,11,11,11,11,11,11,11,11,11
270506,1,1,1982,0,0,0,0,0,0,0,0,0,0
270506,2,1,1982,0,0,0,0,0,0,0,0,0,0
270507,1,1,1982,0,0,0,0,0,0,0,0,0,0
270507,2,1,1982,11,27,20,13,8,16,0,10,19,12
270508,0,1,1982,6,6,6,6,6,6,6,6,6,6
270508,1,1,1982,0,0,0,0,0,0,0,0,0,0
270509,1,1,1982,15,15,15,15,15,15,15,15,15,15
270510,1,1,1982,23,18,0,16,17,12,0,18,12,16
270511,1,1,1982,18,18,18,18,18,18,18,18,18,18
270512,1,1,1982,0,0,0,0,0,10,0,0,0,0
270512,2,1,1982,0,0,0,0,0,0,0,0,0,0
270513,1,1,1982,0,0,0,0,0,0,0,0,0,0
270514,1,1,1982,0,0,0,0,0,0,0,0,0,0
270516,1,1,1982,13,18,34,9,15,16,30,0,23,26
270517,1,1,1982,10,0,4,0,21,12,0,14,4,0
270518,1,1,1982,2,2,2,2,2,2,2,2,2,2
270519,1,1,1982,18,18,18,18,18,18,18,18,18,18
270520,1,1,1982,20,20,20,20,20,20,20,20,20,20
270522,1,1,1982,18,18,18,18,18,18,18,18,18,18
270523,1,1,1982,20,0,0,0,0,0,23,0,23,9
270524,1,1,1982,29,29,29,29,29,29,29,29,29,29
270525,0,1,1982,0,10,0,0,0,0,0,0,0,21
270525,1,1,1982,0,0,0,0,0,0,0,0,0,0
280001,1,1,1982,0,0,0,0,18,0,0,0,0,7
280002,1,1,1982,0,7,0,0,0,0,12,0,0,12
280003,1,1,1982,27,27,27,27,27,27,27,27,27,27
280004,1,1,1982,0,0,10,18,20,20,6,0,17,17
280005,1,1,1982,8,10,29,3,17,11,12,0,9,20
280006,1,1,1982,12,32,16,16,12,26,12,12,22,13
280007,1,1,1982,0,0,0,0,0,0,0,8,3,0
280007,2,1,1982,0,0,15,0,0,0,0,0,0,0
280007,3,1,1982,0,0,0,15,0,0,0,0,0,0
280007,4,1,1982,0,0,0,0,0,0,0,0,0,0
280008,1,1,1982,0,7,15,12,0,0,25,0,0,0
280009,1,1,1982,0,26,4,23,0,0,0,0,7,0
280010,1,1,1982,28,30,0,0,0,19,0,0,17,0
280011,1,1,1982,21,0,20,10,2,11,22,11,27,41
280011,2,1,1982,14,20,8,15,17,16,29,19,16,15
280012,1,1,1982,22,26,0,14,14,0,0,24,17,26
280013,1,1,1982,3,3,3,3,3,3,3,3,3,3
280014,1,1,1982,10,0,0,0,0,0,0,0,0,0
280014,2,1,1982,20,0,0,0,0,0,0,22,0,3
280015,0,1,1982,6,12,10,13,25,0,0,0,32,34
280015,1,1,1982,16,36,0,16,0,14,0,0,0,14
280016,1,1,1982,0,0,0,0,0,0,0,0,0,0
280016,2,1,1982,16,0,12,15,8,0,9,0,2,0
280017,1,1,1982,10,10,10,10,10,10,10,10,10,10
280018,1,1,1982,33,14,16,12,0,11,11,18,22,7
280019,1,1,1982,14,12,21,20,35,22,25,13,18,13
280020,1,1,1982,0,0,8,0,0,0,0,0,0,0
280021,1,1,1982,0,0,14,0,0,0,0,0,20,23
280021,2,1,1982,0,0,0,0,0,9,0,5,0,0
280022,1,1,1982,19,0,8,0,16,0,0,18,0,0
280023,1,1,1982,9,0,11,0,0,0,0,16,0,0
280024,1,1,1982,0,22,0,0,0,0,0,0,0,0
280024,2,1,1982,0,0,0,27,0,0,0,0,0,20
280025,1,1,1982,12,0,0,23,11,0,26,0,15,0
280026,1,1,1982,0,26,23,20,0,0,0,0,16,11
280027,0,1,1982,0,0,0,0,0,0,0,0,0,0
280027,1,1,1982,0,0,0,0,0,0,0,0,0,0
280028,1,1,1982,0,0,0,0,0,0,0,0,0,0
280028,2,1,1982,7,0,0,6,0,0,0,0,0,0
280029,1,1,1982,0,24,0,0,0,0,0,21,0,0
280029,2,1,1982,0,0,18,14,0,0,0,0,0,16
280030,0,1,1982,12,26,7,21,20,7,26,26,33,38
280030,1,1,1982,0,16,19,0,13,0,13,25,0,0
280031,1,1,1982,0,6,24,0,4,0,0,17,24,0
280031,2,1,1982,9,7,12,16,8,0,19,12,25,15
280032,1,1,1982,15,13,13,19,15,19,23,26,21,10
280033,1,1,1982,0,10,0,0,11,14,0,0,32,0
280033,2,1,1982,0,0,0,0,0,0,0,0,0,0
280034,1,1,1982,0,14,16,13,12,0,12,14,15,20
280035,0,1,1982,7,0,0,0,0,26,0,15,9,15
280035,1,1,1982,0,0,22,16,9,0,0,27,14,8
280036,0,1,1982,0,0,0,0,0,0,6,0,0,0
280036,1,1,1982,0,0,0,0,0,0,0,0,0,0
280037,1,1,1982,0,0,0,13,18,9,18,15,0,14
280038,1,1,1982,15,10,16,0,0,19,0,16,0,0
280039,1,1,1982,0,0,12,0,8,0,0,20,27,0
280039,2,1,1982,0,0,0,0,0,0,0,0,0,0
280040,1,1,1982,0,0,0,0,9,18,0,17,0,15
280041,1,1,1982,0,0,0,0,0,0,0,0,0,0
280041,2,1,1982,0,0,0,0,0,0,0,0,0,0
280042,1,1,1982,0,0,0,0,0,0,0,0,0,0
280042,2,1,1982,0,0,0,0,0,0,0,0,0,0
280043,1,1,1982,0,0,0,0,0,0,0,0,0,0
280043,2,1,1982,0,0,0,0,0,0,0,0,0,0
280044,1,1,1982,21,22,0,0,16,14,0,12,25,0
280044,2,1,1982,0,13,0,0,23,11,11,0,4,18
280045,1,1,1982,18,14,18,33,25,26,19,22,17,34
280046,1,1,1982,23,0,15,0,0,22,12,5,17,27
280047,1,1,1982,6,0,0,7,28,0,12,14,24,0
280048,1,1,1982,23,23,23,23,23,23,23,23,23,23
280049,0,1,1982,17,17,17,17,17,17,17,17,17,17
280049,1,1,1982,27,27,27,27,27,27,27,27,27,27
280050,1,1,1982,10,0,21,30,16,19,0,11,29,29
280051,1,1,1982,4,0,0,0,0,0,0,0,0,0
280051,2,1,1982,0,9,21,0,22,0,22,0,16,0
280052,1,1,1982,0,0,16,24,43,0,0,19,0,18
280053,1,1,1982,0,0,16,25,0,15,12,0,18,27
280053,2,1,1982,0,0,11,19,21,26,0,19,10,0
280054,1,1,1982,24,31,18,19,15,15,15,17,21,5
280054,2,1,1982,0,0,0,0,0,0,3,0,0,0
280055,1,1,1982,11,17,13,12,30,23,20,9,18,20
280056,1,1,1982,42,42,42,42,42,42,42,42,42,42
280057,1,1,1982,9,12,11,0,15,9,0,0,0,9
280057,2,1,1982,7,20,17,0,17,28,0,17,19,23
280058,1,1,1982,0,0,0,19,19,0,0,0,0,0
280058,2,1,1982,0,11,0,0,0,0,8,0,0,0
280059,1,1,1982,13,13,13,13,13,13,13,13,13,13
280059,2,1,1982,17,0,11,29,11,0,0,0,16,0
280060,1,1,1982,25,25,25,25,25,25,25,25,25,25
280061,1,1,1982,21,26,15,0,0,13,0,0,0,30
280062,1,1,1982,17,0,0,10,15,16,9,24,25,0
280063,1,1,1982,0,0,0,0,0,27,0,0,0,0
280063,2,1,1982,22,13,3,10,8,0,9,0,8,15
280064,1,1,1982,23,23,23,23,23,23,23,23,23,23
280064,2,1,1982,0,0,0,0,0,0,0,0,0,0
280065,0,1,1982,26,26,26,26,26,26,26,26,26,26
280065,1,1,1982,0,0,0,0,0,0,0,0,0,0
280066,1,1,1982,0,39,18,0,0,0,0,0,22,0
280067,1,1,1982,13,15,21,22,21,6,20,0,30,5
280068,1,1,1982,12,19,13,7,23,25,20,11,10,21
280069,1,1,1982,0,0,24,0,0,0,0,0,0,0
280070,1,1,1982,29,6,0,8,6,24,13,0,0,16
280071,1,1,1982,0,0,0,0,0,0,0,0,0,0
280071,2,1,1982,0,0,0,0,0,0,0,0,0,0
280072,1,1,1982,31,31,31,31,31,31,31,31,31,31
280072,2,1,1982,0,0,0,0,0,0,0,0,0,0
280073,0,1,1982,23,26,36,25,30,19,6,28,25,19
280073,1,1,1982,11,19,26,0,20,0,0,0,26,8
280074,1,1,1982,0,14,0,0,0,0,19,8,26,0
280075,1,1,1982,0,6,3,0,0,0,15,0,0,0
280076,1,1,1982,0,13,0,14,0,0,10,10,0,9
280077,1,1,1982,0,0,15,0,9,0,0,0,0,0
280078,1,1,1982,0,0,0,0,0,0,0,0,0,0
280078,2,1,1982,0,0,0,0,0,0,0,0,0,0
280079,1,1,1982,0,0,0,0,0,0,0,0,0,0
280079,2,1,1982,0,0,0,0,15,0,22,0,0,0
280080,1,1,1982,0,0,0,0,0,0,0,0,4,0
280081,1,1,1982,3,19,0,7,21,0,0,23,15,0
280081,2,1,1982,0,0,12,0,0,0,25,0,11,0
280082,1,1,1982,0,0,0,0,0,0,0,0,0,0
280082,2,1,1982,0,0,0,0,0,0,0,0,0,0
280083,1,1,1982,0,0,0,0,0,0,10,0,0,0
280084,1,1,1982,0,12,19,32,4,14,10,25,8,9
280085,1,1,1982,0,0,0,0,0,0,0,0,0,0
280085,2,1,1982,0,18,0,0,0,0,0,0,0,34
280086,1,1,1982,0,18,16,20,0,3,0,10,22,0
280087,1,1,1982,12,17,0,15,14,0,13,0,8,19
280088,1,1,1982,0,0,0,0,0,0,0,0,0,0
280088,2,1,1982,0,0,0,0,0,0,9,0,0,0
280089,1,1,1982,0,17,14,0,18,23,0,10,19,13
280090,1,1,1982,25,14,9,9,3,6,21,15,27,11
280091,1,1,1982,26,26,26,26,26,26,26,26,26,26
280092,1,1,1982,0,0,0,0,0,0,27,0,0,0
280093,1,1,1982,0,0,0,0,0,0,0,0,0,0
280093,2,1,1982,0,0,0,0,0,0,0,0,0,7
280094,1,1,1982,24,8,0,12,15,28,12,12,18,16
280095,1,1,1982,10,14,33,18,0,18,15,9,31,26
280096,1,1,1982,21,21,21,21,21,21,21,21,21,21
280097,1,1,1982,30,30,30,30,30,30,30,30,30,30
280098,1,1,1982,0,0,0,0,0,0,0,0,0,0
280098,2,1,1982,14,11,11,15,11,0,28,11,8,24
280099,1,1,1982,0,1,0,6,11,0,18,0,0,0
280099,2,1,1982,0,0,0,0,0,0,0,0,0,0
280100,1,1,1982,15,15,15,15,15,15,15,15,15,15
280101,1,1,1982,19,8,18,17,0,0,0,0,14,25
280102,1,1,1982,0,0,0,0,0,0,0,0,0,0
280102,2,1,1982,0,11,12,5,3,0,0,13,0,18
280103,1,1,1982,0,0,0,0,0,0,0,0,7,0
280104,1,1,1982,0,0,0,0,0,0,0,0,0,0
280104,2,1,1982,0,0,0,0,0,0,0,0,0,0
280105,1,1,1982,0,0,0,0,0,0,0,0,0,0
280106,1,1,1982,0,0,9,8,11,9,12,0,20,24
280107,0,1,1982,21,0,0,0,0,0,0,0,0,0
280107,1,1,1982,0,0,0,0,0,0,0,0,0,0
280108,1,1,1982,26,26,26,26,26,26,26,26,26,26
280109,0,1,1982,0,18,0,23,14,19,0,14,17,25
280109,1,1,1982,0,0,0,0,0,0,4,0,0,0
280110,1,1,1982,0,0,0,0,0,0,0,0,0,0
280110,2,1,1982,0,0,0,0,0,0,0,0,0,0
280111,1,1,1982,20,23,7,0,29,8,10,14,5,20
280111,2,1,1982,0,0,0,0,0,0,0,0,0,0
280112,1,1,1982,9,29,32,23,19,9,34,18,0,14
280113,0,1,1982,0,0,0,0,0,0,0,0,0,0
280113,1,1,1982,0,0,0,0,0,0,0,0,0,0
280114,1,1,1982,0,0,0,0,0,0,0,0,0,0
280115,1,1,1982,0,0,0,13,0,0,0,0,0,0
280116,1,1,1982,0,0,0,0,0,0,0,0,20,7
280117,0,1,1982,26,0,17,0,0,0,0,11,0,0
280117,1,1,1982,0,0,0,12,5,0,0,0,0,0
280117,2,1,1982,0,0,0,0,0,0,0,0,0,0
280118,1,1,1982,0,21,23,0,11,0,0,24,21,11
280119,1,1,1982,0,0,0,0,0,0,0,0,0,0
280119,2,1,1982,0,0,0,13,0,0,0,0,0,0
280120,1,1,1982,17,18,18,10,7,17,32,20,10,16
280121,0,1,1982,35,16,20,18,5,20,23,15,17,5
280121,1,1,1982,0,0,0,0,0,0,0,0,0,0
280122,1,1,1982,5,23,20,17,17,6,21,20,18,39
280123,1,1,1982,0,0,0,0,0,5,0,0,10,0
280123,2,1,1982,16,36,7,0,21,18,18,15,7,19
280124,1,1,1982,0,0,0,0,0,0,0,0,0,0
280124,2,1,1982,9,19,0,13,10,15,12,9,16,0
280125,1,1,1982,0,0,0,0,0,0,0,0,4,0
280125,2,1,1982,0,0,0,0,0,0,0,30,0,8
280126,1,1,1982,21,15,31,9,8,28,15,22,21,21
280127,1,1,1982,17,0,20,0,0,0,16,0,0,0
280127,2,1,1982,0,0,0,0,0,0,0,0,0,0
280128,1,1,1982,0,15,0,16,32,0,19,7,15,9
280128,2,1,1982,0,0,0,0,0,0,0,0,0,0
280129,1,1,1982,0,0,17,7,0,6,17,24,13,14
280130,1,1,1982,28,25,26,19,23,22,17,0,12,18
280131,1,1,1982,0,0,0,0,0,0,0,0,0,0
280131,2,1,1982,0,0,0,0,0,0,23,0,6,0
280132,1,1,1982,0,0,0,0,0,0,0,0,0,0
280132,2,1,1982,0,0,14,4,0,0,14,20,19,0
280133,1,1,1982,0,0,0,0,0,0,0,0,0,0
280133,2,1,1982,0,0,0,0,0,0,0,0,0,0
280134,1,1,1982,0,20,11,17,21,0,0,9,0,26
280134,2,1,1982,0,16,16,11,9,16,0,0,0,0
280135,1,1,1982,17,17,17,17,17,17,17,17,17,17
280136,0,1,1982,38,38,38,38,38,38,38,38,38,38
280136,1,1,1982,21,0,0,0,0,0,0,0,0,0
280137,1,1,1982,0,0,0,0,0,0,0,0,0,0
280137,2,1,1982,15,29,21,7,8,9,0,12,19,0
280138,1,1,1982,0,25,19,15,4,13,26,23,0,0
280139,1,1,1982,18,11,0,8,15,18,14,16,15,28
280139,2,1,1982,0,0,0,0,0,0,0,0,0,0
280140,1,1,1982,0,0,28,0,0,0,0,0,0,23
280140,2,1,1982,25,25,25,25,25,25,25,25,25,25
280141,1,1,1982,0,8,12,0,0,0,0,26,0,20
280142,1,1,1982,0,0,0,0,0,0,0,0,0,0
280142,2,1,1982,17,13,29,24,27,18,13,14,26,16
280144,1,1,1982,6,0,12,0,0,0,0,0,0,0
280144,2,1,1982,0,0,0,0,0,0,0,0,0,0
280145,1,1,1982,0,19,20,0,27,19,0,17,0,0
280145,2,1,1982,0,11,0,9,6,0,0,0,0,4
280146,1,1,1982,24,21,10,5,15,23,22,21,20,11
280146,2,1,1982,0,0,0,0,0,0,0,0,0,0
280147,1,1,1982,0,0,0,0,0,0,0,0,0,0
280148,1,1,1982,18,8,24,0,17,11,0,15,10,32
280149,1,1,1982,0,0,0,0,0,0,0,0,0,0
280149,2,1,1982,25,25,25,25,25,25,25,25,25,25
280150,1,1,1982,19,0,24,0,17,0,18,17,17,44
280151,1,1,1982,3,16,19,23,0,15,0,12,0,7
280152,1,1,1982,19,0,0,17,23,0,0,30,25,24
280153,1,1,1982,0,15,23,11,17,32,0,8,0,0
280153,2,1,1982,15,6,41,16,13,0,10,0,0,13
280154,1,1,1982,0,0,12,6,0,0,0,11,7,0
280155,1,1,1982,0,0,0,0,0,0,0,0,0,0
280155,2,1,1982,0,0,0,0,0,0,0,0,0,0
280156,1,1,1982,0,0,0,0,0,0,0,0,0,0
280156,2,1,1982,0,0,0,0,0,0,0,0,0,0
280157,1,1,1982,28,0,21,27,15,17,0,0,0,0
280158,0,1,1982,27,16,27,39,19,8,26,28,17,0
280158,0,2,1982,7,8,6,29,14,15,0,12,0,3
280158,1,1,1982,23,23,23,23,23,23,23,23,23,23
280159,0,1,1982,11,0,0,0,0,0,0,19,10,0
280159,1,1,1982,12,12,12,20,15,20,22,2,0,21
280160,1,1,1982,0,13,27,0,26,0,18,0,26,0
280160,2,1,1982,0,0,0,0,0,0,0,0,0,0
280161,1,1,1982,0,0,0,0,0,0,0,0,0,0
280161,2,1,1982,0,0,0,0,0,0,0,0,0,0
280162,1,1,1982,0,0,0,15,0,25,0,8,0,0
280162,2,1,1982,0,0,0,0,0,0,0,0,0,0
280163,1,1,1982,0,0,0,0,0,0,0,0,0,0
280163,2,1,1982,13,26,9,19,33,18,14,29,12,2
280164,1,1,1982,0,0,0,0,0,0,0,0,0,0
280164,2,1,1982,0,0,0,0,0,0,0,0,0,0
280165,1,1,1982,19,36,14,0,6,20,15,12,17,13
280165,2,1,1982,0,29,0,15,17,0,25,0,0,13
280166,0,1,1982,0,0,0,0,0,0,0,0,0,0
280166,1,1,1982,0,4,0,0,0,0,0,0,0,0
280167,1,1,1982,0,0,9,21,0,13,13,30,16,22
280167,2,1,1982,0,0,19,22,0,0,23,0,0,0
280168,1,1,1982,12,12,12,12,12,12,12,12,12,12
280169,1,1,1982,0,0,0,0,0,0,0,0,0,0
280170,1,1,1982,0,16,0,27,5,0,0,0,0,21
280171,1,1,1982,0,0,0,0,0,0,0,0,0,0
280171,2,1,1982,0,0,0,0,0,0,0,0,0,0
280172,1,1,1982,18,15,16,11,0,10,20,0,25,0
280173,1,1,1982,15,16,12,21,2,0,22,12,0,26
280173,2,1,1982,12,0,22,13,9,19,12,26,23,8
280174,1,1,1982,23,25,15,0,0,0,0,12,0,0
280175,0,1,1982,21,19,14,15,17,9,12,13,38,21
280175,1,1,1982,0,19,13,9,13,6,6,18,29,9
280176,1,1,1982,0,0,0,0,4,0,0,0,13,0
280176,2,1,1982,6,12,12,4,7,14,10,12,15,15
280177,1,1,1982,29,17,22,25,0,17,15,0,0,0
280178,1,1,1982,3,6,7,6,9,13,0,16,4,4
280178,2,1,1982,13,0,22,27,19,15,7,43,10,36
280179,1,1,1982,8,0,16,24,21,24,20,44,22,6
280180,1,1,1982,18,16,22,16,24,21,14,14,23,10
280181,1,1,1982,0,8,11,0,0,0,0,0,0,0
280181,2,1,1982,15,22,0,20,0,35,0,25,9,0
280182,0,1,1982,0,0,0,0,0,0,0,0,0,0
280182,1,1,1982,0,0,0,0,0,0,0,0,0,0
280183,1,1,1982,17,15,10,36,23,18,2,16,26,32
280184,0,1,1982,9,32,28,16,24,9,9,30,23,17
280184,1,1,1982,0,0,0,10,11,0,0,0,0,0
280185,1,1,1982,17,17,17,17,17,17,17,17,17,17
280186,1,1,1982,0,0,0,0,0,0,0,0,0,0
280187,1,1,1982,7,23,20,13,15,21,11,24,32,7
280188,1,1,1982,25,18,11,20,24,13,26,0,14,17
280189,1,1,1982,0,0,0,0,0,0,0,6,0,0
280189,2,1,1982,0,0,0,0,0,0,0,0,0,0
280190,1,1,1982,36,5,17,12,22,17,19,20,9,23
280191,1,1,1982,16,8,17,15,0,11,0,0,0,0
280191,2,1,1982,0,0,0,0,0,0,0,0,0,10
280192,0,1,1982,0,0,0,0,0,0,0,15,0,0
280192,1,1,1982,0,0,0,0,0,0,0,0,11,16
280193,1,1,1982,0,24,0,7,21,0,15,0,28,20
280194,0,1,1982,0,0,19,0,0,0,0,0,0,0
280194,1,1,1982,0,0,0,0,7,22,0,0,12,0
280195,1,1,1982,0,0,0,0,0,22,0,0,0,5
280195,2,1,1982,0,0,0,0,0,0,0,14,0,0
280196,1,1,1982,3,31,0,18,9,13,22,12,0,0
280197,1,1,1982,11,0,12,13,0,12,12,26,10,7
280198,1,1,1982,0,0,0,0,13,0,0,0,0,0
280198,2,1,1982,0,0,0,0,0,0,0,0,24,0
280199,1,1,1982,0,0,0,0,0,0,0,0,0,0
280199,2,1,1982,0,0,0,0,0,0,0,0,0,0
280200,1,1,1982,0,19,9,12,26,11,0,7,18,7
280200,2,1,1982,0,0,5,0,0,9,0,0,17,0
280201,1,1,1982,0,0,0,0,0,0,0,0,0,0
280201,2,1,1982,0,0,0,0,0,0,0,0,0,0
280202,1,1,1982,19,22,31,21,15,33,19,25,23,20
280203,1,1,1982,17,10,16,0,23,0,0,0,20,0
280204,1,1,1982,0,0,26,24,23,10,14,29,0,21
280205,1,1,1982,0,0,0,0,0,0,0,0,0,0
280206,1,1,1982,0,4,0,0,0,0,0,0,0,0
280206,2,1,1982,0,0,11,10,0,19,0,13,0,20
280207,1,1,1982,0,0,0,17,0,0,0,0,0,0
280207,2,1,1982,0,0,0,0,0,0,0,0,0,0
280208,1,1,1982,17,15,14,18,11,7,29,9,2,22
280209,1,1,1982,0,0,0,0,2,0,2,0,0,0
280209,2,1,1982,0,0,4,28,0,23,0,5,22,0
280210,1,1,1982,0,0,4,0,27,0,0,0,0,0
280210,2,1,1982,0,0,23,0,19,0,0,0,0,0
280211,1,1,1982,16,12,0,0,14,0,0,9,23,0
280212,1,1,1982,9,0,3,0,0,0,5,0,0,0
280212,2,1,1982,0,0,0,0,0,0,0,0,0,0
280213,1,1,1982,18,11,25,16,19,0,19,23,18,0
280214,1,1,1982,0,0,0,0,0,5,0,0,0,9
280214,2,1,1982,0,0,0,0,15,0,13,0,0,0
280215,1,1,1982,0,0,0,0,0,0,0,0,0,0
280215,2,1,1982,0,0,0,0,0,0,0,0,0,0
280216,0,1,1982,0,0,0,0,0,0,0,0,0,0
280216,0,2,1982,0,0,0,0,0,0,0,0,0,0
280216,1,1,1982,0,0,0,0,0,0,23,0,0,0
280217,1,1,1982,13,0,0,18,0,10,9,0,0,6
280218,1,1,1982,16,0,17,18,14,3,20,17,0,9
280219,1,1,1982,0,11,0,25,0,0,0,0,0,0
280220,1,1,1982,0,0,16,0,0,10,0,0,0,9
280220,2,1,1982,0,0,0,0,0,0,0,0,0,0
280220,3,1,1982,0,0,0,0,0,0,0,0,0,0
280221,1,1,1982,0,0,0,0,0,0,0,0,0,0
280222,1,1,1982,0,0,0,0,0,0,0,0,0,0
280222,2,1,1982,0,0,0,0,0,0,0,0,0,0
280223,1,1,1982,9,15,11,32,24,14,17,22,16,21
280224,0,1,1982,0,0,0,0,0,0,0,0,0,0
280224,1,1,1982,0,0,0,0,0,0,0,0,0,0
280225,1,1,1982,0,0,0,0,0,0,0,0,0,0
280226,1,1,1982,0,0,0,27,0,0,0,0,0,0
280226,2,1,1982,0,0,0,0,0,0,0,0,0,0
280227,1,1,1982,0,0,0,0,0,0,0,0,0,0
280227,2,1,1982,0,0,0,0,0,0,0,0,0,0
280228,1,1,1982,20,20,20,20,20,20,20,20,20,20
280229,0,1,1982,0,0,0,0,0,0,0,0,0,0
280229,1,1,1982,0,0,0,0,0,0,0,0,0,0
280230,1,1,1982,23,0,16,26,28,0,21,0,18,13
280231,0,1,1982,13,37,0,24,19,25,23,25,35,16
280231,1,1,1982,0,0,0,0,0,0,0,0,0,0
280232,1,1,1982,5,27,10,19,16,17,14,22,11,30
280233,1,1,1982,10,0,12,0,8,0,0,10,0,13
280233,2,1,1982,0,17,0,0,0,0,0,0,0,0
280234,1,1,1982,0,0,0,0,0,13,0,0,13,0
280235,1,1,1982,5,0,0,0,0,0,0,0,0,0
280235,2,1,1982,0,0,20,0,0,11,16,12,24,0
280236,1,1,1982,0,0,0,0,0,0,0,0,0,0
280236,2,1,1982,16,0,8,23,13,0,0,12,0,0
280237,1,1,1982,0,5,3,6,18,17,10,17,20,4
280237,2,1,1982,0,0,0,0,0,0,0,0,0,0
280237,3,1,1982,0,0,0,0,0,0,0,0,0,0
280238,1,1,1982,0,0,0,0,0,4,0,7,0,14
280239,0,1,1982,12,13,15,18,20,27,23,9,15,30
280239,1,1,1982,8,19,0,0,0,13,8,0,6,11
280240,1,1,1982,10,10,10,10,10,10,10,10,10,10
280240,2,1,1982,20,0,0,4,23,0,0,2,0,6
280241,1,1,1982,17,24,19,15,22,18,11,15,21,7
280241,2,1,1982,0,0,0,6,0,0,0,0,0,0
280242,1,1,1982,13,13,13,13,13,13,13,13,13,13
280242,2,1,1982,0,0,0,14,6,0,0,14,0,0
280242,3,1,1982,0,4,0,0,0,0,0,0,0,0
280243,1,1,1982,26,26,26,26,26,26,26,26,26,26
280243,2,1,1982,0,0,0,0,0,0,0,0,0,0
280244,1,1,1982,25,36,12,8,0,11,34,0,9,14
280245,1,1,1982,25,0,0,11,16,21,6,21,21,9
280246,1,1,1982,21,0,21,0,0,0,0,0,0,0
280246,2,1,1982,0,0,0,0,0,0,0,0,0,0
280247,1,1,1982,0,0,0,0,0,0,0,0,0,0
280247,2,1,1982,0,0,0,0,0,0,0,0,0,0
280248,0,1,1982,20,12,40,20,23,24,27,22,41,27
280248,1,1,1982,0,0,0,9,0,0,0,0,0,0
280249,1,1,1982,0,0,0,0,0,0,0,0,0,0
280249,2,1,1982,0,0,0,0,0,0,0,0,0,0
280250,1,1,1982,11,0,0,0,0,0,0,0,0,0
280250,2,1,1982,0,0,0,0,0,0,0,0,0,0
280251,1,1,1982,26,0,0,0,0,0,0,0,0,0
280252,1,1,1982,14,24,14,16,20,38,21,24,17,19
280253,1,1,1982,14,3,19,17,12,18,11,20,7,20
280254,1,1,1982,36,14,11,10,32,20,12,0,11,28
280255,1,1,1982,12,0,18,0,0,0,0,0,0,17
280256,1,1,1982,9,26,11,22,17,15,24,29,22,24
280257,1,1,1982,10,0,0,0,0,0,0,7,0,0
280257,2,1,1982,22,0,5,10,0,0,5,0,0,6
280258,1,1,1982,0,0,23,0,2,18,0,15,0,0
280258,2,1,1982,18,0,29,26,14,14,0,8,11,21
280259,1,1,1982,0,0,0,0,0,0,0,0,0,0
280260,1,1,1982,23,0,11,15,0,11,18,22,9,31
280261,1,1,1982,0,0,0,0,0,27,25,0,0,0
280261,2,1,1982,14,21,21,17,9,35,11,13,20,27
280262,0,1,1982,29,14,0,21,9,30,32,11,21,19
280262,1,1,1982,0,0,6,0,5,13,0,10,29,6
280263,1,1,1982,13,9,26,4,9,19,9,26,22,13
280264,1,1,1982,0,15,15,16,0,42,0,0,7,14
280265,1,1,1982,0,0,0,0,0,0,0,0,0,0
280265,2,1,1982,19,3,5,0,18,15,22,12,5,5
280266,1,1,1982,18,18,18,18,18,18,18,18,18,18
280267,1,1,1982,14,24,18,0,0,0,24,0,0,0
280267,2,1,1982,0,0,0,11,0,23,0,0,0,15
280268,1,1,1982,32,37,0,0,19,18,0,0,0,20
280269,1,1,1982,26,10,23,20,0,19,24,17,12,7
280270,1,1,1982,15,6,19,8,0,23,20,3,21,14
280271,1,1,1982,0,0,0,0,0,0,0,0,0,0
280271,2,1,1982,0,0,0,0,0,0,0,0,0,0
280272,1,1,1982,6,41,28,9,16,20,14,0,0,8
280273,1,1,1982,13,18,16,31,16,37,0,18,24,21
280274,1,1,1982,15,0,0,0,0,14,0,0,9,20
280275,1,1,1982,0,0,0,0,0,23,0,0,0,0
280275,2,1,1982,0,20,0,0,0,0,0,0,0,0
280276,1,1,1982,0,0,0,0,29,0,30,0,0,0
280277,0,1,1982,0,0,0,0,0,0,0,0,0,0
280277,1,1,1982,0,0,0,0,0,0,0,0,0,0
280278,1,1,1982,16,14,0,0,0,0,0,16,0,0
280279,1,1,1982,0,10,0,0,16,0,0,0,0,0
280279,2,1,1982,0,0,0,27,0,36,0,0,0,0
280280,0,1,1982,0,0,0,0,0,29,0,0,0,0
280280,0,2,1982,31,25,0,26,0,0,0,0,0,0