ST_CASE,VEH_NO,PER_NO,YEAR,P1,P2,P3,P4,P5,P6,P7,P8,P9,P10
280280,1,1,1982,24,16,15,0,11,24,14,26,17,14
280281,1,1,1982,0,0,0,7,0,0,0,0,0,0
280281,2,1,1982,0,0,0,0,0,0,0,0,0,0
280282,1,1,1982,0,15,0,28,16,11,0,17,20,0
280282,2,1,1982,19,0,0,8,0,0,13,0,19,15
280283,1,1,1982,9,21,35,11,22,19,5,39,21,15
280283,2,1,1982,15,11,23,11,16,20,9,34,12,14
280284,1,1,1982,25,27,14,27,19,17,28,22,0,0
280285,1,1,1982,0,0,13,0,0,0,0,0,0,0
280285,2,1,1982,0,13,0,0,8,0,0,0,0,0
280286,1,1,1982,25,12,18,3,0,22,16,20,0,0
280286,2,1,1982,0,0,0,0,0,0,0,0,0,0
280287,0,1,1982,19,38,15,18,0,19,35,15,6,45
280287,1,1,1982,14,11,0,0,0,10,0,16,0,0
280288,0,1,1982,10,21,0,14,0,0,12,14,0,6
280288,1,1,1982,17,0,0,0,6,27,0,11,10,7
280289,1,1,1982,0,18,0,0,0,0,0,0,0,0
280289,2,1,1982,15,0,17,0,0,0,0,18,0,22
280289,3,1,1982,0,0,0,0,0,0,0,0,16,0
280290,1,1,1982,0,0,0,0,0,0,0,0,7,0
280291,1,1,1982,16,18,13,3,18,17,17,7,0,5
280291,2,1,1982,0,0,0,16,0,0,0,0,0,0
280292,1,1,1982,42,14,32,13,26,24,30,22,24,9
280293,1,1,1982,0,0,0,0,0,0,0,0,0,0
280293,2,1,1982,0,0,0,0,0,0,0,0,0,0
280294,0,1,1982,7,7,7,7,7,7,7,7,7,7
280294,1,1,1982,0,0,0,12,0,0,0,0,0,0
280295,1,1,1982,0,0,0,0,19,9,0,16,9,0
280295,2,1,1982,0,0,0,0,0,0,0,0,0,0
280296,1,1,1982,0,0,6,0,0,0,0,0,0,0
280296,2,1,1982,18,12,8,26,0,21,21,11,0,27
280297,0,1,1982,11,22,21,23,29,31,60,38,18,26
280297,1,1,1982,15,0,23,0,0,5,0,0,11,0
280298,1,1,1982,25,9,14,4,18,17,9,20,0,15
280299,1,1,1982,27,12,16,27,16,17,0,25,23,22
280300,0,1,1982,17,29,14,26,28,0,28,0,0,0
280300,1,1,1982,11,21,12,26,16,9,22,0,13,18
280301,1,1,1982,0,9,27,0,0,0,0,0,13,25
280302,1,1,1982,23,23,23,23,23,23,23,23,23,23
280303,1,1,1982,21,36,0,6,14,16,8,5,19,25
280304,0,1,1982,0,0,0,0,0,32,20,0,40,26
280304,1,1,1982,29,16,5,23,16,14,34,7,24,29
280305,1,1,1982,0,0,0,0,0,0,0,11,0,0
280305,2,1,1982,0,0,0,0,0,0,0,0,0,0
280306,1,1,1982,0,22,0,0,0,0,0,0,0,0
280307,1,1,1982,18,23,16,27,6,9,19,19,9,19
280307,2,1,1982,0,4,0,0,0,0,0,0,0,0
280307,3,1,1982,0,0,0,0,0,0,0,0,11,0
280307,4,1,1982,14,0,0,0,0,0,0,0,0,0
280308,1,1,1982,15,0,30,19,24,26,21,17,13,0
280309,1,1,1982,0,7,0,0,0,4,0,0,0,0
280309,2,1,1982,0,0,0,0,0,0,0,0,0,0
280310,1,1,1982,0,0,0,0,0,0,0,0,0,0
280310,2,1,1982,0,0,0,0,0,0,0,0,0,0
280311,1,1,1982,0,0,0,0,0,12,0,0,0,0
280311,2,1,1982,0,0,0,0,0,0,0,0,0,0
280312,1,1,1982,24,0,15,15,19,27,0,0,8,34
280312,2,1,1982,0,0,0,0,0,0,0,0,0,0
280312,3,1,1982,0,0,0,0,0,0,0,0,0,0
280313,1,1,1982,12,17,21,0,13,8,21,25,35,23
280313,2,1,1982,0,0,0,0,0,5,0,0,11,6
280314,1,1,1982,18,24,7,18,8,16,40,19,0,15
280314,2,1,1982,0,0,0,0,0,0,0,0,0,8
280315,1,1,1982,0,18,0,0,0,0,0,0,0,33
280315,2,1,1982,0,0,0,23,23,0,7,0,0,0
280316,1,1,1982,0,0,0,0,0,0,22,0,0,0
280316,2,1,1982,0,3,0,0,0,0,0,0,0,0
280317,1,1,1982,0,0,0,0,0,0,0,0,0,0
280318,1,1,1982,19,16,12,9,10,21,24,16,19,27
280319,1,1,1982,0,0,0,0,0,13,0,0,0,0
280319,2,1,1982,0,0,0,0,0,0,0,0,0,0
280320,1,1,1982,38,16,34,29,40,13,22,38,39,35
280321,1,1,1982,16,16,16,16,16,16,16,16,16,16
280322,1,1,1982,0,0,0,0,0,0,0,0,0,0
280322,2,1,1982,0,0,0,0,0,0,0,0,0,0
280323,1,1,1982,18,16,17,18,12,16,21,26,31,14
280324,0,1,1982,0,0,0,0,0,0,0,0,0,0
280324,1,1,1982,0,11,0,0,0,0,0,0,0,0
280325,1,1,1982,0,0,0,0,0,0,0,0,0,0
280325,2,1,1982,0,31,13,0,0,14,18,26,0,20
280326,1,1,1982,0,15,31,13,25,21,15,43,17,15
280327,1,1,1982,0,0,0,0,0,0,0,0,0,0
280328,0,1,1982,5,3,0,0,0,0,0,0,0,16
280328,1,1,1982,0,0,0,22,0,0,0,28,0,0
280329,1,1,1982,0,0,0,0,0,0,0,0,0,11
280329,2,1,1982,21,0,0,4,0,23,0,0,0,0
280330,1,1,1982,24,0,17,0,16,23,23,15,17,12
280330,2,1,1982,9,0,0,0,8,0,0,18,10,0
280331,1,1,1982,6,0,0,0,0,0,12,27,0,0
280331,2,1,1982,11,0,0,10,0,10,0,0,0,0
280332,1,1,1982,12,0,0,0,0,0,0,0,0,0
280333,0,1,1982,0,24,24,2,16,0,0,45,11,27
280333,1,1,1982,0,0,0,0,0,0,0,0,0,0
280334,1,1,1982,11,3,0,30,21,30,17,34,29,22
280335,1,1,1982,0,11,13,0,10,25,11,0,0,0
280336,1,1,1982,0,0,0,0,0,0,0,0,0,0
280336,2,1,1982,0,0,0,0,0,6,0,0,0,0
280337,1,1,1982,0,17,17,20,27,18,45,27,37,11
280338,1,1,1982,0,0,12,15,9,9,11,18,0,11
280338,2,1,1982,8,8,8,8,8,8,8,8,8,8
280338,3,1,1982,0,0,0,0,0,14,4,0,0,0
280339,1,1,1982,0,16,0,0,20,0,0,0,20,0
280340,1,1,1982,27,0,0,0,0,0,0,0,0,0
280340,2,1,1982,0,12,0,16,0,0,12,10,0,26
280341,1,1,1982,0,14,0,0,24,0,0,9,0,0
280342,1,1,1982,11,35,22,11,29,27,18,38,43,16
280343,0,1,1982,0,0,0,0,0,27,0,14,0,0
280343,1,1,1982,0,0,0,0,0,0,0,0,0,0
280344,1,1,1982,0,0,0,0,0,0,0,0,0,0
280345,1,1,1982,0,0,0,0,0,0,0,0,23,0
280345,2,1,1982,11,17,0,24,0,0,11,14,12,0
280346,0,1,1982,0,6,0,0,0,0,0,0,0,0
280346,1,1,1982,0,7,0,0,5,0,19,0,0,0
280347,1,1,1982,0,0,10,0,0,0,0,0,0,0
280347,2,1,1982,0,0,0,0,0,0,0,0,0,0
280348,1,1,1982,18,26,19,9,29,20,0,21,12,10
280349,1,1,1982,0,0,0,0,0,0,19,0,0,0
280350,0,1,1982,11,24,13,0,30,17,17,9,0,2
280350,1,1,1982,0,0,0,0,0,0,0,0,0,0
280351,0,1,1982,25,23,8,10,20,18,30,0,23,43
280351,1,1,1982,0,0,0,0,0,0,0,11,0,0
280352,0,1,1982,17,23,25,0,19,38,20,24,13,0
280352,1,1,1982,7,28,25,22,16,14,6,30,12,20
280353,1,1,1982,19,14,12,12,0,23,13,13,27,21
280354,1,1,1982,0,0,0,0,0,0,0,0,0,0
280354,2,1,1982,0,0,0,0,0,0,0,0,0,0
280355,1,1,1982,0,0,0,0,0,0,0,0,0,0
280355,2,1,1982,0,28,0,17,0,0,0,8,31,0
280356,1,1,1982,15,0,0,0,0,0,14,0,12,4
280356,2,1,1982,0,0,0,0,0,0,0,0,0,0
280357,1,1,1982,0,0,0,5,0,0,0,0,0,0
280357,2,1,1982,0,0,0,0,0,0,0,0,0,0
280358,1,1,1982,0,0,0,0,0,0,0,0,0,0
280358,2,1,1982,0,0,0,0,0,3,0,0,0,0
280358,3,1,1982,0,0,0,0,0,0,0,0,0,0
280359,0,1,1982,0,0,7,0,32,12,0,0,19,5
280359,1,1,1982,0,0,0,0,0,0,0,0,0,0
280360,1,1,1982,0,0,0,0,0,0,0,0,0,0
280360,2,1,1982,0,0,16,0,0,0,0,9,0,0
280361,1,1,1982,0,0,0,0,0,0,0,0,0,0
280362,1,1,1982,5,32,18,17,11,13,10,27,32,21
280363,1,1,1982,15,0,0,11,11,14,27,0,11,9
280363,2,1,1982,0,0,0,0,4,0,17,0,0,0
280363,3,1,1982,0,0,0,0,0,0,0,0,0,0
280364,0,1,1982,26,10,0,20,0,12,0,0,0,21
280364,1,1,1982,23,19,0,0,0,0,0,0,14,28
280365,1,1,1982,0,0,0,0,0,0,0,0,0,0
280366,0,1,1982,18,4,0,11,14,0,0,0,0,6
280366,0,2,1982,0,0,0,0,0,0,30,0,0,0
280366,1,1,1982,0,16,20,12,23,10,8,32,10,10
280367,1,1,1982,18,23,0,19,14,24,27,28,14,13
280368,1,1,1982,0,0,0,0,0,0,5,0,0,0
280368,2,1,1982,0,0,0,0,24,0,0,0,0,0
280369,0,1,1982,17,17,17,17,17,17,17,17,17,17
280369,1,1,1982,0,0,0,0,0,0,0,0,0,0
280370,1,1,1982,17,14,25,17,23,30,11,27,17,9
280371,1,1,1982,14,23,0,0,18,0,14,5,8,0
280371,2,1,1982,8,25,6,11,0,0,0,0,35,12
280372,1,1,1982,13,0,0,15,0,0,0,0,35,18
280373,1,1,1982,0,0,0,0,0,0,0,0,0,0
280373,2,1,1982,0,0,0,0,0,17,0,0,0,10
280373,3,1,1982,0,0,0,0,0,0,0,0,0,0
280374,1,1,1982,0,12,0,0,0,12,17,0,17,0
280375,1,1,1982,0,0,16,0,0,0,26,0,0,26
280376,1,1,1982,0,0,0,0,16,0,0,0,0,0
280377,1,1,1982,0,0,0,18,0,0,0,20,0,0
280378,1,1,1982,13,0,0,8,0,0,0,0,0,14
280378,2,1,1982,28,14,0,27,0,16,5,13,3,0
280379,1,1,1982,0,0,0,5,0,0,0,0,0,0
280379,2,1,1982,0,0,0,0,6,0,0,0,0,0
280380,1,1,1982,0,0,0,0,0,0,0,0,0,0
280380,2,1,1982,0,0,0,0,0,0,0,0,0,0
280381,1,1,1982,11,12,0,0,0,0,7,0,0,0
280382,1,1,1982,21,21,21,21,21,21,21,21,21,21
280383,1,1,1982,0,0,17,0,0,16,24,18,14,19
280383,2,1,1982,0,0,0,8,0,0,5,0,8,6
280384,1,1,1982,0,0,0,0,0,0,0,0,0,0
280384,2,1,1982,0,0,0,0,0,14,0,15,0,0
280385,0,1,1982,0,0,0,0,0,0,11,0,0,0
280385,1,1,1982,0,0,0,0,0,0,0,0,0,0
280386,1,1,1982,0,0,0,0,0,0,0,0,0,3
280386,2,1,1982,0,0,0,0,0,0,0,0,0,0
280387,1,1,1982,3,17,24,15,12,22,0,13,15,11
280388,1,1,1982,0,0,0,0,0,0,0,0,0,0
280388,2,1,1982,0,0,0,0,0,0,0,0,11,0
280389,0,1,1982,25,25,25,25,25,25,25,25,25,25
280389,1,1,1982,4,4,4,4,4,4,4,4,4,4
280390,1,1,1982,0,0,0,0,0,0,0,0,0,0
280391,0,1,1982,0,0,0,0,0,0,0,0,0,0
280391,1,1,1982,0,0,0,0,0,6,0,0,0,0
280392,1,1,1982,10,10,17,23,25,24,0,18,14,20
280393,1,1,1982,0,8,0,22,0,0,12,0,0,0
280394,1,1,1982,0,0,0,0,0,0,0,0,0,0
280394,2,1,1982,0,0,0,0,0,0,0,0,8,0
280395,1,1,1982,21,21,14,22,9,17,0,15,5,19
280396,1,1,1982,0,0,0,0,0,0,0,0,0,0
280396,2,1,1982,0,0,15,0,0,0,0,0,0,0
280397,1,1,1982,0,0,0,0,0,0,0,0,0,0
280397,2,1,1982,13,7,16,0,15,13,11,17,24,6
280398,1,1,1982,0,0,0,0,0,0,0,0,17,23
280398,2,1,1982,0,0,0,0,0,0,0,0,0,0
280399,1,1,1982,7,0,0,27,11,0,39,23,26,8
280400,1,1,1982,0,0,0,0,0,0,0,0,0,0
280400,2,1,1982,0,0,0,0,0,0,0,0,0,0
280401,1,1,1982,0,0,18,0,0,0,0,0,0,0
280401,2,1,1982,22,14,19,27,13,17,3,22,13,14
280402,1,1,1982,21,8,0,19,11,0,0,10,0,13
280402,2,1,1982,10,11,18,34,15,3,0,20,4,0
280403,1,1,1982,23,23,23,23,23,23,23,23,23,23
280404,1,1,1982,8,22,23,6,20,13,11,4,6,6
280404,2,1,1982,16,15,28,13,28,0,8,12,13,7
280405,1,1,1982,28,28,28,28,28,28,28,28,28,28
280406,1,1,1982,0,17,0,9,0,0,14,0,12,21
280407,1,1,1982,22,24,26,12,13,12,21,21,0,25
280408,1,1,1982,0,29,0,0,23,18,17,26,34,0
280409,1,1,1982,0,0,0,0,0,13,0,0,0,0
280409,2,1,1982,0,0,0,0,0,0,0,0,0,0
280410,1,1,1982,0,0,0,0,0,0,0,0,0,0
280410,2,1,1982,0,0,7,0,0,0,0,0,0,0
280411,0,1,1982,0,0,0,0,0,0,0,0,0,0
280411,1,1,1982,0,0,0,0,0,0,0,0,22,0
280412,0,1,1982,0,21,0,13,24,0,0,12,38,0
280412,1,1,1982,0,0,0,0,0,0,0,0,0,0
280413,1,1,1982,0,22,12,0,23,12,20,19,22,12
280414,0,1,1982,0,4,0,0,0,0,0,0,0,0
280414,1,1,1982,0,0,0,0,0,0,0,0,0,0
280415,1,1,1982,21,19,0,19,3,29,22,22,22,29
280416,1,1,1982,0,0,0,0,0,0,0,0,0,0
280416,2,1,1982,0,0,0,0,0,0,0,0,0,0
280417,1,1,1982,27,17,26,12,11,13,16,0,18,23
280418,1,1,1982,0,0,0,0,0,0,0,0,0,5
280418,2,1,1982,0,0,0,0,0,0,0,0,0,0
280419,1,1,1982,30,19,0,34,0,30,15,14,9,34
280420,1,1,1982,0,0,0,3,0,18,0,0,10,0
280420,2,1,1982,0,0,20,0,15,17,0,0,0,0
280421,1,1,1982,22,22,22,22,22,22,22,22,22,22
280422,1,1,1982,0,0,0,0,0,0,0,0,0,0
280422,2,1,1982,0,0,0,0,0,0,0,0,0,0
280423,1,1,1982,0,0,0,0,0,0,0,0,0,0
280423,2,1,1982,0,37,11,0,16,3,15,5,0,0
280424,1,1,1982,30,26,8,24,33,36,25,21,13,17
280425,1,1,1982,11,8,18,7,18,24,25,9,4,11
280426,1,1,1982,0,14,8,0,21,27,17,17,22,6
280427,1,1,1982,0,16,0,0,0,0,18,0,8,22
280427,2,1,1982,0,0,0,23,0,0,16,0,0,0
280427,3,1,1982,0,20,13,0,0,16,7,0,0,0
280428,1,1,1982,21,21,21,21,21,21,21,21,21,21
280429,1,1,1982,0,0,8,15,19,0,0,10,20,0
280430,0,1,1982,31,23,0,21,18,18,18,14,27,18
280430,1,1,1982,0,0,0,0,0,0,0,0,0,0
280431,1,1,1982,0,0,0,0,0,0,0,0,7,0
280432,1,1,1982,23,0,0,22,0,32,30,0,8,10
280432,2,1,1982,0,0,0,0,0,0,0,0,0,0
280433,1,1,1982,15,16,36,23,23,0,23,17,26,20
280434,0,1,1982,0,10,17,0,21,38,11,20,19,25
280434,1,1,1982,0,12,0,0,0,0,0,0,0,0
280435,1,1,1982,0,22,0,0,20,19,15,12,0,0
280436,0,1,1982,32,10,31,49,18,23,17,19,27,20
280436,1,1,1982,12,12,12,12,12,12,12,12,12,12
280437,1,1,1982,19,0,4,35,0,0,0,20,0,16
280438,1,1,1982,29,13,10,0,25,18,0,7,13,0
280439,1,1,1982,0,21,16,13,0,23,0,11,10,16
280440,1,1,1982,22,21,14,6,11,24,18,13,8,6
280440,2,1,1982,0,0,0,0,0,0,0,0,14,0
280441,1,1,1982,0,0,15,0,0,0,0,0,0,0
280441,2,1,1982,27,24,19,19,16,12,40,0,21,7
280442,0,1,1982,0,0,0,16,25,17,49,26,16,0
280442,1,1,1982,14,6,24,0,0,27,19,0,0,0
280443,1,1,1982,6,6,6,6,6,6,6,6,6,6
280444,1,1,1982,15,13,11,15,17,21,16,17,7,10
280445,0,1,1982,24,23,18,0,0,0,4,14,12,16
280445,1,1,1982,14,14,14,14,14,14,14,14,14,14
280446,1,1,1982,0,0,0,0,0,0,0,0,0,0
280446,2,1,1982,14,0,0,0,0,0,10,0,0,0
280447,0,1,1982,0,0,0,0,0,0,0,0,0,0
280447,1,1,1982,0,0,0,0,0,0,0,0,0,0
280448,1,1,1982,23,23,23,23,23,23,23,23,23,23
280449,1,1,1982,0,0,0,0,0,0,0,0,0,0
280449,2,1,1982,15,13,0,11,0,17,26,11,28,8
280450,1,1,1982,0,0,0,0,0,0,0,0,0,0
280450,2,1,1982,0,0,14,0,0,0,0,0,0,0
280451,1,1,1982,0,7,0,9,13,10,0,0,13,0
280451,2,1,1982,0,0,0,0,0,0,11,0,0,0
280452,1,1,1982,17,20,30,17,9,27,18,33,28,19
280453,1,1,1982,0,11,2,6,11,7,22,7,0,10
280453,2,1,1982,0,0,0,0,12,23,14,0,10,5
280454,1,1,1982,22,8,0,16,8,15,12,0,0,12
280454,2,1,1982,16,0,0,0,19,11,0,0,0,0
280455,1,1,1982,20,12,31,15,0,13,3,30,0,16
280456,0,1,1982,9,19,0,30,34,9,0,0,16,14
280456,1,1,1982,0,0,0,0,0,0,0,19,0,0
280457,1,1,1982,0,29,18,20,17,24,20,17,20,22
280458,0,1,1982,22,13,30,23,15,24,10,28,25,17
280458,1,1,1982,0,0,0,0,0,0,0,0,0,0
280459,0,1,1982,0,21,0,0,0,0,0,36,0,19
280459,1,1,1982,20,22,10,10,0,37,6,14,4,20
280460,1,1,1982,11,25,10,14,13,25,11,20,28,7
280461,1,1,1982,0,16,6,15,21,12,3,14,12,0
280461,2,1,1982,0,0,3,14,19,0,0,9,12,8
280462,1,1,1982,14,0,12,24,0,22,30,5,18,6
280463,1,1,1982,0,0,0,0,16,0,0,0,0,0
280464,1,1,1982,0,0,0,0,0,0,0,0,0,0
280464,2,1,1982,20,20,20,20,20,20,20,20,20,20
280465,1,1,1982,0,0,0,0,0,0,30,0,0,0
280465,2,1,1982,0,0,0,0,0,0,0,0,0,0
280466,1,1,1982,17,17,13,0,19,0,7,18,8,0
280467,1,1,1982,0,0,0,0,0,0,0,0,0,0
280467,2,1,1982,0,0,7,0,0,0,0,0,0,0
280468,1,1,1982,8,0,0,24,0,15,0,0,0,0
280469,1,1,1982,13,18,27,18,13,12,8,20,0,7
280470,1,1,1982,0,0,0,0,0,0,0,0,0,6
280470,2,1,1982,10,0,0,0,0,0,0,0,19,0
280470,3,1,1982,0,0,0,20,0,0,0,0,0,24
280471,0,1,1982,0,0,0,0,0,0,0,0,0,0
280471,1,1,1982,0,0,0,0,0,0,0,0,0,0
280472,0,1,1982,13,0,6,17,11,15,9,25,6,7
280472,1,1,1982,0,0,0,0,0,0,0,13,0,0
280473,1,1,1982,0,0,0,0,0,0,0,0,0,0
280473,2,1,1982,0,0,0,0,0,0,0,0,0,0
280473,3,1,1982,0,0,0,0,0,0,0,0,0,24
280474,0,1,1982,34,0,0,39,27,41,38,30,12,12
280474,1,1,1982,0,0,7,15,0,17,0,23,33,14
280475,1,1,1982,0,0,0,0,0,0,0,0,0,0
280475,2,1,1982,0,0,0,0,0,0,0,0,0,0
280476,0,1,1982,0,0,0,24,0,0,0,30,0,0
280476,1,1,1982,23,0,13,31,0,0,0,0,0,20
280477,1,1,1982,14,9,6,21,0,19,13,12,17,8
280478,1,1,1982,9,21,0,20,26,8,0,0,0,5
280479,1,1,1982,18,15,8,14,18,24,18,38,17,20
280479,2,1,1982,29,18,0,0,8,0,24,12,0,10
280480,1,1,1982,19,20,0,0,25,29,27,15,0,19
280481,1,1,1982,19,0,23,20,10,25,12,0,22,0
280482,1,1,1982,18,0,28,7,24,9,28,29,11,9
280482,2,1,1982,14,0,0,10,10,6,12,4,16,0
280483,1,1,1982,0,14,22,5,0,21,6,0,0,0
280483,2,1,1982,10,10,10,10,10,10,10,10,10,10
280483,3,1,1982,19,5,7,0,0,0,11,0,0,0
280484,1,1,1982,0,0,27,16,19,0,10,8,0,30
280484,2,1,1982,0,0,0,0,0,0,0,0,0,0
280485,1,1,1982,0,19,0,0,0,0,15,10,19,0
280486,1,1,1982,17,0,0,3,0,0,0,12,0,0
280487,0,1,1982,0,0,0,0,0,0,0,0,0,0
280487,1,1,1982,7,0,11,8,0,11,0,0,0,4
280488,1,1,1982,16,31,20,27,15,23,12,5,12,5
280489,1,1,1982,0,0,0,0,0,0,0,0,0,0
280489,2,1,1982,0,0,14,0,0,0,0,0,0,7
280490,1,1,1982,0,13,0,18,40,18,10,10,16,16
280491,1,1,1982,28,25,6,18,16,34,13,23,5,6
280492,1,1,1982,0,0,0,0,0,39,0,0,0,0
280492,2,1,1982,15,11,19,9,15,13,13,9,7,11
280493,0,1,1982,0,0,0,0,0,0,0,0,0,0
280493,1,1,1982,16,16,16,16,16,16,16,16,16,16
280494,1,1,1982,5,0,0,0,0,0,0,14,0,9
280494,2,1,1982,0,21,17,8,14,3,15,4,0,10
280495,1,1,1982,0,0,15,0,4,19,16,0,7,4
280495,2,1,1982,0,22,15,12,14,29,6,16,24,21
280496,0,1,1982,0,0,0,0,0,0,0,0,0,0
280496,1,1,1982,0,0,0,0,0,0,0,0,0,0
280496,2,1,1982,12,0,11,4,15,12,6,0,0,10
280496,3,1,1982,22,5,13,0,17,19,17,0,0,12
280497,1,1,1982,0,0,0,0,0,0,0,0,7,0
280498,1,1,1982,0,0,26,23,22,0,0,0,23,28
280499,1,1,1982,0,0,0,0,0,0,0,0,0,0
280499,2,1,1982,0,0,0,0,0,0,0,0,0,0
280500,1,1,1982,0,5,0,0,0,0,3,8,0,0
280500,2,1,1982,21,8,0,0,16,0,0,0,20,13
280501,1,1,1982,0,0,0,0,0,0,0,0,0,0
280501,2,1,1982,8,0,0,0,0,0,25,0,0,0
280502,1,1,1982,13,11,0,25,33,9,0,18,17,0
280502,2,1,1982,0,0,0,9,0,0,0,0,0,0
280503,1,1,1982,0,0,0,8,0,0,0,0,0,0
280503,2,1,1982,25,0,0,0,0,0,0,17,0,23
280504,1,1,1982,18,0,10,11,6,18,0,8,15,0
280504,2,1,1982,0,0,2,0,0,0,0,0,0,0
280505,1,1,1982,32,26,15,0,20,22,11,6,6,17
280505,2,1,1982,12,17,25,14,11,11,17,13,4,22
280506,1,1,1982,0,0,0,0,0,0,0,0,0,0
280506,2,1,1982,4,22,0,0,26,0,18,9,0,23
280507,1,1,1982,12,0,19,24,0,0,19,11,0,9
280508,1,1,1982,0,17,7,0,22,12,0,23,0,20
280509,1,1,1982,0,0,6,0,0,15,0,0,0,0
280509,2,1,1982,13,0,0,0,0,0,0,0,0,7
280511,1,1,1982,26,0,23,18,0,22,0,16,0,0
280512,1,1,1982,20,23,32,18,28,11,26,31,11,30
280513,1,1,1982,0,19,0,0,0,0,0,0,0,0
280513,2,1,1982,0,0,0,0,0,0,0,0,0,0
280514,1,1,1982,3,6,1,16,0,14,16,18,0,12
280515,1,1,1982,11,0,0,0,0,0,0,0,0,0
280515,2,1,1982,0,0,0,0,0,0,16,18,0,25
280516,1,1,1982,22,22,22,22,22,22,22,22,22,22
280517,1,1,1982,31,19,13,10,10,28,30,17,22,32
280518,1,1,1982,0,0,0,11,0,0,4,0,12,5
280519,1,1,1982,0,0,0,0,0,0,0,0,0,0
280519,2,1,1982,0,0,0,0,0,0,0,0,0,0
280520,1,1,1982,8,0,14,11,0,0,12,20,0,4
280520,2,1,1982,0,0,5,0,0,0,0,0,0,0
280521,1,1,1982,11,8,12,16,13,11,21,14,9,13
280522,1,1,1982,0,0,0,0,0,0,0,0,0,0
280522,2,1,1982,0,0,0,0,0,0,0,0,0,0
280523,1,1,1982,7,26,9,26,21,36,14,14,13,23
280524,0,1,1982,16,0,10,4,0,29,11,0,0,9
280524,1,1,1982,0,0,0,0,0,0,10,5,0,0
280525,1,1,1982,0,4,0,0,0,0,16,25,0,0
280526,1,1,1982,0,0,0,0,0,0,0,0,0,0
280526,2,1,1982,0,0,12,0,8,0,0,0,0,0
280527,0,1,1982,0,0,0,0,0,0,0,0,0,0
280527,1,1,1982,16,0,0,13,10,0,0,0,0,0
280528,1,1,1982,9,0,6,26,23,11,0,20,12,0
280529,1,1,1982,0,0,0,0,0,0,0,0,0,0
280529,2,1,1982,0,0,0,0,0,0,0,0,0,0
280530,1,1,1982,0,0,0,0,24,0,14,0,0,0
280531,1,1,1982,0,15,8,15,8,13,10,10,11,0
280532,1,1,1982,8,19,0,20,22,0,7,0,33,13
280532,2,1,1982,0,0,10,0,0,18,0,0,0,0
280533,1,1,1982,12,10,23,14,23,29,15,0,11,0
280534,1,1,1982,0,0,0,0,12,0,10,0,0,0
280534,2,1,1982,0,0,0,16,15,19,0,0,15,0
280535,0,1,1982,0,0,0,0,0,0,0,0,0,0
280535,1,1,1982,5,0,0,0,9,0,0,0,7,0
280536,1,1,1982,5,15,14,16,31,17,24,7,36,23
280536,2,1,1982,0,0,0,0,0,0,0,0,0,0
280537,0,1,1982,0,0,0,0,0,0,0,0,0,0
280537,1,1,1982,0,0,0,0,0,0,0,0,0,0
280538,1,1,1982,30,17,12,8,17,0,0,34,0,30
280539,1,1,1982,0,28,22,0,0,21,0,0,17,0
280540,1,1,1982,20,15,0,12,11,0,23,17,21,0
280541,1,1,1982,31,0,0,0,16,24,13,21,25,0
280542,1,1,1982,0,0,0,0,0,4,17,0,20,0
280542,2,1,1982,0,0,0,0,15,0,13,0,10,0
280543,1,1,1982,0,0,0,0,0,0,0,0,0,0
280543,2,1,1982,11,11,11,11,11,11,11,11,11,11
280544,1,1,1982,19,0,23,23,0,0,24,17,25,0
280545,1,1,1982,20,14,11,19,12,21,29,29,19,19
280546,1,1,1982,0,0,0,0,0,0,0,0,0,0
280546,2,1,1982,0,0,0,0,0,0,14,0,24,14
280547,1,1,1982,31,9,9,17,21,28,0,37,24,15
280548,1,1,1982,0,16,0,28,0,12,20,11,22,0
280548,2,1,1982,0,0,0,20,20,5,12,0,0,0
280549,1,1,1982,0,0,24,12,0,0,32,15,0,0
280550,1,1,1982,18,11,14,10,16,0,0,29,9,28
280551,1,1,1982,10,12,8,5,16,17,28,18,34,11
280552,1,1,1982,0,0,0,0,0,0,0,0,0,0
280553,1,1,1982,28,14,2,13,0,18,0,11,8,0
280554,1,1,1982,12,23,19,13,10,27,25,30,23,9
280555,1,1,1982,0,0,0,0,0,0,0,7,0,0
280555,2,1,1982,0,0,0,25,5,0,21,0,0,0
280556,1,1,1982,0,0,0,0,0,0,0,0,0,0
280557,1,1,1982,0,14,0,0,0,0,0,15,0,25
280557,2,1,1982,0,0,17,13,0,0,17,0,0,17
280558,1,1,1982,31,7,0,20,0,0,0,0,11,0
280559,1,1,1982,16,16,16,16,16,16,16,16,16,16
280560,1,1,1982,0,0,0,0,0,8,0,0,0,0
280560,2,1,1982,0,0,0,0,0,0,5,0,0,0
280560,3,1,1982,0,0,0,0,0,0,0,0,0,0
280561,1,1,1982,0,0,0,0,0,0,0,0,0,14
280561,2,1,1982,0,4,0,0,26,29,15,0,28,0
280562,1,1,1982,12,12,0,0,0,38,17,0,23,23
280563,1,1,1982,9,17,11,33,25,9,18,11,0,30
280564,1,1,1982,0,0,0,0,0,0,0,0,0,0
280564,2,1,1982,0,0,0,0,0,0,0,0,19,0
280564,3,1,1982,0,0,0,0,8,0,0,0,0,0
280565,1,1,1982,9,0,14,20,11,20,16,0,16,23
280565,2,1,1982,0,0,0,0,0,0,0,0,0,0