ST_CASE,VEH_NO,PER_NO,YEAR,P1,P2,P3,P4,P5,P6,P7,P8,P9,P10
280566,1,1,1982,0,0,0,11,0,0,0,0,25,0
280566,2,1,1982,19,0,0,9,0,0,15,0,0,24
280567,1,1,1982,18,18,20,25,15,14,32,0,23,0
280568,1,1,1982,19,11,6,0,13,0,18,12,14,26
280568,2,1,1982,0,0,0,0,0,0,3,0,0,0
280569,1,1,1982,0,0,0,0,0,0,0,0,0,0
280569,2,1,1982,0,0,0,0,0,0,0,0,0,10
280570,1,1,1982,8,0,0,0,0,0,0,0,14,0
280570,2,1,1982,0,0,0,0,0,0,0,0,0,0
280571,1,1,1982,5,26,22,7,16,8,10,14,25,11
280572,1,1,1982,21,25,12,5,20,12,9,14,28,11
280573,1,1,1982,9,13,15,16,29,9,21,28,23,6
280574,0,1,1982,0,0,0,0,0,0,0,0,0,0
280574,1,1,1982,0,0,0,0,0,0,0,0,0,0
280574,2,1,1982,12,0,0,0,0,0,0,0,0,0
280575,1,1,1982,0,0,0,0,0,0,0,0,0,0
280575,2,1,1982,24,12,21,22,17,16,18,20,13,20
280576,1,1,1982,0,0,0,0,0,0,0,0,0,0
280577,1,1,1982,0,0,0,0,0,0,0,0,5,1
280577,2,1,1982,0,0,0,0,0,0,0,0,0,0
280578,1,1,1982,0,0,0,0,0,0,0,0,0,0
280578,2,1,1982,0,2,0,0,0,0,0,2,0,0
280579,1,1,1982,0,0,0,0,0,0,0,0,0,0
280579,2,1,1982,0,28,17,25,18,24,19,12,12,21
280580,1,1,1982,3,25,20,12,12,13,0,0,23,14
280580,2,1,1982,0,3,0,0,0,0,10,0,0,0
280581,1,1,1982,0,15,0,37,28,26,0,0,17,0
280582,0,1,1982,0,0,0,0,0,0,0,0,0,0
280582,1,1,1982,0,0,0,0,0,0,0,16,0,0
280583,1,1,1982,13,49,14,12,34,11,15,23,24,13
280584,1,1,1982,0,0,0,0,0,0,0,0,0,0
280584,2,1,1982,0,0,0,0,0,0,0,0,0,0
280585,1,1,1982,30,16,20,0,17,42,13,31,18,24
280586,1,1,1982,18,17,20,12,12,8,20,18,13,14
280586,2,1,1982,7,0,12,0,0,0,37,0,14,0
280587,1,1,1982,0,0,0,0,0,0,0,0,0,0
280587,2,1,1982,0,0,0,0,0,0,0,0,8,0
280588,1,1,1982,0,0,0,0,0,0,0,14,0,0
280589,1,1,1982,6,18,9,11,22,25,12,7,15,14
280590,1,1,1982,20,16,0,15,21,0,21,36,9,0
280591,1,1,1982,23,40,0,0,0,11,0,27,0,0
280592,1,1,1982,14,19,9,7,8,25,12,0,14,13
280592,2,1,1982,0,9,0,9,0,11,0,8,20,0
280593,0,1,1982,0,0,0,0,0,0,0,0,0,10
280593,1,1,1982,0,0,0,8,2,0,0,0,0,0
280594,0,1,1982,12,20,0,32,29,0,17,0,17,0
280594,1,1,1982,0,0,0,0,0,0,0,0,0,0
280595,1,1,1982,0,20,15,22,23,22,0,0,0,0
280596,0,1,1982,0,0,0,0,0,23,13,24,0,30
280596,1,1,1982,0,0,0,0,14,0,0,4,0,27
280596,2,1,1982,16,0,0,0,0,8,10,0,7,0
280597,0,1,1982,0,0,0,0,0,0,0,0,0,0
280597,1,1,1982,0,0,6,0,0,11,23,17,0,0
280598,0,1,1982,0,0,20,33,17,0,22,0,3,20
280598,1,1,1982,0,0,10,0,12,0,24,0,0,0
280599,0,1,1982,0,7,9,0,0,16,0,0,22,10
280599,1,1,1982,0,0,0,0,0,0,0,0,0,0
280599,2,1,1982,0,0,0,0,0,0,0,0,0,0
280600,1,1,1982,7,16,12,0,0,0,0,0,24,0
280601,1,1,1982,0,0,0,0,0,0,14,17,0,22
280602,1,1,1982,0,10,21,16,19,17,27,4,21,14
280603,0,1,1982,16,13,26,14,12,14,15,29,7,22
280603,1,1,1982,0,0,0,5,0,0,0,0,1,10
280604,1,1,1982,0,0,0,0,0,0,0,0,0,0
280604,2,1,1982,0,0,0,0,0,0,0,0,0,0
280605,1,1,1982,0,0,0,0,21,0,0,15,0,0
280606,1,1,1982,0,24,0,0,16,0,8,5,3,0
280607,1,1,1982,19,0,7,0,0,15,4,32,8,8
280607,2,1,1982,0,0,0,0,0,0,0,0,0,0
280608,1,1,1982,0,0,21,0,0,5,15,11,23,0
280609,1,1,1982,0,0,0,7,0,0,0,0,0,0
280609,2,1,1982,0,0,0,0,0,0,0,0,0,0
280610,1,1,1982,0,0,0,0,0,0,0,0,0,0
280610,2,1,1982,10,26,18,10,15,23,24,15,23,13
280611,1,1,1982,0,0,0,0,12,0,0,0,15,0
280611,2,1,1982,0,0,14,0,24,0,24,18,0,0
280611,3,1,1982,7,0,0,18,0,0,0,0,0,0
280612,1,1,1982,5,0,0,6,0,0,0,0,15,0
280612,2,1,1982,0,0,0,0,0,0,0,11,0,0
280613,1,1,1982,0,0,26,0,0,16,0,0,0,0
280614,1,1,1982,18,0,0,29,0,4,8,11,0,0
280615,1,1,1982,0,0,10,13,20,16,0,0,0,0
280616,1,1,1982,36,27,21,9,16,5,0,21,18,0
280616,2,1,1982,12,0,0,0,0,0,0,9,0,0
280617,1,1,1982,0,0,0,0,0,0,0,0,0,0
280617,2,1,1982,0,6,0,0,0,0,0,0,0,3
280618,1,1,1982,0,0,0,0,0,0,0,0,0,0
280618,2,1,1982,0,0,0,0,0,0,0,0,0,0
280619,1,1,1982,0,0,0,0,0,0,0,0,0,0
280619,2,1,1982,0,8,0,0,0,0,0,0,0,0
290001,1,1,1982,19,18,20,0,0,0,24,4,0,9
290001,2,1,1982,0,36,0,26,13,17,0,11,0,25
290002,0,1,1982,15,0,0,0,0,0,0,15,0,0
290002,1,1,1982,0,0,0,0,0,0,0,0,0,0
290003,1,1,1982,38,38,38,38,38,38,38,38,38,38
290004,1,1,1982,10,18,18,16,16,11,0,7,16,28
290004,2,1,1982,0,0,0,0,0,0,0,0,0,0
290005,0,1,1982,0,0,15,0,0,7,0,0,0,0
290005,1,1,1982,0,0,0,0,0,0,0,0,0,0
290006,1,1,1982,0,0,0,0,0,0,13,0,0,0
290007,1,1,1982,0,0,0,0,22,0,0,0,0,0
290007,2,1,1982,0,0,0,0,0,0,0,0,0,0
290008,0,1,1982,0,0,29,34,21,14,0,10,20,0
290008,1,1,1982,0,0,0,0,0,0,16,0,0,0
290009,1,1,1982,17,4,31,5,10,16,15,0,20,18
290010,1,1,1982,26,26,29,0,27,30,15,28,27,6
290010,2,1,1982,0,0,0,0,0,0,0,0,0,0
290011,1,1,1982,0,0,0,0,18,0,5,0,14,15
290012,1,1,1982,0,34,16,14,0,19,26,26,7,33
290012,2,1,1982,0,0,0,0,0,0,0,0,0,0
290013,1,1,1982,16,0,0,14,11,18,0,11,18,16
290014,1,1,1982,24,24,24,24,24,24,24,24,24,24
290015,1,1,1982,0,0,0,0,0,0,0,0,0,0
290016,1,1,1982,15,16,21,16,6,12,21,0,21,0
290017,1,1,1982,0,0,0,0,0,0,0,0,0,0
290018,1,1,1982,21,21,21,21,21,21,21,21,21,21
290018,2,1,1982,0,0,0,18,0,0,0,3,0,0
290019,1,1,1982,0,0,0,0,0,0,0,0,0,0
290020,1,1,1982,0,0,10,32,0,0,0,0,6,0
290020,2,1,1982,0,0,0,0,0,0,0,0,0,0
290021,1,1,1982,0,0,0,0,0,0,0,0,0,0
290021,2,1,1982,0,16,0,0,0,15,11,0,0,1
290022,1,1,1982,19,19,19,19,19,19,19,19,19,19
290023,1,1,1982,0,0,0,0,0,0,0,0,0,0
290024,1,1,1982,0,13,0,0,0,0,13,0,0,10
290025,1,1,1982,13,13,13,13,13,13,13,13,13,13
290025,2,1,1982,0,0,0,0,0,0,0,0,0,0
290026,1,1,1982,21,12,25,19,12,27,24,30,16,16
290027,1,1,1982,0,0,0,0,0,0,0,0,16,0
290027,2,1,1982,0,0,0,0,0,0,0,0,0,0
290028,1,1,1982,6,0,0,0,0,0,0,0,0,0
290028,2,1,1982,0,0,0,0,0,0,0,0,0,0
290029,1,1,1982,0,17,0,0,0,48,0,25,0,0
290029,2,1,1982,0,0,0,0,0,0,0,0,0,0
290030,1,1,1982,0,0,0,0,0,0,0,0,20,14
290030,2,1,1982,0,0,0,0,0,0,0,0,0,21
290031,1,1,1982,7,18,17,8,15,25,18,32,12,20
290031,2,1,1982,0,0,7,0,0,8,0,24,0,0
290032,1,1,1982,0,0,14,33,0,6,16,18,6,13
290032,2,1,1982,0,0,21,24,0,0,22,22,12,0
290033,1,1,1982,6,15,14,22,17,32,0,15,19,0
290034,1,1,1982,27,27,27,27,27,27,27,27,27,27
290034,2,1,1982,8,8,8,8,8,8,8,8,8,8
290035,1,1,1982,10,13,27,11,14,19,6,24,17,18
290036,1,1,1982,16,28,7,33,19,12,22,12,29,4
290036,2,1,1982,0,0,2,0,0,0,0,0,0,0
290036,3,1,1982,0,7,0,0,0,0,0,6,0,0
290036,4,1,1982,6,0,0,24,0,0,16,11,0,0
290037,1,1,1982,16,16,16,16,16,16,16,16,16,16
290038,1,1,1982,0,0,16,0,0,7,0,7,0,0
290038,2,1,1982,0,0,0,0,0,0,0,0,0,0
290039,1,1,1982,0,0,0,0,0,0,0,0,0,0
290039,2,1,1982,7,0,0,23,32,14,15,18,15,20
290040,1,1,1982,0,0,0,4,0,0,0,0,0,0
290040,2,1,1982,0,0,0,0,0,0,0,0,0,0
290041,1,1,1982,1,1,1,1,1,1,1,1,1,1
290042,1,1,1982,36,18,24,0,9,12,27,0,20,0
290043,1,1,1982,19,13,7,0,14,8,12,12,17,10
290043,2,1,1982,0,0,0,0,0,0,0,0,0,0
290044,1,1,1982,0,0,0,0,0,0,0,0,0,0
290045,1,1,1982,0,0,9,29,0,0,0,0,3,0
290045,2,1,1982,0,0,27,0,10,0,0,0,9,0
290046,1,1,1982,0,0,0,0,0,7,0,0,0,0
290046,2,1,1982,0,0,0,0,0,0,0,0,17,0
290047,1,1,1982,21,21,21,21,21,21,21,21,21,21
290048,1,1,1982,0,16,20,0,9,19,11,33,17,24
290049,1,1,1982,19,19,19,19,19,19,19,19,19,19
290050,1,1,1982,18,12,29,11,15,12,19,18,35,20
290051,1,1,1982,17,0,0,29,10,32,23,12,25,0
290051,2,1,1982,0,0,0,0,0,0,0,0,0,0
290052,1,1,1982,0,0,0,0,0,0,0,0,0,0
290052,2,1,1982,25,25,25,25,25,25,25,25,25,25
290053,1,1,1982,6,22,17,23,18,21,24,28,13,14
290054,1,1,1982,15,17,12,20,16,13,27,16,14,15
290055,1,1,1982,14,14,14,14,14,14,14,14,14,14
290056,1,1,1982,0,0,0,0,0,0,0,29,0,0
290056,2,1,1982,0,15,0,0,0,0,0,0,0,0
290057,1,1,1982,0,0,10,6,0,17,0,17,0,18
290058,1,1,1982,0,0,0,0,0,0,19,0,0,0
290058,2,1,1982,17,23,10,15,8,0,26,3,0,12
290059,1,1,1982,0,0,0,0,0,0,0,0,0,0
290059,2,1,1982,0,0,0,0,0,0,0,0,12,0
290060,1,1,1982,6,0,6,0,0,0,0,0,0,13
290061,1,1,1982,16,13,0,0,0,0,9,4,0,0
290062,1,1,1982,0,0,0,0,0,0,10,0,0,0
290062,2,1,1982,0,0,0,0,0,0,0,0,0,0
290063,1,1,1982,0,0,0,0,0,0,0,0,0,0
290063,2,1,1982,4,0,0,0,0,0,0,0,0,0
290064,1,1,1982,9,15,18,9,31,20,7,14,23,31
290065,1,1,1982,0,0,0,9,0,0,0,12,28,17
290066,1,1,1982,25,12,12,0,24,30,21,14,32,11
290067,1,1,1982,0,0,0,0,0,0,0,0,0,0
290067,2,1,1982,0,0,0,0,6,0,0,9,0,0
290068,1,1,1982,0,0,10,0,16,0,0,0,0,18
290068,2,1,1982,0,0,0,0,0,0,10,0,0,0
290069,1,1,1982,16,25,33,43,12,14,8,19,19,21
290069,2,1,1982,0,17,0,9,0,22,0,0,10,0
290070,1,1,1982,0,10,10,0,11,0,0,0,9,0
290071,1,1,1982,0,0,0,0,0,0,0,0,0,14
290071,2,1,1982,0,0,0,5,0,0,5,0,0,0
290072,1,1,1982,0,0,0,0,0,0,0,0,0,0
290072,2,1,1982,0,0,0,0,0,0,0,0,0,0
290073,1,1,1982,0,0,0,22,0,14,0,0,0,26
290073,2,1,1982,0,0,8,0,0,0,0,0,0,0
290074,1,1,1982,4,5,17,15,24,11,17,13,13,20
290075,1,1,1982,14,11,14,6,18,13,8,25,18,25
290075,2,1,1982,0,0,0,0,0,0,0,14,0,0
290076,0,1,1982,0,0,0,0,0,0,0,0,0,0
290076,1,1,1982,0,0,0,0,9,0,6,0,0,0
290077,1,1,1982,0,0,0,0,0,0,3,0,0,0
290077,2,1,1982,0,0,0,0,0,0,0,0,0,0
290078,1,1,1982,8,22,23,6,0,11,19,0,0,29
290078,2,1,1982,0,0,0,0,0,0,0,0,0,0
290079,1,1,1982,12,14,0,19,13,18,24,13,14,15
290080,1,1,1982,0,0,0,0,0,18,0,0,15,0
290080,2,1,1982,0,0,0,0,0,0,0,0,0,0
290081,1,1,1982,12,23,0,0,21,32,13,0,24,18
290082,1,1,1982,30,12,17,23,15,15,19,19,10,16
290083,1,1,1982,0,10,17,15,0,0,0,0,0,0
290084,1,1,1982,26,26,26,26,26,26,26,26,26,26
290084,2,1,1982,0,16,11,0,0,0,13,11,0,0
290085,1,1,1982,23,0,0,11,25,34,14,15,0,25
290086,1,1,1982,13,19,0,0,0,0,13,0,18,0
290087,0,1,1982,22,22,22,22,22,22,22,22,22,22
290087,1,1,1982,16,21,11,19,17,12,14,17,23,32
290088,1,1,1982,0,0,0,0,0,0,0,0,0,0
290089,1,1,1982,0,0,0,0,0,0,0,0,0,0
290089,2,1,1982,0,0,0,0,15,6,6,0,0,8
290090,1,1,1982,16,10,25,0,15,0,0,0,3,13
290091,1,1,1982,11,22,9,10,0,0,29,0,0,20
290091,2,1,1982,15,0,14,6,0,21,0,18,21,18
290092,1,1,1982,27,0,0,15,0,0,15,0,0,0
290093,1,1,1982,0,0,0,0,0,0,0,0,0,0
290093,2,1,1982,0,0,0,0,0,0,0,0,0,0
290094,1,1,1982,0,14,20,21,0,0,27,11,24,26
290095,1,1,1982,32,32,32,32,32,32,32,32,32,32
290096,1,1,1982,36,0,14,25,0,19,22,0,0,0
290097,1,1,1982,13,13,30,6,5,18,13,7,0,12
290098,1,1,1982,20,28,0,23,0,0,17,18,0,11
290099,1,1,1982,0,0,0,0,0,0,0,0,0,0
290099,2,1,1982,0,0,0,0,0,0,18,7,0,0
290099,3,1,1982,0,26,20,0,0,23,5,6,0,20
290100,1,1,1982,3,0,18,6,0,20,0,0,17,0
290100,2,1,1982,0,0,0,0,0,0,0,0,0,0
290101,1,1,1982,0,0,0,0,0,0,0,0,0,0
290101,2,1,1982,0,0,0,0,0,0,0,0,0,0
290101,3,1,1982,0,17,0,0,0,0,0,0,0,0
290102,1,1,1982,0,0,14,26,0,0,0,0,0,0
290103,1,1,1982,0,0,0,0,0,0,0,0,0,0
290103,2,1,1982,0,0,0,0,0,0,0,0,0,0
290104,1,1,1982,23,23,23,23,23,23,23,23,23,23
290105,1,1,1982,0,0,0,0,0,0,0,0,0,0
290105,2,1,1982,0,0,0,0,0,0,0,0,0,0
290106,1,1,1982,0,0,0,0,0,14,0,0,0,0
290107,1,1,1982,0,0,0,0,0,0,0,0,0,0
290107,2,1,1982,0,0,0,0,0,0,0,0,0,0
290107,3,1,1982,0,0,0,0,0,4,0,0,0,0
290108,1,1,1982,0,0,0,0,0,0,0,0,0,0
290109,1,1,1982,31,17,14,4,6,51,14,13,14,25
290110,1,1,1982,21,21,21,21,21,21,21,21,21,21
290110,2,1,1982,0,0,0,0,0,0,0,0,0,0
290111,1,1,1982,0,0,0,0,0,0,0,0,0,0
290111,2,1,1982,0,0,5,0,0,0,0,0,0,0
290112,1,1,1982,21,0,0,21,0,29,0,0,21,20
290112,2,1,1982,0,0,0,0,0,0,0,0,0,0
290113,1,1,1982,0,0,0,0,6,0,18,0,0,0
290114,1,1,1982,0,0,0,0,0,0,0,0,0,0
290114,2,1,1982,0,0,0,0,17,15,0,0,0,0
290115,1,1,1982,9,9,9,9,9,9,9,9,9,9
290116,1,1,1982,5,5,5,5,5,5,5,5,5,5
290116,2,1,1982,0,0,0,0,0,0,0,0,0,0
290117,1,1,1982,0,0,0,0,0,0,0,0,0,0
290118,1,1,1982,0,0,21,19,27,22,18,18,0,16
290119,1,1,1982,0,0,0,0,0,20,0,0,0,0
290120,0,1,1982,0,20,16,0,20,0,16,0,12,25
290120,1,1,1982,0,0,0,0,0,0,0,0,0,0
290121,1,1,1982,15,13,12,18,11,4,19,8,8,4
290121,2,1,1982,0,15,0,0,15,0,12,0,0,0
290122,1,1,1982,11,11,11,11,11,11,11,11,11,11
290123,0,1,1982,0,7,0,0,0,0,0,0,0,0
290123,1,1,1982,0,0,16,0,0,0,0,0,0,22
290124,1,1,1982,0,0,10,0,0,10,10,0,0,0
290124,2,1,1982,0,0,0,0,0,0,0,0,0,0
290124,3,1,1982,0,0,17,0,0,22,0,0,0,0
290125,1,1,1982,0,0,0,0,18,8,0,6,11,0
290126,1,1,1982,0,0,0,0,0,0,0,0,0,0
290126,2,1,1982,0,0,0,0,0,0,0,0,0,0
290127,1,1,1982,0,28,9,0,18,0,0,0,13,0
290128,1,1,1982,0,0,0,0,0,0,0,0,0,0
290128,2,1,1982,0,0,0,0,0,0,0,0,0,0
290129,0,1,1982,0,0,0,0,0,0,0,0,0,0
290129,1,1,1982,0,0,0,0,0,0,0,0,0,0
290130,0,1,1982,21,21,21,21,21,21,21,21,21,21
290130,1,1,1982,0,0,0,0,9,0,0,0,0,0
290131,1,1,1982,8,0,0,0,0,11,0,0,0,0
290131,2,1,1982,0,7,0,11,13,2,0,0,0,0
290132,1,1,1982,18,18,18,18,18,18,18,18,18,18
290132,2,1,1982,0,0,0,0,0,17,0,0,0,0
290132,3,1,1982,11,0,0,0,0,0,0,0,0,0
290132,4,1,1982,22,0,0,0,0,0,0,0,0,0
290132,5,1,1982,0,0,0,0,0,0,0,0,0,0
290133,1,1,1982,18,20,0,16,16,15,10,14,29,11
290134,1,1,1982,9,9,9,9,9,9,9,9,9,9
290135,1,1,1982,15,15,15,15,15,15,15,15,15,15
290136,1,1,1982,21,11,23,34,21,35,10,17,9,22
290137,1,1,1982,10,4,5,16,11,22,28,13,22,26
290138,1,1,1982,20,11,31,11,34,8,12,7,14,26
290139,1,1,1982,21,21,21,21,21,21,21,21,21,21
290139,2,1,1982,0,0,0,0,0,0,0,0,0,0
290140,1,1,1982,0,0,0,0,0,0,0,0,0,0
290141,1,1,1982,0,0,0,0,0,0,0,0,0,9
290142,1,1,1982,20,20,20,20,20,20,20,20,20,20
290143,0,1,1982,29,0,0,0,25,0,0,0,0,0
290143,1,1,1982,18,18,18,18,18,18,18,18,18,18
290144,1,1,1982,0,0,0,0,0,0,0,0,0,0
290145,1,1,1982,16,22,18,37,17,14,10,18,16,25
290146,1,1,1982,0,0,0,0,0,0,0,8,0,0
290146,2,1,1982,0,7,0,20,15,17,16,11,18,0
290147,1,1,1982,0,0,0,0,0,0,28,31,0,24
290148,1,1,1982,23,23,23,23,23,23,23,23,23,23
290149,1,1,1982,13,13,13,13,13,13,13,13,13,13
290150,1,1,1982,0,0,0,0,0,0,0,3,7,0
290150,2,1,1982,0,0,0,0,0,0,0,0,0,0
290151,1,1,1982,0,0,0,0,0,0,0,0,31,0
290152,1,1,1982,20,20,20,20,20,20,20,20,20,20
290153,1,1,1982,0,18,8,25,0,23,0,0,0,0
290154,1,1,1982,0,0,0,0,0,0,0,0,0,0
290154,2,1,1982,0,13,0,9,0,0,0,4,4,0
290155,1,1,1982,0,0,0,0,18,0,0,0,0,0
290155,2,1,1982,0,0,0,0,0,0,9,0,0,0
290156,0,1,1982,11,0,0,0,19,0,5,0,0,21
290156,1,1,1982,0,0,0,0,0,22,0,18,0,0
290157,1,1,1982,4,0,5,20,0,0,0,6,0,0
290157,2,1,1982,0,0,0,0,0,0,0,0,0,0
290158,1,1,1982,18,17,7,15,23,25,26,25,41,16
290159,1,1,1982,0,12,15,16,0,15,10,13,28,17
290159,2,1,1982,0,0,0,0,0,0,0,0,0,0
290160,1,1,1982,33,6,25,11,19,0,24,13,14,20
290161,1,1,1982,18,18,24,43,8,31,16,22,11,21
290162,1,1,1982,22,0,18,0,0,44,0,22,0,20
290163,1,1,1982,22,4,27,15,8,0,10,9,0,27
290164,1,1,1982,0,0,0,0,0,0,0,0,0,0
290164,2,1,1982,33,33,33,33,33,33,33,33,33,33
290165,1,1,1982,0,0,14,0,11,0,0,31,0,0
290166,1,1,1982,0,0,0,0,9,0,0,0,0,0
290166,2,1,1982,0,0,0,0,0,0,0,0,0,0
290167,1,1,1982,4,0,0,0,4,17,17,17,2,15
290167,2,1,1982,0,0,0,0,0,0,0,6,0,0
290168,1,1,1982,0,0,0,0,0,4,0,0,0,0
290169,1,1,1982,0,0,23,0,0,0,0,0,0,0
290169,2,1,1982,0,0,0,0,0,0,15,0,0,0
290170,1,1,1982,0,0,0,0,0,0,0,0,0,0
290171,1,1,1982,0,0,0,0,0,0,0,0,0,0
290172,1,1,1982,0,0,0,0,0,0,0,0,0,0
290173,1,1,1982,0,0,0,0,0,0,0,0,0,0
290174,1,1,1982,0,0,0,0,0,0,7,0,0,0
290174,2,1,1982,0,0,0,0,0,0,0,0,0,12
290175,1,1,1982,0,0,3,0,4,0,9,15,21,0
290176,1,1,1982,24,24,24,24,24,24,24,24,24,24
290177,1,1,1982,6,0,9,0,6,0,13,19,11,0
290178,1,1,1982,16,5,9,6,17,0,10,8,26,22
290178,2,1,1982,0,0,36,5,0,0,0,0,0,0
290179,1,1,1982,4,13,6,0,6,13,11,8,24,10
290180,1,1,1982,4,9,18,11,12,0,12,23,12,12
290180,2,1,1982,0,0,6,0,0,0,0,0,11,0
290181,1,1,1982,0,0,0,29,0,0,10,9,0,0
290181,2,1,1982,0,0,0,0,0,0,0,0,0,0
290181,3,1,1982,0,0,0,0,0,0,0,0,0,0
290182,1,1,1982,0,0,0,13,0,0,0,0,25,0
290182,2,1,1982,0,0,0,0,0,0,0,0,0,0
290183,1,1,1982,0,0,0,0,0,0,10,29,0,7
290184,1,1,1982,0,0,0,0,0,0,0,0,0,0
290184,2,1,1982,18,18,18,18,18,18,18,18,18,18
290185,1,1,1982,12,32,0,6,22,0,0,0,0,0
290186,1,1,1982,17,17,17,17,17,17,17,17,17,17
290187,1,1,1982,0,0,0,0,13,0,0,0,0,7
290187,2,1,1982,0,0,0,0,0,9,0,0,15,0
290188,0,1,1982,19,19,19,19,19,19,19,19,19,19
290188,1,1,1982,0,0,0,0,10,0,0,31,0,23
290189,1,1,1982,0,0,8,0,0,0,0,0,0,0
290189,2,1,1982,0,2,0,0,0,0,0,0,0,0
290190,1,1,1982,20,29,13,13,21,34,0,7,21,11
290191,1,1,1982,28,28,28,28,28,28,28,28,28,28
290192,1,1,1982,0,0,0,0,0,0,8,0,0,0
290192,2,1,1982,0,17,7,9,0,0,0,0,4,0
290193,1,1,1982,30,16,18,13,5,6,10,12,7,0
290193,2,1,1982,0,0,0,0,0,0,0,0,0,0
290193,3,1,1982,0,0,0,0,0,0,0,0,0,0
290194,1,1,1982,0,0,0,0,0,12,0,0,0,0
290194,2,1,1982,0,0,16,0,0,0,0,0,0,0
290195,0,1,1982,31,22,26,28,18,0,0,22,12,10
290195,1,1,1982,0,0,0,0,0,0,0,0,0,0
290196,1,1,1982,0,0,0,0,0,0,0,0,0,0
290196,2,1,1982,0,0,0,0,0,0,0,0,0,23
290197,0,1,1982,0,0,0,0,0,0,0,0,0,0
290197,1,1,1982,0,0,0,0,0,0,0,0,0,0
290198,1,1,1982,10,12,0,0,0,20,0,6,0,0
290199,1,1,1982,0,0,0,0,0,0,0,0,0,0
290199,2,1,1982,0,0,0,0,0,0,0,0,0,0
290200,1,1,1982,0,0,0,0,0,0,0,0,0,0
290200,2,1,1982,0,0,0,0,0,0,0,0,0,0
290201,1,1,1982,16,36,21,20,20,10,19,4,0,28
290202,1,1,1982,0,32,0,0,12,0,13,0,26,19
290203,1,1,1982,25,0,0,25,0,16,0,0,24,0
290204,1,1,1982,17,17,17,17,17,17,17,17,17,17
290204,2,1,1982,0,0,0,0,0,7,0,0,0,0
290205,1,1,1982,31,20,24,9,11,10,21,17,17,7
290205,2,1,1982,7,7,7,7,7,7,7,7,7,7
290206,1,1,1982,12,20,11,29,13,15,12,8,0,27
290207,1,1,1982,0,0,0,0,0,25,0,0,0,0
290207,2,1,1982,0,0,0,0,0,0,0,10,7,0
290208,1,1,1982,26,13,18,15,19,10,26,10,18,17
290209,1,1,1982,8,29,15,26,13,27,16,0,12,14
290210,1,1,1982,22,22,22,22,22,22,22,22,22,22
290210,2,1,1982,0,0,0,0,0,0,0,0,0,0
290211,1,1,1982,0,0,0,0,3,0,0,0,0,14
290212,1,1,1982,0,0,0,0,0,0,0,0,0,0
290212,2,1,1982,0,0,0,0,0,0,0,0,0,0
290213,1,1,1982,0,0,0,0,0,0,0,0,0,0
290213,2,1,1982,0,0,0,0,0,0,0,0,0,0
290214,1,1,1982,27,14,33,13,30,8,25,6,15,4
290215,1,1,1982,23,23,23,23,23,23,23,23,23,23
290216,1,1,1982,0,0,0,0,0,0,0,0,0,0
290216,2,1,1982,0,0,15,0,0,12,0,8,0,28
290217,1,1,1982,35,17,0,19,25,0,18,18,22,10
290217,2,1,1982,0,0,0,0,0,21,0,0,0,0
290218,1,1,1982,10,0,0,26,0,5,16,0,0,0
290219,0,1,1982,0,0,0,0,0,8,0,0,17,0
290219,1,1,1982,9,0,30,12,25,13,27,20,13,0
290220,1,1,1982,2,2,2,2,2,2,2,2,2,2
290221,1,1,1982,27,27,27,27,27,27,27,27,27,27
290222,1,1,1982,0,0,0,0,0,0,0,0,0,0
290222,2,1,1982,0,0,0,0,0,0,0,0,0,0
290222,3,1,1982,13,13,13,13,13,13,13,13,13,13
290222,4,1,1982,0,0,0,0,0,14,0,0,0,0
290223,1,1,1982,0,0,0,0,0,0,0,0,0,0
290224,1,1,1982,0,0,0,0,0,0,0,0,0,0
290224,2,1,1982,0,0,0,0,0,0,0,0,0,0
290225,1,1,1982,9,0,0,20,0,5,0,0,0,0
290226,1,1,1982,11,7,11,0,27,0,14,21,7,9
290227,1,1,1982,0,0,0,0,0,0,0,0,0,0
290227,2,1,1982,0,0,0,0,0,0,0,0,0,0
290228,1,1,1982,0,0,0,0,0,0,0,0,0,0
290229,1,1,1982,0,0,0,0,0,0,0,0,0,0
290229,2,1,1982,16,11,0,9,0,12,28,0,0,12
290230,1,1,1982,21,18,17,32,8,29,9,8,19,29
290231,1,1,1982,18,21,14,11,13,6,15,27,0,14
290232,1,1,1982,0,0,0,0,0,0,0,0,0,0
290232,2,1,1982,0,0,12,0,0,0,4,10,0,0
290233,0,1,1982,24,0,21,0,18,15,24,10,70,27
290233,1,1,1982,0,0,0,0,0,0,0,0,0,0
290234,1,1,1982,18,18,18,18,18,18,18,18,18,18
290235,0,1,1982,0,0,0,0,0,0,0,0,0,0
290235,1,1,1982,7,18,23,33,11,28,22,28,16,11
290236,1,1,1982,0,0,12,0,0,0,0,13,0,0
290236,2,1,1982,0,0,0,0,0,0,0,0,0,0
290237,1,1,1982,24,24,24,24,24,24,24,24,24,24
290238,1,1,1982,0,17,0,0,0,0,0,0,11,0
290238,2,1,1982,3,6,14,18,10,0,15,0,0,15
290239,0,1,1982,0,0,8,27,0,31,12,0,19,0
290239,1,1,1982,8,13,0,5,18,15,24,10,9,15
290240,1,1,1982,5,20,21,0,13,0,8,6,17,0
290240,2,1,1982,0,0,0,0,0,0,0,0,0,0
290241,1,1,1982,15,27,21,0,25,20,32,13,36,19
290242,0,1,1982,24,16,0,16,9,0,14,0,0,16
290242,1,1,1982,0,0,0,0,0,0,0,0,0,0