ST_CASE,VEH_NO,PER_NO,YEAR,P1,P2,P3,P4,P5,P6,P7,P8,P9,P10
290532,1,1,1982,0,0,0,0,13,17,0,0,0,0
290532,2,1,1982,19,0,0,0,0,10,0,0,0,0
290533,1,1,1982,4,0,0,0,4,0,14,0,0,0
290534,1,1,1982,15,15,15,15,15,15,15,15,15,15
290534,2,1,1982,0,0,0,0,0,0,0,0,0,0
290535,1,1,1982,0,0,0,0,0,0,0,0,0,0
290536,1,1,1982,14,18,16,0,20,20,0,0,16,26
290536,2,1,1982,9,0,0,0,0,0,0,0,0,0
290537,1,1,1982,8,0,14,0,21,0,0,0,0,7
290538,1,1,1982,0,0,0,0,0,0,8,0,0,0
290538,2,1,1982,0,0,0,0,0,0,0,0,0,0
290538,3,1,1982,16,0,0,0,0,0,0,0,0,0
290539,1,1,1982,0,0,0,0,23,21,0,0,30,0
290540,1,1,1982,0,0,0,0,0,18,0,0,0,0
290540,2,1,1982,0,13,0,7,0,0,14,0,0,0
290541,1,1,1982,0,0,0,0,0,0,0,0,0,0
290542,1,1,1982,0,22,0,0,0,26,0,0,0,0
290543,1,1,1982,0,0,0,0,0,0,0,0,4,0
290543,2,1,1982,9,0,0,0,0,0,0,5,0,0
290544,1,1,1982,0,10,0,0,0,0,9,0,0,0
290545,1,1,1982,13,20,21,27,6,28,29,36,14,20
290546,1,1,1982,0,0,0,12,0,18,0,0,0,0
290547,1,1,1982,16,30,16,18,9,9,7,24,16,13
290547,2,1,1982,0,21,0,17,16,5,6,17,0,19
290548,1,1,1982,11,11,11,11,11,11,11,11,11,11
290549,1,1,1982,0,0,0,0,0,0,0,0,0,0
290549,2,1,1982,0,0,0,0,0,0,0,0,0,5
290550,1,1,1982,19,0,0,0,0,0,0,0,0,0
290551,1,1,1982,0,0,0,0,0,0,0,0,0,0
290552,1,1,1982,16,16,16,16,16,16,16,16,16,16
290552,2,1,1982,0,0,0,0,0,0,0,0,0,0
290553,1,1,1982,37,0,7,0,0,0,0,0,0,0
290554,0,1,1982,6,0,0,0,0,0,15,0,0,0
290554,1,1,1982,0,0,0,26,0,0,0,0,0,0
290555,1,1,1982,19,12,10,21,21,30,16,11,26,24
290555,2,1,1982,0,0,0,0,0,0,0,0,0,10
290556,1,1,1982,0,0,0,0,0,0,0,0,0,0
290557,1,1,1982,0,0,0,0,0,0,0,0,0,0
290557,2,1,1982,0,0,0,0,0,0,18,0,0,0
290558,1,1,1982,14,0,0,0,0,0,0,0,0,0
290558,2,1,1982,0,0,3,0,0,0,0,0,0,0
290558,3,1,1982,0,0,0,0,0,0,0,0,5,0
290558,4,1,1982,0,0,0,0,0,0,0,0,0,0
290559,0,1,1982,0,0,0,0,0,0,0,0,0,0
290559,0,2,1982,0,18,0,0,10,0,0,8,0,0
290559,1,1,1982,0,24,0,12,0,0,5,0,16,0
290560,1,1,1982,12,12,12,12,12,12,12,12,12,12
290561,0,1,1982,0,0,0,0,0,0,0,0,0,0
290561,1,1,1982,0,0,0,0,0,19,0,0,0,0
290562,1,1,1982,22,22,22,22,22,22,22,22,22,22
290563,0,1,1982,28,28,28,28,28,28,28,28,28,28
290563,1,1,1982,0,0,0,0,0,0,0,0,0,0
290564,1,1,1982,0,0,0,0,0,0,0,0,0,0
290564,2,1,1982,11,11,11,11,11,11,11,11,11,11
290565,1,1,1982,0,6,0,0,6,0,0,0,0,0
290565,2,1,1982,0,0,0,0,0,0,0,0,0,0
290566,1,1,1982,0,0,0,0,0,0,0,0,0,0
290566,2,1,1982,0,0,0,0,0,0,0,0,0,0
290566,3,1,1982,0,0,0,0,0,0,0,0,0,0
290567,0,1,1982,0,0,0,0,0,0,0,0,0,7
290567,1,1,1982,14,11,13,24,12,9,8,11,20,21
290568,1,1,1982,0,0,0,0,0,0,0,0,0,0
290569,1,1,1982,0,0,0,0,0,0,0,0,0,0
290569,2,1,1982,0,0,0,0,0,0,0,5,0,0
290570,1,1,1982,0,0,0,10,0,0,0,0,0,0
290570,2,1,1982,0,0,0,0,0,0,0,0,0,0
290571,1,1,1982,14,31,17,20,21,16,19,25,20,17
290572,1,1,1982,0,0,0,0,0,0,0,0,0,0
290573,1,1,1982,29,14,14,10,23,19,0,35,20,24
290574,1,1,1982,0,0,22,40,12,30,0,29,21,20
290575,1,1,1982,0,0,0,0,0,0,0,0,0,0
290575,2,1,1982,0,0,0,0,0,0,0,0,0,0
290576,0,1,1982,31,27,0,23,22,14,0,0,20,19
290576,1,1,1982,14,0,0,0,0,0,0,0,0,0
290577,1,1,1982,0,0,0,0,0,0,15,10,4,13
290578,0,1,1982,0,0,0,0,0,0,0,0,0,0
290578,1,1,1982,14,0,0,0,0,0,0,0,0,0
290579,1,1,1982,0,0,0,0,0,0,0,0,0,0
290579,2,1,1982,2,2,2,2,2,2,2,2,2,2
290580,1,1,1982,0,0,0,0,0,0,0,0,0,12
290581,1,1,1982,15,15,15,15,15,15,15,15,15,15
290581,2,1,1982,0,0,0,0,0,0,0,0,0,0
290582,1,1,1982,0,0,0,0,0,0,0,0,0,0
290582,2,1,1982,8,8,8,8,8,8,8,8,8,8
290583,1,1,1982,22,5,13,13,9,0,17,17,19,0
290584,1,1,1982,14,18,4,9,24,10,9,19,5,8
290585,1,1,1982,15,15,4,13,8,0,9,21,10,10
290586,1,1,1982,0,0,0,0,6,0,0,0,0,10
290587,1,1,1982,18,16,9,0,13,10,0,0,0,0
290588,1,1,1982,0,15,0,15,19,4,5,7,9,19
290589,1,1,1982,16,16,16,16,16,16,16,16,16,16
290590,1,1,1982,6,30,28,27,17,25,17,0,0,12
290591,0,1,1982,0,0,0,0,0,0,0,0,0,0
290591,1,1,1982,0,0,0,0,0,0,0,0,0,0
290592,0,1,1982,0,0,0,0,0,0,0,0,0,0
290592,1,1,1982,0,0,0,0,0,0,4,0,0,0
290593,1,1,1982,0,0,0,0,0,0,0,9,6,0
290593,2,1,1982,0,0,22,9,0,0,0,0,0,0
290594,1,1,1982,25,25,25,25,25,25,25,25,25,25
290595,1,1,1982,5,26,12,9,10,27,17,9,21,8
290596,0,1,1982,13,0,0,0,0,0,0,0,0,0
290597,1,1,1982,0,14,0,11,0,0,0,0,0,0
290598,1,1,1982,27,5,26,21,24,0,21,13,8,8
290598,2,1,1982,0,0,0,0,0,16,0,0,0,0
290599,1,1,1982,0,0,0,0,0,0,0,0,12,0
290600,1,1,1982,0,0,9,0,0,0,0,0,0,0
290601,0,1,1982,0,0,0,8,0,0,0,0,0,0
290601,1,1,1982,0,0,0,0,0,0,0,0,0,0
290602,1,1,1982,0,0,0,0,0,0,0,20,0,11
290603,1,1,1982,0,0,0,0,0,0,0,0,0,0
290604,0,1,1982,0,0,0,0,6,0,0,0,0,0
290604,1,1,1982,0,0,0,0,0,0,0,0,0,0
290605,1,1,1982,26,0,0,0,7,13,7,0,6,17
290605,2,1,1982,0,0,0,0,0,0,0,0,0,0
290606,1,1,1982,7,0,0,14,23,29,30,0,16,17
290607,1,1,1982,16,11,13,22,15,17,14,19,7,13
290608,1,1,1982,0,0,0,0,0,0,0,0,0,0
290609,1,1,1982,0,0,0,0,0,0,0,0,0,0
290609,2,1,1982,0,0,0,0,0,0,0,0,0,0
290609,3,1,1982,0,12,0,0,0,0,0,0,0,0
290610,1,1,1982,2,2,2,2,2,2,2,2,2,2
290610,2,1,1982,0,0,0,0,0,0,0,0,0,0
290611,1,1,1982,13,21,4,15,13,11,8,7,16,12
290612,1,1,1982,13,20,12,19,12,15,16,9,8,10
290613,1,1,1982,18,13,8,25,11,24,23,24,18,25
290614,1,1,1982,24,24,24,24,24,24,24,24,24,24
290615,1,1,1982,0,0,0,0,0,0,0,0,0,0
290616,0,1,1982,13,0,0,0,0,0,28,17,0,0
290616,1,1,1982,0,0,0,0,0,0,0,0,0,0
290617,0,1,1982,11,0,16,0,22,0,17,0,0,18
290617,1,1,1982,0,0,0,0,0,0,0,0,0,0
290618,0,1,1982,0,0,0,0,0,0,0,0,0,0
290618,1,1,1982,0,0,0,0,0,0,0,0,0,0
290619,1,1,1982,0,27,0,7,0,0,0,0,0,0
290619,2,1,1982,0,0,0,0,0,0,0,0,20,0
290620,1,1,1982,2,25,17,0,19,20,9,11,5,3
290620,2,1,1982,0,0,0,0,0,0,0,0,0,0
290620,3,1,1982,0,22,16,0,27,0,0,0,0,0
290621,1,1,1982,0,0,0,0,0,0,0,0,0,0
290621,2,1,1982,0,0,0,0,0,0,0,0,0,0
290622,1,1,1982,0,0,0,0,0,0,0,0,0,0
290622,2,1,1982,0,0,0,0,0,0,0,0,23,21
290623,1,1,1982,0,0,0,0,0,0,0,3,0,0
290623,2,1,1982,0,0,0,0,10,0,0,0,0,0
290624,1,1,1982,0,0,0,0,0,0,0,21,0,0
290625,1,1,1982,0,0,0,0,0,0,0,0,0,0
290625,2,1,1982,0,0,0,0,0,0,0,0,0,0
290626,1,1,1982,4,31,0,0,0,0,0,0,0,0
290626,2,1,1982,0,0,0,0,0,0,0,0,0,0
290627,1,1,1982,0,0,0,0,0,9,0,18,0,0
290628,1,1,1982,0,0,0,15,8,9,9,33,8,12
290628,2,1,1982,0,0,0,0,0,0,16,0,0,0
290629,1,1,1982,15,15,15,15,15,15,15,15,15,15
290630,0,1,1982,0,0,0,0,0,0,0,0,0,0
290631,1,1,1982,0,0,0,0,0,0,0,0,0,0
290631,2,1,1982,0,0,0,0,0,0,0,0,0,0
290632,1,1,1982,5,10,10,15,5,23,23,25,14,15
290633,0,1,1982,18,34,11,0,0,0,7,0,0,0
290633,1,1,1982,8,32,0,27,25,0,16,13,8,0
290634,1,1,1982,0,0,0,0,0,0,0,0,0,0
290634,2,1,1982,9,6,15,7,15,12,11,16,6,13
290635,1,1,1982,0,29,4,0,14,13,13,21,13,6
290635,2,1,1982,0,0,0,7,0,0,0,0,0,0
290636,0,1,1982,0,5,13,0,0,0,11,9,0,0
290636,1,1,1982,14,14,14,14,14,14,14,14,14,14
290637,1,1,1982,15,15,15,15,15,15,15,15,15,15
290638,1,1,1982,0,4,15,13,17,15,0,10,4,0
290639,0,1,1982,2,2,2,2,2,2,2,2,2,2
290639,1,1,1982,0,0,0,0,0,0,0,0,0,0
290640,0,1,1982,0,0,0,0,0,0,0,0,5,0
290640,1,1,1982,0,0,0,0,0,0,0,0,0,0
290641,1,1,1982,13,17,7,0,24,0,7,0,13,2
290641,2,1,1982,0,0,0,0,0,0,0,0,0,0
290642,0,1,1982,29,29,29,29,29,29,29,29,29,29
290642,0,2,1982,25,0,22,19,0,0,0,15,8,0
290642,1,1,1982,0,11,0,10,0,0,12,10,3,9
290643,0,1,1982,0,0,0,15,0,0,0,0,4,0
290643,1,1,1982,5,10,0,13,18,0,17,23,0,13
290644,1,1,1982,0,0,0,0,0,0,0,0,0,0
290644,2,1,1982,0,0,0,0,0,0,0,0,0,0
290645,1,1,1982,14,0,12,26,24,13,16,15,15,9
290645,2,1,1982,0,0,0,0,0,0,0,0,0,0
290646,0,1,1982,0,9,0,0,8,0,0,0,0,0
290646,1,1,1982,0,0,0,0,0,0,0,0,0,0
290647,1,1,1982,4,21,21,12,7,16,12,15,5,13
290647,2,1,1982,0,0,0,0,0,9,5,0,0,0
290648,1,1,1982,18,22,21,19,24,13,7,15,21,26
290649,1,1,1982,0,0,0,0,0,0,0,0,0,0
290649,2,1,1982,0,0,0,0,0,0,13,0,0,0
290650,1,1,1982,16,16,16,16,16,16,16,16,16,16
290650,2,1,1982,0,0,0,0,0,0,0,0,0,0
290651,0,1,1982,0,0,0,0,0,0,0,0,0,0
290651,1,1,1982,0,0,0,0,0,0,0,0,0,0
290652,1,1,1982,0,0,0,0,0,0,0,0,0,0
290652,2,1,1982,0,0,23,0,0,0,0,0,0,0
290652,3,1,1982,0,0,0,0,0,0,0,0,0,0
290653,1,1,1982,16,21,26,18,44,34,18,16,32,24
290654,1,1,1982,0,0,0,0,15,0,18,16,0,14
290655,1,1,1982,0,0,11,0,0,0,0,0,14,10
290656,1,1,1982,16,9,19,0,0,10,0,0,0,0
290657,0,1,1982,17,41,0,0,9,0,0,0,19,29
290657,1,1,1982,0,0,0,0,0,7,0,0,0,0
290658,1,1,1982,4,0,8,8,9,8,0,0,4,0
290659,1,1,1982,0,0,0,0,0,0,0,0,0,0
290659,2,1,1982,0,0,0,0,0,0,0,0,0,0
290660,1,1,1982,23,23,23,23,23,23,23,23,23,23
290661,1,1,1982,0,0,0,0,0,0,23,0,0,0
290662,1,1,1982,22,22,22,22,22,22,22,22,22,22
290662,2,1,1982,9,6,36,0,11,0,0,14,0,0
290663,1,1,1982,0,0,0,0,0,0,0,0,0,0
290663,2,1,1982,0,0,0,0,0,0,0,0,0,0
290664,0,1,1982,0,0,0,0,13,0,0,0,0,0
290664,1,1,1982,0,0,0,0,0,0,0,0,0,20
290665,1,1,1982,0,0,0,0,0,0,0,0,0,0
290665,2,1,1982,0,0,0,0,0,0,0,0,0,0
290666,1,1,1982,0,0,0,0,11,0,0,0,0,0
290666,2,1,1982,14,0,0,0,0,0,0,0,8,0
290667,1,1,1982,0,10,0,0,0,0,0,0,0,0
290668,1,1,1982,0,0,0,29,0,0,10,19,0,0
290668,2,1,1982,0,0,0,0,0,0,0,0,0,0
290669,1,1,1982,26,26,26,26,26,26,26,26,26,26
290670,1,1,1982,9,12,14,30,24,7,23,28,20,29
290671,1,1,1982,7,13,14,8,24,15,12,12,3,23
290671,2,1,1982,0,10,19,0,17,19,33,7,21,14
290672,1,1,1982,24,10,15,11,38,23,19,25,15,17
290672,2,1,1982,0,0,0,0,0,0,0,0,4,0
290672,3,1,1982,0,0,0,0,0,0,0,14,0,0
290672,4,1,1982,0,0,16,0,0,0,0,0,0,0
290673,0,1,1982,0,0,0,29,0,0,3,0,0,0
290673,1,1,1982,0,0,0,0,0,0,0,0,0,0
290674,1,1,1982,0,0,0,0,13,0,0,0,0,0
290675,1,1,1982,0,0,0,0,5,0,0,0,0,0
290675,2,1,1982,0,0,0,0,0,0,0,0,0,0
290676,1,1,1982,0,0,0,15,0,0,0,0,14,0
290676,2,1,1982,0,0,0,0,0,0,0,0,0,0
290677,1,1,1982,0,0,0,0,0,0,0,0,0,0
290677,2,1,1982,0,0,0,0,0,0,0,0,0,0
290678,1,1,1982,28,28,28,28,28,28,28,28,28,28
290678,2,1,1982,0,0,0,17,0,0,0,0,16,0
290679,1,1,1982,25,25,25,25,25,25,25,25,25,25
290680,1,1,1982,0,0,0,0,0,0,0,0,0,0
290680,2,1,1982,0,0,0,0,0,0,0,0,0,0
290681,1,1,1982,0,6,0,0,0,9,0,0,0,0
290681,2,1,1982,30,30,30,30,30,30,30,30,30,30
290682,1,1,1982,0,0,0,0,0,0,0,0,11,0
290682,2,1,1982,0,0,0,10,0,0,0,0,0,0
290683,1,1,1982,0,16,16,0,0,0,0,23,0,0
290684,1,1,1982,0,0,0,0,0,0,0,0,0,0
290685,0,1,1982,10,10,10,10,10,10,10,10,10,10
290685,1,1,1982,0,7,18,0,0,0,0,0,0,7
290686,1,1,1982,29,0,0,13,23,0,17,14,11,0
290686,2,1,1982,0,0,0,0,0,0,0,0,0,0
290686,3,1,1982,0,0,0,0,0,0,0,0,0,0
290687,0,1,1982,0,0,0,0,0,0,0,0,0,0
290687,1,1,1982,0,0,0,0,0,0,0,0,0,0
290688,1,1,1982,0,0,0,6,10,0,10,9,30,0
290689,1,1,1982,0,0,0,0,0,0,9,0,0,0
290689,2,1,1982,15,0,11,0,19,23,13,0,0,22
290690,1,1,1982,0,0,0,0,0,0,0,0,18,0
290690,2,1,1982,0,0,0,0,0,0,0,0,0,0
290691,1,1,1982,26,26,26,26,26,26,26,26,26,26
290691,2,1,1982,0,0,0,0,0,0,0,0,0,0
290691,3,1,1982,0,0,0,0,0,0,0,0,0,0
290691,4,1,1982,0,0,0,0,0,0,0,0,0,0
290691,5,1,1982,0,0,0,0,0,0,0,0,0,0
290692,0,1,1982,0,0,0,20,0,0,0,0,0,0
290692,1,1,1982,0,0,0,0,0,0,0,0,0,0
290692,3,1,1982,0,0,0,0,0,0,0,0,0,0
290693,1,1,1982,0,3,0,0,17,0,0,0,0,0
290693,2,1,1982,0,0,0,10,0,0,13,17,27,33
290694,1,1,1982,26,26,26,26,26,26,26,26,26,26
290695,0,1,1982,0,0,4,0,0,0,0,14,0,0
290695,1,1,1982,0,0,0,0,0,0,0,0,0,0
290696,1,1,1982,13,18,18,15,9,19,23,18,15,21
290696,2,1,1982,0,0,15,0,0,0,0,0,0,0
290697,1,1,1982,37,15,16,7,17,18,26,17,18,32
290698,1,1,1982,0,5,0,0,0,0,0,0,0,0
290698,2,1,1982,0,0,0,0,0,0,0,0,0,0
290699,0,1,1982,5,5,5,5,5,5,5,5,5,5
290699,0,2,1982,0,10,0,0,15,8,0,0,0,0
290699,0,3,1982,0,14,0,0,25,0,0,14,0,0
290699,1,1,1982,0,9,9,10,0,20,0,15,12,11
290700,1,1,1982,0,0,0,0,0,0,0,0,0,0
290700,2,1,1982,0,0,0,0,0,0,0,0,0,0
290701,1,1,1982,16,9,32,27,16,17,27,12,28,27
290702,1,1,1982,15,9,4,22,11,15,6,20,31,8
290703,0,1,1982,0,0,0,0,0,0,0,0,0,0
290703,1,1,1982,0,0,0,0,0,0,0,0,0,0
290704,1,1,1982,17,23,14,22,15,14,0,0,0,8
290704,2,1,1982,0,0,0,0,0,0,0,0,0,0
290704,3,1,1982,0,5,16,0,6,0,0,0,0,0
290705,1,1,1982,15,23,13,6,17,19,23,11,18,11
290706,1,1,1982,0,0,0,0,0,0,0,0,0,0
290707,1,1,1982,16,16,16,16,16,16,16,16,16,16
290707,2,1,1982,16,16,16,16,16,16,16,16,16,16
290708,1,1,1982,10,17,13,22,18,22,29,19,18,14
290709,1,1,1982,27,27,27,27,27,27,27,27,27,27
290710,0,1,1982,0,0,0,0,0,0,0,0,0,0
290710,1,1,1982,0,0,0,0,0,0,0,0,0,0
290711,1,1,1982,0,0,0,0,0,0,0,0,0,0
290711,2,1,1982,0,0,0,0,0,0,0,0,0,0
290712,1,1,1982,0,0,0,0,0,0,0,0,0,0
290712,2,1,1982,0,0,0,0,16,0,0,0,0,0
290713,1,1,1982,0,0,0,0,0,0,7,0,0,0
290713,2,1,1982,19,10,9,23,32,15,19,15,18,24
290714,1,1,1982,0,0,0,0,0,0,0,0,0,0
290715,1,1,1982,17,17,17,17,17,17,17,17,17,17
290716,1,1,1982,21,0,0,21,21,2,24,0,2,10
290717,1,1,1982,10,13,14,9,25,8,11,9,25,30
290718,1,1,1982,18,24,6,3,14,15,19,15,37,31
290718,2,1,1982,0,0,0,0,0,0,0,0,0,0
290719,1,1,1982,0,0,0,0,15,0,0,0,0,0
290720,0,1,1982,28,28,28,28,28,28,28,28,28,28
290720,1,1,1982,19,18,15,22,9,10,12,40,9,31
290721,1,1,1982,23,23,23,23,23,23,23,23,23,23
290721,2,1,1982,0,18,0,0,11,0,0,0,0,0
290722,1,1,1982,0,0,0,0,0,0,0,0,0,0
290723,1,1,1982,0,0,0,0,0,16,20,0,8,22
290723,2,1,1982,0,0,0,0,0,0,0,0,0,0
290724,0,1,1982,37,0,0,24,15,0,0,0,19,0
290724,1,1,1982,0,0,10,19,0,0,12,0,0,0
290725,1,1,1982,0,0,0,0,0,0,0,0,0,0
290725,2,1,1982,0,0,0,0,0,0,0,0,0,0
290726,1,1,1982,0,27,19,16,13,20,21,20,23,20
290727,1,1,1982,35,10,32,22,12,40,23,16,12,0
290728,1,1,1982,0,0,23,19,20,9,0,0,10,12
290729,1,1,1982,0,0,0,0,28,0,0,0,0,0
290729,2,1,1982,0,0,0,0,0,0,10,0,0,0
290730,1,1,1982,29,10,23,5,14,21,32,28,23,24
290731,1,1,1982,0,0,0,0,0,0,0,0,0,0
290731,2,1,1982,4,4,4,4,4,4,4,4,4,4
290732,1,1,1982,11,0,0,0,0,0,13,0,0,0
290733,1,1,1982,19,19,19,19,19,19,19,19,19,19
290734,1,1,1982,17,17,17,17,17,17,17,17,17,17
290735,1,1,1982,0,0,0,0,0,0,0,0,0,0
290735,2,1,1982,0,0,0,0,0,0,0,0,0,0
290736,1,1,1982,0,0,0,0,0,0,0,0,0,0
290736,2,1,1982,0,0,0,0,0,0,19,0,0,0
290737,1,1,1982,5,15,23,0,24,13,25,0,0,14
290738,1,1,1982,0,0,0,0,0,0,0,0,0,0
290738,2,1,1982,0,0,0,0,0,0,0,0,0,0
290738,3,1,1982,0,0,0,0,0,0,0,0,0,0
290739,1,1,1982,16,15,0,7,0,21,0,25,0,13
290740,1,1,1982,0,0,0,0,0,0,0,0,0,0
290740,2,1,1982,30,30,30,30,30,30,30,30,30,30
290741,1,1,1982,21,6,43,12,20,31,0,13,31,12
290742,1,1,1982,17,11,5,13,0,23,29,0,11,0
290743,1,1,1982,25,15,17,22,5,23,25,19,14,22
290744,1,1,1982,13,0,0,0,0,0,0,15,22,23
290745,1,1,1982,0,0,9,0,0,0,14,0,12,0
290745,2,1,1982,0,0,0,0,0,0,0,0,0,0
290746,1,1,1982,27,27,27,27,27,27,27,27,27,27
290746,2,1,1982,0,0,0,0,0,0,0,0,0,0
290747,1,1,1982,0,0,0,0,0,0,0,0,0,0
290747,2,1,1982,0,0,0,0,0,0,0,0,0,0
290748,1,1,1982,0,0,0,0,0,4,0,0,4,8
290749,1,1,1982,0,0,0,0,0,0,0,0,0,0
290749,2,1,1982,0,0,0,0,0,0,0,0,0,0
290750,1,1,1982,22,24,23,31,24,2,23,16,15,19
290751,1,1,1982,15,15,15,15,15,15,15,15,15,15
290752,1,1,1982,29,0,0,0,0,0,0,0,17,15
290753,1,1,1982,0,0,0,0,0,0,0,0,0,0
290753,2,1,1982,10,0,0,0,0,0,0,0,0,0
290754,1,1,1982,14,12,13,0,0,29,0,0,0,28
290755,1,1,1982,0,0,0,0,0,0,0,0,6,0
290755,2,1,1982,0,0,0,0,0,0,0,0,0,0
290756,1,1,1982,0,0,13,0,0,0,0,0,0,0
290756,2,1,1982,0,0,0,0,0,0,0,0,0,0
290757,1,1,1982,0,0,0,0,0,0,0,0,0,0
290758,1,1,1982,19,20,11,22,16,36,27,10,15,17
290759,1,1,1982,17,30,19,19,0,0,27,0,0,0
290760,0,1,1982,0,0,0,0,0,0,0,0,0,0
290760,1,1,1982,0,0,0,0,0,0,0,0,0,0
290761,1,1,1982,17,17,17,17,17,17,17,17,17,17
290762,0,1,1982,0,0,0,0,0,0,0,0,0,0
290762,1,1,1982,0,0,0,0,0,0,0,0,0,0
290763,1,1,1982,10,10,10,10,10,10,10,10,10,10
290763,2,1,1982,0,0,0,0,0,0,0,0,0,0
290764,0,1,1982,24,24,24,24,24,24,24,24,24,24
290764,1,1,1982,2,2,2,2,2,2,2,2,2,2
290765,0,1,1982,0,0,0,0,0,0,0,0,0,17
290765,1,1,1982,0,0,0,0,0,0,0,0,0,0
290766,1,1,1982,0,0,17,0,0,0,0,0,0,0
290767,1,1,1982,0,31,16,27,28,0,18,15,0,15
290767,2,1,1982,0,0,0,0,0,0,0,0,0,0
290767,3,1,1982,0,0,0,0,0,0,0,0,0,0
290768,1,1,1982,0,0,0,0,0,0,0,0,0,0
290768,2,1,1982,0,0,0,0,0,0,0,0,0,0
290769,0,1,1982,0,0,0,0,0,15,6,0,0,0
290769,1,1,1982,15,15,12,25,17,8,18,13,10,44
290770,1,1,1982,12,12,12,12,12,12,12,12,12,12
290771,1,1,1982,0,0,0,0,0,0,0,0,0,0
290771,2,1,1982,0,0,0,0,0,0,0,0,0,0
290771,3,1,1982,0,0,0,0,0,0,0,0,0,0
290772,1,1,1982,8,8,5,0,0,9,11,10,16,22
290773,1,1,1982,15,15,21,0,0,9,0,0,0,8
290774,1,1,1982,0,0,0,0,0,0,0,0,0,0
290774,2,1,1982,23,23,23,23,23,23,23,23,23,23
290775,0,1,1982,0,0,0,0,0,0,0,0,0,0
290775,1,1,1982,26,6,20,2,21,18,2,13,26,0
290776,1,1,1982,0,19,7,23,9,0,11,15,10,2
290777,1,1,1982,11,11,11,11,11,11,11,11,11,11
290777,2,1,1982,0,0,0,0,0,0,0,0,0,0
290778,1,1,1982,12,12,12,12,12,12,12,12,12,12
290779,0,1,1982,0,0,0,0,11,0,0,0,0,0
290779,1,1,1982,0,0,0,0,0,0,0,0,28,0
290780,1,1,1982,0,0,0,0,0,0,0,0,0,0
290781,0,1,1982,0,0,0,0,0,0,0,7,0,0
290781,1,1,1982,0,0,0,0,0,0,0,0,20,0
290782,1,1,1982,17,15,14,17,19,12,4,3,25,22
290782,2,1,1982,0,0,0,0,0,0,0,0,0,0
290783,1,1,1982,0,0,0,0,0,0,0,0,0,0
290783,2,1,1982,0,0,0,0,0,0,0,0,0,0
290784,0,1,1982,13,0,0,0,0,0,0,11,0,17
290784,1,1,1982,0,0,0,0,0,0,19,0,0,0
290785,1,1,1982,0,0,0,0,17,0,0,0,0,14
290785,2,1,1982,0,0,0,0,0,0,0,0,0,0
290786,1,1,1982,18,0,0,17,15,0,0,11,0,0
300001,1,1,1982,17,0,10,14,8,21,13,23,16,19
300001,2,1,1982,0,0,0,0,0,6,13,5,8,0
300002,1,1,1982,12,20,8,9,16,13,10,5,0,12
300003,1,1,1982,0,0,0,0,0,0,0,0,0,0
300003,2,1,1982,13,0,14,0,0,0,0,0,0,0
300004,1,1,1982,29,29,29,29,29,29,29,29,29,29
300005,1,1,1982,0,0,0,0,0,0,0,0,0,0
300005,2,1,1982,0,0,0,0,0,0,0,0,0,0
300005,3,1,1982,0,0,0,0,0,0,0,0,0,0
300005,4,1,1982,0,0,0,0,0,0,0,0,0,0
300005,5,1,1982,0,0,0,0,0,0,0,0,0,0
300005,6,1,1982,0,0,0,0,0,0,0,0,0,0
300005,7,1,1982,0,0,0,0,0,0,0,0,0,0
300005,8,1,1982,0,0,0,0,0,0,0,0,0,0
300005,9,1,1982,0,0,0,0,0,0,0,0,0,0
300005,10,1,1982,0,0,0,0,0,11,0,0,0,0
300005,11,1,1982,0,0,0,0,0,0,0,0,0,0
300005,12,1,1982,0,0,0,0,0,0,0,0,0,0
300006,1,1,1982,0,0,0,0,0,0,0,0,0,0
300006,2,1,1982,0,0,0,0,0,0,0,0,0,0
300007,1,1,1982,0,0,0,0,0,0,0,0,0,0
300007,2,1,1982,0,0,0,0,0,0,0,0,0,0
300008,1,1,1982,34,34,34,34,34,34,34,34,34,34
300009,1,1,1982,0,0,0,0,0,0,0,0,0,0
300009,2,1,1982,0,0,0,0,0,0,0,0,0,0
300009,3,1,1982,0,0,0,9,0,0,0,0,0,0
300009,4,1,1982,0,0,0,0,0,0,0,0,0,0
300009,5,1,1982,0,0,0,0,0,0,0,0,0,0
300010,1,1,1982,0,0,0,0,0,0,0,0,0,0
300011,1,1,1982,0,0,0,0,0,0,0,0,0,0
300011,2,1,1982,0,0,0,0,0,0,0,0,0,0
300012,1,1,1982,26,26,26,26,26,26,26,26,26,26
300012,2,1,1982,0,0,0,0,0,0,0,0,0,0
300013,0,1,1982,16,0,0,21,0,20,19,0,0,0
300013,1,1,1982,0,0,0,0,0,22,0,0,0,0
300014,1,1,1982,1,1,1,1,1,1,1,1,1,1
300015,1,1,1982,3,3,3,3,3,3,3,3,3,3
300015,2,1,1982,19,19,19,19,19,19,19,19,19,19
300016,1,1,1982,0,0,0,0,0,0,0,0,0,0
300016,2,1,1982,0,0,0,3,0,0,0,0,0,0
300016,3,1,1982,0,0,0,0,0,0,0,0,0,0
300017,0,1,1982,26,26,26,26,26,26,26,26,26,26
300017,1,1,1982,0,0,0,0,0,0,0,0,0,0
300018,1,1,1982,0,0,0,0,0,0,0,0,0,0
300019,1,1,1982,12,12,12,12,12,12,12,12,12,12
300019,2,1,1982,0,0,0,0,0,0,0,0,0,0
300019,3,1,1982,0,0,10,0,0,23,8,0,0,0
300020,1,1,1982,0,0,0,0,0,0,0,0,0,0
300021,0,1,1982,0,0,0,0,0,0,0,0,0,0
300021,1,1,1982,0,0,0,0,0,0,0,0,0,0
300022,1,1,1982,0,0,0,0,0,0,0,0,0,0
300022,2,1,1982,0,0,0,0,0,0,0,0,0,0
300023,1,1,1982,12,12,12,12,12,12,12,12,12,12