ST_CASE,VEH_NO,PER_NO,YEAR,P1,P2,P3,P4,P5,P6,P7,P8,P9,P10
300024,1,1,1982,23,23,23,23,23,23,23,23,23,23
300025,1,1,1982,7,7,7,7,7,7,7,7,7,7
300026,1,1,1982,14,14,14,14,14,14,14,14,14,14
300027,1,1,1982,0,0,0,9,0,0,0,0,0,0
300027,2,1,1982,14,34,28,27,20,21,9,20,16,21
300028,1,1,1982,20,20,20,20,20,20,20,20,20,20
300029,1,1,1982,0,0,0,0,0,0,0,0,0,0
300029,2,1,1982,0,0,0,0,0,0,0,0,0,0
300030,1,1,1982,27,27,8,25,25,13,15,16,16,17
300031,1,1,1982,0,0,0,0,0,0,0,0,0,0
300031,2,1,1982,0,0,0,0,0,0,0,0,0,0
300031,3,1,1982,0,0,0,0,0,0,0,0,0,0
300032,1,1,1982,0,0,0,0,0,0,0,0,0,0
300032,2,1,1982,0,0,0,0,0,0,0,0,0,0
300033,1,1,1982,20,20,20,20,20,20,20,20,20,20
300034,1,1,1982,0,0,0,0,0,0,0,0,0,0
300034,2,1,1982,0,0,0,0,0,0,0,0,0,0
300035,1,1,1982,31,31,31,31,31,31,31,31,31,31
300036,1,1,1982,0,0,0,0,0,0,0,0,0,0
300036,2,1,1982,20,20,20,20,20,20,20,20,20,20
300037,1,1,1982,0,0,0,0,0,0,0,0,0,0
300037,2,1,1982,0,0,0,0,0,0,0,0,0,0
300038,1,1,1982,23,23,23,23,23,23,23,23,23,23
300039,0,1,1982,17,0,6,0,0,0,0,28,0,0
300039,1,1,1982,11,0,17,2,9,17,21,25,23,18
300040,1,1,1982,21,21,21,21,21,21,21,21,21,21
300040,2,1,1982,14,13,8,4,10,5,4,4,6,23
300041,1,1,1982,0,0,0,9,0,0,0,0,0,0
300042,1,2,1982,25,25,25,25,25,25,25,25,25,25
300043,1,1,1982,28,21,21,29,7,11,30,20,23,24
300044,1,1,1982,21,21,21,21,21,21,21,21,21,21
300045,1,1,1982,17,17,17,17,17,17,17,17,17,17
300046,1,1,1982,5,10,15,19,6,21,11,21,19,23
300047,1,1,1982,23,23,23,23,23,23,23,23,23,23
300048,1,1,1982,11,32,12,0,9,0,0,0,9,8
300049,1,1,1982,0,0,0,0,18,0,0,0,0,0
300050,1,1,1982,3,17,23,16,22,8,10,17,0,19
300051,1,1,1982,12,14,17,6,15,18,11,0,12,13
300052,1,1,1982,18,15,10,0,6,22,3,9,4,10
300053,1,1,1982,27,9,27,12,19,14,12,17,0,5
300054,1,1,1982,1,1,1,1,1,1,1,1,1,1
300055,1,1,1982,20,20,20,20,20,20,20,20,20,20
300055,2,1,1982,17,14,17,21,18,15,11,17,18,20
300056,1,1,1982,15,24,13,21,0,12,36,10,20,29
300057,1,1,1982,0,0,0,0,0,0,0,0,0,0
300058,1,1,1982,0,0,0,0,0,0,0,0,0,0
300059,1,1,1982,13,13,13,13,13,13,13,13,13,13
300060,1,1,1982,19,19,19,19,19,19,19,19,19,19
300061,0,1,1982,0,0,0,0,0,0,0,0,0,0
300061,1,1,1982,5,5,5,5,5,5,5,5,5,5
300062,1,1,1982,11,11,11,11,11,11,11,11,11,11
300063,1,1,1982,14,18,0,0,0,8,0,0,0,0
300063,2,1,1982,0,0,0,13,0,0,0,0,0,0
300064,1,1,1982,1,1,1,1,1,1,1,1,1,1
300065,1,1,1982,16,16,16,16,16,16,16,16,16,16
300066,1,1,1982,25,31,5,37,33,22,13,23,0,17
300067,1,1,1982,14,14,14,14,14,14,14,14,14,14
300068,1,1,1982,0,0,0,0,0,0,0,0,0,0
300069,1,1,1982,0,0,0,0,0,0,0,0,0,0
300070,1,1,1982,0,0,0,0,0,0,0,24,0,0
300070,2,1,1982,9,19,23,17,18,25,14,12,13,21
300071,1,1,1982,20,20,20,20,20,20,20,20,20,20
300072,1,1,1982,9,9,9,9,9,9,9,9,9,9
300073,1,1,1982,0,0,0,0,0,0,0,0,0,0
300073,2,1,1982,0,0,0,0,0,0,0,0,0,0
300074,1,1,1982,16,5,0,16,26,21,24,15,30,13
300074,2,1,1982,0,0,0,0,0,0,0,0,0,0
300075,1,1,1982,13,13,13,13,13,13,13,13,13,13
300076,1,1,1982,2,2,2,2,2,2,2,2,2,2
300076,2,1,1982,9,5,4,6,22,22,16,15,8,20
300077,1,1,1982,0,0,26,0,0,15,0,14,19,31
300078,1,1,1982,0,0,0,0,0,0,0,0,0,0
300079,1,1,1982,13,13,13,13,13,13,13,13,13,13
300079,2,1,1982,0,0,0,0,0,0,0,0,0,0
300080,1,1,1982,0,0,0,0,0,0,0,0,0,0
300080,2,1,1982,2,0,0,0,0,0,0,0,0,0
300081,1,1,1982,1,1,1,1,1,1,1,1,1,1
300082,0,1,1982,0,0,0,7,0,0,0,0,0,0
300082,1,1,1982,0,0,0,0,0,0,0,0,0,0
300083,1,1,1982,0,0,0,0,0,0,0,0,0,0
300084,1,1,1982,0,0,0,0,0,0,0,0,0,0
300085,0,1,1982,28,21,36,18,17,7,32,46,22,7
300085,1,1,1982,0,0,0,0,0,0,0,9,0,0
300086,0,1,1982,23,28,22,33,27,26,16,21,18,24
300086,0,2,1982,14,21,0,0,16,0,17,0,19,25
300086,0,3,1982,23,21,24,17,29,31,19,34,10,14
300086,1,1,1982,21,14,11,9,18,13,11,30,8,12
300087,1,1,1982,12,3,11,26,16,7,17,14,17,25
300088,1,1,1982,20,15,11,15,27,8,18,11,10,12
300088,2,1,1982,0,0,0,0,0,0,0,0,0,0
300089,1,1,1982,18,18,18,18,18,18,18,18,18,18
300090,1,1,1982,0,0,0,0,0,0,0,0,0,0
300090,2,1,1982,1,1,1,1,1,1,1,1,1,1
300091,1,1,1982,21,21,21,21,21,21,21,21,21,21
300092,1,1,1982,22,15,14,7,30,15,14,16,7,28
300093,0,1,1982,0,0,0,0,0,0,0,0,0,8
300093,1,1,1982,0,0,0,0,0,0,0,0,0,0
300094,1,1,1982,24,24,24,24,24,24,24,24,24,24
300095,1,1,1982,16,16,16,16,16,16,16,16,16,16
300096,1,1,1982,18,11,9,8,24,26,4,23,10,17
300096,2,1,1982,0,20,5,26,10,27,7,7,15,17
300097,1,1,1982,29,29,29,29,29,29,29,29,29,29
300098,1,1,1982,26,26,26,26,26,26,26,26,26,26
300099,1,1,1982,0,0,0,0,0,0,0,0,0,0
300100,1,1,1982,26,26,26,26,26,26,26,26,26,26
300101,1,1,1982,29,29,29,29,29,29,29,29,29,29
300102,1,1,1982,0,0,0,0,0,0,0,0,0,0
300102,2,1,1982,7,7,7,7,7,7,7,7,7,7
300103,1,1,1982,10,10,10,10,10,10,10,10,10,10
300104,1,1,1982,0,0,15,0,0,0,0,0,0,0
300104,2,1,1982,0,0,0,0,0,0,0,0,0,0
300105,1,1,1982,8,8,8,8,8,8,8,8,8,8
300105,2,1,1982,28,28,28,28,28,28,28,28,28,28
300106,1,1,1982,15,46,19,25,36,19,13,22,15,10
300107,1,1,1982,0,0,0,20,19,24,17,18,25,0
300108,1,1,1982,31,31,31,31,31,31,31,31,31,31
300109,1,1,1982,4,4,4,4,4,4,4,4,4,4
300109,2,1,1982,8,29,29,14,23,12,10,12,17,27
300110,1,1,1982,0,0,0,0,0,0,0,6,0,0
300111,1,1,1982,13,13,13,13,13,13,13,13,13,13
300112,0,1,1982,13,13,13,13,13,13,13,13,13,13
300113,1,1,1982,0,0,0,0,0,0,0,0,0,0
300114,0,1,1982,0,0,0,0,0,0,0,0,0,0
300114,1,1,1982,3,3,3,3,3,3,3,3,3,3
300115,1,1,1982,7,7,7,7,7,7,7,7,7,7
300116,1,1,1982,12,12,12,12,12,12,12,12,12,12
300117,1,1,1982,9,14,16,0,7,31,20,28,21,0
300118,1,1,1982,0,0,0,0,0,0,0,0,0,0
300118,2,1,1982,0,0,0,0,0,0,0,0,0,0
300119,1,1,1982,39,0,0,0,16,6,0,0,7,17
300120,1,1,1982,3,3,3,3,3,3,3,3,3,3
300121,1,1,1982,0,0,0,0,0,0,0,0,5,0
300122,0,1,1982,22,22,22,22,22,22,22,22,22,22
300122,1,1,1982,0,0,0,0,0,0,0,0,0,0
300123,1,1,1982,16,16,16,16,16,16,16,16,16,16
300124,1,1,1982,17,8,19,25,9,11,23,12,19,15
300125,1,1,1982,16,19,14,23,18,24,13,25,13,17
300126,1,1,1982,0,0,0,0,11,0,0,0,0,0
300127,1,1,1982,17,17,17,17,17,17,17,17,17,17
300128,1,1,1982,0,0,0,0,0,0,0,0,0,0
300128,2,1,1982,17,17,17,17,17,17,17,17,17,17
300129,1,1,1982,22,15,11,22,6,15,7,17,24,19
300130,1,1,1982,0,7,0,0,0,0,0,0,0,0
300130,2,1,1982,19,19,19,19,19,19,19,19,19,19
300131,0,1,1982,28,14,19,21,16,22,38,27,34,18
300131,1,1,1982,0,0,0,0,0,0,0,0,0,0
300132,1,1,1982,0,0,0,0,0,0,0,0,0,0
300132,2,1,1982,0,0,0,0,0,0,0,0,0,0
300133,1,1,1982,7,7,7,7,7,7,7,7,7,7
300134,1,1,1982,7,7,7,7,7,7,7,7,7,7
300134,2,1,1982,16,16,16,16,16,16,16,16,16,16
300135,1,1,1982,17,15,29,21,8,30,25,15,16,18
300136,1,1,1982,13,0,0,18,19,1,13,8,2,22
300136,2,1,1982,0,0,0,0,15,0,0,0,0,0
300137,1,1,1982,16,36,18,21,7,14,0,19,14,33
300138,1,1,1982,0,0,0,0,0,0,0,0,3,0
300138,2,1,1982,10,22,20,19,25,12,17,13,21,7
300138,3,1,1982,0,0,5,0,0,0,0,0,0,0
300139,1,1,1982,13,23,16,11,25,17,9,16,6,9
300140,1,1,1982,0,0,0,0,0,0,0,0,0,0
300141,1,1,1982,0,0,0,0,0,0,0,0,0,0
300142,1,1,1982,13,16,24,14,12,15,6,17,13,12
300142,2,1,1982,6,6,6,6,6,6,6,6,6,6
300143,1,1,1982,0,0,0,0,16,12,0,0,0,10
300143,2,1,1982,17,17,17,17,17,17,17,17,17,17
300144,1,1,1982,18,27,30,13,23,17,33,10,8,19
300145,0,1,1982,0,0,0,0,0,0,0,0,0,0
300145,1,1,1982,0,0,0,0,0,0,0,0,0,0
300146,1,1,1982,0,0,0,0,0,0,0,0,0,0
300146,2,1,1982,0,0,0,0,0,0,0,0,0,0
300147,1,1,1982,0,0,0,0,0,0,0,0,0,0
300147,2,1,1982,0,0,0,0,0,0,0,0,0,0
300148,1,1,1982,37,23,11,19,18,18,18,6,3,18
300149,0,1,1982,0,0,0,0,0,0,0,0,25,0
300149,1,1,1982,0,0,0,0,0,0,0,0,0,0
300150,1,1,1982,6,15,9,34,11,12,30,8,30,0
300151,0,1,1982,0,0,0,0,0,0,0,0,0,0
300151,1,1,1982,0,0,0,0,0,0,0,0,0,0
300152,1,1,1982,6,14,15,22,0,16,27,23,23,18
300153,1,1,1982,0,0,0,0,23,5,27,0,0,0
300154,1,1,1982,15,22,11,34,33,17,25,26,32,22
300155,1,1,1982,13,8,21,6,13,0,19,19,20,12
300156,1,1,1982,0,0,0,0,0,0,3,0,0,0
300156,2,1,1982,6,6,6,6,6,6,6,6,6,6
300157,1,1,1982,0,0,0,0,0,0,0,0,0,0
300158,1,1,1982,30,9,0,0,0,0,13,17,29,16
300159,1,1,1982,5,14,10,21,8,14,22,6,14,20
300160,1,1,1982,7,17,5,10,15,6,20,27,18,21
300160,2,1,1982,13,13,13,13,13,13,13,13,13,13
300161,1,1,1982,28,28,28,28,28,28,28,28,28,28
300162,0,1,1982,21,23,32,5,28,0,24,24,23,14
300162,1,1,1982,0,0,0,0,0,0,0,0,0,0
300163,1,1,1982,0,0,0,0,0,0,0,0,0,0
300163,2,1,1982,0,0,8,48,0,12,26,14,14,0
300164,1,1,1982,10,10,10,10,10,10,10,10,10,10
300165,0,1,1982,27,27,27,27,27,27,27,27,27,27
300165,1,1,1982,0,0,0,0,0,0,0,0,0,0
300166,1,1,1982,27,25,18,19,18,24,18,12,25,39
300167,1,1,1982,25,17,0,13,11,0,33,19,14,17
300168,1,1,1982,23,15,4,15,14,12,7,20,10,0
300168,2,1,1982,0,0,0,0,15,0,0,0,0,0
300169,1,1,1982,0,18,0,0,0,5,0,0,0,0
300169,2,1,1982,0,0,0,0,0,0,10,0,0,0
300170,1,1,1982,15,14,14,12,18,16,19,20,13,27
300171,0,1,1982,0,15,16,15,21,23,0,13,15,0
300171,1,1,1982,9,31,14,23,7,16,19,12,21,44
300172,1,1,1982,0,0,0,0,0,0,0,0,0,0
300173,1,1,1982,14,5,15,27,0,13,24,9,10,27
300174,1,1,1982,26,26,26,26,26,26,26,26,26,26
300174,2,1,1982,0,2,0,9,0,0,0,0,0,0
300175,1,1,1982,35,23,37,8,15,23,19,46,20,16
300176,1,1,1982,20,12,18,4,18,12,8,13,11,14
300176,2,1,1982,0,0,0,0,0,0,0,16,0,0
300176,3,1,1982,0,0,0,0,0,0,0,0,0,0
300177,1,1,1982,17,11,22,13,24,21,16,27,10,12
300178,1,1,1982,0,0,0,0,0,0,0,0,0,0
300179,1,1,1982,8,16,19,21,15,28,7,24,43,17
300180,1,1,1982,0,11,16,19,17,9,23,25,25,13
300181,1,1,1982,26,46,0,15,28,15,39,20,25,19
300182,1,1,1982,20,20,20,20,20,20,20,20,20,20
300183,1,1,1982,21,21,21,21,21,21,21,21,21,21
300184,1,1,1982,22,7,17,25,34,14,31,24,39,18
300185,1,1,1982,27,27,27,27,27,27,27,27,27,27
300186,1,1,1982,0,0,0,0,0,0,0,0,0,0
300187,0,1,1982,0,0,0,0,0,0,0,0,0,0
300188,1,1,1982,20,16,21,14,17,14,19,13,24,11
300188,2,1,1982,0,0,10,13,0,22,0,0,0,0
300189,1,1,1982,13,13,20,16,14,0,15,9,9,19
300190,1,1,1982,22,22,22,22,22,22,22,22,22,22
300191,1,1,1982,30,6,6,23,28,35,23,14,8,11
300192,1,1,1982,0,0,0,0,0,0,0,0,0,0
300192,2,1,1982,0,0,0,0,4,0,0,0,0,0
300193,1,1,1982,0,5,0,0,0,0,0,0,0,0
300194,1,1,1982,36,36,36,36,36,36,36,36,36,36
300194,2,1,1982,0,0,0,0,0,0,0,0,0,0
300195,1,1,1982,0,0,0,0,0,10,10,0,0,0
300196,1,1,1982,0,0,0,0,0,0,0,0,0,0
300196,2,1,1982,0,0,17,0,0,0,21,0,10,25
300197,1,1,1982,0,6,0,0,0,0,0,9,0,0
300198,1,1,1982,0,0,0,0,0,0,0,0,0,0
300198,2,1,1982,1,1,1,1,1,1,1,1,1,1
300199,1,1,1982,0,0,0,0,0,0,0,0,0,10
300200,1,1,1982,34,34,34,34,34,34,34,34,34,34
300201,1,1,1982,35,32,28,19,24,22,36,21,22,10
300202,1,1,1982,0,13,0,8,0,4,0,13,0,0
300203,1,1,1982,0,0,0,0,0,0,0,0,0,0
300204,1,1,1982,0,0,0,0,0,0,0,0,0,0
300204,2,1,1982,0,0,0,0,0,0,0,0,0,0
300204,3,1,1982,0,0,0,0,0,0,0,0,0,0
300205,1,1,1982,0,0,0,0,0,0,0,0,0,0
300205,2,1,1982,0,0,0,0,0,0,0,0,0,0
300206,1,1,1982,9,36,3,4,0,4,0,10,6,7
300206,2,1,1982,0,0,0,0,0,0,0,0,0,0
300207,1,1,1982,8,8,3,10,22,12,18,11,28,23
300207,2,1,1982,0,0,0,0,0,0,0,0,0,0
300208,1,1,1982,26,26,26,26,26,26,26,26,26,26
300209,1,1,1982,0,0,0,0,0,0,0,0,0,0
300209,2,1,1982,0,0,0,0,0,0,0,7,0,0
300210,0,1,1982,0,10,15,24,0,18,27,16,37,6
300210,1,1,1982,0,0,0,0,0,0,0,0,0,0
300211,1,1,1982,0,0,0,0,0,0,9,0,0,0
300211,2,1,1982,0,0,0,0,0,0,0,0,0,0
300212,1,1,1982,15,15,15,15,15,15,15,15,15,15
300212,2,1,1982,0,0,0,0,0,0,0,0,0,0
300213,1,1,1982,0,0,0,26,0,0,0,0,0,0
300213,2,1,1982,18,6,21,14,15,26,18,17,0,14
300214,1,1,1982,0,0,0,0,0,0,0,0,0,0
300214,2,1,1982,0,0,0,0,0,0,0,0,0,0
300215,1,1,1982,17,17,17,17,17,17,17,17,17,17
300215,2,1,1982,0,0,4,0,0,0,0,0,0,0
310001,0,1,1982,28,28,28,28,28,28,28,28,28,28
310001,1,1,1982,0,0,0,0,0,0,0,0,0,0
310002,1,1,1982,16,16,16,16,16,16,16,16,16,16
310003,1,1,1982,18,0,0,14,0,23,0,0,19,0
310003,2,1,1982,13,22,18,0,10,13,16,0,0,0
310004,1,1,1982,0,0,0,0,0,0,0,0,0,0
310005,1,1,1982,25,25,25,25,25,25,25,25,25,25
310006,0,1,1982,0,0,27,0,0,0,0,0,0,31
310006,1,1,1982,0,0,0,0,0,0,0,8,0,0
310007,0,1,1982,4,15,0,17,9,0,10,14,15,23
310007,1,1,1982,0,0,0,0,0,0,0,0,0,0
310008,1,1,1982,18,18,18,18,18,18,18,18,18,18
310008,2,1,1982,10,10,10,10,10,10,10,10,10,10
310009,1,1,1982,0,0,0,0,0,0,0,0,0,0
310010,1,1,1982,0,0,0,0,0,0,0,0,0,0
310010,2,1,1982,0,0,0,0,0,0,0,0,0,0
310010,3,1,1982,0,0,0,0,0,0,0,0,0,0
310011,1,1,1982,0,0,5,0,0,0,0,0,0,0
310011,2,1,1982,0,0,0,0,6,12,0,0,0,0
310012,1,1,1982,35,35,35,35,35,35,35,35,35,35
310013,1,1,1982,6,6,6,6,6,6,6,6,6,6
310014,1,1,1982,0,0,0,0,0,0,0,0,0,0
310014,2,1,1982,24,24,24,24,24,24,24,24,24,24
310015,1,1,1982,14,14,14,14,14,14,14,14,14,14
310015,2,1,1982,0,0,0,0,0,0,0,0,0,0
310015,3,1,1982,0,0,0,0,0,0,0,0,0,0
310016,0,1,1982,41,12,14,6,0,25,16,13,16,19
310016,1,1,1982,0,0,0,0,0,0,0,0,0,0
310017,1,1,1982,4,4,4,4,4,4,4,4,4,4
310017,2,1,1982,14,14,14,14,14,14,14,14,14,14
310018,1,1,1982,22,22,22,22,22,22,22,22,22,22
310018,2,1,1982,10,10,10,10,10,10,10,10,10,10
310019,1,1,1982,1,1,1,1,1,1,1,1,1,1
310019,2,1,1982,1,1,1,1,1,1,1,1,1,1
310020,0,1,1982,0,0,0,0,0,0,0,0,0,0
310020,1,1,1982,0,0,0,0,0,0,0,0,0,0
310021,1,1,1982,0,0,0,0,0,0,0,16,0,0
310021,2,1,1982,13,0,0,0,0,0,0,0,0,0
310022,1,1,1982,0,0,0,0,0,0,0,0,0,0
310023,1,1,1982,0,0,0,0,0,0,0,0,0,0
310023,2,1,1982,0,0,0,0,0,0,0,0,0,0
310024,1,1,1982,0,0,0,0,0,0,0,0,0,0
310024,2,1,1982,0,0,0,0,0,0,0,0,0,0
310025,1,1,1982,0,0,0,15,0,11,0,12,17,0
310025,2,1,1982,0,0,0,0,0,0,0,0,0,0
310026,0,1,1982,0,0,0,0,0,0,0,0,0,0
310026,1,1,1982,0,0,0,0,0,0,0,0,0,0
310027,1,1,1982,0,0,0,0,0,0,0,0,0,0
310028,1,1,1982,0,0,0,0,0,0,0,0,0,0
310028,2,1,1982,0,0,0,0,0,0,0,0,10,0
310029,1,1,1982,0,0,0,0,0,0,0,0,0,0
310029,2,1,1982,0,0,0,0,0,0,0,0,0,0
310031,1,1,1982,0,0,0,0,0,0,0,0,0,0
310031,2,1,1982,0,0,0,0,0,0,0,0,0,0
310032,1,1,1982,0,0,0,0,0,0,0,0,14,0
310033,1,1,1982,19,14,19,0,5,50,21,10,16,16
310034,1,1,1982,20,0,0,0,0,0,0,4,0,0
310035,1,1,1982,8,0,0,0,18,0,0,0,0,0
310036,1,1,1982,0,0,0,0,0,0,0,0,0,0
310036,2,1,1982,0,0,0,0,0,0,0,0,0,0
310037,1,1,1982,0,0,0,0,0,0,0,0,0,0
310038,1,1,1982,23,23,23,23,23,23,23,23,23,23
310039,1,1,1982,0,0,6,0,0,0,0,0,0,0
310039,2,1,1982,0,11,0,0,0,19,11,0,0,0
310040,1,1,1982,0,0,0,0,0,0,0,0,0,0
310040,2,1,1982,0,0,0,0,0,0,0,0,0,0
310040,3,1,1982,0,0,0,0,0,0,0,0,0,0
310041,1,1,1982,24,24,24,24,24,24,24,24,24,24
310042,1,1,1982,0,0,0,0,0,0,0,0,0,0
310043,1,1,1982,8,21,6,0,0,0,0,5,16,17
310044,1,1,1982,0,0,0,0,0,0,0,0,0,0
310044,2,1,1982,0,0,0,0,0,0,0,0,0,0
310044,3,1,1982,0,0,0,0,0,0,0,0,0,0
310045,1,1,1982,23,0,25,20,0,18,20,24,0,24
310046,0,1,1982,0,0,16,12,20,10,0,0,0,0
310046,1,1,1982,0,0,0,0,0,0,0,0,0,0
310047,1,1,1982,0,0,0,0,0,0,0,0,0,0
310047,2,1,1982,0,0,0,0,0,0,0,0,0,0
310048,1,1,1982,21,21,21,21,21,21,21,21,21,21
310048,2,1,1982,0,0,0,0,0,0,0,0,0,0
310049,0,1,1982,0,0,0,0,0,0,0,0,0,0
310049,1,1,1982,0,0,0,0,0,0,0,0,3,0
310050,1,1,1982,0,0,0,0,0,0,0,0,0,0
310050,2,1,1982,0,0,0,0,0,0,0,0,0,0
310051,1,1,1982,0,0,0,0,0,0,0,0,0,0
310051,2,1,1982,0,0,0,0,0,0,0,0,0,0
310052,1,1,1982,6,6,6,6,6,6,6,6,6,6
310053,1,1,1982,0,0,36,0,0,0,0,0,0,0
310054,0,1,1982,12,12,12,12,12,12,12,12,12,12
310054,1,1,1982,0,0,10,10,6,27,0,0,0,0
310055,1,1,1982,0,0,0,0,0,0,0,0,0,0
310055,2,1,1982,0,0,0,0,0,0,0,0,0,0
310056,1,1,1982,0,14,20,8,0,0,0,28,0,0
310056,2,1,1982,0,0,0,0,0,0,0,9,0,0
310056,3,1,1982,0,12,0,0,0,0,0,0,0,0
310056,4,1,1982,0,0,0,0,0,0,0,0,0,5
310056,5,1,1982,0,0,0,0,0,0,0,0,0,0
310057,1,1,1982,9,0,0,13,0,0,0,22,0,0
310058,1,1,1982,7,21,26,8,0,17,19,21,20,11
310059,1,1,1982,0,0,0,0,0,0,0,0,0,0
310060,1,1,1982,0,0,0,0,0,0,0,0,0,0
310061,1,1,1982,0,0,0,0,0,0,0,0,0,0
310061,2,1,1982,0,0,0,0,0,0,0,0,0,0
310062,1,1,1982,0,20,0,0,0,0,20,0,0,0
310062,2,1,1982,0,0,0,0,0,0,0,0,0,0
310063,1,1,1982,10,10,10,10,10,10,10,10,10,10
310064,0,1,1982,7,7,7,7,7,7,7,7,7,7
310064,1,1,1982,0,0,0,0,0,0,0,0,0,0
310065,1,1,1982,19,19,19,19,19,19,19,19,19,19
310065,2,1,1982,0,0,0,0,0,0,0,0,0,0
310066,0,1,1982,0,0,0,0,0,0,0,0,0,0
310066,1,1,1982,0,0,0,0,0,0,0,0,0,0
310067,1,1,1982,21,21,21,21,21,21,21,21,21,21
310068,1,1,1982,0,0,0,0,0,0,0,0,0,0
310068,2,1,1982,0,0,0,0,0,0,0,0,0,0
310069,1,1,1982,0,0,0,0,0,0,0,0,0,0
310069,2,1,1982,0,0,0,0,0,0,0,0,0,0
310070,1,1,1982,0,0,0,0,0,0,0,0,0,0
310070,2,1,1982,0,0,0,0,0,0,0,0,0,0
310071,1,1,1982,0,0,0,0,0,0,0,0,0,0
310071,2,1,1982,30,0,14,0,0,15,29,0,24,34
310072,1,1,1982,0,0,0,0,0,0,0,0,0,0
310073,1,1,1982,0,0,0,0,0,0,0,0,0,0
310073,2,1,1982,0,0,0,0,0,0,0,0,0,0
310074,1,1,1982,11,23,1,8,12,12,7,7,8,17
310075,1,1,1982,21,21,21,21,21,21,21,21,21,21
310076,0,1,1982,0,0,0,0,0,0,0,0,0,5
310076,1,1,1982,0,0,0,0,0,0,0,0,0,0
310077,1,1,1982,0,0,0,0,0,0,0,0,0,0
310077,2,1,1982,0,0,0,0,0,0,0,24,0,0
310078,1,1,1982,0,0,0,0,0,0,0,0,0,0
310078,2,1,1982,0,0,20,0,0,0,0,0,20,0
310079,1,1,1982,23,23,23,23,23,23,23,23,23,23
310080,0,1,1982,8,8,8,8,8,8,8,8,8,8
310080,1,1,1982,9,9,9,9,9,9,9,9,9,9
310081,1,1,1982,0,0,0,0,0,0,0,0,0,0
310081,2,1,1982,0,0,0,0,0,0,0,0,0,0
310082,1,1,1982,0,0,0,0,0,0,0,0,0,0
310082,2,1,1982,20,20,20,20,20,20,20,20,20,20
310083,1,1,1982,18,18,18,18,18,18,18,18,18,18
310084,0,1,1982,0,0,0,0,0,0,0,0,0,0
310084,1,1,1982,0,0,0,0,0,0,0,0,0,0
310085,1,1,1982,0,0,0,0,0,0,0,0,0,0
310085,2,1,1982,0,0,0,0,0,0,0,0,0,0
310086,1,1,1982,25,25,25,25,25,25,25,25,25,25
310086,2,1,1982,14,14,14,14,14,14,14,14,14,14
310087,1,1,1982,21,23,16,14,4,28,24,21,0,12
310088,1,1,1982,0,0,0,0,0,0,0,0,0,0
310089,1,1,1982,39,39,39,39,39,39,39,39,39,39
310090,1,1,1982,0,0,0,0,0,0,0,0,0,0
310090,2,1,1982,16,16,16,16,16,16,16,16,16,16
310091,0,1,1982,10,0,0,0,0,0,0,0,0,0
310091,1,1,1982,0,0,0,0,0,0,0,0,0,0
310092,1,1,1982,16,16,16,16,16,16,16,16,16,16
310093,1,1,1982,0,8,0,0,0,0,0,0,9,0
310094,1,1,1982,0,0,0,0,0,0,0,0,0,0
310095,1,1,1982,0,18,29,22,14,13,21,0,0,11
310095,2,1,1982,10,10,10,10,10,10,10,10,10,10
310096,1,1,1982,0,0,0,0,0,0,0,10,0,8
310097,1,1,1982,19,13,13,0,8,19,18,19,13,17
310098,1,1,1982,0,0,27,0,0,10,0,0,0,0
310099,1,1,1982,25,25,25,25,25,25,25,25,25,25
310100,0,1,1982,0,0,0,41,0,26,0,0,0,0
310100,1,1,1982,0,0,0,0,0,0,0,0,0,0
310101,1,1,1982,0,0,0,0,0,0,0,0,0,0
310101,2,1,1982,0,0,0,0,0,0,0,6,0,0
310102,1,1,1982,0,0,0,0,0,0,0,0,0,0
310103,1,1,1982,15,15,15,15,15,15,15,15,15,15
310104,1,1,1982,0,13,11,25,15,0,8,0,0,0
310105,1,1,1982,20,20,20,20,20,20,20,20,20,20
310106,1,1,1982,0,0,0,21,20,8,0,0,0,0
310106,2,1,1982,0,0,0,0,0,0,0,0,0,0
310106,3,1,1982,0,0,0,0,0,0,0,0,0,0
310107,1,1,1982,20,20,20,20,20,20,20,20,20,20
310108,1,1,1982,0,0,0,0,0,0,0,0,0,0
310109,1,1,1982,0,0,0,0,0,0,0,0,0,0
310109,2,1,1982,0,0,12,14,11,9,7,2,13,11
310110,1,1,1982,6,6,6,6,6,6,6,6,6,6
310111,1,1,1982,18,18,18,18,18,18,18,18,18,18
310112,1,1,1982,20,20,20,20,20,20,20,20,20,20
310113,0,1,1982,2,24,33,24,12,26,14,34,17,0
310113,1,1,1982,10,6,24,13,11,13,16,11,6,14
310113,2,1,1982,0,27,0,0,13,0,12,4,8,5
310114,0,1,1982,10,22,24,23,18,16,20,19,28,16
310114,1,1,1982,29,9,31,22,21,20,17,23,0,9
310115,1,1,1982,0,0,0,0,0,0,20,13,0,0
310116,1,1,1982,0,0,0,0,0,0,0,0,0,0
310117,1,1,1982,0,0,0,0,0,0,0,0,0,0
310117,2,1,1982,0,0,0,0,0,0,0,0,0,0