ST_CASE,VEH_NO,PER_NO,YEAR,P1,P2,P3,P4,P5,P6,P7,P8,P9,P10
310118,1,1,1982,0,0,0,6,0,20,0,0,0,15
310119,1,1,1982,16,16,16,16,16,16,16,16,16,16
310120,1,1,1982,28,28,28,28,28,28,28,28,28,28
310120,2,1,1982,0,0,0,0,0,0,0,0,0,0
310121,1,1,1982,19,5,16,10,17,22,18,17,8,19
310122,1,1,1982,6,0,11,10,0,21,4,0,15,0
310123,0,1,1982,24,0,12,25,20,18,0,32,24,15
310123,1,1,1982,0,0,19,9,0,0,11,19,0,10
310124,1,1,1982,8,8,8,8,8,8,8,8,8,8
310124,2,1,1982,0,0,0,0,0,0,0,0,0,0
310125,1,1,1982,0,0,0,0,0,0,0,0,0,0
310126,1,1,1982,27,27,27,27,27,27,27,27,27,27
310127,1,1,1982,0,0,0,0,0,0,0,0,0,0
310127,2,1,1982,0,0,0,0,0,0,0,0,0,0
310128,1,1,1982,16,8,34,14,14,0,14,11,29,6
310129,1,1,1982,0,0,0,0,0,0,0,0,0,0
310129,2,1,1982,1,1,1,1,1,1,1,1,1,1
310130,1,1,1982,0,0,0,0,0,0,0,0,0,0
310130,2,1,1982,0,0,0,0,0,0,0,0,0,0
310131,1,1,1982,0,0,0,0,0,0,0,0,0,0
310131,2,1,1982,0,0,0,0,0,0,0,0,0,0
310131,3,1,1982,0,0,0,0,0,0,0,0,0,0
310131,4,1,1982,0,0,9,0,0,0,0,0,0,0
310132,1,1,1982,0,21,16,18,0,22,19,11,18,15
310132,2,1,1982,11,0,0,5,0,13,0,0,0,0
310133,1,1,1982,16,0,10,35,0,6,16,21,15,23
310133,2,1,1982,0,0,0,0,0,0,0,0,0,0
310134,1,1,1982,0,0,19,0,10,0,0,0,0,0
310135,1,1,1982,19,38,6,0,0,0,20,0,0,0
310136,1,1,1982,0,0,0,0,0,0,0,0,0,0
310136,2,1,1982,0,0,0,0,0,0,0,0,0,0
310137,1,1,1982,23,23,23,23,23,23,23,23,23,23
310138,1,1,1982,11,11,11,11,11,11,11,11,11,11
310139,1,1,1982,0,0,15,14,0,16,18,21,24,16
310139,2,1,1982,0,0,0,0,0,0,0,0,0,0
310139,3,1,1982,0,0,0,1,0,0,0,0,0,0
310140,0,1,1982,0,0,0,0,0,0,0,0,0,0
310140,1,1,1982,0,0,0,0,0,0,0,0,0,0
310141,1,1,1982,0,0,0,0,0,0,0,0,0,0
310141,2,1,1982,0,0,0,0,0,0,0,0,0,0
310142,1,1,1982,0,0,0,0,0,0,0,0,0,0
310142,2,1,1982,0,8,18,29,13,17,17,0,0,0
310143,1,1,1982,0,0,2,15,0,0,0,0,0,0
310143,2,1,1982,0,0,0,0,0,0,11,0,25,0
310144,1,1,1982,20,20,20,20,20,20,20,20,20,20
310145,1,1,1982,0,0,0,0,0,0,0,0,0,0
310145,2,1,1982,0,0,0,0,0,0,0,0,0,0
310146,1,1,1982,0,0,0,0,1,0,0,8,4,0
310146,2,1,1982,0,0,0,0,0,0,0,0,0,0
310147,1,1,1982,0,0,0,0,0,0,0,0,0,0
310147,2,1,1982,0,0,0,0,0,0,0,0,0,0
310148,1,1,1982,23,23,23,23,23,23,23,23,23,23
310149,0,1,1982,10,0,0,0,0,27,0,0,0,0
310149,1,1,1982,0,0,0,0,0,0,0,0,0,0
310150,1,1,1982,0,0,0,0,0,0,0,0,4,0
310150,2,1,1982,0,0,0,0,0,0,0,0,12,0
310151,1,1,1982,4,4,4,4,4,4,4,4,4,4
310151,2,1,1982,0,0,0,0,0,0,0,0,0,0
310152,1,1,1982,0,0,0,0,0,0,0,0,0,0
310152,2,1,1982,0,0,0,12,0,0,0,0,0,0
310153,1,1,1982,26,26,26,26,26,26,26,26,26,26
310153,2,1,1982,6,6,6,6,6,6,6,6,6,6
310154,0,1,1982,0,0,0,0,0,0,0,0,0,0
310154,1,1,1982,0,0,0,0,0,0,0,0,0,0
310155,1,1,1982,23,23,23,23,23,23,23,23,23,23
310155,2,1,1982,0,0,0,0,0,0,0,0,0,0
310156,1,1,1982,0,0,0,0,0,0,0,0,0,0
310156,2,1,1982,0,0,0,0,0,0,0,0,0,0
310156,3,1,1982,0,0,0,0,0,0,0,0,0,0
310157,1,1,1982,0,0,0,0,0,0,0,0,0,0
310157,2,1,1982,0,0,0,0,0,0,0,0,0,0
310157,3,1,1982,0,0,0,0,0,0,0,0,0,0
310158,1,1,1982,0,0,0,0,0,0,0,0,0,0
310158,2,1,1982,0,0,0,0,0,0,0,0,0,0
310159,1,1,1982,22,22,22,22,22,22,22,22,22,22
310160,0,1,1982,0,18,0,0,0,0,0,0,0,19
310160,1,1,1982,0,0,0,0,0,0,0,0,0,0
310161,0,1,1982,28,0,4,0,0,11,20,32,7,0
310161,1,1,1982,0,0,0,0,0,0,0,5,0,0
310162,1,1,1982,2,2,2,2,2,2,2,2,2,2
310162,2,1,1982,0,0,0,0,0,0,0,0,0,0
310163,1,1,1982,37,21,0,0,0,18,0,33,0,0
310164,1,1,1982,0,0,0,0,0,0,0,11,4,0
310165,1,1,1982,0,0,8,0,0,29,22,15,0,16
310166,0,1,1982,0,0,0,0,0,0,0,0,0,0
310166,0,2,1982,0,3,13,2,17,32,20,11,19,13
310166,2,1,1982,0,0,0,0,0,0,0,0,0,0
310167,1,1,1982,0,0,12,0,0,17,0,0,13,0
310167,2,1,1982,0,0,0,0,0,0,0,0,0,0
310168,1,1,1982,0,0,0,0,0,0,0,0,0,0
310169,1,1,1982,36,36,36,36,36,36,36,36,36,36
310169,2,1,1982,10,10,10,10,10,10,10,10,10,10
310170,1,1,1982,25,25,25,25,25,25,25,25,25,25
310171,1,1,1982,20,20,20,20,20,20,20,20,20,20
310172,1,1,1982,0,0,0,0,0,0,0,0,0,0
310173,1,1,1982,0,0,0,0,0,0,0,0,0,0
310173,2,1,1982,0,0,21,0,0,0,28,0,0,0
310174,1,1,1982,0,0,0,0,0,0,0,0,0,0
310174,2,1,1982,15,15,13,8,14,16,4,21,12,4
310175,1,1,1982,23,24,0,0,14,0,19,10,7,8
310175,2,1,1982,0,0,0,0,0,0,0,0,0,0
310176,1,1,1982,13,13,13,13,13,13,13,13,13,13
310177,1,1,1982,19,19,19,19,19,19,19,19,19,19
310178,1,1,1982,0,0,17,0,0,0,0,0,10,0
310179,1,1,1982,15,15,15,15,15,15,15,15,15,15
310179,2,1,1982,0,0,0,0,0,0,0,0,0,0
310180,1,1,1982,18,18,18,18,18,18,18,18,18,18
310181,1,1,1982,15,15,15,15,15,15,15,15,15,15
310182,1,1,1982,23,23,23,23,23,23,23,23,23,23
310183,1,1,1982,0,0,21,0,0,0,0,29,0,0
310183,2,1,1982,0,0,0,0,0,0,13,0,0,0
310184,1,1,1982,0,0,0,0,0,0,0,0,0,0
310184,2,1,1982,0,0,0,0,0,0,0,0,0,0
310185,1,1,1982,0,0,0,0,0,0,0,0,0,0
310185,2,1,1982,0,0,0,0,0,0,0,0,0,0
310186,1,1,1982,25,24,19,21,17,15,15,21,23,12
310188,1,1,1982,11,0,0,18,0,0,0,0,0,0
310189,1,1,1982,0,0,0,0,0,0,0,0,0,0
310189,2,1,1982,0,0,0,0,0,0,0,0,8,0
310190,1,1,1982,0,0,0,0,0,0,0,0,0,0
310191,0,1,1982,11,0,0,32,16,0,0,17,0,9
310191,0,2,1982,8,0,37,0,23,26,25,27,0,0
310191,1,1,1982,0,5,0,0,0,0,0,0,0,0
310191,2,1,1982,0,0,14,0,0,0,20,0,13,0
310192,1,1,1982,0,0,0,0,20,0,13,14,0,16
310193,1,1,1982,0,0,0,0,0,0,0,0,0,0
310193,2,1,1982,0,0,0,0,0,0,0,0,0,0
310194,1,1,1982,0,0,0,0,0,0,0,0,0,0
310194,2,1,1982,0,0,0,0,0,0,0,0,0,0
310195,1,1,1982,0,0,0,0,0,0,0,0,0,0
310195,2,1,1982,0,0,0,0,0,0,0,0,0,0
310196,0,1,1982,2,2,2,2,2,2,2,2,2,2
310196,1,1,1982,0,0,0,0,0,0,0,0,0,0
310196,2,1,1982,0,0,0,0,0,0,0,0,0,0
310197,1,1,1982,17,17,17,17,17,17,17,17,17,17
310198,0,1,1982,0,0,0,0,0,0,0,0,0,0
310198,1,1,1982,0,0,0,0,0,0,0,0,0,0
310199,1,1,1982,20,20,20,20,20,20,20,20,20,20
310200,1,1,1982,20,20,20,20,20,20,20,20,20,20
310200,2,1,1982,0,0,0,0,0,0,0,0,0,0
310201,1,1,1982,0,0,0,0,0,0,0,0,0,0
310201,2,1,1982,12,12,12,12,12,12,12,12,12,12
310202,1,1,1982,6,6,6,6,6,6,6,6,6,6
310203,1,1,1982,0,0,0,0,21,17,0,0,0,0
310203,2,1,1982,0,0,0,0,0,0,0,15,0,0
310204,1,1,1982,10,19,15,11,14,21,8,10,15,15
310205,1,1,1982,18,18,18,18,18,18,18,18,18,18
310206,1,1,1982,0,0,0,0,0,0,0,0,0,0
310206,2,1,1982,0,0,0,0,0,0,0,0,0,0
310207,0,1,1982,17,0,0,11,28,0,0,0,17,0
310207,0,2,1982,0,0,0,0,0,42,0,0,0,0
310207,1,1,1982,4,4,4,4,4,4,4,4,4,4
310208,1,1,1982,0,0,0,2,0,0,0,0,0,0
310208,2,1,1982,0,0,0,0,0,0,0,0,0,0
310209,1,1,1982,0,0,0,0,0,0,0,0,0,0
310209,2,1,1982,0,0,0,0,0,0,0,0,0,0
310210,1,1,1982,35,35,35,35,35,35,35,35,35,35
310211,1,1,1982,0,0,0,0,0,0,0,0,0,0
310211,2,1,1982,0,0,0,0,0,12,0,0,0,0
310212,1,1,1982,0,0,0,0,0,0,0,0,0,0
310212,2,1,1982,0,0,0,0,0,0,0,0,0,0
310213,1,1,1982,42,42,42,42,42,42,42,42,42,42
310213,2,1,1982,0,0,0,0,0,0,0,0,0,0
310214,1,1,1982,27,33,0,7,0,30,19,0,25,26
310215,1,1,1982,0,0,0,0,0,0,0,0,0,0
310215,2,1,1982,0,0,0,0,0,0,0,0,0,0
310216,1,1,1982,0,0,0,0,0,0,0,0,0,0
310216,2,1,1982,0,0,0,0,0,0,0,0,0,0
310217,1,1,1982,0,0,0,0,0,0,0,0,0,0
310218,1,1,1982,0,0,0,0,0,0,0,0,0,0
310219,0,1,1982,0,0,27,0,23,0,0,0,0,0
310219,1,1,1982,0,0,0,0,0,0,0,0,0,0
310220,1,1,1982,11,11,11,11,11,11,11,11,11,11
310221,1,1,1982,30,30,30,30,30,30,30,30,30,30
310222,1,1,1982,29,11,28,19,23,22,20,27,26,18
310223,1,1,1982,0,0,0,0,0,0,0,0,0,0
310223,2,1,1982,2,2,2,2,2,2,2,2,2,2
310224,0,1,1982,0,0,0,0,0,0,23,0,0,0
310224,1,1,1982,0,0,0,9,0,0,0,0,0,18
310225,1,1,1982,40,40,40,40,40,40,40,40,40,40
310226,1,1,1982,12,12,12,12,12,12,12,12,12,12
310226,2,1,1982,0,0,0,0,0,0,0,0,0,0
310226,3,1,1982,0,0,0,0,0,0,0,0,0,0
310227,1,1,1982,13,0,21,0,0,0,0,0,0,0
310227,2,1,1982,34,0,19,16,38,22,0,0,0,8
310228,1,1,1982,0,0,0,0,18,24,0,0,0,0
310228,2,1,1982,0,0,0,16,0,0,6,0,0,0
320001,1,1,1982,39,39,39,39,39,39,39,39,39,39
320002,0,1,1982,15,15,15,15,15,15,15,15,15,15
320002,1,1,1982,28,9,31,22,0,21,0,0,19,17
320003,1,1,1982,8,8,8,8,8,8,8,8,8,8
320004,1,1,1982,12,12,12,12,12,12,12,12,12,12
320004,2,1,1982,0,0,0,0,0,0,0,0,0,0
320005,0,1,1982,0,0,0,0,0,0,0,0,0,0
320005,1,1,1982,0,0,9,0,0,0,0,0,0,0
320006,1,1,1982,11,11,11,11,11,11,11,11,11,11
320007,0,1,1982,13,13,13,13,13,13,13,13,13,13
320007,1,1,1982,27,10,15,13,20,14,18,20,8,20
320008,0,1,1982,31,31,31,31,31,31,31,31,31,31
320008,0,2,1982,0,0,0,0,0,0,12,0,0,5
320008,0,3,1982,0,0,0,0,0,0,0,0,0,0
320008,1,1,1982,0,0,0,0,0,0,0,0,0,0
320009,1,1,1982,0,0,0,0,0,0,0,0,0,0
320009,2,1,1982,0,0,0,0,0,0,0,0,6,14
320010,1,1,1982,0,0,0,0,0,0,0,0,0,0
320010,2,1,1982,0,0,0,0,0,0,0,0,0,0
320010,3,1,1982,0,0,0,0,0,0,0,0,2,0
320011,1,1,1982,20,20,20,20,20,20,20,20,20,20
320011,2,1,1982,0,0,0,0,0,0,0,0,0,0
320012,1,1,1982,21,21,21,21,21,21,21,21,21,21
320013,1,1,1982,0,0,7,0,0,0,0,0,0,0
320013,2,1,1982,8,8,8,8,8,8,8,8,8,8
320014,1,1,1982,33,33,33,33,33,33,33,33,33,33
320015,1,1,1982,3,3,3,3,3,3,3,3,3,3
320016,1,1,1982,12,12,12,12,12,12,12,12,12,12
320017,0,1,1982,24,24,24,24,24,24,24,24,24,24
320017,1,1,1982,0,0,0,0,0,0,0,0,0,0
320018,1,1,1982,19,19,19,19,19,19,19,19,19,19
320019,1,1,1982,0,0,0,0,0,0,0,0,0,0
320020,1,1,1982,22,22,22,22,22,22,22,22,22,22
320020,2,1,1982,0,0,0,0,0,0,0,0,0,0
320021,1,1,1982,31,31,31,31,31,31,31,31,31,31
320022,1,1,1982,0,0,0,0,15,0,4,0,10,0
320022,2,1,1982,4,4,4,4,4,4,4,4,4,4
320023,1,1,1982,27,27,27,27,27,27,27,27,27,27
320023,2,1,1982,0,0,0,11,0,0,0,0,0,0
320024,1,1,1982,0,0,0,0,0,0,0,0,0,0
320025,1,1,1982,23,23,23,23,23,23,23,23,23,23
320025,2,1,1982,0,0,0,0,0,0,15,0,0,0
320025,3,1,1982,30,16,28,0,0,0,0,0,0,0
320026,1,1,1982,14,14,14,14,14,14,14,14,14,14
320026,2,1,1982,0,0,0,11,0,0,0,0,0,0
320027,1,1,1982,36,7,0,21,19,38,7,0,0,11
320028,1,1,1982,17,17,17,17,17,17,17,17,17,17
320028,2,1,1982,0,0,0,11,0,0,0,0,16,0
320029,1,1,1982,8,8,8,8,8,8,8,8,8,8
320030,1,1,1982,22,22,22,22,22,22,22,22,22,22
320031,1,1,1982,19,19,19,19,19,19,19,19,19,19
320032,1,1,1982,26,26,26,26,26,26,26,26,26,26
320032,2,1,1982,0,13,0,0,0,0,0,0,0,0
320033,1,1,1982,27,27,27,27,27,27,27,27,27,27
320034,0,1,1982,0,0,0,0,0,0,0,0,0,0
320034,1,1,1982,0,0,0,0,0,0,0,0,0,0
320035,1,1,1982,0,0,0,0,0,0,0,0,0,0
320035,2,1,1982,0,0,0,0,0,0,0,0,0,0
320036,1,1,1982,0,0,0,0,0,0,0,0,0,0
320037,1,1,1982,26,26,26,26,26,26,26,26,26,26
320037,2,1,1982,15,15,15,15,15,15,15,15,15,15
320038,1,1,1982,25,25,25,25,25,25,25,25,25,25
320039,1,1,1982,14,14,14,14,14,14,14,14,14,14
320040,1,1,1982,0,0,0,0,0,0,0,0,0,0
320040,2,1,1982,11,15,13,13,0,0,12,16,12,23
320041,1,1,1982,0,0,0,0,0,0,0,0,0,0
320042,1,1,1982,0,0,0,0,0,0,0,0,0,0
320043,1,1,1982,21,21,21,21,21,21,21,21,21,21
320044,1,1,1982,23,23,23,23,23,23,23,23,23,23
320045,1,1,1982,13,13,13,13,13,13,13,13,13,13
320046,1,1,1982,0,0,0,0,0,0,0,0,0,0
320046,2,1,1982,0,0,0,0,0,0,0,0,0,0
320047,1,1,1982,0,0,0,0,0,0,0,0,0,0
320047,2,1,1982,0,0,0,0,0,0,0,0,0,0
320048,0,1,1982,15,15,15,15,15,15,15,15,15,15
320048,1,1,1982,0,0,0,0,0,0,0,0,0,0
320049,1,1,1982,31,31,31,31,31,31,31,31,31,31
320049,2,1,1982,0,0,0,0,0,2,0,9,0,0
320050,1,1,1982,17,17,17,17,17,17,17,17,17,17
320051,1,1,1982,0,0,0,0,0,0,0,0,0,0
320051,2,1,1982,13,13,13,13,13,13,13,13,13,13
320052,0,1,1982,29,29,29,29,29,29,29,29,29,29
320052,1,1,1982,0,0,0,0,0,0,0,0,0,0
320053,0,1,1982,0,0,0,0,0,0,0,0,0,0
320053,1,1,1982,0,0,0,0,0,0,0,0,0,0
320054,1,1,1982,23,23,23,23,23,23,23,23,23,23
320055,1,1,1982,18,0,0,0,0,0,0,0,7,0
320056,1,1,1982,0,0,0,0,0,10,0,21,0,0
320056,2,1,1982,0,0,0,0,0,0,0,0,0,0
320057,1,1,1982,16,16,16,16,16,16,16,16,16,16
320057,2,1,1982,0,0,0,0,0,0,0,0,0,0
320058,1,1,1982,0,0,0,0,0,0,0,0,0,0
320058,2,1,1982,0,0,0,0,0,0,0,0,0,0
320059,1,1,1982,13,13,13,13,13,13,13,13,13,13
320060,1,1,1982,22,22,22,22,22,22,22,22,22,22
320060,2,1,1982,0,5,0,0,0,0,0,0,0,0
320061,0,1,1982,0,0,0,0,0,0,0,0,0,0
320061,1,1,1982,0,10,0,0,0,12,0,0,0,14
320062,1,1,1982,0,23,0,0,0,0,0,0,0,0
320063,1,1,1982,0,0,0,0,0,0,0,0,0,0
320063,2,1,1982,0,0,11,0,0,0,0,0,0,0
320064,0,1,1982,0,0,0,0,0,0,0,0,0,0
320064,1,1,1982,7,7,7,7,7,7,7,7,7,7
320065,1,1,1982,18,15,18,16,17,8,15,22,22,8
320066,0,1,1982,0,0,0,0,0,0,0,0,0,0
320066,1,1,1982,11,11,11,11,11,11,11,11,11,11
320067,1,1,1982,14,14,14,14,14,14,14,14,14,14
320068,0,1,1982,43,43,43,43,43,43,43,43,43,43
320068,1,1,1982,0,0,0,0,0,0,0,0,0,0
320069,1,1,1982,16,16,16,16,16,16,16,16,16,16
320069,2,1,1982,0,0,0,0,0,0,0,0,0,0
320070,0,1,1982,19,19,19,19,19,19,19,19,19,19
320070,1,1,1982,0,0,0,0,0,27,0,0,0,0
320071,1,1,1982,13,0,0,24,21,15,0,24,0,21
320072,1,1,1982,11,11,11,11,11,11,11,11,11,11
320073,1,1,1982,0,0,0,0,0,0,0,0,0,0
320074,1,1,1982,0,0,0,0,0,0,0,0,0,0
320075,1,1,1982,22,22,22,22,22,22,22,22,22,22
320076,1,1,1982,0,0,0,0,0,0,0,0,0,0
320076,2,1,1982,0,0,0,0,0,0,0,0,0,0
320077,1,1,1982,13,13,13,13,13,13,13,13,13,13
320077,2,1,1982,0,0,0,0,11,0,0,0,0,0
320078,1,1,1982,22,22,22,22,22,22,22,22,22,22
320079,1,1,1982,0,0,0,0,0,0,0,0,0,0
320079,2,1,1982,0,0,21,0,0,17,0,0,0,27
320080,0,1,1982,0,0,0,0,0,0,0,0,0,0
320080,1,1,1982,0,0,0,0,0,0,0,0,0,0
320081,1,1,1982,19,19,19,19,19,19,19,19,19,19
320082,1,1,1982,0,0,0,0,0,0,0,0,0,0
320082,2,1,1982,0,0,0,0,0,0,0,0,0,0
320083,1,1,1982,0,0,0,0,0,0,0,0,0,0
320084,1,1,1982,0,0,0,0,0,0,0,0,0,0
320085,1,1,1982,15,15,15,15,15,15,15,15,15,15
320086,1,1,1982,22,22,22,22,22,22,22,22,22,22
320087,1,1,1982,46,46,46,46,46,46,46,46,46,46
320087,2,1,1982,0,0,0,0,0,0,0,0,0,0
320088,0,1,1982,0,0,0,0,0,0,0,0,0,0
320088,1,1,1982,0,0,0,0,0,0,0,0,0,0
320089,0,1,1982,0,0,0,0,0,0,0,0,0,0
320089,1,1,1982,0,0,0,0,0,0,0,0,0,0
320090,0,1,1982,0,0,0,0,0,0,0,0,0,0
320090,0,2,1982,4,0,0,0,0,0,0,17,0,0
320090,1,1,1982,18,18,18,18,18,18,18,18,18,18
320091,1,1,1982,19,0,15,0,0,0,10,0,0,0
320092,1,1,1982,19,19,19,19,19,19,19,19,19,19
320093,1,1,1982,6,6,6,6,6,6,6,6,6,6
320094,0,1,1982,0,0,0,0,0,0,0,0,0,0
320094,1,1,1982,0,0,0,0,31,0,0,0,0,0
320095,1,1,1982,14,14,14,14,14,14,14,14,14,14
320096,0,1,1982,29,29,29,29,29,29,29,29,29,29
320096,1,1,1982,16,16,16,16,16,16,16,16,16,16
320097,1,1,1982,0,0,0,0,0,0,0,0,0,0
320097,2,1,1982,0,0,0,0,0,0,0,0,0,0
320098,1,1,1982,0,0,0,0,0,0,0,0,0,0
320099,1,1,1982,8,8,8,8,8,8,8,8,8,8
320099,2,1,1982,0,0,0,0,0,0,0,0,0,0
320100,1,1,1982,22,22,22,22,22,22,22,22,22,22
320100,2,1,1982,0,0,0,0,0,0,0,0,0,0
320101,1,1,1982,0,0,0,0,0,0,0,0,0,0
320102,0,1,1982,0,0,0,0,0,0,0,0,0,0
320102,1,1,1982,14,14,14,14,14,14,14,14,14,14
320103,0,1,1982,0,0,0,0,0,0,0,0,0,0
320103,0,2,1982,21,9,16,17,23,20,14,15,0,13
320103,1,1,1982,25,25,25,25,25,25,25,25,25,25
320104,1,1,1982,0,0,0,0,0,0,0,0,0,0
320105,1,1,1982,5,5,5,5,5,5,5,5,5,5
320105,2,1,1982,0,0,0,0,0,0,0,0,0,0
320106,1,1,1982,27,27,27,27,27,27,27,27,27,27
320106,2,1,1982,0,0,0,0,0,0,0,0,0,0
320108,0,1,1982,0,0,0,0,0,0,0,0,0,0
320108,1,1,1982,0,0,0,0,0,10,0,0,0,0
320109,1,1,1982,0,0,10,0,28,0,0,0,22,24
320110,1,1,1982,20,20,20,20,20,20,20,20,20,20
320111,1,1,1982,0,0,0,19,0,15,13,0,6,0
320111,2,1,1982,0,0,0,0,0,0,0,0,0,0
320112,1,1,1982,0,0,0,0,0,0,27,0,22,0
320112,2,1,1982,0,0,0,0,0,0,0,0,0,0
320112,3,1,1982,0,0,0,0,0,0,0,0,0,0
320113,1,1,1982,20,20,20,20,20,20,20,20,20,20
320113,2,1,1982,0,15,0,0,0,0,0,0,0,0
320113,3,1,1982,0,0,0,0,0,10,0,0,0,0
320114,0,1,1982,12,12,12,12,12,12,12,12,12,12
320114,1,1,1982,11,0,0,0,0,10,0,0,13,0
320115,1,1,1982,16,16,16,16,16,16,16,16,16,16
320115,2,1,1982,0,0,0,0,0,0,0,0,0,0
320116,0,1,1982,0,0,0,0,0,0,0,0,0,0
320117,0,1,1982,0,0,0,0,39,0,4,0,16,0
320117,0,2,1982,22,0,0,0,15,0,6,45,0,0
320117,1,1,1982,0,0,0,0,0,0,0,0,0,0
320118,1,1,1982,21,21,21,21,21,21,21,21,21,21
320119,1,1,1982,15,15,15,15,15,15,15,15,15,15
320120,1,1,1982,0,0,0,0,0,0,0,0,0,0
320121,1,1,1982,10,10,10,10,10,10,10,10,10,10
320122,1,1,1982,10,10,10,10,10,10,10,10,10,10
320123,1,1,1982,39,39,39,39,39,39,39,39,39,39
320124,1,1,1982,0,0,0,0,0,0,0,0,0,0
320125,1,1,1982,17,17,17,17,17,17,17,17,17,17
320126,1,1,1982,33,33,33,33,33,33,33,33,33,33
320127,1,1,1982,11,11,11,11,11,11,11,11,11,11
320128,1,1,1982,7,7,7,7,7,7,7,7,7,7
320129,1,1,1982,24,24,24,24,24,24,24,24,24,24
320129,2,1,1982,15,15,15,15,15,15,15,15,15,15
320130,1,1,1982,0,0,0,0,0,0,0,0,0,0
320131,1,1,1982,0,0,0,0,0,0,0,0,0,0
320132,1,1,1982,13,13,13,13,13,13,13,13,13,13
320133,1,1,1982,17,17,17,17,17,17,17,17,17,17
320134,1,1,1982,0,0,0,0,0,0,0,0,0,0
320135,1,1,1982,0,0,0,0,0,0,0,0,0,0
320135,2,1,1982,16,16,16,16,16,16,16,16,16,16
320136,0,1,1982,6,6,6,6,6,6,6,6,6,6
320136,1,1,1982,0,0,0,0,0,0,0,0,0,0
320137,1,1,1982,0,0,0,0,0,0,0,0,0,0
320138,1,1,1982,0,0,0,0,0,0,0,0,0,0
320139,1,1,1982,13,13,13,13,13,13,13,13,13,13
320140,1,1,1982,10,10,10,10,10,10,10,10,10,10
320141,0,1,1982,14,14,14,14,14,14,14,14,14,14
320141,0,2,1982,16,16,16,16,16,16,16,16,16,16
320141,1,1,1982,0,0,0,0,0,0,0,0,0,0
320142,0,1,1982,5,20,0,0,0,0,0,0,0,0
320142,1,1,1982,0,0,0,0,0,0,0,0,0,0
320143,1,1,1982,0,0,0,0,0,0,0,0,0,0
320143,2,1,1982,0,0,0,0,0,0,0,0,0,0
320144,1,1,1982,29,29,29,29,29,29,29,29,29,29
320145,1,1,1982,17,21,6,11,10,27,14,13,30,20
320145,2,1,1982,0,0,0,0,0,0,0,0,0,0
320146,1,1,1982,21,21,21,21,21,21,21,21,21,21
320146,2,1,1982,0,0,0,0,0,0,0,0,0,0
320146,3,1,1982,0,0,0,0,0,0,28,0,12,0
320147,1,1,1982,6,6,6,6,6,6,6,6,6,6
320148,1,1,1982,25,25,25,25,25,25,25,25,25,25
320149,1,1,1982,0,0,0,0,0,0,0,0,0,0
320150,1,1,1982,27,27,27,27,27,27,27,27,27,27
320151,0,1,1982,27,27,27,27,27,27,27,27,27,27
320151,1,1,1982,0,0,0,0,0,0,0,0,0,0
320152,1,1,1982,6,6,6,6,6,6,6,6,6,6
320152,2,1,1982,0,0,0,0,0,0,0,0,0,0
320153,1,1,1982,0,0,0,0,0,0,0,0,0,0
320153,2,1,1982,0,0,0,0,0,0,0,0,0,0
320154,0,1,1982,0,0,0,0,0,0,0,0,0,0
320154,1,1,1982,7,7,7,7,7,7,7,7,7,7
320155,1,1,1982,18,18,18,18,18,18,18,18,18,18
320156,1,1,1982,21,21,21,21,21,21,21,21,21,21
320157,1,1,1982,8,8,8,8,8,8,8,8,8,8
320158,0,1,1982,0,0,0,0,0,0,0,0,0,0
320158,1,1,1982,10,0,0,13,0,0,0,0,3,0
320159,1,1,1982,0,0,0,0,0,0,0,0,0,0
320160,1,1,1982,16,16,16,16,16,16,16,16,16,16
320161,1,1,1982,0,0,0,0,0,0,0,0,0,0
320162,1,1,1982,0,0,0,0,0,0,14,0,0,0
320162,2,1,1982,0,0,0,0,0,0,0,0,0,0
320163,1,1,1982,23,23,23,23,23,23,23,23,23,23
320163,2,1,1982,15,15,15,15,15,15,15,15,15,15
320164,0,1,1982,3,3,3,3,3,3,3,3,3,3
320164,1,1,1982,0,0,16,0,0,7,0,5,0,0
320165,1,1,1982,8,26,0,22,0,5,0,8,0,8
320166,1,1,1982,14,14,14,14,14,14,14,14,14,14
320167,0,1,1982,13,13,13,13,13,13,13,13,13,13
320167,1,1,1982,2,2,2,2,2,2,2,2,2,2
320168,1,1,1982,0,0,0,0,0,0,0,18,0,14
320169,1,1,1982,3,3,3,3,3,3,3,3,3,3
320170,1,1,1982,0,0,0,0,0,0,0,0,0,0
320171,0,1,1982,0,0,0,0,0,0,0,0,0,0
320171,1,1,1982,15,15,15,15,15,15,15,15,15,15
320172,1,1,1982,32,32,32,32,32,32,32,32,32,32
320172,2,1,1982,3,3,3,3,3,3,3,3,3,3
320173,1,1,1982,0,0,0,0,0,0,0,0,0,0
320174,1,1,1982,0,0,9,0,0,11,0,0,0,0
320175,1,1,1982,25,25,25,25,25,25,25,25,25,25
320175,2,1,1982,0,0,0,0,0,0,0,0,0,0
320176,0,1,1982,8,8,8,8,8,8,8,8,8,8
320176,1,1,1982,0,0,0,0,0,0,0,0,0,0
320177,0,1,1982,0,0,0,0,0,0,0,0,0,0
320177,1,1,1982,16,0,0,0,0,0,0,0,0,0
320178,1,1,1982,0,0,0,0,0,0,0,0,0,0
320179,1,1,1982,0,0,0,0,0,0,0,0,0,0