ST_CASE,VEH_NO,PER_NO,YEAR,P1,P2,P3,P4,P5,P6,P7,P8,P9,P10
320180,1,1,1982,0,0,0,0,6,0,0,0,0,0
320181,1,1,1982,0,10,0,0,0,0,0,0,0,11
320182,0,1,1982,0,0,0,0,0,0,0,0,0,0
320182,1,1,1982,9,9,9,9,9,9,9,9,9,9
320183,1,1,1982,0,0,0,0,0,0,0,0,0,0
320184,1,1,1982,18,18,18,18,18,18,18,18,18,18
320184,2,1,1982,0,0,0,0,0,0,0,0,0,0
320185,1,1,1982,11,11,11,11,11,11,11,11,11,11
320186,0,1,1982,11,11,11,11,11,11,11,11,11,11
320186,1,1,1982,0,0,0,0,0,0,0,0,0,0
320187,1,1,1982,0,0,0,0,0,0,0,0,0,0
320187,2,1,1982,15,15,15,15,15,15,15,15,15,15
320187,3,1,1982,11,11,11,11,11,11,11,11,11,11
320188,1,1,1982,19,19,19,19,19,19,19,19,19,19
320189,1,1,1982,0,0,0,0,0,0,0,0,0,0
320189,2,1,1982,0,0,0,0,0,0,0,0,0,0
320190,0,1,1982,30,30,30,30,30,30,30,30,30,30
320190,1,1,1982,0,0,0,0,39,0,0,0,0,14
320191,1,1,1982,39,39,39,39,39,39,39,39,39,39
320192,1,1,1982,12,12,12,12,12,12,12,12,12,12
320192,2,1,1982,0,0,0,0,0,0,0,0,0,0
320193,1,1,1982,0,0,0,0,0,0,0,0,0,0
320194,0,1,1982,0,0,0,0,0,0,0,0,0,0
320194,1,1,1982,0,0,0,0,0,0,0,0,0,0
320194,2,1,1982,0,0,0,0,14,0,0,0,19,0
320194,3,1,1982,10,0,0,12,0,0,0,0,15,5
320194,4,1,1982,0,0,0,0,0,0,0,0,0,0
320194,5,1,1982,0,0,0,0,0,0,0,0,13,0
320194,6,1,1982,0,0,0,0,0,0,0,0,0,0
320194,7,1,1982,0,0,0,0,0,0,0,0,19,0
320194,8,1,1982,20,19,0,0,0,0,0,20,0,0
320194,9,1,1982,0,0,0,14,0,15,0,0,14,6
320195,1,1,1982,0,0,0,0,0,0,0,0,0,0
320196,1,1,1982,0,0,0,0,0,0,0,0,0,0
320196,2,1,1982,0,0,0,0,0,0,0,0,0,0
320197,0,1,1982,0,0,0,0,0,0,0,0,0,0
320197,1,1,1982,0,0,0,0,0,0,0,0,0,0
320198,1,1,1982,0,0,0,0,0,0,0,0,0,0
320198,2,1,1982,16,16,16,16,16,16,16,16,16,16
320198,3,1,1982,0,0,0,0,0,0,0,0,0,0
320199,1,1,1982,0,0,0,0,0,0,0,0,0,0
320200,1,1,1982,0,0,0,0,0,0,0,0,0,0
320201,1,1,1982,6,6,6,6,6,6,6,6,6,6
320201,2,1,1982,0,0,0,0,0,0,0,0,0,0
320202,1,1,1982,25,25,25,25,25,25,25,25,25,25
320203,1,1,1982,8,8,8,8,8,8,8,8,8,8
320203,2,1,1982,0,0,0,0,0,0,0,0,0,0
320204,0,1,1982,12,12,12,12,12,12,12,12,12,12
320204,1,1,1982,24,18,24,14,7,11,0,0,0,23
320205,1,1,1982,22,22,22,22,22,22,22,22,22,22
320206,1,1,1982,14,12,13,24,5,7,18,4,5,27
320206,2,1,1982,0,0,0,0,0,0,0,0,0,0
320206,3,1,1982,0,0,8,0,0,0,11,0,0,0
320207,1,1,1982,14,14,14,14,14,14,14,14,14,14
320208,0,1,1982,16,16,16,16,16,16,16,16,16,16
320208,1,1,1982,0,0,0,0,0,0,0,0,0,0
320209,1,1,1982,22,22,22,22,22,22,22,22,22,22
320210,0,1,1982,0,0,0,0,0,0,0,0,0,0
320210,1,1,1982,0,0,0,0,0,0,0,0,0,0
320211,1,1,1982,0,0,0,0,0,0,0,0,0,0
320212,1,1,1982,0,0,0,0,0,0,0,0,0,0
320213,1,1,1982,35,35,35,35,35,35,35,35,35,35
320214,1,1,1982,24,24,24,24,24,24,24,24,24,24
320215,1,1,1982,12,12,12,12,12,12,12,12,12,12
320215,2,1,1982,0,0,0,0,0,0,0,0,0,0
320216,1,1,1982,0,0,0,0,0,0,0,0,0,0
320216,2,1,1982,0,0,0,0,0,0,0,0,0,0
320217,1,1,1982,0,0,0,0,0,0,0,0,0,0
320217,2,1,1982,0,0,0,0,0,0,0,0,0,0
320218,0,1,1982,0,0,0,0,0,0,0,0,0,0
320218,1,1,1982,7,7,7,7,7,7,7,7,7,7
320219,1,1,1982,7,7,7,7,7,7,7,7,7,7
320220,1,1,1982,29,29,29,29,29,29,29,29,29,29
320221,1,1,1982,24,24,24,24,24,24,24,24,24,24
320222,1,1,1982,0,0,0,0,0,0,0,0,0,0
320223,1,1,1982,24,24,24,24,24,24,24,24,24,24
320224,1,1,1982,0,0,0,0,0,0,0,0,0,0
320224,2,1,1982,0,0,0,0,0,0,0,0,0,13
320225,0,1,1982,9,9,9,9,9,9,9,9,9,9
320225,1,1,1982,12,12,12,12,12,12,12,12,12,12
320226,0,1,1982,0,0,0,0,0,0,0,0,0,0
320226,1,1,1982,0,0,0,0,10,16,0,0,9,0
320227,1,1,1982,23,23,23,23,23,23,23,23,23,23
320228,1,1,1982,1,1,1,1,1,1,1,1,1,1
320229,0,1,1982,0,0,0,0,0,0,0,0,0,0
320229,1,1,1982,32,0,0,0,0,0,0,0,0,0
320230,1,1,1982,22,22,22,22,22,22,22,22,22,22
320230,2,1,1982,0,0,0,0,0,0,0,0,0,0
320231,1,1,1982,0,0,0,0,0,0,0,0,0,0
320231,2,1,1982,0,0,0,0,0,0,0,0,0,0
320232,1,1,1982,18,18,18,18,18,18,18,18,18,18
320233,1,1,1982,21,21,21,21,21,21,21,21,21,21
320234,1,1,1982,0,16,13,0,0,0,0,0,0,0
320235,1,1,1982,3,3,3,3,3,3,3,3,3,3
320236,1,1,1982,20,20,20,20,20,20,20,20,20,20
320236,2,1,1982,21,21,21,21,21,21,21,21,21,21
320237,1,1,1982,23,23,23,23,23,23,23,23,23,23
320237,2,1,1982,0,0,0,0,0,0,0,0,0,0
320238,1,1,1982,0,0,0,0,0,0,0,0,0,0
320239,1,1,1982,0,6,0,15,14,0,0,12,0,0
320240,1,1,1982,14,14,14,14,14,14,14,14,14,14
320240,2,1,1982,0,0,0,0,0,0,0,0,0,0
320241,1,1,1982,20,20,20,20,20,20,20,20,20,20
320241,2,1,1982,0,0,0,0,0,0,0,0,0,0
320241,3,1,1982,0,0,0,0,0,0,0,0,0,0
320242,0,1,1982,32,32,32,32,32,32,32,32,32,32
320242,1,1,1982,0,0,0,0,0,0,0,14,0,0
320243,0,1,1982,0,0,0,0,0,0,0,0,0,0
320243,1,1,1982,0,0,0,0,0,0,0,0,0,0
320244,1,1,1982,29,29,29,29,29,29,29,29,29,29
320245,1,1,1982,31,31,31,31,31,31,31,31,31,31
320246,1,1,1982,11,11,11,11,11,11,11,11,11,11
320247,1,1,1982,0,0,0,0,0,0,0,0,0,0
320248,1,1,1982,0,0,0,0,0,0,0,0,0,0
320248,2,1,1982,0,0,0,0,0,0,0,0,0,0
320248,3,1,1982,0,0,0,0,0,0,0,0,0,0
320249,1,1,1982,0,0,0,0,0,0,0,0,0,0
320249,2,1,1982,0,0,0,0,0,33,0,0,0,13
330001,1,1,1982,0,0,0,0,0,0,0,0,0,0
330001,2,1,1982,10,10,10,10,10,10,10,10,10,10
330002,1,1,1982,0,0,2,0,0,0,0,0,0,0
330002,2,1,1982,0,0,0,0,0,0,0,0,0,0
330003,1,1,1982,18,18,18,18,18,18,18,18,18,18
330003,2,1,1982,0,0,0,0,0,0,0,0,0,0
330004,1,1,1982,0,0,0,0,0,0,0,0,0,0
330004,2,1,1982,0,0,0,0,0,0,0,0,0,0
330005,1,1,1982,18,18,18,18,18,18,18,18,18,18
330005,2,1,1982,6,6,6,6,6,6,6,6,6,6
330006,0,1,1982,0,0,0,0,0,0,0,0,0,0
330006,1,1,1982,0,0,0,0,0,0,0,0,0,0
330007,0,1,1982,17,17,17,17,17,17,17,17,17,17
330007,1,1,1982,0,0,0,0,0,0,0,0,0,0
330008,1,1,1982,0,0,0,0,0,0,0,0,0,0
330008,2,1,1982,0,5,0,0,0,0,0,0,0,0
330008,3,1,1982,0,0,0,0,0,0,0,0,0,0
330009,0,1,1982,15,15,15,15,15,15,15,15,15,15
330009,1,1,1982,20,16,14,0,22,17,24,0,7,32
330010,1,1,1982,0,0,0,0,0,0,0,0,0,0
330010,2,1,1982,0,0,0,0,0,0,0,0,0,0
330011,0,1,1982,0,0,0,0,0,0,0,0,0,0
330011,1,1,1982,0,0,0,0,0,0,0,0,0,0
330012,1,1,1982,0,0,0,0,0,0,0,0,0,0
330012,2,1,1982,0,0,0,0,0,0,0,0,0,0
330013,1,1,1982,0,0,0,0,0,0,0,0,0,19
330013,2,1,1982,0,0,22,0,0,19,0,2,0,13
330014,1,1,1982,23,23,23,23,23,23,23,23,23,23
330014,2,1,1982,0,0,0,0,0,0,0,0,0,0
330015,0,1,1982,0,0,0,0,0,0,0,0,0,0
330015,1,1,1982,9,9,9,9,9,9,9,9,9,9
330016,1,1,1982,13,13,13,13,13,13,13,13,13,13
330017,1,1,1982,0,0,0,0,0,0,0,0,0,0
330017,2,1,1982,4,4,4,4,4,4,4,4,4,4
330018,0,1,1982,0,0,0,0,0,0,0,0,0,0
330018,1,1,1982,15,10,23,0,11,8,19,0,9,13
330019,1,1,1982,12,12,12,12,12,12,12,12,12,12
330019,2,1,1982,0,0,0,0,0,0,0,0,0,0
330020,0,1,1982,0,0,0,0,0,0,0,0,0,0
330020,1,1,1982,10,10,10,10,10,10,10,10,10,10
330021,1,1,1982,19,13,12,6,13,14,20,9,20,21
330022,1,1,1982,0,0,0,0,0,0,0,0,0,0
330022,2,1,1982,0,0,0,0,0,0,0,0,0,0
330023,1,1,1982,0,0,0,0,0,0,0,0,0,0
330023,2,1,1982,0,0,0,0,0,0,0,0,0,0
330024,0,1,1982,15,0,0,0,8,0,0,19,0,0
330024,0,2,1982,13,0,0,0,0,0,0,10,26,12
330024,0,3,1982,26,0,24,0,17,9,16,14,0,0
330024,1,1,1982,0,6,0,0,0,0,0,0,0,0
330025,1,1,1982,14,14,14,14,14,14,14,14,14,14
330026,1,1,1982,0,0,5,0,0,0,0,0,0,0
330027,1,1,1982,0,0,0,18,22,17,0,0,0,0
330028,1,1,1982,0,0,0,0,0,0,0,0,0,0
330028,2,1,1982,0,0,0,0,0,0,0,17,0,32
330029,1,1,1982,21,21,21,21,21,21,21,21,21,21
330030,1,1,1982,24,24,24,24,24,24,24,24,24,24
330031,1,1,1982,13,13,13,13,13,13,13,13,13,13
330031,2,1,1982,0,0,0,0,0,0,0,0,0,0
330032,1,1,1982,0,10,0,39,0,0,28,0,20,19
330033,1,1,1982,26,26,26,26,26,26,26,26,26,26
330034,1,1,1982,15,15,15,15,15,15,15,15,15,15
330035,1,1,1982,21,21,21,21,21,21,21,21,21,21
330036,1,1,1982,0,0,0,19,0,3,0,0,0,0
330037,1,1,1982,24,24,24,24,24,24,24,24,24,24
330037,2,1,1982,0,0,0,3,0,0,0,0,0,0
330038,0,1,1982,9,0,0,0,0,0,0,0,0,0
330038,1,1,1982,0,0,0,0,0,0,0,0,0,0
330039,1,1,1982,0,0,0,0,0,0,0,0,0,0
330039,2,1,1982,0,0,0,0,0,0,0,0,0,0
330040,1,1,1982,0,0,0,0,0,0,0,0,0,0
330040,2,1,1982,0,0,0,0,0,0,0,0,0,0
330041,1,1,1982,22,0,0,0,0,0,0,0,0,0
330041,2,1,1982,0,0,0,0,0,0,0,0,0,0
330042,1,1,1982,17,17,17,17,17,17,17,17,17,17
330042,2,1,1982,0,0,0,0,0,0,0,0,10,0
330043,1,1,1982,23,15,0,6,22,4,10,13,23,23
330044,1,1,1982,21,12,17,18,41,0,22,22,0,16
330045,0,1,1982,29,0,0,0,0,0,21,0,0,27
330045,1,1,1982,17,3,14,19,7,18,9,12,18,9
330046,1,1,1982,8,0,0,0,0,0,13,0,0,0
330046,2,1,1982,0,0,0,0,0,0,8,0,0,16
330047,1,1,1982,0,0,0,0,0,0,0,0,0,0
330047,2,1,1982,0,0,0,0,0,0,0,0,0,0
330048,1,1,1982,0,0,12,0,0,0,5,0,0,0
330048,2,1,1982,0,0,0,14,0,0,0,0,0,0
330048,3,1,1982,0,19,0,0,0,0,0,5,0,0
330049,1,1,1982,14,14,14,14,14,14,14,14,14,14
330050,1,1,1982,11,0,0,15,9,7,9,0,17,11
330050,2,1,1982,0,0,0,0,0,0,0,0,0,0
330051,1,1,1982,15,0,4,0,0,7,0,0,22,7
330051,2,1,1982,0,0,0,0,0,0,0,0,0,0
330052,1,1,1982,19,19,19,19,19,19,19,19,19,19
330053,1,1,1982,12,10,14,0,0,11,12,28,17,19
330053,2,1,1982,0,0,12,0,0,0,0,13,12,0
330053,3,1,1982,0,0,0,0,0,0,0,0,0,0
330054,1,1,1982,17,17,17,17,17,17,17,17,17,17
330055,1,1,1982,11,2,0,0,32,10,0,11,0,11
330056,1,1,1982,12,12,12,12,12,12,12,12,12,12
330057,1,1,1982,0,0,0,0,0,0,0,0,0,11
330057,2,1,1982,21,21,21,21,21,21,21,21,21,21
330058,1,1,1982,25,25,25,25,25,25,25,25,25,25
330059,1,1,1982,16,16,16,16,16,16,16,16,16,16
330059,2,1,1982,0,0,0,0,0,0,0,0,0,0
330059,3,1,1982,16,0,0,0,0,0,0,0,0,0
330060,0,1,1982,18,18,18,18,18,18,18,18,18,18
330060,1,1,1982,16,0,0,0,0,0,3,0,0,0
330061,0,1,1982,20,20,20,20,20,20,20,20,20,20
330061,1,1,1982,14,14,14,14,14,14,14,14,14,14
330062,1,1,1982,0,0,0,0,0,15,0,0,13,0
330063,1,1,1982,14,14,14,14,14,14,14,14,14,14
330064,1,1,1982,13,6,18,1,18,17,9,14,14,11
330065,1,1,1982,10,10,10,10,10,10,10,10,10,10
330066,0,1,1982,28,28,28,28,28,28,28,28,28,28
330066,1,1,1982,0,0,0,0,0,0,0,0,0,0
330066,2,1,1982,0,0,0,0,0,0,0,0,0,0
330067,0,1,1982,26,26,26,26,26,26,26,26,26,26
330067,1,1,1982,10,10,10,10,10,10,10,10,10,10
330068,1,1,1982,18,18,18,18,18,18,18,18,18,18
330069,1,1,1982,14,14,7,10,29,0,18,8,9,20
330070,1,1,1982,0,0,20,0,0,0,0,0,16,0
330070,2,1,1982,0,0,0,0,0,0,10,0,0,0
330071,1,1,1982,14,14,14,14,14,14,14,14,14,14
330072,1,1,1982,14,14,14,14,14,14,14,14,14,14
330073,1,1,1982,9,9,9,9,9,9,9,9,9,9
330073,2,1,1982,0,0,0,13,0,0,0,0,0,0
330073,3,1,1982,0,0,0,0,0,0,21,0,0,0
330074,1,1,1982,13,13,13,13,13,13,13,13,13,13
330075,0,1,1982,6,7,0,0,0,0,0,7,0,0
330075,1,1,1982,15,0,0,0,0,0,0,0,0,0
330076,1,1,1982,28,23,14,14,15,15,17,27,8,21
330077,1,1,1982,0,0,0,0,0,0,0,0,0,0
330077,2,1,1982,0,0,0,0,9,22,20,0,0,0
330078,1,1,1982,20,20,20,20,20,20,20,20,20,20
330079,1,1,1982,9,9,9,9,9,9,9,9,9,9
330079,2,1,1982,0,0,0,0,0,0,0,0,0,0
330079,3,1,1982,0,0,0,0,0,0,0,0,0,0
330080,1,1,1982,0,0,0,0,0,0,0,0,0,0
330080,2,1,1982,9,16,25,12,0,0,23,0,7,2
330081,1,1,1982,22,22,22,22,22,22,22,22,22,22
330082,1,1,1982,9,9,9,9,9,9,9,9,9,9
330083,1,1,1982,0,0,0,0,0,0,0,0,0,0
330083,2,1,1982,0,0,0,0,0,0,0,0,0,0
330084,1,1,1982,16,16,16,16,16,16,16,16,16,16
330085,1,1,1982,4,4,4,4,4,4,4,4,4,4
330086,1,1,1982,21,21,21,21,21,21,21,21,21,21
330086,2,1,1982,10,0,0,0,0,0,0,0,0,0
330086,3,1,1982,0,0,0,0,0,0,0,0,0,0
330087,1,1,1982,3,3,3,3,3,3,3,3,3,3
330088,1,1,1982,8,8,10,21,17,15,21,11,27,9
330089,1,1,1982,0,0,0,15,0,0,0,20,0,0
330089,2,1,1982,0,0,0,13,0,0,0,0,0,0
330090,1,1,1982,16,16,16,16,16,16,16,16,16,16
330091,1,1,1982,18,18,18,18,18,18,18,18,18,18
330092,1,1,1982,16,16,16,16,16,16,16,16,16,16
330093,1,1,1982,17,0,0,0,0,0,0,0,0,0
330093,2,1,1982,0,0,0,0,0,0,0,0,0,0
330094,1,1,1982,18,18,18,18,18,18,18,18,18,18
330094,2,1,1982,0,0,0,0,0,0,0,0,0,28
330095,1,1,1982,0,0,0,0,0,0,0,0,0,0
330095,2,1,1982,0,0,12,0,0,0,0,0,0,0
330096,1,1,1982,0,0,0,0,0,0,0,0,0,0
330096,2,1,1982,0,0,0,0,0,0,0,16,0,0
330096,3,1,1982,0,0,0,0,0,0,0,0,0,0
330096,4,1,1982,0,0,17,0,0,0,0,0,0,0
330097,1,1,1982,0,0,0,0,10,0,0,0,0,0
330098,0,1,1982,0,0,0,0,0,0,0,0,0,0
330098,1,1,1982,0,0,0,0,0,0,0,0,0,0
330099,1,1,1982,0,0,0,0,0,0,0,0,0,0
330099,2,1,1982,0,0,0,0,0,0,0,0,5,3
330100,1,1,1982,0,12,0,0,0,0,0,0,0,0
330100,2,1,1982,0,0,0,0,0,0,0,0,12,0
330101,1,1,1982,0,0,19,0,19,4,0,0,0,13
330101,2,1,1982,0,0,0,0,0,0,0,0,0,0
330103,1,1,1982,10,10,10,10,10,10,10,10,10,10
330104,1,1,1982,13,13,13,13,13,13,13,13,13,13
330105,1,1,1982,11,11,11,11,11,11,11,11,11,11
330106,1,1,1982,17,17,17,17,17,17,17,17,17,17
330107,0,1,1982,0,0,0,0,0,0,0,0,0,0
330107,1,1,1982,0,0,0,4,0,0,0,0,0,0
330108,1,1,1982,0,0,4,0,0,0,0,0,0,0
330109,1,1,1982,8,15,19,21,20,26,9,12,19,21
330110,1,1,1982,0,0,0,0,0,0,0,0,0,0
330110,2,1,1982,0,0,0,0,0,11,0,0,0,5
330111,1,1,1982,25,25,25,25,25,25,25,25,25,25
330112,1,1,1982,0,0,0,0,0,0,0,0,0,0
330112,2,1,1982,0,0,0,0,0,0,0,0,0,0
330113,1,1,1982,0,0,0,0,0,0,0,0,0,0
330114,0,1,1982,0,0,0,0,0,0,0,0,0,0
330114,1,1,1982,0,12,15,23,0,0,15,0,0,5
330115,1,1,1982,11,21,16,13,23,3,18,15,0,12
330116,0,1,1982,23,23,23,23,23,23,23,23,23,23
330116,1,1,1982,15,15,15,15,15,15,15,15,15,15
330121,1,1,1982,0,0,0,0,0,0,0,0,0,0
330121,2,1,1982,0,0,0,0,0,0,0,1,0,13
330122,0,1,1982,0,0,0,0,0,0,0,0,0,0
330122,1,1,1982,0,0,0,0,0,0,0,10,0,0
330123,1,1,1982,0,0,0,0,0,0,0,0,0,0
330123,2,1,1982,0,0,0,0,0,0,0,0,0,0
330124,1,1,1982,0,12,0,0,0,0,0,0,0,0
330124,2,1,1982,0,0,0,0,0,0,0,0,0,0
330125,1,1,1982,19,15,19,21,22,14,21,27,22,18
330126,1,1,1982,0,0,0,0,0,0,0,0,0,0
330127,1,1,1982,19,19,19,19,19,19,19,19,19,19
330128,1,1,1982,18,21,18,0,0,0,0,0,0,0
330129,0,1,1982,0,29,0,0,0,4,0,0,0,0
330129,1,1,1982,15,18,11,6,27,9,14,22,24,0
330130,1,1,1982,0,0,0,0,0,0,0,0,0,0
330130,2,1,1982,0,0,0,0,0,0,0,0,16,17
330131,1,1,1982,0,0,0,0,31,10,0,0,0,0
330132,1,1,1982,14,14,14,14,14,14,14,14,14,14
330133,1,1,1982,0,0,0,0,0,0,0,0,0,0
330133,2,1,1982,0,19,0,0,0,0,0,0,0,0
330134,1,1,1982,0,0,0,14,14,0,0,0,0,0
330135,1,1,1982,0,14,17,0,25,32,34,27,17,33
330136,1,1,1982,5,5,5,5,5,5,5,5,5,5
330137,0,1,1982,0,0,0,0,0,0,0,0,0,0
330137,1,1,1982,0,0,0,0,7,0,0,0,0,0
330138,1,1,1982,15,15,15,15,15,15,15,15,15,15
330139,1,1,1982,0,0,0,0,0,0,0,0,0,0
330139,2,1,1982,0,0,0,0,0,19,0,0,0,0
330140,1,1,1982,0,0,0,7,0,0,0,0,0,21
330140,2,1,1982,0,0,0,0,0,0,0,0,0,0
330140,3,1,1982,0,0,0,0,0,0,0,0,0,0
330141,1,1,1982,0,0,0,30,0,0,9,13,11,0
330142,1,1,1982,23,18,19,28,33,35,24,24,21,4
330143,1,1,1982,0,0,0,0,9,0,0,14,0,0
330144,1,1,1982,16,16,16,16,16,16,16,16,16,16
330145,1,1,1982,0,0,0,0,0,12,0,0,0,0
330145,2,1,1982,0,0,0,0,0,0,0,0,0,0
330146,1,1,1982,11,11,11,11,11,11,11,11,11,11
330147,1,1,1982,0,0,0,0,0,0,0,0,0,0
330147,2,1,1982,1,1,1,1,1,1,1,1,1,1
330148,1,1,1982,19,19,19,19,19,19,19,19,19,19
330149,1,1,1982,0,0,15,0,0,16,0,0,0,0
330150,1,1,1982,0,0,15,0,0,0,0,0,0,0
330150,2,1,1982,11,11,11,11,11,11,11,11,11,11
330151,1,1,1982,1,1,1,1,1,1,1,1,1,1
330152,1,1,1982,13,10,10,8,8,2,12,12,7,10
330152,2,1,1982,1,1,1,1,1,1,1,1,1,1
330153,0,1,1982,0,0,0,0,0,0,0,0,0,0
330153,1,1,1982,0,0,0,0,0,0,0,0,0,0
330154,1,1,1982,15,15,15,15,15,15,15,15,15,15
330155,1,1,1982,0,0,0,0,0,0,0,0,0,0
330155,2,1,1982,7,7,7,7,7,7,7,7,7,7
330156,0,1,1982,0,0,0,0,0,0,0,0,0,6
330156,1,1,1982,0,0,0,0,0,0,0,0,0,0
330157,1,1,1982,14,15,35,17,28,16,19,31,23,27
330158,1,1,1982,17,19,16,14,28,12,23,5,3,27
330159,1,1,1982,0,13,0,14,29,20,26,18,0,24
340001,1,1,1982,5,5,5,5,5,5,5,5,5,5
340002,1,1,1982,14,14,14,14,14,14,14,14,14,14
340003,1,1,1982,0,0,0,0,0,0,0,0,0,0
340003,2,1,1982,0,0,0,0,0,0,0,0,0,0
340004,0,1,1982,0,0,0,0,0,0,0,0,0,0
340004,1,1,1982,0,0,0,0,9,0,0,0,0,0
340005,1,1,1982,11,11,11,11,11,11,11,11,11,11
340005,2,1,1982,0,0,10,0,0,14,0,0,0,0
340006,1,1,1982,20,20,20,20,20,20,20,20,20,20
340006,2,1,1982,0,0,0,0,0,0,0,0,0,0
340007,1,1,1982,19,19,19,19,19,19,19,19,19,19
340007,2,1,1982,0,0,0,0,0,0,0,0,0,0
340008,1,1,1982,11,11,11,11,11,11,11,11,11,11
340009,1,1,1982,0,0,0,0,0,0,0,0,0,0
340010,0,1,1982,11,11,11,11,11,11,11,11,11,11
340010,1,1,1982,0,0,0,0,0,0,0,0,0,0
340010,2,1,1982,0,0,0,0,12,0,0,16,14,15
340011,1,1,1982,0,0,0,0,0,0,0,0,0,0
340011,2,1,1982,25,25,25,25,25,25,25,25,25,25
340012,1,1,1982,13,13,13,13,13,13,13,13,13,13
340013,1,1,1982,12,7,14,11,5,24,24,9,0,0
340013,2,1,1982,10,10,20,15,16,21,31,18,16,18
340014,0,1,1982,14,14,14,14,14,14,14,14,14,14
340014,1,1,1982,0,0,0,0,0,0,0,0,0,0
340015,1,1,1982,9,9,9,9,9,9,9,9,9,9
340016,0,1,1982,0,0,0,0,0,0,0,0,0,0
340016,1,1,1982,11,17,5,0,13,8,0,10,9,16
340017,0,1,1982,34,0,0,0,0,0,0,0,0,17
340017,1,1,1982,0,0,12,0,0,0,0,0,0,0
340018,1,1,1982,0,0,0,23,0,0,0,0,0,0
340018,2,1,1982,0,0,0,0,0,0,0,0,0,0
340019,1,1,1982,4,0,12,4,0,0,0,12,23,16
340020,0,1,1982,0,0,0,0,0,0,0,0,0,0
340020,1,1,1982,0,0,0,0,0,0,0,0,0,0
340021,1,1,1982,0,0,0,0,0,0,0,0,0,0
340021,2,1,1982,0,0,0,0,0,0,9,0,0,0
340021,3,1,1982,0,0,0,0,10,0,0,0,0,0
340022,0,1,1982,0,0,0,0,0,0,0,0,0,0
340022,1,1,1982,0,0,0,0,0,0,0,0,0,0
340023,1,1,1982,14,14,14,14,14,14,14,14,14,14
340024,0,1,1982,0,0,0,0,0,0,0,0,0,0
340024,1,1,1982,0,14,0,0,0,0,0,0,0,0
340025,1,1,1982,0,0,0,0,0,0,0,0,0,5
340025,2,1,1982,0,0,0,0,0,0,0,0,0,0
340026,0,1,1982,26,26,26,26,26,26,26,26,26,26
340026,1,1,1982,16,10,18,23,0,0,0,0,0,15
340026,2,1,1982,0,7,14,0,13,0,14,0,20,0
340026,3,1,1982,0,0,0,12,4,0,8,0,0,0
340027,1,1,1982,0,0,0,0,0,0,0,0,0,0
340027,2,1,1982,0,0,0,0,0,0,0,0,0,0
340027,3,1,1982,9,9,9,9,9,9,9,9,9,9
340028,1,1,1982,0,20,18,0,0,0,16,0,0,0
340028,2,1,1982,10,10,10,10,10,10,10,10,10,10
340029,1,1,1982,20,20,20,20,20,20,20,20,20,20
340030,1,1,1982,0,0,0,0,0,0,0,0,0,0
340031,0,1,1982,0,0,0,0,0,0,0,0,0,0
340031,1,1,1982,10,15,13,20,14,15,10,29,40,21
340032,1,1,1982,0,0,0,0,0,0,0,0,0,0
340032,2,1,1982,0,0,0,0,0,0,0,0,0,0
340033,1,1,1982,0,0,0,0,0,0,0,0,0,0
340033,2,1,1982,0,0,0,0,0,0,0,0,0,0
340034,1,1,1982,0,0,0,0,0,0,0,0,0,0
340034,2,1,1982,0,0,0,0,0,0,0,0,0,0
340035,1,1,1982,0,4,0,15,19,13,12,7,0,5
340035,2,1,1982,21,16,23,11,36,14,8,5,12,14
340036,1,1,1982,0,0,0,0,0,0,0,0,0,0
340036,2,1,1982,0,0,0,0,0,0,0,0,0,0
340037,0,1,1982,26,14,45,22,15,44,31,37,20,41
340037,1,1,1982,0,12,9,20,20,19,19,15,12,18
340038,0,1,1982,0,0,0,0,0,0,0,0,0,0
340038,1,1,1982,0,0,0,0,0,0,0,0,0,0
340038,2,1,1982,0,0,0,0,0,0,0,0,0,0
340039,0,1,1982,0,0,31,0,18,7,18,0,0,0
340039,1,1,1982,12,12,12,12,12,12,12,12,12,12
340040,1,1,1982,0,0,0,0,0,0,0,0,0,0
340040,2,1,1982,0,0,6,0,0,0,0,0,0,0
340041,1,1,1982,12,12,12,12,12,12,12,12,12,12
340041,2,1,1982,0,0,0,0,0,0,0,17,0,0
340042,1,1,1982,14,14,14,14,14,14,14,14,14,14
340042,2,1,1982,0,0,0,0,0,0,0,0,0,0
340043,1,1,1982,0,0,0,0,0,0,0,0,0,0
340044,1,1,1982,0,0,0,0,0,0,0,0,0,0
340044,2,1,1982,0,0,0,0,0,0,0,0,0,0
340045,1,1,1982,0,0,0,0,0,0,0,0,0,0
340045,2,1,1982,0,0,0,0,0,0,0,0,0,0
340046,1,1,1982,0,0,0,0,0,0,0,0,0,0
340046,2,1,1982,0,0,0,0,0,0,0,0,0,0
340047,0,1,1982,0,0,0,0,0,0,0,0,0,0
340047,0,2,1982,0,0,0,0,0,0,0,0,0,0
340047,1,1,1982,0,0,0,0,0,0,0,0,0,0
340047,2,1,1982,0,0,0,0,0,0,0,0,0,0
340048,0,1,1982,17,17,17,17,17,17,17,17,17,17
340048,1,1,1982,14,14,14,14,14,14,14,14,14,14
340049,1,1,1982,0,0,0,0,0,0,0,0,0,0
340049,2,1,1982,0,0,0,0,0,0,0,0,0,0
340050,1,1,1982,2,2,2,2,2,2,2,2,2,2
340051,1,1,1982,0,0,0,0,0,0,0,0,0,0