ST_CASE,VEH_NO,PER_NO,YEAR,P1,P2,P3,P4,P5,P6,P7,P8,P9,P10
340051,2,1,1982,0,0,0,0,0,0,0,0,0,0
340052,0,1,1982,0,21,22,16,0,12,0,0,21,12
340052,1,1,1982,0,17,0,0,0,0,0,0,11,0
340053,1,1,1982,0,18,0,0,0,0,0,6,0,20
340054,0,1,1982,0,0,0,0,0,0,0,0,0,0
340054,1,1,1982,9,13,0,26,20,11,0,0,21,0
340055,0,1,1982,24,24,24,24,24,24,24,24,24,24
340055,1,1,1982,0,12,14,10,16,0,0,19,0,7
340056,0,1,1982,20,20,20,20,20,20,20,20,20,20
340056,1,1,1982,0,0,0,0,10,0,0,0,0,0
340057,0,1,1982,0,0,0,0,0,0,0,0,0,0
340057,1,1,1982,7,11,6,25,34,28,3,32,4,13
340058,0,1,1982,0,0,0,0,0,0,0,0,0,0
340058,1,1,1982,0,0,0,0,0,0,0,0,0,0
340059,1,1,1982,0,0,0,0,0,0,0,0,0,0
340059,2,1,1982,0,0,0,0,3,0,0,6,0,0
340060,1,1,1982,17,17,17,17,17,17,17,17,17,17
340061,1,1,1982,20,0,0,0,0,0,0,15,24,0
340063,1,1,1982,0,0,0,0,0,0,0,0,0,0
340063,2,1,1982,18,18,18,18,18,18,18,18,18,18
340064,1,1,1982,11,11,11,11,11,11,11,11,11,11
340065,1,1,1982,0,0,0,0,0,0,0,0,0,0
340065,2,1,1982,0,0,0,0,0,0,0,0,0,0
340066,1,1,1982,0,0,0,0,0,0,0,0,0,0
340066,2,1,1982,0,0,0,0,0,0,0,0,0,0
340067,1,1,1982,24,24,24,24,24,24,24,24,24,24
340067,2,1,1982,0,0,0,0,0,0,0,0,0,0
340068,1,1,1982,16,16,16,16,16,16,16,16,16,16
340069,1,1,1982,0,0,0,0,0,0,0,0,0,0
340070,1,1,1982,17,17,17,17,17,17,17,17,17,17
340071,1,1,1982,0,0,0,0,0,0,0,0,0,0
340072,1,1,1982,16,16,16,16,16,16,16,16,16,16
340072,2,1,1982,0,11,0,0,0,0,0,0,0,0
340073,0,1,1982,24,24,24,24,24,24,24,24,24,24
340073,1,1,1982,0,0,0,11,0,0,0,0,0,20
340074,0,1,1982,6,6,6,6,6,6,6,6,6,6
340074,1,1,1982,0,0,0,0,0,0,0,0,0,0
340075,0,1,1982,0,0,15,0,0,0,17,0,0,0
340075,1,1,1982,21,21,21,21,21,21,21,21,21,21
340076,0,1,1982,0,0,0,0,0,0,0,0,0,0
340076,1,1,1982,0,0,0,10,0,0,15,0,0,0
340077,0,1,1982,0,0,0,0,0,0,0,0,0,0
340077,1,1,1982,0,0,0,0,0,0,25,0,0,0
340078,0,1,1982,0,0,0,0,0,0,0,0,0,0
340078,1,1,1982,0,0,0,0,0,0,0,0,0,0
340079,1,1,1982,22,22,22,22,22,22,22,22,22,22
340080,1,1,1982,26,26,26,26,26,26,26,26,26,26
340081,0,1,1982,0,0,0,0,0,0,0,0,0,0
340081,1,1,1982,0,0,0,0,0,0,0,0,0,0
340082,1,1,1982,0,0,0,0,0,0,0,0,0,0
340082,2,1,1982,0,15,0,0,0,0,0,0,0,0
340083,0,1,1982,0,0,0,0,0,0,0,0,0,0
340083,1,1,1982,0,0,0,0,0,7,0,0,0,0
340084,0,1,1982,0,0,0,0,0,0,0,0,0,0
340084,1,1,1982,0,0,0,0,0,0,0,0,0,0
340085,0,1,1982,0,0,0,0,0,0,0,0,0,0
340085,1,1,1982,0,0,0,0,0,0,0,3,0,0
340086,0,1,1982,3,3,3,3,3,3,3,3,3,3
340086,1,1,1982,0,0,0,0,0,0,0,0,0,0
340087,1,1,1982,0,0,0,0,0,0,0,0,0,0
340087,2,1,1982,0,0,0,0,0,10,0,0,0,0
340088,1,1,1982,0,0,0,0,0,0,0,0,0,0
340089,1,1,1982,0,0,0,0,6,0,0,0,0,0
340089,2,1,1982,0,0,0,0,0,0,0,0,0,0
340090,1,1,1982,0,0,0,0,0,0,0,0,0,0
340091,1,1,1982,0,0,0,0,0,0,0,0,2,0
340091,2,1,1982,9,9,9,9,9,9,9,9,9,9
340092,0,1,1982,13,13,13,13,13,13,13,13,13,13
340092,1,1,1982,0,15,0,0,0,0,0,0,15,0
340093,0,1,1982,14,0,0,0,0,0,0,0,0,0
340093,1,1,1982,0,0,0,0,0,0,0,0,0,12
340094,1,1,1982,0,0,0,0,0,0,0,0,0,0
340096,1,1,1982,8,8,8,8,8,8,8,8,8,8
340097,1,1,1982,0,18,9,14,6,15,7,21,14,18
340097,2,1,1982,0,0,0,0,0,0,0,0,0,0
340099,1,1,1982,0,0,0,0,0,0,0,0,0,0
340100,0,1,1982,0,0,0,0,0,0,0,0,0,0
340100,1,1,1982,0,0,0,0,0,0,0,0,0,0
340101,1,1,1982,21,21,21,21,21,21,21,21,21,21
340102,0,1,1982,21,21,21,21,21,21,21,21,21,21
340102,1,1,1982,15,9,20,13,19,11,11,21,10,30
340103,1,1,1982,0,0,0,0,0,0,0,0,0,0
340103,2,1,1982,19,19,19,19,19,19,19,19,19,19
340104,1,1,1982,0,0,0,0,0,0,0,0,0,0
340105,1,1,1982,0,0,0,0,0,0,0,0,0,0
340105,2,1,1982,0,0,17,0,0,33,0,16,0,13
340106,1,1,1982,8,8,8,8,8,8,8,8,8,8
340106,2,1,1982,10,10,10,10,10,10,10,10,10,10
340107,1,1,1982,0,0,0,0,0,0,0,0,0,0
340107,2,1,1982,18,18,18,18,18,18,18,18,18,18
340107,3,1,1982,0,0,0,0,0,0,0,0,0,0
340108,1,1,1982,0,0,0,0,0,0,0,0,0,0
340109,1,1,1982,0,0,0,0,0,9,0,0,0,0
340109,2,1,1982,3,3,3,3,3,3,3,3,3,3
340110,1,1,1982,19,19,19,19,19,19,19,19,19,19
340110,2,1,1982,0,0,0,0,0,0,0,0,0,0
340111,1,1,1982,19,19,19,19,19,19,19,19,19,19
340112,1,1,1982,12,12,12,12,12,12,12,12,12,12
340113,1,1,1982,14,14,14,14,14,14,14,14,14,14
340113,2,1,1982,21,21,21,21,21,21,21,21,21,21
340114,0,1,1982,10,13,23,0,16,3,19,21,18,20
340114,1,1,1982,4,4,4,4,4,4,4,4,4,4
340115,1,1,1982,13,13,13,13,13,13,13,13,13,13
340116,1,1,1982,27,27,27,27,27,27,27,27,27,27
340117,1,1,1982,0,0,0,0,0,0,0,0,0,0
340117,2,1,1982,0,0,0,0,0,0,0,0,0,0
340118,0,1,1982,0,0,0,0,0,0,0,0,0,0
340118,1,1,1982,0,0,0,0,3,0,0,0,6,0
340119,1,1,1982,0,0,0,0,0,0,0,0,0,0
340120,1,1,1982,0,0,0,0,0,0,0,0,0,0
340120,2,1,1982,2,2,2,2,2,2,2,2,2,2
340121,1,1,1982,0,0,0,0,10,0,0,0,0,0
340121,2,1,1982,0,0,7,0,0,0,0,0,0,0
340122,1,1,1982,0,0,17,0,0,0,0,13,0,4
340122,2,1,1982,0,14,9,0,0,21,0,0,0,26
340123,1,1,1982,16,16,16,16,16,16,16,16,16,16
340124,1,1,1982,0,0,0,0,0,0,0,0,0,0
340124,2,1,1982,0,0,0,0,0,0,0,0,0,0
340125,1,1,1982,0,0,0,0,0,0,0,0,0,0
340125,2,1,1982,0,0,0,0,0,0,0,0,0,0
340126,1,1,1982,0,0,0,0,0,0,0,0,0,0
340127,1,1,1982,11,0,0,0,0,0,0,0,0,0
340127,2,1,1982,0,0,0,0,0,0,0,0,0,0
340128,0,1,1982,26,26,26,26,26,26,26,26,26,26
340128,1,1,1982,0,0,0,0,0,0,0,0,0,0
340129,1,1,1982,0,21,0,2,0,5,0,0,0,0
340129,2,1,1982,0,0,0,0,3,0,0,0,0,0
340129,3,1,1982,0,0,0,0,0,0,0,0,0,0
340129,4,1,1982,0,0,0,0,0,0,12,0,0,12
340130,1,1,1982,0,0,0,0,0,0,0,0,0,0
340131,1,1,1982,0,0,0,0,0,0,0,0,0,0
340132,0,1,1982,8,8,8,8,8,8,8,8,8,8
340132,1,1,1982,0,0,24,0,17,0,0,0,0,0
340134,0,1,1982,0,0,0,0,0,0,0,0,0,0
340134,1,1,1982,7,7,7,7,7,7,7,7,7,7
340135,1,1,1982,0,0,0,0,0,0,0,0,0,0
340136,1,1,1982,21,21,21,21,21,21,21,21,21,21
340137,1,1,1982,13,13,13,13,13,13,13,13,13,13
340138,1,1,1982,11,11,11,11,11,11,11,11,11,11
340138,2,1,1982,0,0,0,0,0,0,0,0,0,0
340139,1,1,1982,6,5,5,6,0,1,12,8,20,17
340140,0,1,1982,0,0,0,0,0,0,0,0,0,0
340140,1,1,1982,0,0,0,0,0,0,0,0,0,0
340141,1,1,1982,0,0,0,0,0,0,0,0,0,0
340142,1,1,1982,0,0,0,0,0,0,0,0,0,0
340142,2,1,1982,0,0,0,0,0,0,0,0,0,0
340143,0,1,1982,0,0,0,0,0,0,0,0,0,0
340143,1,1,1982,4,0,0,0,0,0,0,0,0,0
340144,1,1,1982,11,11,11,11,11,11,11,11,11,11
340144,2,1,1982,0,0,0,0,0,0,0,0,0,0
340145,1,1,1982,0,0,0,0,32,0,0,0,0,0
340145,2,1,1982,0,0,5,0,0,7,0,0,0,0
340146,0,1,1982,0,0,0,0,0,0,0,0,0,0
340146,1,1,1982,0,0,0,21,0,0,0,0,0,0
340147,1,1,1982,0,0,0,0,0,0,0,0,0,0
340147,2,1,1982,0,0,0,0,0,0,0,0,0,0
340147,3,1,1982,0,0,0,0,0,0,0,0,24,0
340148,0,1,1982,26,26,26,26,26,26,26,26,26,26
340148,1,1,1982,0,9,14,9,7,25,0,0,6,0
340149,1,1,1982,0,3,0,0,0,0,0,0,0,9
340149,2,1,1982,3,3,3,3,3,3,3,3,3,3
340150,0,1,1982,0,0,0,0,0,0,0,0,0,0
340150,1,1,1982,28,28,28,28,28,28,28,28,28,28
340151,0,1,1982,0,0,0,0,0,0,0,0,0,0
340151,1,1,1982,0,0,0,0,0,0,0,0,0,0
340152,1,1,1982,0,0,0,0,0,0,0,0,0,0
340152,2,1,1982,0,0,0,0,0,0,0,0,0,0
340153,1,1,1982,14,14,14,14,14,14,14,14,14,14
340153,2,1,1982,0,0,0,0,0,0,0,0,0,0
340154,1,1,1982,0,0,0,0,0,0,0,0,0,0
340155,1,1,1982,0,0,0,0,0,0,0,0,0,0
340155,2,1,1982,0,0,0,0,0,0,0,0,0,0
340155,3,1,1982,0,0,0,0,0,0,0,0,0,0
340155,4,1,1982,0,0,0,0,0,0,0,0,0,0
340156,0,1,1982,26,26,26,26,26,26,26,26,26,26
340156,1,1,1982,0,25,0,0,0,25,0,0,19,0
340157,1,1,1982,0,0,0,0,0,0,0,0,0,0
340157,2,1,1982,0,0,0,0,0,0,0,0,0,0
340158,1,1,1982,16,16,16,16,16,16,16,16,16,16
340159,0,1,1982,0,0,0,0,0,0,0,0,0,0
340159,1,1,1982,0,0,0,0,0,0,0,0,0,0
340160,0,1,1982,0,0,0,0,0,0,0,0,0,0
340160,1,1,1982,0,0,0,0,0,0,0,0,0,0
340161,1,1,1982,0,0,0,0,0,0,0,0,0,0
340162,1,1,1982,0,0,0,0,0,0,0,0,0,0
340162,2,1,1982,0,0,0,0,0,0,0,0,0,0
340163,1,1,1982,0,0,0,0,20,0,0,0,11,0
340163,2,1,1982,11,11,11,11,11,11,11,11,11,11
340164,0,1,1982,0,0,0,0,0,0,0,0,0,0
340164,1,1,1982,14,14,14,14,14,14,14,14,14,14
340165,0,1,1982,0,0,0,0,0,0,0,0,0,0
340165,0,2,1982,0,21,0,13,0,0,0,26,0,0
340165,1,1,1982,0,0,0,0,0,0,0,0,0,0
340166,2,1,1982,4,4,4,4,4,4,4,4,4,4
340167,1,1,1982,0,0,0,0,0,0,0,0,0,0
340167,2,1,1982,0,0,0,0,0,0,0,0,0,0
340168,0,1,1982,0,0,0,0,0,0,0,0,0,0
340168,1,1,1982,14,14,14,14,14,14,14,14,14,14
340169,1,1,1982,0,0,0,0,0,0,0,0,0,0
340170,0,1,1982,28,0,19,13,0,0,25,0,16,0
340170,1,1,1982,22,22,22,22,22,22,22,22,22,22
340171,1,1,1982,13,13,13,13,13,13,13,13,13,13
340172,1,1,1982,0,0,0,0,0,0,0,36,0,0
340172,2,1,1982,6,6,6,6,6,6,6,6,6,6
340173,1,1,1982,0,0,0,0,0,0,0,0,0,0
340173,2,1,1982,0,0,0,0,0,0,0,0,0,0
340174,1,1,1982,17,17,17,17,17,17,17,17,17,17
340175,0,1,1982,0,0,0,0,0,0,13,0,0,0
340175,1,1,1982,13,13,13,13,13,13,13,13,13,13
340177,1,1,1982,0,0,0,0,0,0,0,0,0,0
340177,2,1,1982,0,0,0,0,0,0,0,0,0,0
340178,0,1,1982,23,23,23,23,23,23,23,23,23,23
340178,1,1,1982,0,0,0,0,0,0,0,0,0,0
340179,1,1,1982,0,0,13,9,0,0,0,12,0,0
340179,2,1,1982,5,5,5,5,5,5,5,5,5,5
340180,1,1,1982,0,0,0,0,0,0,0,0,0,0
340182,1,1,1982,12,12,12,12,12,12,12,12,12,12
340183,1,1,1982,0,0,0,0,0,0,0,0,0,0
340184,1,1,1982,11,11,11,11,11,11,11,11,11,11
340185,1,1,1982,22,22,22,22,22,22,22,22,22,22
340186,1,1,1982,0,0,0,0,0,0,0,0,0,0
340186,2,1,1982,0,0,0,0,0,0,0,0,0,0
340187,1,1,1982,19,15,16,27,20,12,13,19,33,40
340188,1,1,1982,6,6,6,6,6,6,6,6,6,6
340189,0,1,1982,0,0,0,0,0,0,0,0,0,0
340189,1,1,1982,0,0,0,0,0,0,0,0,0,0
340190,0,1,1982,0,0,0,0,0,0,0,0,0,0
340190,1,1,1982,0,0,0,0,0,0,0,0,0,0
340191,1,1,1982,0,0,0,19,0,0,13,0,0,0
340191,2,1,1982,0,0,0,0,0,0,0,0,0,0
340192,0,1,1982,26,26,26,26,26,26,26,26,26,26
340192,1,1,1982,0,0,0,0,0,0,0,0,0,0
340193,1,1,1982,21,21,21,21,21,21,21,21,21,21
340194,0,1,1982,0,0,0,0,0,0,0,0,0,0
340194,1,1,1982,0,0,0,0,0,0,0,0,0,0
340195,0,1,1982,22,22,22,22,22,22,22,22,22,22
340195,0,2,1982,21,19,0,0,15,0,19,27,0,0
340195,1,1,1982,19,15,0,23,12,16,10,19,8,19
340196,1,1,1982,21,21,21,21,21,21,21,21,21,21
340196,2,1,1982,16,16,16,16,16,16,16,16,16,16
340197,1,1,1982,0,0,0,0,0,0,0,0,0,0
340197,2,1,1982,27,27,27,27,27,27,27,27,27,27
340197,3,1,1982,0,0,0,0,0,0,0,21,0,17
340198,1,1,1982,1,1,1,1,1,1,1,1,1,1
340198,2,1,1982,0,0,0,0,0,0,0,0,0,0
340198,3,1,1982,0,0,0,0,0,0,0,0,0,0
340199,1,1,1982,0,0,0,0,0,0,0,0,0,0
340200,1,1,1982,11,11,11,11,11,11,11,11,11,11
340200,2,1,1982,0,0,0,0,0,0,0,0,0,0
340201,1,1,1982,0,0,0,0,0,0,0,0,0,0
340201,2,1,1982,0,0,0,0,0,0,0,0,0,0
340201,3,1,1982,0,0,0,0,0,0,0,0,0,0
340202,1,1,1982,17,17,17,17,17,17,17,17,17,17
340203,1,1,1982,0,0,0,0,0,0,0,0,0,0
340203,2,1,1982,0,0,0,0,0,0,0,14,0,0
340204,1,1,1982,0,0,0,0,0,0,0,0,0,0
340204,2,1,1982,0,0,0,0,0,0,0,0,0,0
340205,0,1,1982,0,0,0,0,0,0,0,0,0,0
340205,1,1,1982,0,0,0,0,0,0,0,0,0,0
340206,1,1,1982,6,8,14,13,9,16,14,8,17,11
340206,2,1,1982,0,0,0,0,0,0,0,0,0,0
340207,0,1,1982,20,18,18,11,20,22,7,0,19,29
340207,1,1,1982,36,17,0,14,16,7,15,0,0,0
340208,0,1,1982,0,0,0,0,0,0,0,0,0,0
340208,1,1,1982,0,0,0,0,0,0,0,0,0,0
340209,1,1,1982,15,15,15,15,15,15,15,15,15,15
340209,2,1,1982,0,0,17,0,0,0,0,0,0,0
340209,3,1,1982,9,9,9,9,9,9,9,9,9,9
340211,1,1,1982,6,6,6,6,6,6,6,6,6,6
340211,2,1,1982,0,0,0,0,0,0,0,0,0,0
340212,1,1,1982,10,10,10,10,10,10,10,10,10,10
340213,1,1,1982,12,12,12,12,12,12,12,12,12,12
340214,0,1,1982,17,0,0,0,0,0,17,14,18,0
340214,1,1,1982,0,0,0,0,0,0,0,0,0,0
340215,1,1,1982,7,7,7,7,7,7,7,7,7,7
340215,2,1,1982,0,0,0,0,0,0,0,0,0,0
340216,0,1,1982,0,0,0,0,0,0,0,0,0,0
340216,1,1,1982,0,0,0,0,0,0,0,0,0,0
340217,1,1,1982,6,6,6,6,6,6,6,6,6,6
340217,2,1,1982,0,0,0,0,0,0,0,9,0,0
340218,0,1,1982,15,15,15,15,15,15,15,15,15,15
340218,1,1,1982,0,0,0,0,0,0,0,0,0,0
340219,1,1,1982,0,0,0,0,0,0,0,0,0,0
340219,2,1,1982,0,0,0,0,0,0,0,0,0,0
340220,1,1,1982,20,20,20,20,20,20,20,20,20,20
340221,1,1,1982,29,29,29,29,29,29,29,29,29,29
340221,2,1,1982,0,0,0,0,0,0,0,0,0,0
340222,1,1,1982,1,1,1,1,1,1,1,1,1,1
340222,2,1,1982,0,0,0,0,0,0,0,0,0,0
340223,1,1,1982,9,9,9,9,9,9,9,9,9,9
340223,2,1,1982,0,0,0,0,0,0,0,0,0,0
340224,1,1,1982,0,0,0,0,0,0,0,0,0,0
340224,2,1,1982,7,14,0,12,9,0,17,0,22,23
340225,1,1,1982,4,4,4,4,4,4,4,4,4,4
340226,1,1,1982,19,19,19,19,19,19,19,19,19,19
340226,2,1,1982,0,0,0,0,0,0,0,0,0,0
340228,1,1,1982,21,21,21,21,21,21,21,21,21,21
340229,1,1,1982,19,19,19,19,19,19,19,19,19,19
340230,1,1,1982,0,0,0,0,0,0,0,0,0,0
340230,2,1,1982,0,0,0,0,0,0,0,0,0,0
340231,1,1,1982,18,18,18,18,18,18,18,18,18,18
340231,2,1,1982,0,0,0,0,13,0,0,0,0,11
340231,3,1,1982,3,3,3,3,3,3,3,3,3,3
340232,0,1,1982,7,7,7,7,7,7,7,7,7,7
340232,1,1,1982,10,10,10,10,10,10,10,10,10,10
340233,1,1,1982,0,0,0,0,0,0,0,0,0,0
340233,2,1,1982,0,10,0,0,0,0,12,0,0,0
340234,1,1,1982,10,6,15,7,5,23,18,8,4,9
340235,0,1,1982,19,19,19,19,19,19,19,19,19,19
340235,1,1,1982,0,0,0,0,0,0,0,0,0,0
340236,0,1,1982,18,16,0,0,28,0,0,0,0,0
340236,1,1,1982,0,0,0,0,0,0,0,0,0,0
340236,2,1,1982,0,0,0,0,0,0,0,0,0,0
340237,0,1,1982,13,13,13,13,13,13,13,13,13,13
340237,1,1,1982,16,0,0,0,0,0,0,0,0,7
340237,2,1,1982,0,0,0,0,0,0,0,0,0,0
340238,1,1,1982,30,30,30,30,30,30,30,30,30,30
340239,1,1,1982,14,14,14,14,14,14,14,14,14,14
340240,1,1,1982,26,26,26,26,26,26,26,26,26,26
340241,1,1,1982,28,28,28,28,28,28,28,28,28,28
340242,1,1,1982,0,0,0,0,0,0,0,0,0,0
340243,0,1,1982,0,0,0,0,0,0,0,0,0,0
340243,1,1,1982,0,0,0,0,0,0,0,0,0,0
340244,0,1,1982,32,32,32,32,32,32,32,32,32,32
340244,1,1,1982,0,0,0,0,0,0,0,0,0,0
340245,0,1,1982,0,0,0,0,0,0,0,0,0,0
340245,1,1,1982,0,0,0,0,0,0,0,0,0,0
340246,1,1,1982,0,0,0,0,0,0,0,0,0,0
340247,0,1,1982,22,22,22,22,22,22,22,22,22,22
340247,1,1,1982,0,0,0,0,0,0,0,0,0,0
340247,2,1,1982,8,8,8,8,8,8,8,8,8,8
340248,0,1,1982,0,0,0,0,0,0,0,0,0,0
340248,1,1,1982,0,0,0,0,0,0,0,0,0,0
340249,1,1,1982,0,0,0,0,0,0,0,0,0,0
340249,2,1,1982,0,0,0,0,0,0,2,0,0,0
340250,1,1,1982,19,19,19,19,19,19,19,19,19,19
340251,1,1,1982,0,0,0,0,0,0,0,0,0,0
340251,2,1,1982,0,0,0,0,0,0,0,0,0,0
340252,1,1,1982,0,0,0,0,0,0,0,0,0,0
340253,0,1,1982,0,0,0,0,0,0,0,0,0,0
340253,1,1,1982,2,2,2,2,2,2,2,2,2,2
340254,1,1,1982,12,12,12,12,12,12,12,12,12,12
340255,1,1,1982,23,23,23,23,23,23,23,23,23,23
340256,1,1,1982,14,14,14,14,14,14,14,14,14,14
340257,1,1,1982,14,14,14,14,14,14,14,14,14,14
340258,0,1,1982,9,9,9,9,9,9,9,9,9,9
340258,1,1,1982,9,0,0,10,12,21,19,0,26,0
340259,1,1,1982,11,11,11,11,11,11,11,11,11,11
340260,1,1,1982,0,0,0,0,0,0,0,0,0,0
340261,0,1,1982,20,20,20,20,20,20,20,20,20,20
340261,1,1,1982,0,0,0,0,0,0,0,0,0,0
340262,1,1,1982,15,15,15,15,15,15,15,15,15,15
340263,1,1,1982,16,16,16,16,16,16,16,16,16,16
340264,1,1,1982,16,16,16,16,16,16,16,16,16,16
340265,0,1,1982,23,23,23,23,23,23,23,23,23,23
340265,1,1,1982,17,17,17,17,17,17,17,17,17,17
340266,1,1,1982,0,0,0,0,0,0,0,0,0,0
340267,1,1,1982,13,13,13,13,13,13,13,13,13,13
340268,1,1,1982,0,0,0,0,0,0,0,10,0,0
340268,2,1,1982,16,16,16,16,16,16,16,16,16,16
340269,0,1,1982,0,0,0,0,0,0,0,0,0,0
340269,1,1,1982,0,0,0,0,0,0,0,0,0,0
340270,1,1,1982,0,0,0,0,0,0,0,0,29,0
340270,2,1,1982,22,22,22,22,22,22,22,22,22,22
340271,0,1,1982,0,0,0,0,0,0,0,0,0,0
340271,0,2,1982,0,0,0,0,0,0,0,0,0,0
340271,1,1,1982,0,0,0,0,0,13,0,0,0,0
340272,1,1,1982,0,0,0,0,0,0,0,0,0,0
340272,2,1,1982,0,0,0,0,0,21,0,10,11,0
340273,1,1,1982,22,0,0,0,22,0,0,0,0,0
340273,2,1,1982,4,4,4,4,4,4,4,4,4,4
340274,0,1,1982,0,0,0,0,0,0,0,0,0,0
340274,1,1,1982,0,0,0,0,0,0,7,0,0,0
340276,0,1,1982,0,0,0,0,0,0,0,0,0,0
340276,1,1,1982,0,0,0,0,0,0,0,0,0,0
340278,1,1,1982,21,21,21,21,21,21,21,21,21,21
340279,1,1,1982,0,0,0,0,0,0,0,0,13,0
340279,2,1,1982,0,0,0,0,0,0,0,0,0,0
340281,1,1,1982,0,0,0,0,0,0,0,0,0,0
340281,2,1,1982,4,4,4,4,4,4,4,4,4,4
340282,0,1,1982,0,0,0,0,0,0,0,0,0,0
340282,1,1,1982,0,0,0,0,0,0,0,0,0,0
340282,2,1,1982,0,0,0,0,0,0,0,0,0,18
340283,1,1,1982,5,5,5,5,5,5,5,5,5,5
340284,1,1,1982,9,9,9,9,9,9,9,9,9,9
340285,0,1,1982,0,0,0,0,0,0,0,0,0,0
340285,0,2,1982,0,13,21,17,8,0,13,9,0,3
340286,0,1,1982,1,1,1,1,1,1,1,1,1,1
340286,1,1,1982,5,18,0,0,0,0,0,16,0,0
340287,1,1,1982,19,19,19,19,19,19,19,19,19,19
340288,1,1,1982,0,16,19,0,0,0,0,0,0,0
340288,2,1,1982,16,16,16,16,16,16,16,16,16,16
340289,1,1,1982,20,20,20,20,20,20,20,20,20,20
340290,1,1,1982,0,0,0,0,10,0,0,0,0,0
340290,2,1,1982,17,17,17,17,17,17,17,17,17,17
340291,0,1,1982,0,0,0,0,0,0,0,0,0,0
340291,1,1,1982,0,0,0,0,0,0,0,0,0,0
340292,1,1,1982,14,14,14,14,14,14,14,14,14,14
340293,1,1,1982,12,12,12,12,12,12,12,12,12,12
340294,1,1,1982,0,0,0,0,0,0,0,0,0,0
340294,2,1,1982,12,12,12,12,12,12,12,12,12,12
340295,1,1,1982,0,0,0,0,0,0,0,0,0,0
340295,2,1,1982,19,19,19,19,19,19,19,19,19,19
340296,1,1,1982,0,0,0,0,0,0,0,0,0,0
340296,2,1,1982,0,0,0,0,0,0,0,0,0,29
340297,1,1,1982,14,13,16,22,15,20,5,30,6,23
340298,1,1,1982,0,0,0,0,0,0,0,0,0,0
340298,2,1,1982,0,0,9,0,0,0,0,0,0,9
340299,1,1,1982,10,10,10,10,10,10,10,10,10,10
340300,1,1,1982,0,0,0,0,0,0,0,0,0,0
340300,2,1,1982,0,0,0,0,0,0,0,0,21,0
340301,1,1,1982,6,11,19,0,19,11,25,15,6,11
340301,2,1,1982,0,0,0,0,0,0,0,0,0,0
340302,1,1,1982,0,0,13,8,0,0,0,0,0,0
340303,1,1,1982,16,2,0,0,0,0,10,0,8,0
340303,2,1,1982,7,7,7,7,7,7,7,7,7,7
340304,1,1,1982,13,13,13,13,13,13,13,13,13,13
340305,1,1,1982,0,0,0,0,0,0,9,2,0,0
340306,1,1,1982,21,21,21,21,21,21,21,21,21,21
340307,0,1,1982,18,18,18,18,18,18,18,18,18,18
340307,1,1,1982,9,9,0,0,14,0,0,0,0,0
340308,1,1,1982,9,9,9,9,9,9,9,9,9,9
340308,2,1,1982,0,0,20,0,13,0,12,0,0,0
340309,0,1,1982,0,0,0,0,0,0,0,0,0,0
340309,1,1,1982,0,0,0,0,0,0,0,0,0,0
340310,1,1,1982,7,7,7,7,7,7,7,7,7,7
340310,2,1,1982,0,0,0,0,0,0,0,14,0,0
340311,0,1,1982,0,0,0,0,0,0,0,0,0,0
340311,1,1,1982,0,0,0,0,0,0,0,0,0,0
340312,1,1,1982,0,0,0,0,0,0,0,0,0,0
340312,2,1,1982,0,0,0,0,0,0,0,0,0,0
340315,1,1,1982,18,10,0,24,20,21,23,12,6,11
340315,2,1,1982,0,0,0,0,0,0,0,0,0,0
340316,1,1,1982,8,8,8,8,8,8,8,8,8,8
340317,0,1,1982,25,25,25,25,25,25,25,25,25,25
340317,1,1,1982,19,19,19,19,19,19,19,19,19,19
340318,1,1,1982,19,4,13,24,16,28,9,19,18,17
340319,1,1,1982,0,0,0,0,0,0,0,0,0,0
340319,2,1,1982,17,17,17,17,17,17,17,17,17,17
340320,1,1,1982,25,25,25,25,25,25,25,25,25,25
340321,1,1,1982,26,26,26,26,26,26,26,26,26,26
340322,1,1,1982,13,13,13,13,13,13,13,13,13,13
340322,2,1,1982,0,0,0,0,0,0,0,0,0,0
340323,0,1,1982,26,26,26,26,26,26,26,26,26,26
340323,1,1,1982,0,12,0,31,21,0,0,0,0,0
340324,1,1,1982,14,14,14,14,14,14,14,14,14,14
340326,0,1,1982,17,17,17,17,17,17,17,17,17,17
340326,1,1,1982,0,0,0,0,0,0,0,0,15,0
340328,1,1,1982,5,5,5,5,5,5,5,5,5,5
340329,1,1,1982,0,0,0,0,0,0,0,0,0,0
340330,1,1,1982,16,16,16,16,16,16,16,16,16,16
340331,0,1,1982,17,30,0,0,14,0,26,0,13,11
340331,1,1,1982,6,6,6,6,6,6,6,6,6,6
340333,0,1,1982,17,17,17,17,17,17,17,17,17,17
340333,1,1,1982,0,0,0,0,0,0,0,0,0,0
340334,1,1,1982,10,10,10,10,10,10,10,10,10,10
340334,2,1,1982,12,12,12,12,12,12,12,12,12,12
340335,1,1,1982,0,0,0,0,0,0,0,0,0,0
340335,2,1,1982,0,0,6,0,0,0,0,0,0,0
340336,1,1,1982,17,17,17,17,17,17,17,17,17,17
340337,1,1,1982,0,0,0,0,0,0,0,0,0,0
340338,1,1,1982,0,0,16,0,0,0,0,0,29,0
340338,2,1,1982,0,0,0,0,0,0,0,0,0,0
340339,1,1,1982,0,0,0,0,0,0,0,0,0,0
340339,2,1,1982,0,0,0,0,0,0,0,0,0,0
340340,0,1,1982,2,2,2,2,2,2,2,2,2,2