ST_CASE,VEH_NO,PER_NO,YEAR,P1,P2,P3,P4,P5,P6,P7,P8,P9,P10
340340,1,1,1982,0,0,0,0,0,0,0,0,0,0
340341,1,1,1982,0,0,0,0,13,0,0,0,0,0
340342,1,1,1982,0,0,0,0,0,0,0,0,0,0
340342,2,1,1982,0,4,0,0,0,0,12,16,14,11
340343,1,1,1982,4,4,4,4,4,4,4,4,4,4
340344,1,1,1982,0,10,13,0,0,0,0,0,0,0
340345,1,1,1982,21,21,21,21,21,21,21,21,21,21
340346,1,1,1982,0,0,0,0,0,0,0,0,0,0
340347,1,1,1982,15,15,15,15,15,15,15,15,15,15
340348,1,1,1982,14,28,14,15,19,15,29,18,14,7
340348,2,1,1982,7,0,0,15,19,14,0,15,31,0
340349,1,1,1982,2,2,2,2,2,2,2,2,2,2
340349,2,1,1982,5,5,5,5,5,5,5,5,5,5
340350,1,1,1982,0,0,0,0,0,0,0,0,0,0
340350,2,1,1982,0,0,0,0,0,0,0,0,0,0
340352,0,1,1982,15,15,15,15,15,15,15,15,15,15
340352,1,1,1982,9,19,6,16,5,25,0,11,8,14
340353,1,1,1982,0,0,0,19,0,20,0,0,0,17
340354,1,1,1982,0,0,0,0,0,0,5,16,17,0
340355,1,1,1982,22,22,22,22,22,22,22,22,22,22
340356,1,1,1982,20,20,20,20,20,20,20,20,20,20
340357,1,1,1982,0,28,0,20,19,0,0,0,0,17
340358,1,1,1982,0,0,0,0,0,0,0,0,0,0
340358,2,1,1982,0,0,0,0,0,0,0,0,0,0
340359,1,1,1982,0,0,0,0,0,0,0,0,0,0
340359,2,1,1982,0,0,0,0,0,0,0,0,0,0
340360,0,1,1982,18,18,18,18,18,18,18,18,18,18
340360,0,2,1982,2,2,2,2,2,2,2,2,2,2
340360,1,1,1982,0,0,0,0,0,0,0,9,0,0
340361,1,1,1982,0,0,0,0,0,0,0,0,0,0
340362,1,1,1982,0,0,0,0,0,0,0,0,0,0
340362,2,1,1982,7,7,7,7,7,7,7,7,7,7
340363,1,1,1982,11,11,11,11,11,11,11,11,11,11
340364,1,1,1982,19,19,19,19,19,19,19,19,19,19
340365,1,1,1982,24,4,15,8,18,40,22,9,21,0
340367,1,1,1982,11,11,11,11,11,11,11,11,11,11
340368,1,1,1982,0,0,0,0,0,0,0,0,0,0
340368,2,1,1982,0,0,0,0,0,0,0,0,0,0
340369,1,1,1982,10,10,10,10,10,10,10,10,10,10
340369,2,1,1982,0,0,0,0,0,0,0,0,0,0
340369,3,1,1982,0,0,0,0,0,0,0,0,0,0
340370,1,1,1982,0,0,0,0,0,0,0,0,0,0
340371,0,1,1982,0,0,0,0,0,0,0,0,0,0
340371,1,1,1982,0,0,0,0,0,0,0,0,0,0
340372,1,1,1982,3,3,3,3,3,3,3,3,3,3
340373,1,1,1982,0,0,0,0,0,0,0,0,0,0
340373,2,1,1982,0,0,0,0,0,0,0,0,0,6
340374,1,1,1982,11,11,11,11,11,11,11,11,11,11
340375,1,1,1982,30,8,16,0,0,0,10,14,29,32
340375,2,1,1982,19,19,19,19,19,19,19,19,19,19
340376,1,1,1982,7,7,7,7,7,7,7,7,7,7
340377,1,1,1982,11,11,11,11,11,11,11,11,11,11
340378,1,1,1982,2,2,2,2,2,2,2,2,2,2
340379,0,1,1982,0,0,0,0,0,0,0,0,0,0
340379,1,1,1982,0,0,0,0,19,0,0,0,0,0
340380,0,1,1982,2,2,2,2,2,2,2,2,2,2
340380,1,1,1982,13,13,13,13,13,13,13,13,13,13
340381,0,1,1982,20,20,20,20,20,20,20,20,20,20
340381,1,1,1982,0,0,0,0,0,0,0,0,0,0
340382,1,1,1982,0,0,0,5,0,0,0,0,0,0
340382,2,1,1982,0,0,0,0,0,0,0,0,0,0
340383,0,1,1982,0,0,0,0,0,0,0,0,0,0
340383,1,1,1982,0,23,0,0,0,0,0,0,11,0
340384,0,1,1982,0,0,0,0,0,0,0,0,0,0
340384,1,1,1982,0,13,0,0,0,0,0,0,0,0
340385,1,1,1982,16,16,16,16,16,16,16,16,16,16
340385,2,1,1982,10,10,10,10,10,10,10,10,10,10
340386,1,1,1982,0,0,0,0,0,0,0,0,0,0
340386,2,1,1982,0,0,0,0,0,0,0,0,0,0
340386,3,1,1982,0,0,0,0,19,0,0,0,0,0
340387,1,1,1982,0,0,0,0,0,0,0,0,0,0
340388,1,1,1982,20,20,20,20,20,20,20,20,20,20
340388,2,1,1982,0,0,0,0,0,0,0,0,0,0
340389,1,1,1982,4,4,4,4,4,4,4,4,4,4
340389,2,1,1982,11,11,11,11,11,11,11,11,11,11
340390,1,1,1982,23,23,23,23,23,23,23,23,23,23
340391,1,1,1982,0,0,0,0,0,0,0,0,0,0
340391,2,1,1982,0,0,0,0,0,0,0,0,0,0
340392,1,1,1982,8,8,8,8,8,8,8,8,8,8
340392,2,1,1982,0,0,22,0,0,0,0,0,0,0
340393,1,1,1982,8,0,0,0,0,0,0,0,0,0
340394,1,1,1982,10,10,10,10,10,10,10,10,10,10
340394,2,1,1982,0,17,0,11,0,0,0,0,16,13
340394,3,1,1982,0,0,0,0,0,0,0,0,0,0
340394,4,1,1982,0,7,0,0,0,0,0,0,0,0
340395,0,1,1982,0,0,0,0,0,0,0,0,0,0
340395,1,1,1982,0,0,0,22,0,0,0,0,0,0
340396,1,1,1982,7,7,7,7,7,7,7,7,7,7
340396,2,1,1982,0,14,0,11,11,5,9,12,7,6
340397,1,1,1982,0,0,0,0,0,0,18,0,0,0
340397,2,1,1982,0,0,0,0,0,0,0,0,0,0
340399,1,1,1982,0,0,0,0,0,0,0,0,0,0
340399,2,1,1982,0,0,0,0,0,0,0,0,0,0
340400,0,1,1982,0,0,0,0,0,0,0,0,0,0
340400,1,1,1982,0,0,0,0,0,0,0,0,0,0
340401,0,1,1982,10,20,15,0,0,0,0,0,0,19
340401,1,1,1982,0,0,0,0,0,13,12,0,0,0
340402,1,1,1982,0,0,0,0,0,0,0,0,0,0
340402,2,1,1982,0,0,0,0,0,0,0,0,0,0
340403,1,1,1982,10,10,10,10,10,10,10,10,10,10
340404,1,1,1982,15,15,15,15,15,15,15,15,15,15
340405,1,1,1982,6,6,6,6,6,6,6,6,6,6
340405,2,1,1982,0,0,0,0,0,0,0,16,0,0
340406,1,1,1982,22,22,22,22,22,22,22,22,22,22
340406,2,1,1982,22,0,0,0,0,0,0,0,0,11
340407,1,1,1982,15,15,15,15,15,15,15,15,15,15
340408,0,1,1982,0,0,0,0,0,0,0,0,0,0
340408,1,1,1982,0,0,0,0,0,14,0,0,0,0
340409,1,1,1982,0,0,0,0,0,17,0,0,0,0
340409,2,1,1982,0,0,0,0,0,0,0,0,0,0
340410,1,1,1982,0,0,0,0,0,0,0,0,0,0
340411,1,1,1982,23,23,23,23,23,23,23,23,23,23
340411,2,1,1982,9,17,32,14,0,27,0,17,19,9
340412,0,1,1982,0,0,0,0,0,0,0,0,0,0
340412,1,1,1982,18,0,0,0,0,0,0,0,0,0
340413,0,1,1982,0,0,0,0,0,0,0,0,0,0
340413,0,2,1982,0,0,0,0,0,0,0,0,0,0
340413,0,3,1982,0,0,0,0,0,0,0,0,0,0
340413,0,4,1982,14,15,0,0,14,16,11,12,0,20
340413,1,1,1982,3,3,3,3,3,3,3,3,3,3
340414,1,1,1982,0,0,0,0,0,0,9,0,0,0
340414,2,1,1982,5,5,5,5,5,5,5,5,5,5
340415,1,1,1982,18,18,18,18,18,18,18,18,18,18
340416,0,1,1982,0,0,14,0,0,0,32,36,0,0
340416,0,2,1982,2,2,2,2,2,2,2,2,2,2
340416,1,1,1982,0,0,0,0,0,0,0,0,0,0
340416,2,1,1982,0,0,0,0,0,0,0,0,0,0
340417,0,1,1982,0,0,0,0,0,0,0,0,0,0
340417,1,1,1982,0,0,0,0,0,0,0,0,0,0
340418,1,1,1982,15,15,15,15,15,15,15,15,15,15
340419,1,1,1982,15,15,15,15,15,15,15,15,15,15
340420,0,1,1982,9,9,9,9,9,9,9,9,9,9
340420,1,1,1982,15,15,15,15,15,15,15,15,15,15
340421,0,1,1982,0,0,0,0,0,0,0,0,0,0
340421,1,1,1982,19,24,0,2,0,9,13,46,18,22
340422,1,1,1982,0,0,0,0,0,0,0,0,0,0
340422,2,1,1982,0,0,0,0,0,0,0,0,0,0
340423,1,1,1982,0,0,0,0,0,0,0,0,0,0
340424,0,1,1982,13,13,13,13,13,13,13,13,13,13
340424,0,2,1982,0,14,34,0,16,26,0,0,0,18
340424,1,1,1982,17,17,17,17,17,17,17,17,17,17
340425,1,1,1982,0,0,0,0,0,0,9,0,0,0
340425,2,1,1982,0,0,0,0,0,0,0,0,0,0
340426,1,1,1982,17,17,17,17,17,17,17,17,17,17
340426,2,1,1982,0,0,0,0,0,0,21,0,0,0
340427,1,1,1982,9,15,8,21,11,17,25,11,7,18
340428,1,1,1982,0,0,0,0,0,0,0,0,0,0
340429,1,1,1982,17,17,17,17,17,17,17,17,17,17
340429,2,1,1982,0,0,0,0,0,0,0,0,0,0
340429,3,1,1982,0,0,0,0,0,0,0,0,0,0
340429,4,1,1982,0,0,0,11,0,0,0,0,0,0
340430,1,1,1982,25,19,8,7,3,17,31,8,11,22
340432,1,1,1982,14,14,14,14,14,14,14,14,14,14
340433,1,1,1982,0,0,0,0,0,0,0,0,0,0
340433,2,1,1982,5,14,0,0,0,0,0,0,0,0
340434,1,1,1982,0,0,0,0,0,0,0,0,0,0
340435,1,1,1982,5,5,5,5,5,5,5,5,5,5
340435,2,1,1982,0,0,0,0,0,0,0,0,0,0
340435,3,1,1982,0,0,0,0,0,0,0,0,10,12
340436,1,1,1982,0,0,0,0,0,0,0,0,0,0
340436,2,1,1982,11,0,0,13,0,0,0,0,0,0
340436,3,1,1982,0,0,0,0,0,0,0,0,0,0
340437,1,1,1982,15,15,15,15,15,15,15,15,15,15
340438,1,1,1982,6,6,6,6,6,6,6,6,6,6
340439,1,1,1982,0,0,0,0,0,0,14,0,0,0
340439,2,1,1982,0,0,0,0,0,0,0,0,0,0
340441,0,1,1982,0,0,0,0,0,0,0,0,0,0
340441,1,1,1982,0,0,0,0,0,0,12,0,0,0
340442,1,1,1982,11,11,11,11,11,11,11,11,11,11
340442,2,1,1982,0,0,0,9,0,0,0,0,0,0
340443,1,1,1982,0,0,0,0,0,0,0,0,0,0
340443,2,1,1982,0,0,0,0,0,0,0,29,0,0
340444,1,1,1982,9,0,0,12,0,10,0,0,16,0
340445,1,1,1982,0,0,0,0,0,0,0,0,0,0
340446,1,1,1982,0,0,0,0,0,0,0,0,0,0
340446,2,1,1982,0,0,0,0,0,0,0,0,0,0
340446,3,1,1982,0,0,0,0,0,0,0,0,0,0
340447,0,1,1982,0,0,0,0,0,0,0,0,0,0
340447,1,1,1982,0,0,0,0,0,0,0,0,0,0
340448,0,1,1982,0,0,0,0,0,0,0,0,0,0
340448,1,1,1982,0,0,15,0,0,0,0,0,0,0
340449,1,1,1982,0,0,0,0,0,0,0,0,0,0
340450,0,1,1982,0,22,0,0,0,6,0,0,0,0
340450,1,1,1982,18,0,0,0,11,13,0,0,0,5
340451,1,1,1982,0,0,0,0,0,0,0,0,0,0
340451,2,1,1982,0,0,0,0,0,0,0,0,0,0
340453,1,1,1982,0,0,0,0,0,23,0,2,0,14
340453,2,1,1982,23,23,23,23,23,23,23,23,23,23
340454,1,1,1982,0,7,0,0,0,0,0,0,12,0
340455,1,1,1982,0,0,0,0,0,0,0,0,0,0
340456,1,1,1982,0,16,7,21,25,19,9,3,14,20
340457,0,1,1982,21,13,20,16,17,11,10,21,21,34
340457,1,1,1982,0,0,0,0,0,0,0,0,0,0
340459,0,1,1982,15,15,15,15,15,15,15,15,15,15
340459,1,1,1982,0,22,25,0,0,8,8,15,0,19
340460,1,1,1982,0,0,0,0,0,0,0,0,0,0
340460,2,1,1982,0,0,0,0,0,0,0,0,0,0
340461,0,1,1982,0,0,0,0,0,0,0,0,0,0
340461,1,1,1982,18,18,18,18,18,18,18,18,18,18
340462,0,1,1982,0,0,0,0,0,0,0,0,0,0
340462,1,1,1982,0,0,0,0,0,0,0,0,0,0
340464,1,1,1982,0,0,0,0,0,0,15,0,0,0
340465,1,1,1982,0,0,0,0,0,0,0,0,0,0
340465,2,1,1982,6,6,6,6,6,6,6,6,6,6
340466,1,1,1982,26,23,21,14,18,26,0,0,10,20
340467,1,1,1982,6,6,6,6,6,6,6,6,6,6
340468,0,1,1982,29,26,43,13,32,21,39,21,14,23
340468,1,1,1982,10,10,10,10,10,10,10,10,10,10
340469,1,1,1982,0,0,0,0,0,14,0,0,0,0
340469,2,1,1982,0,0,0,0,0,0,0,0,0,0
340470,1,1,1982,9,9,9,9,9,9,9,9,9,9
340471,0,1,1982,3,3,3,3,3,3,3,3,3,3
340471,0,2,1982,0,0,0,0,0,9,14,15,0,0
340471,1,1,1982,11,11,11,11,11,11,11,11,11,11
340472,1,1,1982,16,16,16,16,16,16,16,16,16,16
340473,0,1,1982,18,0,0,0,0,0,14,17,0,0
340473,1,1,1982,15,20,0,30,12,37,8,15,0,13
340474,1,1,1982,0,0,0,0,0,0,0,0,0,0
340475,1,1,1982,0,0,0,0,0,0,0,0,0,0
340476,1,1,1982,19,16,0,13,0,0,7,0,27,15
340477,1,1,1982,0,0,0,0,0,0,0,0,0,0
340478,1,1,1982,13,13,13,13,13,13,13,13,13,13
340479,1,1,1982,0,0,11,0,0,0,0,0,0,0
340479,2,1,1982,0,0,0,0,0,0,0,0,0,0
340480,0,1,1982,0,0,0,0,0,0,0,0,0,0
340480,1,1,1982,0,0,0,0,0,0,0,0,0,0
340481,0,1,1982,0,0,0,0,0,0,0,0,0,0
340481,1,1,1982,0,0,0,0,0,0,0,0,0,0
340482,0,1,1982,0,0,0,0,0,0,0,0,0,0
340482,1,1,1982,0,0,0,0,0,0,26,0,0,0
340483,1,1,1982,0,0,0,0,0,0,0,0,0,0
340483,2,1,1982,0,0,23,0,0,6,0,22,0,0
340483,3,1,1982,0,0,0,0,0,0,0,0,0,18
340484,0,1,1982,9,9,9,9,9,9,9,9,9,9
340484,1,1,1982,15,14,8,9,14,0,0,0,23,13
340485,0,1,1982,0,0,0,0,0,0,0,0,0,0
340485,0,2,1982,0,0,0,0,0,0,0,0,0,0
340485,0,3,1982,0,0,0,0,0,0,0,0,0,0
340485,1,1,1982,12,12,12,12,12,12,12,12,12,12
340486,1,1,1982,3,3,3,3,3,3,3,3,3,3
340487,0,1,1982,0,0,0,0,0,0,0,0,0,0
340487,1,1,1982,0,0,0,0,0,0,0,0,0,0
340488,0,1,1982,0,0,0,0,0,0,0,0,0,0
340488,1,1,1982,0,0,0,0,0,0,0,0,0,0
340489,1,1,1982,0,0,0,0,0,0,0,0,0,0
340489,2,2,1982,1,1,1,1,1,1,1,1,1,1
340490,0,1,1982,2,2,2,2,2,2,2,2,2,2
340490,1,1,1982,0,0,0,21,11,0,0,0,17,0
340491,0,1,1982,0,0,0,0,0,0,0,0,0,0
340491,1,1,1982,0,0,0,0,0,0,0,0,0,0
340492,1,1,1982,13,13,13,13,13,13,13,13,13,13
340493,1,1,1982,0,0,0,0,0,0,0,0,0,0
340493,2,2,1982,0,0,0,0,0,0,0,0,0,0
340494,1,1,1982,16,16,16,16,16,16,16,16,16,16
340495,0,1,1982,13,13,13,13,13,13,13,13,13,13
340495,0,2,1982,9,10,22,0,9,19,8,0,0,12
340495,1,1,1982,8,10,0,0,27,18,0,9,0,14
340496,1,1,1982,0,0,0,0,0,19,18,0,0,0
340496,2,1,1982,0,5,0,0,0,0,0,0,0,0
340497,1,1,1982,0,0,0,0,0,0,0,0,0,0
340499,1,1,1982,0,0,0,0,0,0,0,0,0,0
340499,2,1,1982,0,0,0,0,0,0,0,0,0,0
340500,0,1,1982,18,18,18,18,18,18,18,18,18,18
340500,1,1,1982,0,0,0,0,0,0,0,0,0,0
340501,1,1,1982,14,9,13,0,0,0,0,0,0,0
340502,1,1,1982,0,0,0,0,0,0,0,0,0,0
340503,1,1,1982,0,0,0,0,0,0,0,0,0,0
340504,1,1,1982,12,12,12,12,12,12,12,12,12,12
340504,2,1,1982,7,9,9,6,14,16,12,9,8,16
340506,1,1,1982,17,17,17,17,17,17,17,17,17,17
340507,1,1,1982,13,13,13,13,13,13,13,13,13,13
340508,1,1,1982,22,22,22,22,22,22,22,22,22,22
340509,1,1,1982,15,15,15,15,15,15,15,15,15,15
340510,1,1,1982,10,10,10,10,10,10,10,10,10,10
340511,1,1,1982,11,11,11,11,11,11,11,11,11,11
340512,1,1,1982,0,0,0,0,0,0,0,0,0,0
340512,2,1,1982,14,14,14,14,14,14,14,14,14,14
340514,0,1,1982,0,0,19,0,0,0,0,0,9,0
340514,0,2,1982,15,15,22,0,9,0,7,11,20,0
340514,0,3,1982,0,0,0,0,0,7,0,15,0,9
340514,1,1,1982,14,14,14,14,14,14,14,14,14,14
340515,1,1,1982,0,0,0,0,0,0,0,0,0,0
340515,2,1,1982,0,0,0,0,0,0,0,0,0,0
340516,1,1,1982,5,5,5,5,5,5,5,5,5,5
340516,2,1,1982,0,0,6,0,0,0,0,0,0,0
340517,0,1,1982,10,0,14,0,0,0,5,0,0,0
340517,1,1,1982,0,0,0,0,0,0,0,0,0,0
340518,0,1,1982,0,0,0,0,0,0,0,0,0,0
340518,1,1,1982,14,0,0,0,0,0,0,0,0,0
340519,1,1,1982,18,18,18,18,18,18,18,18,18,18
340519,2,1,1982,0,0,0,0,0,0,0,0,0,0
340520,1,1,1982,33,33,33,33,33,33,33,33,33,33
340521,1,1,1982,8,8,8,8,8,8,8,8,8,8
340521,2,1,1982,3,3,3,3,3,3,3,3,3,3
340522,0,1,1982,0,0,0,0,0,0,0,0,0,0
340522,1,1,1982,8,0,0,0,0,0,0,0,0,0
340523,0,1,1982,2,2,2,2,2,2,2,2,2,2
340523,1,1,1982,16,16,16,16,16,16,16,16,16,16
340524,1,1,1982,1,1,1,1,1,1,1,1,1,1
340525,0,1,1982,0,0,0,0,0,0,0,0,0,0
340525,1,1,1982,0,0,0,0,0,0,6,0,0,0
340528,1,1,1982,22,22,22,22,22,22,22,22,22,22
340529,1,1,1982,6,6,6,6,6,6,6,6,6,6
340530,0,1,1982,0,0,8,0,0,21,0,0,0,0
340530,1,1,1982,0,0,0,0,0,0,0,0,0,0
340531,0,1,1982,14,0,0,0,0,0,0,0,0,3
340531,1,1,1982,0,0,0,0,0,0,0,0,0,0
340532,1,1,1982,0,17,0,0,0,0,0,16,8,0
340532,2,1,1982,1,1,1,1,1,1,1,1,1,1
340533,1,1,1982,0,0,0,0,0,0,0,0,0,1
340533,2,1,1982,0,0,0,0,0,0,0,0,0,0
340533,3,1,1982,0,0,0,0,0,0,0,0,0,0
340534,1,1,1982,10,10,10,10,10,10,10,10,10,10
340535,0,1,1982,31,0,0,0,0,0,0,0,0,0
340535,1,1,1982,0,0,0,0,0,0,0,0,0,0
340536,1,1,1982,0,0,0,0,0,0,0,0,0,0
340536,2,1,1982,17,0,0,17,5,0,20,12,0,20
340537,1,1,1982,15,15,15,15,15,15,15,15,15,15
340537,2,1,1982,0,13,0,0,31,0,0,0,0,0
340538,1,1,1982,0,0,0,0,0,0,0,0,0,0
340538,2,1,1982,0,0,0,0,0,0,0,0,0,0
340539,1,1,1982,0,0,0,0,0,0,0,0,0,0
340539,2,1,1982,0,0,0,0,0,0,0,0,0,0
340540,1,1,1982,0,0,0,0,0,0,0,0,0,0
340540,2,1,1982,0,0,5,0,0,0,0,0,0,0
340540,3,1,1982,0,0,0,0,0,0,0,0,0,0
340541,1,1,1982,0,11,0,0,18,0,0,0,0,0
340542,1,1,1982,4,4,4,4,4,4,4,4,4,4
340543,1,1,1982,0,0,0,0,0,0,0,0,0,0
340544,0,1,1982,0,0,13,0,13,14,25,36,10,12
340544,1,1,1982,0,0,0,0,17,0,0,0,0,0
340545,0,1,1982,18,20,0,0,0,24,0,21,17,7
340545,1,1,1982,12,12,12,12,12,12,12,12,12,12
340546,1,1,1982,0,0,9,0,0,5,0,0,0,0
340547,0,1,1982,0,0,0,0,0,0,0,7,0,0
340547,1,1,1982,0,0,21,0,0,0,0,0,0,0
340548,1,1,1982,17,17,17,17,17,17,17,17,17,17
340549,1,1,1982,0,0,0,0,0,0,0,0,23,0
340550,1,1,1982,34,28,16,9,15,23,8,22,16,7
340550,2,1,1982,0,0,0,0,0,0,0,0,0,0
340551,1,1,1982,0,0,0,0,0,0,0,0,0,0
340551,2,1,1982,17,17,17,17,17,17,17,17,17,17
340552,0,1,1982,23,23,23,23,23,23,23,23,23,23
340552,1,1,1982,0,0,0,0,0,0,0,0,0,0
340553,1,1,1982,0,0,0,0,0,0,0,0,0,0
340554,1,1,1982,14,14,14,14,14,14,14,14,14,14
340555,1,1,1982,0,0,0,0,0,0,0,0,0,0
340555,2,1,1982,0,0,0,0,0,0,0,0,0,0
340556,0,1,1982,0,0,0,0,0,0,0,0,0,0
340556,1,1,1982,10,13,23,12,0,9,0,23,15,0
340557,1,1,1982,6,6,6,6,6,6,6,6,6,6
340557,2,1,1982,0,0,0,0,9,0,0,0,0,0
340558,1,1,1982,0,0,0,0,0,0,0,0,0,0
340559,1,1,1982,0,0,0,0,0,0,0,0,0,0
340559,2,1,1982,0,0,0,0,0,0,0,0,0,0
340560,0,1,1982,11,11,11,11,11,11,11,11,11,11
340560,1,1,1982,0,0,0,0,0,0,0,7,0,0
340561,1,1,1982,11,11,11,11,11,11,11,11,11,11
340562,0,1,1982,0,0,0,0,0,0,0,0,0,0
340562,1,1,1982,0,0,0,0,0,0,0,0,0,0
340563,1,1,1982,0,0,12,0,0,0,0,0,0,0
340563,2,1,1982,0,0,0,0,0,0,0,0,0,0
340565,0,1,1982,0,0,0,0,0,0,0,0,0,0
340565,1,1,1982,10,10,10,10,10,10,10,10,10,10
340566,0,1,1982,0,0,0,0,0,0,0,0,0,0
340566,1,1,1982,0,0,0,0,0,0,0,0,0,0
340567,1,1,1982,3,3,3,3,3,3,3,3,3,3
340568,1,1,1982,11,11,11,11,11,11,11,11,11,11
340569,1,1,1982,0,0,0,0,0,0,0,0,0,0
340569,2,1,1982,0,0,0,0,0,0,0,0,0,0
340570,1,1,1982,20,20,20,20,20,20,20,20,20,20
340571,1,1,1982,8,8,8,8,8,8,8,8,8,8
340571,2,1,1982,0,0,0,0,12,0,0,0,0,0
340572,1,1,1982,0,0,0,0,0,0,0,0,0,0
340573,1,1,1982,0,0,0,10,15,0,0,0,0,0
340573,2,1,1982,2,2,2,2,2,2,2,2,2,2
340574,1,1,1982,7,7,7,7,7,7,7,7,7,7
340574,2,1,1982,0,0,0,0,0,0,0,0,0,0
340575,1,1,1982,0,0,0,0,0,0,0,0,0,0
340576,1,1,1982,0,0,0,0,0,0,0,0,0,0
340576,2,1,1982,0,0,0,0,0,0,0,0,0,0
340577,0,1,1982,0,0,0,0,0,0,0,0,0,0
340577,1,1,1982,0,0,0,0,0,0,0,0,0,0
340578,1,1,1982,0,0,0,0,0,0,0,0,0,0
340579,1,1,1982,6,0,0,0,0,7,0,0,13,0
340579,2,1,1982,15,15,15,15,15,15,15,15,15,15
340580,1,1,1982,8,0,0,0,4,0,0,0,0,20
340580,2,1,1982,7,0,10,12,7,21,15,20,6,7
340581,0,1,1982,0,0,21,0,6,0,0,0,0,0
340581,1,1,1982,0,0,0,24,0,0,0,0,16,0
340582,1,1,1982,26,0,0,0,11,0,0,8,13,13
340583,1,1,1982,0,0,0,0,0,0,0,0,0,0
340583,2,1,1982,0,0,0,0,0,0,0,0,0,0
340584,1,1,1982,0,0,0,0,0,0,0,0,0,5
340584,2,1,1982,0,0,0,0,0,0,0,0,0,0
340584,3,1,1982,0,0,0,0,0,0,0,8,0,0
340585,1,1,1982,0,0,0,0,0,0,0,0,0,0
340585,2,1,1982,0,0,0,0,0,0,0,0,0,0
340586,1,1,1982,0,0,0,0,0,0,0,0,0,0
340586,2,1,1982,3,3,3,3,3,3,3,3,3,3
340587,0,1,1982,24,0,8,0,0,23,6,0,0,0
340587,1,1,1982,0,0,0,0,0,0,0,0,0,0
340588,0,1,1982,3,3,3,3,3,3,3,3,3,3
340588,1,1,1982,0,0,0,0,0,0,0,0,0,0
340589,0,1,1982,0,12,32,0,10,13,17,0,14,0
340589,1,1,1982,0,10,21,0,28,0,0,20,0,22
340590,0,1,1982,10,10,10,10,10,10,10,10,10,10
340590,1,1,1982,9,9,9,9,9,9,9,9,9,9
340591,1,1,1982,0,0,0,0,0,0,0,0,0,0
340591,2,1,1982,0,0,0,0,0,0,0,0,0,0
340592,1,1,1982,0,0,0,0,0,3,0,0,0,15
340593,1,1,1982,0,0,0,0,0,0,0,0,0,0
340593,2,1,1982,0,0,0,0,0,0,0,0,0,0
340593,3,1,1982,0,0,0,0,0,0,0,0,0,0
340594,1,1,1982,18,18,18,18,18,18,18,18,18,18
340595,1,1,1982,0,0,0,9,0,0,0,0,0,14
340595,2,1,1982,0,0,0,0,0,0,0,0,0,0
340596,1,1,1982,0,0,0,0,0,0,0,0,0,0
340596,2,1,1982,0,0,0,0,0,0,0,0,0,0
340597,0,1,1982,0,0,0,0,0,0,0,0,0,0
340597,1,1,1982,0,0,0,0,0,0,0,0,0,0
340598,0,1,1982,22,15,0,7,22,22,7,17,24,25
340598,0,2,1982,0,10,0,0,0,0,0,0,38,0
340598,1,1,1982,19,19,19,19,19,19,19,19,19,19
340599,1,1,1982,0,0,0,0,0,0,0,0,0,0
340599,2,1,1982,0,0,0,0,0,0,0,0,0,0
340600,1,1,1982,16,16,16,16,16,16,16,16,16,16
340600,2,1,1982,0,8,17,0,14,0,7,0,13,0
340601,1,1,1982,9,0,0,0,0,0,0,0,0,0
340602,0,1,1982,0,0,0,0,0,0,0,0,0,0
340602,0,2,1982,24,0,17,0,15,10,23,0,7,13
340602,1,1,1982,13,13,13,13,13,13,13,13,13,13
340603,1,1,1982,0,0,0,0,0,0,0,0,0,0
340603,2,1,1982,0,0,15,0,0,0,0,0,0,0
340603,3,1,1982,0,0,0,0,0,0,0,0,13,0
340603,4,1,1982,0,0,0,0,0,0,0,0,0,0
340604,1,1,1982,17,0,3,0,4,25,7,17,0,0
340605,1,1,1982,0,17,0,0,0,0,0,0,0,0
340605,2,1,1982,3,3,3,3,3,3,3,3,3,3
340606,1,1,1982,15,17,27,28,0,0,6,11,15,3
340607,1,1,1982,0,0,0,0,0,0,0,0,0,0
340607,2,1,1982,1,1,1,1,1,1,1,1,1,1
340608,1,1,1982,10,10,10,10,10,10,10,10,10,10
340609,1,1,1982,0,0,0,0,0,0,0,0,0,0
340609,2,1,1982,0,0,0,0,0,0,0,0,0,0
340610,1,1,1982,5,5,5,5,5,5,5,5,5,5
340611,1,1,1982,0,0,28,0,0,0,0,0,0,0
340612,1,1,1982,14,14,14,14,14,14,14,14,14,14
340613,1,1,1982,21,21,21,21,21,21,21,21,21,21
340614,0,1,1982,0,0,0,0,0,0,0,0,0,0
340614,1,1,1982,0,0,23,0,0,0,9,0,13,0
340615,1,1,1982,0,0,0,0,0,0,0,0,0,0
340616,1,1,1982,0,20,8,0,0,26,0,0,0,0
340617,1,1,1982,0,0,0,0,0,0,0,0,0,0
340617,2,1,1982,14,14,14,14,14,14,14,14,14,14
340618,1,1,1982,0,0,0,0,0,0,0,0,0,0
340618,2,1,1982,0,0,0,0,0,0,0,0,0,0
340618,3,1,1982,0,0,0,0,0,0,0,0,0,0
340619,1,1,1982,0,0,0,0,0,0,0,0,0,0
340620,1,1,1982,15,15,15,15,15,15,15,15,15,15
340621,1,1,1982,0,0,0,0,0,0,0,0,0,0
340621,2,1,1982,0,0,0,0,0,0,0,0,0,0
340622,1,1,1982,18,18,18,18,18,18,18,18,18,18
340622,2,1,1982,0,0,11,0,0,0,9,0,0,0
340623,1,1,1982,0,0,0,0,0,0,0,0,0,0
340624,1,1,1982,0,0,0,0,0,0,0,0,0,0
340624,2,1,1982,8,8,8,8,8,8,8,8,8,8
340625,1,1,1982,7,7,7,7,7,7,7,7,7,7
340626,0,1,1982,20,20,20,20,20,20,20,20,20,20
340626,1,1,1982,0,0,0,0,0,0,0,0,0,0
340627,1,1,1982,19,19,19,19,19,19,19,19,19,19
340628,1,1,1982,0,0,0,0,0,8,0,0,0,0