ST_CASE,VEH_NO,PER_NO,YEAR,P1,P2,P3,P4,P5,P6,P7,P8,P9,P10
340628,2,1,1982,24,24,24,24,24,24,24,24,24,24
340629,0,1,1982,12,12,12,12,12,12,12,12,12,12
340629,1,1,1982,8,0,0,0,0,0,0,0,0,0
340630,1,1,1982,19,19,19,19,19,19,19,19,19,19
340631,0,1,1982,0,0,0,0,0,0,0,0,0,0
340631,1,1,1982,0,0,0,0,0,0,0,0,0,0
340631,2,1,1982,0,0,0,0,0,0,0,0,0,0
340631,3,1,1982,0,0,0,0,0,0,0,0,0,0
340631,4,1,1982,0,0,0,0,0,0,0,0,0,0
340631,5,1,1982,0,0,0,0,0,0,0,0,0,0
340633,1,1,1982,20,20,20,20,20,20,20,20,20,20
340634,1,1,1982,0,0,0,0,0,0,0,0,0,0
340635,1,1,1982,0,14,0,0,5,0,0,23,0,0
340635,2,1,1982,22,22,22,22,22,22,22,22,22,22
340635,3,1,1982,0,0,22,0,0,0,0,0,0,0
340636,1,1,1982,0,0,0,0,0,0,0,0,0,0
340637,1,1,1982,37,37,37,37,37,37,37,37,37,37
340638,0,1,1982,19,0,0,0,7,27,0,0,0,0
340638,1,1,1982,0,0,0,0,0,0,0,11,0,0
340639,0,1,1982,27,24,24,32,19,24,24,26,0,21
340639,1,1,1982,0,0,0,0,0,0,0,0,0,0
340640,0,1,1982,0,0,0,0,0,11,12,0,0,13
340640,0,2,1982,0,13,0,0,14,0,0,0,0,17
340640,1,1,1982,12,12,12,12,12,12,12,12,12,12
340641,1,1,1982,16,16,16,16,16,16,16,16,16,16
340642,0,1,1982,24,24,24,24,24,24,24,24,24,24
340642,1,1,1982,13,0,0,0,0,0,11,0,0,0
340643,1,1,1982,4,4,4,4,4,4,4,4,4,4
340643,2,1,1982,0,0,0,0,0,0,0,0,0,0
340644,1,1,1982,0,0,0,0,0,0,0,0,0,0
340644,2,1,1982,0,0,0,0,0,0,0,0,0,11
340645,1,1,1982,0,0,0,0,0,0,0,0,0,0
340645,2,1,1982,0,0,0,0,0,0,0,0,0,0
340645,3,1,1982,0,0,0,0,0,0,0,0,0,0
340646,0,1,1982,21,21,21,21,21,21,21,21,21,21
340646,1,1,1982,0,0,0,0,0,0,0,0,0,0
340647,1,1,1982,17,17,17,17,17,17,17,17,17,17
340648,1,1,1982,3,3,3,3,3,3,3,3,3,3
340649,1,1,1982,0,0,0,0,0,0,0,0,0,0
340649,2,1,1982,0,0,0,0,0,0,0,0,0,0
340650,0,1,1982,0,0,0,0,0,0,0,0,0,0
340650,1,1,1982,0,0,0,0,3,0,0,0,0,0
340651,1,1,1982,16,0,10,0,0,0,0,14,10,24
340652,0,1,1982,5,0,0,0,0,0,0,0,0,0
340652,1,1,1982,0,0,0,0,0,0,0,0,0,0
340653,1,1,1982,16,16,16,16,16,16,16,16,16,16
340654,0,1,1982,25,25,25,25,25,25,25,25,25,25
340654,1,1,1982,0,0,0,0,0,0,0,0,0,0
340655,0,1,1982,15,15,15,15,15,15,15,15,15,15
340655,1,1,1982,0,0,0,0,0,0,0,0,0,0
340656,1,1,1982,16,16,16,16,16,16,16,16,16,16
340657,0,1,1982,0,0,0,0,0,0,0,0,0,0
340657,1,1,1982,0,0,0,0,0,0,0,0,0,0
340658,1,1,1982,0,0,0,0,0,0,0,0,0,0
340658,2,1,1982,0,0,0,0,0,0,0,0,0,0
340658,3,1,1982,0,0,0,0,0,0,0,0,0,0
340659,0,1,1982,0,0,19,0,0,0,0,0,0,0
340659,1,1,1982,0,0,0,4,5,0,0,0,0,0
340660,0,1,1982,0,0,0,0,0,0,0,0,0,0
340660,1,1,1982,0,0,0,0,0,0,0,0,0,0
340661,1,1,1982,0,0,0,0,0,0,0,0,0,0
340661,2,1,1982,0,0,0,0,0,0,0,0,12,0
340662,1,1,1982,21,21,21,21,21,21,21,21,21,21
340662,2,1,1982,0,0,0,0,0,0,0,0,0,0
340663,0,1,1982,0,0,0,0,0,0,0,0,0,0
340663,1,1,1982,0,0,0,0,0,0,0,0,0,0
340664,0,1,1982,22,22,22,22,22,22,22,22,22,22
340664,1,1,1982,0,0,0,0,0,0,0,0,0,0
340665,1,1,1982,0,0,0,0,0,0,0,0,0,0
340665,2,1,1982,0,0,0,0,0,0,0,0,0,0
340666,1,1,1982,0,0,0,0,0,0,0,0,0,0
340666,2,1,1982,0,0,0,0,0,0,0,0,0,0
340667,0,1,1982,0,0,0,0,0,0,0,0,0,0
340667,1,1,1982,0,0,0,0,0,0,0,0,0,0
340668,1,1,1982,0,0,0,0,0,0,0,0,0,0
340668,2,1,1982,2,2,2,2,2,2,2,2,2,2
340669,1,1,1982,15,15,15,15,15,15,15,15,15,15
340670,1,1,1982,0,0,0,0,0,0,0,0,0,0
340670,2,1,1982,0,0,0,0,0,0,0,0,0,0
340671,1,1,1982,0,0,0,0,0,0,20,0,0,0
340671,2,1,1982,0,14,0,0,0,0,0,0,0,0
340671,3,1,1982,0,0,0,0,0,0,0,0,0,0
340672,0,1,1982,0,0,0,0,0,0,0,0,0,0
340672,0,2,1982,24,0,11,25,17,18,0,0,0,10
340672,1,1,1982,0,23,0,11,12,0,0,29,0,0
340673,0,1,1982,12,12,12,12,12,12,12,12,12,12
340673,1,1,1982,0,0,0,0,0,0,1,0,0,0
340674,1,1,1982,0,0,0,13,0,0,0,0,0,0
340674,2,1,1982,0,0,0,0,0,0,0,0,0,0
340675,1,1,1982,0,0,0,0,0,0,0,0,0,0
340677,0,1,1982,13,13,13,13,13,13,13,13,13,13
340677,1,1,1982,4,4,4,4,4,4,4,4,4,4
340677,2,1,1982,0,0,0,0,0,0,0,0,0,0
340678,1,1,1982,0,0,0,0,0,0,0,0,0,0
340678,2,1,1982,12,12,12,12,12,12,12,12,12,12
340679,1,1,1982,7,7,7,7,7,7,7,7,7,7
340680,1,1,1982,3,3,3,3,3,3,3,3,3,3
340681,1,1,1982,13,13,13,13,13,13,13,13,13,13
340682,0,1,1982,0,0,0,0,0,0,0,0,0,0
340682,1,1,1982,0,0,0,0,0,0,0,0,0,0
340683,1,1,1982,13,13,13,13,13,13,13,13,13,13
340684,1,1,1982,19,19,19,19,19,19,19,19,19,19
340685,1,1,1982,14,14,14,14,14,14,14,14,14,14
340685,2,1,1982,8,8,8,8,8,8,8,8,8,8
340686,0,1,1982,14,14,14,14,14,14,14,14,14,14
340686,0,2,1982,0,26,15,0,24,5,11,8,0,26
340686,0,3,1982,0,0,5,0,19,20,0,14,22,20
340686,0,4,1982,24,18,35,18,5,12,24,31,16,21
340686,1,1,1982,0,0,0,0,0,0,9,0,11,0
340687,1,1,1982,17,17,17,17,17,17,17,17,17,17
340688,1,1,1982,13,13,13,13,13,13,13,13,13,13
340688,2,1,1982,10,10,10,10,10,10,10,10,10,10
340689,1,1,1982,0,0,0,0,0,0,0,0,0,0
340689,2,1,1982,0,0,0,0,0,0,0,0,0,0
340690,1,1,1982,0,0,18,0,10,0,0,0,0,0
340691,0,1,1982,22,22,22,22,22,22,22,22,22,22
340691,1,1,1982,0,0,0,0,0,0,0,0,0,0
340692,1,1,1982,2,2,2,2,2,2,2,2,2,2
340693,1,1,1982,5,5,5,5,5,5,5,5,5,5
340693,2,1,1982,0,0,0,0,0,0,0,0,0,0
340694,1,1,1982,5,5,5,5,5,5,5,5,5,5
340694,2,1,1982,5,5,5,5,5,5,5,5,5,5
340696,1,1,1982,0,0,0,0,0,0,0,0,23,0
340696,2,1,1982,10,10,10,10,10,10,10,10,10,10
340696,3,1,1982,0,0,0,0,0,0,0,0,0,0
340697,1,1,1982,0,0,0,0,10,0,0,21,0,8
340697,2,1,1982,17,17,17,17,17,17,17,17,17,17
340698,0,1,1982,0,0,0,0,0,0,0,0,0,0
340698,1,1,1982,0,0,0,0,0,0,0,0,21,0
340699,1,1,1982,10,10,10,10,10,10,10,10,10,10
340699,2,1,1982,0,0,0,0,0,0,17,0,0,0
340700,0,1,1982,0,0,0,0,0,0,0,0,0,0
340700,1,1,1982,0,8,0,0,0,0,0,0,17,0
340701,1,1,1982,0,0,0,0,0,0,0,0,0,0
340702,1,1,1982,0,0,0,0,0,0,0,0,0,0
340702,2,1,1982,13,0,13,0,0,22,0,0,0,0
340703,1,1,1982,15,15,15,15,15,15,15,15,15,15
340704,0,1,1982,0,0,0,0,0,0,0,0,0,0
340704,1,1,1982,0,0,0,0,0,0,0,0,0,0
340705,0,1,1982,0,0,0,0,0,0,0,0,0,0
340705,1,1,1982,0,0,0,0,21,0,0,0,0,0
340706,0,1,1982,0,0,0,0,0,0,0,0,0,0
340706,1,1,1982,0,0,0,13,0,0,0,0,0,17
340707,1,1,1982,0,0,0,0,0,0,0,0,0,0
340707,2,1,1982,0,0,0,0,0,0,0,0,9,0
340707,3,1,1982,0,0,0,0,0,0,0,0,0,0
340708,1,1,1982,0,0,0,0,0,0,0,0,0,0
340708,2,1,1982,0,0,0,0,0,0,0,0,0,0
340709,1,1,1982,0,0,0,0,0,0,0,0,0,0
340709,2,1,1982,0,0,0,0,0,0,0,0,0,0
340710,1,1,1982,21,21,21,21,21,21,21,21,21,21
340711,0,1,1982,0,0,0,0,0,0,0,0,0,0
340711,1,1,1982,5,5,5,5,5,5,5,5,5,5
340712,1,1,1982,0,0,0,0,0,0,0,0,0,4
340712,2,1,1982,5,5,5,5,5,5,5,5,5,5
340713,1,1,1982,9,9,9,9,9,9,9,9,9,9
340715,1,1,1982,11,11,11,11,11,11,11,11,11,11
340716,1,1,1982,0,0,0,5,0,0,0,0,0,0
340716,2,1,1982,15,15,15,15,15,15,15,15,15,15
340717,0,1,1982,0,0,0,0,0,0,0,0,0,0
340717,1,1,1982,0,0,0,0,0,0,0,0,0,0
340718,1,1,1982,0,0,0,0,0,0,0,0,0,0
340719,0,1,1982,25,0,0,0,0,0,0,0,9,0
340719,1,1,1982,0,0,0,0,0,0,0,0,0,0
340721,1,1,1982,0,0,0,0,0,0,0,0,0,0
340721,2,1,1982,0,0,0,0,0,0,0,0,0,0
340722,1,1,1982,0,0,0,0,0,0,0,0,0,0
340725,1,1,1982,21,21,21,21,21,21,21,21,21,21
340727,1,1,1982,0,0,0,0,0,0,0,0,0,0
340727,2,1,1982,0,0,0,0,0,0,0,0,0,0
340728,1,1,1982,0,0,11,11,0,0,14,0,8,0
340729,0,1,1982,7,7,7,7,7,7,7,7,7,7
340729,1,1,1982,7,7,7,7,7,7,7,7,7,7
340730,0,1,1982,0,0,0,0,0,0,0,0,0,0
340730,1,1,1982,0,0,3,0,7,0,0,0,0,0
340731,0,1,1982,0,0,0,0,0,0,0,0,0,0
340731,1,1,1982,0,0,0,0,0,0,0,0,0,0
340732,1,1,1982,10,10,10,10,10,10,10,10,10,10
340732,2,1,1982,0,0,0,0,11,8,0,0,0,0
340733,1,1,1982,0,0,0,0,0,0,0,0,0,0
340734,1,1,1982,21,21,21,21,21,21,21,21,21,21
340734,2,1,1982,0,0,0,0,0,0,0,0,0,0
340735,1,1,1982,0,0,0,0,15,0,0,0,0,0
340735,2,1,1982,0,0,0,0,0,5,0,0,0,0
340736,0,1,1982,34,34,34,34,34,34,34,34,34,34
340736,1,1,1982,15,15,15,15,15,15,15,15,15,15
340737,1,1,1982,26,0,0,0,0,25,0,0,0,0
340737,2,1,1982,26,0,18,0,7,4,18,18,0,4
340738,1,1,1982,0,0,0,0,0,0,0,0,0,0
340738,2,1,1982,0,0,0,0,0,0,0,0,0,0
340740,0,1,1982,11,11,11,11,11,11,11,11,11,11
340740,1,1,1982,0,0,0,17,0,0,0,15,0,25
340741,1,1,1982,0,0,0,0,0,0,0,0,0,0
340741,2,1,1982,0,0,0,0,0,0,0,0,0,0
340742,1,1,1982,0,0,0,0,0,0,0,0,0,0
340742,2,1,1982,0,0,0,20,0,0,0,16,0,0
340742,3,1,1982,0,0,0,0,0,0,0,0,0,0
340742,4,1,1982,0,0,0,0,0,0,0,0,0,0
340743,1,1,1982,0,0,11,0,0,11,0,19,0,0
340744,0,1,1982,0,0,0,0,12,0,0,0,0,0
340744,1,1,1982,0,0,0,0,0,0,0,0,0,0
340745,0,1,1982,31,31,31,31,31,31,31,31,31,31
340745,1,1,1982,14,0,0,9,21,12,0,32,0,0
340746,1,1,1982,14,14,14,14,14,14,14,14,14,14
340747,1,1,1982,4,4,4,4,4,4,4,4,4,4
340748,0,1,1982,0,0,0,0,0,0,0,0,0,0
340748,1,1,1982,0,0,22,26,30,26,28,0,18,27
340749,0,1,1982,11,0,26,0,0,0,37,0,19,0
340749,1,1,1982,0,0,0,0,0,0,0,0,0,0
340750,1,1,1982,0,0,0,0,0,0,0,0,0,0
340750,2,1,1982,0,0,0,0,0,0,0,0,0,0
340751,0,1,1982,17,17,17,17,17,17,17,17,17,17
340751,1,1,1982,0,0,0,0,9,0,12,0,0,0
340752,1,1,1982,0,0,0,0,0,0,0,0,0,0
340752,2,1,1982,15,15,15,15,15,15,15,15,15,15
340753,1,1,1982,0,0,0,0,0,0,0,0,0,0
340753,2,1,1982,24,24,24,24,24,24,24,24,24,24
340754,1,1,1982,0,0,0,0,0,0,0,0,0,0
340754,2,1,1982,25,25,25,25,25,25,25,25,25,25
340755,1,1,1982,0,0,0,0,0,0,0,0,0,0
340755,2,1,1982,0,0,0,0,0,0,0,0,0,0
340757,0,1,1982,0,0,0,0,0,0,0,0,0,0
340757,1,1,1982,0,0,0,0,0,0,0,0,0,0
340758,0,1,1982,25,25,25,25,25,25,25,25,25,25
340758,1,1,1982,22,22,22,22,22,22,22,22,22,22
340759,1,1,1982,0,0,0,0,0,0,0,0,0,0
340760,1,1,1982,13,13,13,13,13,13,13,13,13,13
340761,1,1,1982,0,0,0,0,0,0,0,0,0,0
340761,2,1,1982,0,0,0,0,18,0,0,0,0,0
340762,0,1,1982,0,0,0,0,0,0,0,0,0,0
340762,1,1,1982,0,0,0,0,0,0,0,17,0,0
340763,0,1,1982,0,0,0,0,0,0,0,0,0,0
340763,1,1,1982,12,12,12,12,12,12,12,12,12,12
340764,1,1,1982,14,14,14,14,14,14,14,14,14,14
340764,2,1,1982,0,0,0,0,0,0,0,0,0,0
340764,3,1,1982,0,0,0,0,0,0,0,0,0,0
340765,1,1,1982,12,0,0,0,0,0,4,0,9,0
340765,2,1,1982,21,18,21,0,16,14,18,9,6,32
340766,1,1,1982,24,24,24,24,24,24,24,24,24,24
340767,1,1,1982,0,0,0,0,0,0,0,0,0,0
340767,2,1,1982,8,8,8,8,8,8,8,8,8,8
340768,1,1,1982,10,10,10,10,10,10,10,10,10,10
340769,1,1,1982,0,0,0,0,0,0,0,0,0,0
340769,2,1,1982,10,0,0,0,0,0,0,0,0,0
340770,1,1,1982,0,0,0,0,0,0,0,0,0,0
340770,2,1,1982,10,10,10,10,10,10,10,10,10,10
340771,0,1,1982,0,0,0,0,0,0,0,0,0,0
340771,1,1,1982,0,0,0,0,0,0,0,0,0,0
340772,0,1,1982,26,26,26,26,26,26,26,26,26,26
340772,1,1,1982,0,0,0,0,0,0,0,0,0,0
340772,2,1,1982,0,0,0,0,0,0,0,0,0,0
340773,1,1,1982,0,0,0,0,0,0,0,0,0,0
340773,2,1,1982,0,0,0,0,0,0,0,0,0,0
340773,3,1,1982,7,0,0,0,0,0,0,0,14,0
340774,0,1,1982,0,0,32,0,0,0,0,19,0,0
340774,1,1,1982,16,0,11,0,0,0,0,0,0,41
340775,1,1,1982,0,0,0,0,0,0,0,0,0,0
340776,0,1,1982,0,0,0,0,0,0,0,0,0,0
340776,1,1,1982,0,0,0,0,0,0,0,0,0,0
340777,1,1,1982,16,17,0,2,15,16,26,9,9,0
340777,2,1,1982,9,10,0,20,6,0,0,14,0,11
340778,1,1,1982,0,0,0,0,0,0,0,0,0,0
340778,2,1,1982,0,0,0,0,0,0,0,0,0,0
340779,1,1,1982,24,24,24,24,24,24,24,24,24,24
340780,1,1,1982,18,18,18,18,18,18,18,18,18,18
340782,1,1,1982,10,10,10,10,10,10,10,10,10,10
340783,1,1,1982,15,15,15,15,15,15,15,15,15,15
340784,0,1,1982,0,0,0,0,0,0,0,0,0,0
340784,1,1,1982,0,0,0,0,0,0,0,0,0,0
340785,1,1,1982,0,0,0,0,0,0,0,0,0,0
340785,2,1,1982,0,0,0,0,23,15,0,13,0,0
340786,1,1,1982,0,0,11,0,0,0,0,0,0,0
340787,1,1,1982,0,0,0,0,0,0,0,0,0,0
340787,2,1,1982,0,0,0,0,0,0,0,0,0,0
340788,1,1,1982,0,0,0,0,0,0,0,0,0,0
340788,2,1,1982,0,0,0,0,0,0,0,0,0,0
340789,1,1,1982,27,27,27,27,27,27,27,27,27,27
340790,1,1,1982,0,0,0,0,0,0,0,0,0,0
340791,0,1,1982,15,0,0,0,0,0,12,0,22,27
340791,1,1,1982,0,0,0,0,0,0,0,0,0,0
340792,1,1,1982,16,15,0,0,25,0,10,0,0,16
340793,1,1,1982,0,0,0,0,0,0,0,0,0,0
340794,1,1,1982,14,0,0,0,0,18,0,0,17,25
340794,2,1,1982,0,0,0,0,0,0,0,0,0,0
340795,1,1,1982,0,0,0,0,0,0,0,0,0,0
340795,2,1,1982,0,0,0,0,0,0,0,0,0,15
340796,0,1,1982,0,0,0,0,0,0,0,0,0,0
340796,1,1,1982,0,0,0,0,0,0,0,0,0,0
340797,1,1,1982,10,10,10,10,10,10,10,10,10,10
340798,1,1,1982,0,0,11,28,0,0,0,0,5,0
340798,2,1,1982,0,0,0,0,0,0,0,0,0,0
340799,1,1,1982,13,13,13,13,13,13,13,13,13,13
340800,0,1,1982,0,0,0,0,0,0,0,0,0,0
340800,1,1,1982,0,0,0,0,0,0,0,0,0,0
340801,1,1,1982,0,0,0,0,0,0,0,0,0,0
340801,2,1,1982,0,0,0,0,0,0,0,0,0,0
340802,1,1,1982,0,0,0,0,0,0,0,0,0,0
340803,1,1,1982,16,16,16,16,16,16,16,16,16,16
340804,1,1,1982,12,12,12,12,12,12,12,12,12,12
340805,0,1,1982,0,0,0,0,0,0,0,0,0,0
340805,1,1,1982,0,0,0,0,0,0,0,0,0,0
340805,2,1,1982,0,0,0,0,0,0,0,0,0,0
340806,1,1,1982,0,0,0,0,0,0,0,0,0,0
340806,2,1,1982,0,0,0,0,0,0,0,0,0,0
340806,3,1,1982,0,0,0,0,0,0,0,0,6,0
340806,4,1,1982,0,0,0,0,0,0,0,0,0,0
340806,5,1,1982,0,0,0,0,0,0,0,0,0,0
340807,1,1,1982,24,24,24,24,24,24,24,24,24,24
340808,1,1,1982,0,0,0,0,0,0,0,0,0,0
340809,0,1,1982,0,0,0,0,0,0,0,0,0,0
340809,1,1,1982,7,0,0,0,0,0,0,0,10,0
340810,0,1,1982,4,4,4,4,4,4,4,4,4,4
340810,1,1,1982,20,9,22,0,13,22,0,18,16,10
340811,1,1,1982,20,7,11,30,17,10,12,4,11,13
340812,1,1,1982,24,24,24,24,24,24,24,24,24,24
340813,1,1,1982,0,0,0,0,0,0,0,0,0,0
340813,2,1,1982,0,0,0,0,0,0,0,0,0,0
340814,0,1,1982,0,0,0,0,0,0,0,0,0,0
340814,1,1,1982,0,0,0,0,0,6,0,0,0,0
340815,1,1,1982,28,28,28,28,28,28,28,28,28,28
340816,1,1,1982,8,8,8,8,8,8,8,8,8,8
340817,1,1,1982,11,11,11,11,11,11,11,11,11,11
340817,2,1,1982,0,0,0,0,0,0,0,0,0,0
340818,0,1,1982,0,0,0,0,0,0,0,0,0,0
340818,1,1,1982,0,0,0,0,0,0,0,0,0,0
340819,1,1,1982,0,0,0,0,0,0,0,0,0,0
340819,2,1,1982,31,31,31,31,31,31,31,31,31,31
340820,1,1,1982,6,27,21,25,31,11,27,14,21,19
340821,1,1,1982,7,32,16,20,28,36,20,10,25,27
340822,1,1,1982,0,0,0,0,0,0,8,0,0,0
340822,2,1,1982,0,0,0,0,0,0,0,0,0,0
340823,1,1,1982,0,0,0,18,0,0,0,0,0,0
340823,2,1,1982,0,0,0,0,0,0,0,0,0,0
340824,1,1,1982,0,0,0,0,0,0,0,0,0,0
340824,2,1,1982,0,0,0,0,0,0,0,0,0,0
340825,1,1,1982,9,9,9,9,9,9,9,9,9,9
340826,1,1,1982,1,1,1,1,1,1,1,1,1,1
340826,2,1,1982,0,17,0,0,0,0,0,0,0,0
340827,0,1,1982,0,0,0,0,0,0,0,0,0,0
340827,1,1,1982,0,0,0,0,0,0,0,0,0,0
340828,1,1,1982,0,0,0,0,0,0,0,0,0,0
340829,0,1,1982,0,0,0,0,0,23,0,0,0,0
340829,1,1,1982,0,0,0,0,0,0,0,0,0,0
340830,0,1,1982,0,0,0,0,0,0,0,0,0,0
340830,1,1,1982,0,0,0,11,0,0,0,0,0,0
340831,0,1,1982,0,0,0,0,0,0,0,0,0,0
340831,1,1,1982,0,0,0,0,11,0,0,0,0,0
340832,0,1,1982,16,16,16,16,16,16,16,16,16,16
340832,1,1,1982,12,13,0,27,0,8,0,0,16,11
340833,0,1,1982,0,0,0,3,0,0,0,0,11,0
340833,1,1,1982,0,17,0,0,0,13,0,0,0,0
340834,1,1,1982,34,34,34,34,34,34,34,34,34,34
340835,1,1,1982,0,0,0,0,0,0,0,0,0,0
340835,2,1,1982,0,0,0,0,0,0,0,0,0,0
340836,1,1,1982,0,0,0,0,0,0,0,0,0,0
340836,2,1,1982,5,0,0,0,0,0,0,0,0,5
340837,1,1,1982,0,0,0,0,0,0,0,0,0,0
340837,2,1,1982,0,0,0,0,0,0,0,0,0,0
340838,1,1,1982,9,9,9,9,9,9,9,9,9,9
340839,1,1,1982,0,0,0,0,0,0,0,0,0,0
340840,1,1,1982,22,22,22,22,22,22,22,22,22,22
340840,2,1,1982,0,0,0,0,0,0,0,0,0,0
340841,0,1,1982,0,0,0,0,0,0,0,0,0,0
340841,0,2,1982,0,0,0,0,0,0,0,0,0,0
340841,1,1,1982,0,11,0,0,18,0,0,0,0,0
340842,1,1,1982,0,0,0,0,0,0,28,0,20,0
340842,2,1,1982,0,0,0,0,0,0,0,0,0,0
340843,0,1,1982,13,13,13,13,13,13,13,13,13,13
340843,1,1,1982,0,0,0,0,11,0,0,0,0,0
340844,1,1,1982,0,0,0,8,0,0,0,0,0,0
340844,2,1,1982,15,6,0,0,16,0,0,0,0,0
340845,1,1,1982,25,25,25,25,25,25,25,25,25,25
340845,2,1,1982,1,1,1,1,1,1,1,1,1,1
340846,1,1,1982,0,0,0,0,0,0,0,0,0,0
340846,2,1,1982,0,0,0,0,0,0,0,0,0,0
340847,0,1,1982,0,0,0,0,0,0,0,0,0,0
340847,1,1,1982,0,0,0,0,0,0,0,0,0,0
340848,1,1,1982,0,0,0,0,0,0,0,0,0,0
340848,2,1,1982,0,0,0,10,0,0,0,0,0,4
340849,1,1,1982,0,0,0,0,0,0,0,0,0,0
340849,2,1,1982,0,0,0,0,0,0,0,0,0,0
340850,0,1,1982,0,0,0,0,0,0,0,0,0,0
340850,1,1,1982,0,0,0,0,0,0,0,0,0,0
340851,1,1,1982,0,0,0,0,0,0,0,0,0,0
340852,1,1,1982,0,0,0,0,0,0,9,0,0,0
340852,2,1,1982,0,0,0,0,11,0,0,0,0,17
340852,3,1,1982,0,16,0,0,0,0,0,0,0,0
340852,4,1,1982,0,0,0,8,0,0,0,0,0,0
340852,5,1,1982,0,0,0,0,0,0,0,0,0,0
340852,6,1,1982,5,5,5,5,5,5,5,5,5,5
340853,1,1,1982,0,8,0,0,18,0,0,0,0,0
340853,2,1,1982,24,24,24,24,24,24,24,24,24,24
340854,0,1,1982,0,0,0,0,0,0,0,0,0,0
340854,1,1,1982,0,0,0,0,0,0,0,0,0,0
340855,0,1,1982,0,0,0,0,0,0,0,0,0,0
340855,1,1,1982,0,0,0,0,3,9,0,0,0,0
340856,1,1,1982,0,0,0,0,10,0,0,0,6,0
340856,2,1,1982,0,0,0,0,9,0,0,0,0,0
340857,1,1,1982,15,15,15,15,15,15,15,15,15,15
340858,1,1,1982,0,0,0,0,0,0,0,0,0,0
340859,1,1,1982,0,0,0,0,0,0,0,0,0,0
340860,1,1,1982,21,21,21,21,21,21,21,21,21,21
340861,1,1,1982,21,21,21,21,21,21,21,21,21,21
340862,1,1,1982,0,0,0,0,0,0,0,0,0,0
340862,2,1,1982,11,11,11,11,11,11,11,11,11,11
340863,0,1,1982,0,0,0,0,0,0,0,0,0,0
340863,1,1,1982,0,0,0,0,0,0,0,0,0,0
340864,0,1,1982,22,0,0,20,27,0,0,0,12,14
340864,1,1,1982,9,0,0,19,0,13,0,16,9,16
340865,1,1,1982,13,13,13,13,13,13,13,13,13,13
340866,1,1,1982,27,27,27,27,27,27,27,27,27,27
340866,2,1,1982,0,0,0,0,0,0,0,0,0,0
340867,1,1,1982,17,17,17,17,17,17,17,17,17,17
340868,0,1,1982,20,20,20,20,20,20,20,20,20,20
340868,1,1,1982,0,0,0,0,0,0,0,0,0,0
340869,0,1,1982,0,0,0,0,0,0,0,0,0,0
340869,1,1,1982,14,14,14,14,14,14,14,14,14,14
340870,1,1,1982,0,33,16,0,16,15,0,24,11,0
340871,0,1,1982,0,0,0,0,0,0,0,0,0,0
340871,1,1,1982,0,20,0,7,0,23,5,0,0,9
340872,1,1,1982,17,17,17,17,17,17,17,17,17,17
340872,2,1,1982,2,2,2,2,2,2,2,2,2,2
340872,3,1,1982,0,0,0,0,0,0,0,7,0,0
340873,0,1,1982,11,11,11,11,11,11,11,11,11,11
340873,1,1,1982,0,26,0,0,22,0,0,0,0,0
340874,1,1,1982,0,0,0,0,0,0,0,0,0,0
340875,1,1,1982,0,0,0,0,0,0,0,0,0,0
340875,2,1,1982,0,0,0,0,0,0,0,0,0,0
340876,1,1,1982,10,10,10,10,10,10,10,10,10,10
340877,0,1,1982,0,0,0,0,0,0,0,0,0,0
340877,1,1,1982,0,0,0,0,0,0,0,0,0,0
340877,2,1,1982,0,0,0,0,0,0,0,0,0,0
340877,3,1,1982,0,0,0,0,0,0,0,0,0,0
340878,1,1,1982,16,16,16,16,16,16,16,16,16,16
340878,2,1,1982,9,9,9,9,9,9,9,9,9,9
340879,1,1,1982,12,12,12,12,12,12,12,12,12,12
340879,2,1,1982,19,19,19,19,19,19,19,19,19,19
340880,0,1,1982,0,0,0,0,0,0,0,0,0,0
340880,1,1,1982,0,0,0,0,0,0,0,0,0,0
340881,1,1,1982,0,0,0,0,0,0,0,0,0,0
340881,2,1,1982,16,16,16,16,16,16,16,16,16,16
340882,1,1,1982,0,0,0,0,0,0,0,0,0,0
340882,2,1,1982,11,0,0,0,0,0,0,0,0,0
340883,1,1,1982,3,3,3,3,3,3,3,3,3,3
340884,1,1,1982,0,0,0,0,0,0,0,0,0,0
340885,1,1,1982,0,0,0,14,0,0,0,0,0,0
340885,2,1,1982,0,0,0,0,0,0,0,0,0,0
340886,1,1,1982,0,38,0,20,0,0,0,8,5,0
340888,1,1,1982,0,0,0,0,0,0,0,0,0,0
340889,1,1,1982,0,0,0,0,0,0,0,0,0,0
340890,1,1,1982,0,0,0,0,0,0,0,0,0,0
340890,2,1,1982,1,1,1,1,1,1,1,1,1,1
340891,1,1,1982,10,10,10,10,10,10,10,10,10,10
340892,1,1,1982,7,7,7,7,7,7,7,7,7,7
340892,2,1,1982,0,0,0,0,0,0,0,0,0,0
340893,0,1,1982,0,0,0,0,0,0,0,0,0,0
340893,1,1,1982,0,0,0,0,0,0,0,0,0,0
340893,2,1,1982,0,0,0,0,0,0,0,0,0,0
340894,1,1,1982,0,0,0,0,0,0,0,0,0,0
340895,0,1,1982,0,0,0,0,0,0,0,0,0,0
340895,1,1,1982,13,13,13,13,13,13,13,13,13,13
340896,0,1,1982,0,0,0,0,0,0,0,0,0,0
340896,1,1,1982,0,0,0,0,0,0,0,0,10,0
340897,1,1,1982,0,0,0,0,0,0,0,0,0,0
340897,2,1,1982,0,0,0,0,0,0,0,0,0,0
340898,1,1,1982,15,15,15,15,15,15,15,15,15,15
340898,2,1,1982,0,0,0,10,0,0,0,0,0,0
340899,0,1,1982,22,17,0,16,0,0,22,0,0,0
340899,1,1,1982,0,0,15,0,0,0,8,0,13,0
340900,1,1,1982,0,0,0,0,0,0,0,0,0,0
340901,1,1,1982,15,15,15,15,15,15,15,15,15,15
340901,2,1,1982,14,14,14,14,14,14,14,14,14,14