ST_CASE,VEH_NO,PER_NO,YEAR,P1,P2,P3,P4,P5,P6,P7,P8,P9,P10
340902,1,1,1982,0,0,0,0,0,0,0,0,0,0
340903,0,1,1982,0,0,0,0,0,0,0,0,0,0
340903,1,1,1982,0,0,9,0,0,0,0,11,0,0
340904,1,1,1982,9,9,9,9,9,9,9,9,9,9
340905,1,1,1982,1,1,1,1,1,1,1,1,1,1
340906,1,1,1982,0,0,0,0,0,0,0,0,0,0
340906,2,1,1982,10,10,10,10,10,10,10,10,10,10
340907,1,1,1982,15,15,15,15,15,15,15,15,15,15
340907,2,1,1982,16,16,16,16,16,16,16,16,16,16
340908,0,1,1982,7,7,7,7,7,7,7,7,7,7
340908,1,1,1982,0,0,0,0,0,0,0,0,18,0
340909,0,1,1982,19,19,19,19,19,19,19,19,19,19
340909,1,1,1982,0,0,9,0,11,0,7,0,0,0
340910,1,1,1982,24,24,24,24,24,24,24,24,24,24
340912,1,1,1982,9,9,9,9,9,9,9,9,9,9
340913,1,1,1982,0,0,0,0,0,0,0,0,0,0
340914,1,1,1982,0,0,0,0,0,0,0,19,0,0
340914,2,1,1982,0,0,0,0,0,0,0,0,0,0
340915,1,1,1982,0,0,0,0,0,0,0,0,0,0
340916,1,1,1982,0,0,16,0,0,0,0,0,0,0
340916,2,1,1982,5,5,5,5,5,5,5,5,5,5
340917,1,1,1982,0,0,0,7,7,15,26,0,0,0
340917,2,1,1982,16,16,16,16,16,16,16,16,16,16
340918,1,1,1982,25,25,25,25,25,25,25,25,25,25
340919,1,1,1982,22,14,24,18,18,24,6,24,7,23
340919,2,1,1982,0,0,24,0,0,0,0,0,0,0
340920,0,1,1982,25,25,25,25,25,25,25,25,25,25
340920,1,1,1982,0,0,0,0,0,4,0,0,0,0
340921,1,1,1982,24,0,42,26,20,7,19,66,38,57
340922,1,1,1982,0,0,0,0,0,21,0,9,0,0
340922,2,1,1982,10,15,13,0,24,0,30,6,0,21
340923,0,1,1982,0,27,0,23,14,0,2,21,0,0
340923,1,1,1982,0,0,0,0,0,0,0,0,0,0
340924,1,1,1982,0,0,0,0,0,0,0,0,0,0
340924,2,1,1982,0,0,0,0,0,0,0,0,0,0
340925,0,1,1982,0,0,0,0,0,0,0,0,0,0
340925,1,1,1982,25,0,21,8,12,0,0,0,0,12
340926,1,1,1982,21,21,21,21,21,21,21,21,21,21
340927,1,1,1982,10,10,10,10,10,10,10,10,10,10
340928,1,1,1982,0,0,0,0,0,0,0,0,0,0
340928,2,1,1982,0,0,0,0,0,0,0,0,0,0
340929,0,1,1982,35,35,35,35,35,35,35,35,35,35
340929,1,1,1982,21,31,16,0,0,0,0,0,0,0
340930,1,1,1982,38,38,38,38,38,38,38,38,38,38
340931,0,1,1982,24,24,24,24,24,24,24,24,24,24
340931,1,1,1982,6,6,6,6,6,6,6,6,6,6
340932,0,1,1982,27,27,27,27,27,27,27,27,27,27
340932,1,1,1982,0,0,0,0,0,0,0,0,0,0
340933,1,1,1982,0,0,18,0,0,0,0,0,0,0
340933,2,1,1982,0,0,0,0,0,0,0,0,0,0
340934,1,1,1982,0,22,16,22,0,0,0,13,0,0
340935,1,1,1982,13,13,13,13,13,13,13,13,13,13
340936,0,1,1982,1,1,1,1,1,1,1,1,1,1
340936,1,1,1982,0,9,0,0,0,0,0,0,0,13
340937,1,1,1982,0,0,0,0,0,0,0,0,0,0
340937,2,1,1982,16,16,16,16,16,16,16,16,16,16
340938,1,1,1982,13,13,13,13,13,13,13,13,13,13
340939,0,1,1982,16,11,0,0,0,0,0,0,0,0
340939,1,1,1982,0,0,0,0,0,0,0,0,0,0
340940,1,1,1982,0,0,0,0,0,0,0,0,0,0
340940,2,1,1982,0,0,0,0,0,0,0,0,0,0
340941,1,1,1982,0,0,0,0,0,0,0,0,0,0
340941,2,1,1982,0,0,0,0,0,0,0,0,0,0
340942,0,1,1982,11,11,11,11,11,11,11,11,11,11
340942,1,1,1982,19,19,19,19,19,19,19,19,19,19
340943,1,1,1982,9,0,17,0,27,0,0,0,0,0
340944,1,1,1982,0,0,0,0,0,0,0,0,0,0
340945,1,1,1982,0,0,0,0,0,0,0,0,0,0
340945,2,1,1982,0,10,0,0,0,0,0,0,0,0
340946,1,1,1982,0,0,0,0,0,0,15,0,0,0
340946,2,1,1982,0,0,0,0,0,0,0,0,0,0
340947,1,1,1982,0,0,0,0,0,0,0,0,0,0
340947,2,1,1982,0,0,0,0,0,0,0,0,0,0
340948,1,1,1982,1,1,1,1,1,1,1,1,1,1
340949,1,1,1982,16,16,16,16,16,16,16,16,16,16
340949,2,1,1982,4,4,4,4,4,4,4,4,4,4
340950,1,1,1982,15,15,15,15,15,15,15,15,15,15
340950,2,1,1982,0,0,0,0,0,0,0,0,0,0
340951,0,1,1982,0,0,0,0,23,0,0,0,0,0
340951,1,1,1982,28,10,14,20,18,14,0,17,37,14
340952,0,1,1982,13,13,13,13,13,13,13,13,13,13
340952,1,1,1982,11,11,11,11,11,11,11,11,11,11
340953,0,1,1982,0,0,0,0,0,0,9,19,0,0
340953,0,2,1982,0,0,0,0,0,0,0,0,0,0
340953,1,1,1982,0,0,0,0,0,0,0,0,0,0
340954,0,1,1982,0,0,0,0,0,0,0,0,0,0
340954,1,1,1982,9,0,0,0,0,0,0,0,0,0
340955,0,1,1982,0,0,0,0,0,0,0,0,0,0
340955,1,1,1982,0,0,0,0,0,0,0,0,0,0
340956,1,1,1982,17,35,15,33,18,22,16,15,14,16
340957,0,1,1982,20,0,0,23,17,0,0,0,20,0
340957,1,1,1982,0,0,0,0,0,0,0,0,0,0
340958,1,1,1982,9,9,9,9,9,9,9,9,9,9
340958,2,1,1982,0,0,0,0,0,0,0,0,0,0
340959,0,1,1982,23,23,23,23,23,23,23,23,23,23
340959,1,1,1982,0,0,0,0,0,0,0,0,0,0
340960,0,1,1982,0,0,0,0,0,0,0,0,0,0
340960,1,1,1982,5,0,0,0,12,0,0,0,0,0
340961,1,1,1982,0,0,0,0,0,0,0,0,0,0
340961,2,1,1982,0,0,0,0,0,0,0,0,0,0
340962,0,1,1982,0,0,0,0,0,0,0,0,0,0
340962,1,1,1982,12,23,0,0,0,6,11,0,0,10
340963,1,1,1982,19,19,0,0,9,8,19,16,20,25
340964,0,1,1982,15,0,0,0,0,12,0,0,0,0
340964,1,1,1982,25,0,0,0,0,0,0,0,0,0
340965,1,1,1982,19,19,19,19,19,19,19,19,19,19
340966,0,1,1982,0,0,0,0,0,0,0,0,0,0
340966,1,1,1982,0,0,0,0,0,0,0,0,0,0
340967,0,1,1982,0,0,0,0,0,0,0,0,0,0
340967,1,1,1982,0,0,0,0,0,0,0,0,0,0
340968,0,1,1982,0,0,0,0,0,0,0,0,0,0
340968,1,1,1982,0,0,0,0,0,0,0,0,0,0
340969,1,1,1982,20,20,20,20,20,20,20,20,20,20
340970,1,1,1982,6,6,6,6,6,6,6,6,6,6
340971,1,1,1982,0,0,0,0,0,0,0,0,0,0
340971,2,1,1982,17,20,7,7,11,11,7,9,22,14
340972,0,1,1982,0,0,0,7,0,0,0,0,0,0
340972,1,1,1982,1,1,1,1,1,1,1,1,1,1
340973,1,1,1982,0,0,0,0,0,0,0,0,0,0
340974,1,1,1982,0,0,0,0,0,0,0,0,0,0
340975,1,1,1982,16,16,16,16,16,16,16,16,16,16
340976,1,1,1982,22,22,22,22,22,22,22,22,22,22
340976,2,1,1982,16,16,16,16,16,16,16,16,16,16
340977,0,1,1982,9,9,9,9,9,9,9,9,9,9
340977,1,1,1982,10,10,10,10,10,10,10,10,10,10
340978,0,1,1982,16,0,0,0,24,1,12,0,0,6
340978,1,1,1982,0,0,0,0,0,0,0,0,0,0
340979,1,1,1982,0,0,0,0,0,0,0,0,0,0
340979,2,1,1982,0,0,0,0,0,0,0,0,0,0
340980,1,1,1982,24,24,24,24,24,24,24,24,24,24
340981,0,1,1982,0,0,0,0,0,0,0,0,0,0
340981,1,1,1982,7,7,7,7,7,7,7,7,7,7
340982,1,1,1982,21,21,21,21,21,21,21,21,21,21
340983,1,1,1982,21,21,21,21,21,21,21,21,21,21
340984,0,1,1982,0,0,0,0,0,0,0,0,0,0
340984,1,1,1982,0,0,0,0,14,0,8,0,12,0
340985,1,1,1982,0,0,0,0,0,0,0,0,0,0
340985,2,1,1982,0,0,0,0,0,0,0,0,0,0
340986,0,1,1982,14,14,14,14,14,14,14,14,14,14
340986,1,1,1982,0,0,0,0,0,0,7,0,0,0
340987,1,1,1982,0,0,0,0,0,0,12,28,0,0
340988,1,1,1982,19,19,19,19,19,19,19,19,19,19
340989,0,1,1982,0,0,0,0,0,0,0,0,0,0
340989,0,2,1982,7,24,27,28,0,8,11,24,6,0
340989,1,1,1982,4,4,4,4,4,4,4,4,4,4
340990,1,1,1982,2,25,14,30,13,12,18,20,7,25
340991,1,1,1982,0,0,0,0,0,0,0,0,0,0
340991,2,1,1982,14,14,14,14,14,14,14,14,14,14
340992,0,1,1982,0,0,0,0,0,0,0,0,0,0
340992,1,1,1982,21,5,24,20,18,13,0,0,11,0
340993,1,1,1982,11,15,13,0,0,8,0,0,0,9
340993,2,1,1982,0,0,0,0,0,0,0,0,0,0
340994,1,1,1982,0,0,0,0,0,0,0,0,0,0
340994,2,1,1982,0,0,0,0,0,0,0,0,0,0
340995,0,1,1982,0,0,0,0,0,0,0,0,0,0
340995,1,1,1982,0,0,0,19,0,0,0,0,0,0
340996,0,1,1982,0,0,0,0,0,0,0,0,0,0
340996,1,1,1982,0,0,0,0,0,0,0,0,0,0
340997,1,1,1982,0,0,0,0,0,0,0,0,0,0
340997,2,1,1982,22,22,22,22,22,22,22,22,22,22
340998,0,1,1982,18,18,18,18,18,18,18,18,18,18
340998,1,1,1982,0,0,0,0,0,0,0,0,0,0
340999,1,1,1982,21,21,21,21,21,21,21,21,21,21
341000,1,1,1982,0,0,0,0,0,0,0,0,0,0
341000,2,1,1982,0,0,0,0,0,0,0,0,0,0
341001,1,1,1982,12,12,12,12,12,12,12,12,12,12
341002,0,1,1982,0,0,0,0,0,0,0,0,0,0
341002,1,1,1982,0,0,0,0,12,0,0,0,0,0
341003,1,1,1982,17,17,17,17,17,17,17,17,17,17
341004,1,1,1982,0,0,0,0,0,0,0,12,7,0
341004,2,1,1982,17,17,17,17,17,17,17,17,17,17
341005,0,1,1982,10,10,10,10,10,10,10,10,10,10
341005,1,1,1982,0,0,0,0,0,0,0,0,0,0
341006,0,1,1982,0,0,0,0,0,0,0,0,0,0
341006,1,1,1982,15,15,15,15,15,15,15,15,15,15
341007,1,1,1982,24,24,24,24,24,24,24,24,24,24
341008,0,1,1982,0,0,0,0,0,0,0,0,0,0
341008,0,2,1982,0,0,0,0,0,0,0,0,0,0
341008,1,1,1982,0,0,0,0,0,0,0,0,0,0
350001,0,1,1982,13,37,43,19,15,0,22,16,21,45
350002,1,1,1982,16,16,16,16,16,16,16,16,16,16
350003,0,1,1982,0,19,13,0,30,22,0,14,0,17
350003,1,1,1982,20,0,0,0,18,0,0,0,31,0
350004,1,1,1982,0,0,0,0,0,0,0,0,0,0
350004,2,1,1982,0,0,0,0,0,0,0,0,0,0
350005,1,1,1982,0,0,0,0,0,0,0,0,0,0
350005,2,1,1982,0,18,12,21,4,8,0,0,25,11
350006,0,1,1982,39,39,39,39,39,39,39,39,39,39
350006,1,1,1982,0,0,0,24,0,0,0,0,0,0
350006,2,1,1982,0,0,0,0,0,0,0,0,0,0
350007,1,1,1982,0,0,0,0,0,15,0,0,0,0
350007,2,1,1982,31,6,0,26,22,24,0,22,0,0
350008,1,1,1982,0,0,0,0,0,0,0,0,0,0
350008,2,1,1982,0,0,0,0,0,0,0,0,0,0
350009,1,1,1982,17,17,17,17,17,17,17,17,17,17
350009,2,1,1982,0,0,0,0,0,0,0,0,0,0
350010,0,1,1982,0,0,0,0,0,0,0,0,0,0
350010,1,1,1982,0,0,0,0,0,0,0,0,0,0
350011,1,1,1982,15,30,10,14,11,17,20,18,12,14
350012,1,1,1982,8,0,0,0,0,16,0,0,0,0
350013,0,1,1982,24,24,24,24,24,24,24,24,24,24
350013,1,1,1982,0,0,4,0,0,0,0,0,0,0
350014,1,1,1982,0,0,0,0,0,0,0,0,0,0
350014,2,1,1982,0,0,0,0,0,0,0,0,0,0
350015,1,1,1982,17,17,17,17,17,17,17,17,17,17
350015,2,1,1982,13,13,13,13,13,13,13,13,13,13
350016,0,1,1982,0,0,0,0,0,0,0,0,0,0
350016,1,1,1982,8,10,13,11,22,18,13,13,12,7
350017,1,1,1982,0,0,0,0,0,0,0,0,0,0
350017,2,1,1982,0,0,0,0,0,0,0,0,0,0
350018,0,1,1982,37,37,37,37,37,37,37,37,37,37
350018,1,1,1982,8,0,0,0,0,18,0,0,16,0
350018,2,1,1982,19,23,10,15,10,15,22,13,22,10
350018,3,1,1982,0,0,0,0,0,0,0,0,0,0
350019,1,1,1982,0,21,0,4,17,27,10,0,26,19
350019,2,1,1982,0,17,0,0,14,10,12,0,17,0
350020,0,1,1982,22,11,18,21,13,0,18,31,22,10
350020,1,1,1982,5,11,12,13,17,11,8,12,24,4
350021,1,1,1982,26,26,26,26,26,26,26,26,26,26
350022,0,1,1982,0,0,0,0,0,0,0,0,0,0
350022,1,1,1982,0,0,0,0,0,0,0,0,0,0
350023,0,1,1982,14,0,16,14,0,0,10,0,11,10
350023,1,1,1982,0,0,0,0,0,8,0,0,0,0
350024,1,1,1982,11,20,0,19,11,26,12,22,19,24
350025,1,1,1982,35,0,17,19,0,16,22,30,11,13
350026,0,1,1982,18,29,28,25,26,23,9,23,27,19
350026,1,1,1982,15,0,0,0,0,0,0,8,0,0
350027,1,1,1982,0,0,14,0,0,0,0,0,0,14
350027,2,1,1982,0,0,0,0,0,0,0,0,0,0
350028,1,1,1982,0,0,0,0,0,0,0,0,0,0
350028,2,1,1982,0,0,0,0,0,0,0,0,0,0
350029,0,1,1982,0,0,0,0,0,0,0,0,0,0
350029,1,1,1982,14,21,15,21,22,27,4,12,26,24
350030,1,1,1982,0,0,0,0,0,0,0,0,0,0
350030,2,1,1982,0,0,0,0,0,0,0,0,0,0
350031,1,1,1982,35,24,18,0,0,0,13,8,41,17
350031,2,1,1982,0,0,0,0,0,0,0,4,0,0
350032,1,1,1982,11,31,16,28,6,32,16,11,23,16
350033,1,1,1982,15,16,10,16,21,16,25,16,9,8
350033,2,1,1982,0,0,0,0,0,0,0,0,0,0
350034,1,1,1982,0,0,0,0,0,0,0,0,0,0
350034,2,1,1982,0,0,0,0,0,0,0,0,0,0
350035,1,1,1982,0,0,0,0,0,0,0,0,0,0
350036,1,1,1982,0,0,0,0,0,0,0,0,0,0
350037,1,1,1982,0,0,0,0,0,0,0,0,0,0
350038,1,1,1982,0,0,0,0,0,0,0,0,0,0
350039,1,1,1982,4,0,24,16,24,0,0,0,16,19
350040,1,1,1982,0,0,0,0,0,0,0,0,0,0
350041,1,1,1982,19,20,6,9,21,25,12,9,14,23
350042,1,1,1982,29,23,0,8,0,16,0,26,0,10
350043,1,1,1982,0,12,31,0,0,20,0,0,29,0
350044,1,1,1982,0,0,11,0,31,21,0,0,21,0
350045,0,1,1982,0,0,0,0,0,0,0,0,0,0
350045,1,1,1982,0,3,0,0,0,0,0,0,0,0
350046,1,1,1982,22,21,12,14,7,20,24,27,16,11
350047,1,1,1982,0,0,0,22,0,17,5,14,0,7
350048,1,1,1982,0,0,0,0,0,0,0,0,0,0
350048,2,1,1982,0,0,0,0,0,0,14,35,7,0
350049,1,1,1982,0,4,14,8,0,0,19,6,0,10
350050,1,1,1982,0,0,0,0,0,0,0,0,0,0
350050,2,1,1982,0,0,0,0,0,0,0,0,0,0
350051,1,1,1982,0,0,0,0,0,12,0,0,0,0
350051,2,1,1982,0,0,0,0,0,0,17,0,17,0
350052,0,1,1982,15,15,15,15,15,15,15,15,15,15
350052,1,1,1982,9,6,13,24,8,8,16,17,14,11
350053,1,1,1982,11,15,8,24,16,0,14,9,21,10
350054,1,1,1982,0,0,0,0,0,0,0,0,0,0
350054,2,1,1982,0,0,0,0,0,0,0,0,0,0
350055,1,1,1982,24,24,24,24,24,24,24,24,24,24
350056,0,1,1982,0,0,0,0,0,0,0,0,0,0
350056,0,2,1982,0,0,0,0,0,0,0,0,0,13
350056,1,1,1982,0,0,0,0,0,0,0,0,0,0
350056,2,1,1982,0,0,0,0,0,0,0,0,0,0
350056,3,1,1982,0,0,0,0,10,0,0,0,0,0
350057,1,1,1982,17,17,17,17,17,17,17,17,17,17
350058,1,1,1982,0,0,0,0,0,0,0,0,0,0
350059,1,1,1982,11,11,11,11,11,11,11,11,11,11
350059,2,1,1982,0,10,0,4,26,0,9,8,20,0
350061,1,1,1982,0,8,0,0,0,0,0,0,0,12
350062,1,1,1982,0,0,21,0,13,17,0,5,15,0
350063,1,1,1982,21,21,21,21,21,21,21,21,21,21
350064,1,1,1982,20,9,18,8,19,22,15,22,4,15
350065,1,1,1982,23,0,0,0,14,0,0,0,0,0
350066,1,1,1982,0,13,0,0,0,0,5,0,0,0
350067,1,1,1982,25,25,25,25,25,25,25,25,25,25
350068,1,1,1982,15,15,14,0,0,31,9,15,18,0
350068,2,1,1982,0,0,13,0,0,0,0,8,0,0
350069,1,1,1982,15,15,15,15,15,15,15,15,15,15
350069,2,1,1982,0,0,0,0,0,0,0,0,0,0
350069,3,1,1982,0,0,0,0,0,0,9,0,0,0
350070,1,1,1982,16,17,5,10,0,0,8,16,19,33
350070,2,1,1982,0,0,0,0,0,0,0,0,0,0
350070,3,1,1982,0,0,0,0,0,0,0,0,0,0
350071,1,1,1982,16,16,16,16,16,16,16,16,16,16
350072,0,1,1982,17,17,17,17,17,17,17,17,17,17
350072,1,1,1982,0,0,0,0,0,0,0,0,0,0
350073,0,1,1982,17,17,17,17,17,17,17,17,17,17
350073,1,1,1982,17,17,17,17,17,17,17,17,17,17
350074,1,1,1982,0,0,0,0,0,0,0,0,0,0
350074,2,1,1982,0,0,0,0,0,0,0,0,0,0
350075,1,1,1982,0,0,0,0,0,0,0,0,0,0
350075,2,1,1982,0,0,0,0,6,0,0,0,12,0
350076,1,1,1982,15,15,15,15,15,15,15,15,15,15
350076,2,1,1982,0,0,0,0,18,5,0,0,0,0
350077,0,1,1982,0,0,0,0,0,0,0,0,0,0
350077,1,1,1982,18,19,10,8,0,13,25,26,0,15
350078,1,1,1982,0,0,0,0,0,0,0,0,0,0
350079,1,1,1982,25,25,25,25,25,25,25,25,25,25
350080,1,1,1982,0,10,21,14,18,24,19,15,21,24
350081,1,1,1982,13,11,1,14,25,16,17,20,0,0
350082,1,1,1982,29,29,29,29,29,29,29,29,29,29
350082,2,1,1982,26,0,0,9,0,0,0,0,13,0
350083,1,1,1982,0,0,0,0,0,0,0,0,0,0
350084,1,1,1982,35,35,35,35,35,35,35,35,35,35
350085,1,1,1982,4,4,4,4,4,4,4,4,4,4
350086,1,1,1982,21,21,21,21,21,21,21,21,21,21
350087,1,1,1982,10,10,10,10,10,10,10,10,10,10
350088,1,1,1982,24,24,24,24,24,24,24,24,24,24
350089,1,1,1982,23,23,23,23,23,23,23,23,23,23
350090,1,1,1982,31,31,31,31,31,31,31,31,31,31
350090,2,1,1982,14,17,26,14,17,0,0,22,19,13
350091,1,1,1982,0,0,0,0,0,0,0,0,0,0
350091,2,1,1982,0,0,0,0,0,0,0,0,0,0
350092,1,1,1982,18,18,18,18,18,18,18,18,18,18
350093,1,1,1982,13,13,13,13,13,13,13,13,13,13
350094,1,1,1982,0,0,0,0,0,0,0,0,0,0
350094,2,1,1982,0,0,0,0,0,0,0,0,0,0
350095,0,1,1982,0,0,0,0,0,0,0,0,0,0
350095,1,1,1982,0,0,25,0,0,0,0,14,8,0
350095,2,1,1982,23,0,0,4,0,4,0,16,0,0
350096,1,1,1982,0,0,0,0,0,0,0,0,0,0
350096,2,1,1982,13,6,0,0,0,0,0,0,0,0
350096,3,1,1982,17,17,17,17,17,17,17,17,17,17
350097,1,1,1982,26,26,26,26,26,26,26,26,26,26
350098,1,1,1982,0,0,0,0,0,0,0,0,0,0
350098,2,1,1982,0,0,0,0,0,0,0,0,0,0
350099,1,1,1982,19,13,25,31,11,12,10,0,18,26
350100,1,1,1982,0,0,0,0,0,0,0,0,0,0
350101,1,1,1982,14,14,14,14,14,14,14,14,14,14
350102,1,1,1982,0,0,0,0,0,0,0,0,0,0
350103,1,1,1982,0,0,0,0,0,0,0,0,0,0
350103,2,1,1982,0,0,0,0,0,0,0,0,0,0
350104,1,1,1982,26,26,26,26,26,26,26,26,26,26
350105,0,1,1982,0,0,0,0,0,0,0,0,0,0
350105,1,1,1982,15,15,15,15,15,15,15,15,15,15
350106,0,1,1982,0,9,7,29,0,0,12,12,0,0
350106,1,1,1982,0,0,5,0,0,0,0,0,0,0
350107,1,1,1982,4,23,22,6,21,34,10,16,4,4
350107,2,1,1982,0,0,0,0,0,0,0,0,0,0
350108,1,1,1982,0,0,0,0,0,0,0,0,0,0
350108,2,1,1982,13,10,6,0,0,0,0,10,18,19
350109,1,1,1982,29,29,29,29,29,29,29,29,29,29
350110,1,1,1982,0,0,0,0,0,0,0,0,0,0
350110,2,1,1982,0,0,0,0,0,0,0,0,0,0
350111,1,1,1982,0,0,0,0,0,0,0,0,0,0
350111,2,1,1982,0,0,0,0,0,0,0,0,0,0
350111,3,1,1982,0,0,0,0,0,0,0,0,0,0
350112,0,1,1982,6,6,6,6,6,6,6,6,6,6
350112,1,1,1982,0,0,15,0,0,19,0,14,0,0
350113,1,1,1982,0,13,4,18,18,25,15,27,7,13
350113,2,1,1982,17,6,16,8,0,0,21,9,13,18
350114,1,1,1982,0,0,0,0,0,0,9,0,0,0
350114,2,1,1982,0,0,0,0,0,0,0,0,0,0
350115,0,1,1982,0,0,0,0,0,0,0,0,0,0
350115,1,1,1982,20,20,20,20,20,20,20,20,20,20
350116,0,1,1982,19,19,19,19,19,19,19,19,19,19
350116,1,1,1982,0,6,12,16,0,0,0,17,38,8
350117,1,1,1982,0,0,0,0,0,0,0,0,0,0
350117,2,1,1982,11,11,11,11,11,11,11,11,11,11
350118,1,1,1982,4,4,4,4,4,4,4,4,4,4
350119,1,1,1982,26,26,26,26,26,26,26,26,26,26
350120,1,1,1982,33,33,33,33,33,33,33,33,33,33
350121,1,1,1982,13,13,13,13,13,13,13,13,13,13
350122,1,1,1982,0,0,0,0,0,0,0,16,0,20
350122,2,1,1982,0,0,0,0,0,0,0,0,0,0
350123,1,1,1982,0,0,0,0,0,0,0,0,0,0
350124,1,1,1982,26,26,26,26,26,26,26,26,26,26
350125,1,1,1982,0,0,15,0,0,13,0,0,0,0
350125,2,1,1982,0,9,13,0,20,12,6,0,14,16
350126,1,1,1982,21,21,21,21,21,21,21,21,21,21
350127,1,1,1982,0,0,0,0,0,0,0,0,0,0
350128,1,1,1982,2,2,2,2,2,2,2,2,2,2
350129,1,1,1982,23,17,25,0,14,24,3,43,12,26
350130,1,1,1982,33,33,33,33,33,33,33,33,33,33
350131,0,1,1982,33,33,33,33,33,33,33,33,33,33
350131,1,1,1982,18,15,21,24,0,15,19,5,19,6
350133,1,1,1982,0,0,0,0,0,0,0,0,0,0
350133,2,1,1982,4,17,13,0,19,0,14,0,0,14
350134,1,1,1982,21,20,21,21,18,6,0,17,12,20
350135,1,1,1982,18,18,18,18,18,18,18,18,18,18
350136,0,1,1982,0,0,0,0,0,0,0,0,0,0
350136,1,1,1982,0,30,5,9,20,25,10,0,17,27
350137,1,1,1982,16,16,16,16,16,16,16,16,16,16
350138,1,1,1982,0,0,0,0,0,0,0,0,0,0
350139,1,1,1982,0,0,0,0,0,0,0,0,0,0
350139,2,1,1982,12,12,12,12,12,12,12,12,12,12
350140,1,1,1982,0,29,7,0,0,0,0,0,0,0
350140,2,1,1982,0,0,0,0,0,0,0,0,0,0
350141,1,1,1982,0,0,0,0,0,0,0,0,0,0
350142,1,1,1982,0,0,0,0,0,0,0,0,0,0
350142,2,1,1982,0,0,0,0,0,0,0,0,0,0
350143,1,1,1982,12,0,16,15,18,14,8,10,0,16
350143,2,1,1982,0,0,0,0,0,0,0,0,0,0
350143,3,1,1982,0,0,0,0,0,0,0,0,0,0
350144,1,1,1982,0,0,0,0,0,0,8,5,0,0
350144,2,1,1982,21,0,0,17,0,0,0,12,0,0
350145,1,1,1982,18,19,16,7,34,22,12,0,0,0
350146,1,1,1982,13,15,0,0,0,0,0,0,0,0
350147,1,1,1982,13,13,13,13,13,13,13,13,13,13
350148,0,1,1982,3,3,3,3,3,3,3,3,3,3
350148,1,1,1982,7,5,0,0,0,0,0,0,0,0
350149,1,1,1982,46,28,35,23,0,10,19,14,0,0
350150,1,1,1982,0,10,13,16,25,6,18,31,14,0
350151,1,1,1982,14,8,17,7,16,19,9,9,20,9
350152,0,1,1982,0,0,0,0,0,0,0,0,0,0
350152,1,1,1982,0,14,0,0,0,0,0,21,0,0
350153,1,1,1982,18,18,18,18,18,18,18,18,18,18
350153,2,1,1982,0,0,0,0,0,0,0,0,0,0
350154,1,1,1982,1,1,1,1,1,1,1,1,1,1
350155,0,1,1982,0,0,0,0,0,0,0,0,0,0
350155,1,1,1982,0,0,11,0,0,0,0,0,0,6
350156,1,1,1982,0,0,8,7,0,7,8,0,12,7
350156,2,1,1982,15,16,2,0,10,9,0,0,8,7
350157,1,1,1982,29,29,29,29,29,29,29,29,29,29
350158,1,1,1982,38,38,38,38,38,38,38,38,38,38
350159,1,1,1982,14,14,14,14,14,14,14,14,14,14
350160,1,1,1982,5,13,18,17,14,7,14,11,14,12
350160,2,1,1982,0,0,0,0,0,0,0,0,0,0
350161,1,1,1982,17,4,10,14,29,11,20,11,6,6
350162,0,1,1982,29,29,29,29,29,29,29,29,29,29
350162,1,1,1982,18,4,12,0,0,12,13,24,11,13
350163,1,1,1982,8,8,8,8,8,8,8,8,8,8
350164,1,1,1982,15,14,8,5,9,15,12,5,2,2
350165,1,1,1982,15,15,15,15,15,15,15,15,15,15
350166,0,1,1982,2,2,2,2,2,2,2,2,2,2
350166,1,1,1982,0,0,0,0,0,0,0,0,0,0
350167,1,1,1982,23,23,23,23,23,23,23,23,23,23
350168,1,1,1982,0,0,0,0,0,0,0,0,0,0
350169,1,1,1982,13,22,6,27,0,10,22,0,0,0
350169,2,1,1982,0,10,0,29,15,0,32,0,18,18
350169,3,1,1982,0,0,0,0,0,0,0,12,0,0
350169,4,1,1982,0,0,0,0,0,0,0,0,0,0
350170,1,1,1982,0,0,0,0,10,0,0,0,0,0
350171,1,1,1982,0,0,0,0,0,0,0,0,12,0
350171,2,1,1982,0,0,0,0,0,0,0,0,8,0
350172,1,1,1982,0,0,0,0,0,0,0,0,0,0
350172,2,1,1982,0,0,0,0,0,0,0,0,0,0
350173,1,1,1982,0,0,0,0,0,0,0,0,0,0
350174,0,1,1982,21,21,21,21,21,21,21,21,21,21
350174,1,1,1982,0,0,0,0,0,0,0,0,0,0
350174,2,1,1982,0,0,0,0,2,4,0,0,0,0
350175,1,1,1982,0,0,0,0,0,0,0,0,0,0
350176,1,1,1982,0,0,0,0,0,0,0,11,12,8
350176,2,1,1982,23,23,23,23,23,23,23,23,23,23
350177,1,1,1982,22,22,22,22,22,22,22,22,22,22
350178,1,1,1982,22,22,22,22,22,22,22,22,22,22
350179,1,1,1982,20,20,20,20,20,20,20,20,20,20
350180,1,1,1982,11,11,11,11,11,11,11,11,11,11
350181,1,1,1982,0,0,0,0,0,0,0,0,0,0
350181,2,1,1982,0,0,0,0,0,0,0,0,0,0