ST_CASE,VEH_NO,PER_NO,YEAR,P1,P2,P3,P4,P5,P6,P7,P8,P9,P10
350181,3,1,1982,0,0,0,0,0,0,0,0,0,0
350182,1,1,1982,18,18,18,18,18,18,18,18,18,18
350183,1,1,1982,0,6,10,9,0,11,11,13,13,7
350184,1,1,1982,0,0,0,0,0,0,0,0,0,0
350184,2,1,1982,9,20,22,0,15,21,11,25,22,20
350185,0,1,1982,0,0,0,0,0,0,0,0,0,0
350185,1,1,1982,7,18,7,22,27,18,13,5,7,10
350186,1,1,1982,24,24,24,24,24,24,24,24,24,24
350187,0,1,1982,0,0,0,0,0,0,0,0,0,0
350187,1,1,1982,16,0,0,0,0,0,0,0,0,0
350188,1,1,1982,18,12,12,32,10,15,28,4,20,28
350188,2,1,1982,0,0,0,0,0,0,0,0,0,0
350189,0,1,1982,0,0,0,0,0,0,0,0,0,0
350189,1,1,1982,0,0,0,11,0,0,0,0,0,0
350190,1,1,1982,0,0,0,0,0,0,0,0,0,0
350190,2,1,1982,10,10,10,10,10,10,10,10,10,10
350190,3,1,1982,26,26,26,26,26,26,26,26,26,26
350191,0,1,1982,23,23,23,23,23,23,23,23,23,23
350191,1,1,1982,0,0,21,0,0,11,0,11,0,0
350192,1,1,1982,9,9,9,9,9,9,9,9,9,9
350193,1,1,1982,16,0,23,10,8,15,0,7,15,14
350194,1,1,1982,3,3,3,3,3,3,3,3,3,3
350195,1,1,1982,1,1,1,1,1,1,1,1,1,1
350196,1,1,1982,0,23,0,0,0,0,5,0,0,0
350196,2,1,1982,9,9,9,9,9,9,9,9,9,9
350197,0,1,1982,24,24,24,24,24,24,24,24,24,24
350197,1,1,1982,0,0,0,0,19,0,0,0,0,0
350198,0,1,1982,0,0,0,0,0,0,0,0,0,0
350198,1,1,1982,0,0,0,0,0,23,0,8,39,0
350200,1,1,1982,0,0,0,0,0,10,0,0,0,0
350200,2,1,1982,0,0,0,0,0,0,0,0,0,0
350201,1,1,1982,21,21,21,21,21,21,21,21,21,21
350202,1,1,1982,12,12,12,12,12,12,12,12,12,12
350203,0,1,1982,0,0,0,0,0,0,0,0,0,0
350203,1,1,1982,0,0,0,0,0,0,0,0,0,0
350204,1,1,1982,0,0,0,0,0,0,0,0,0,0
350204,2,1,1982,10,11,13,16,9,13,24,24,16,23
350205,1,1,1982,20,20,20,20,20,20,20,20,20,20
350205,2,1,1982,0,0,12,0,0,0,0,0,0,0
350206,1,1,1982,0,0,0,0,0,0,0,0,0,0
350206,2,1,1982,0,0,0,0,0,0,0,0,0,0
350207,1,1,1982,8,25,41,18,16,28,17,10,8,24
350207,2,1,1982,0,0,0,0,0,0,0,0,0,0
350208,1,1,1982,22,22,22,22,22,22,22,22,22,22
350209,1,1,1982,0,0,0,0,0,0,0,0,0,0
350210,1,1,1982,0,0,0,0,0,0,0,0,0,0
350211,1,1,1982,0,0,0,0,0,0,0,0,0,0
350212,0,1,1982,0,0,0,0,0,0,0,0,0,0
350212,1,1,1982,2,22,2,21,0,9,8,0,13,0
350213,1,1,1982,10,13,31,22,26,6,20,11,4,19
350213,2,1,1982,13,13,13,13,13,13,13,13,13,13
350214,1,1,1982,19,19,19,19,19,19,19,19,19,19
350214,2,1,1982,3,22,8,21,16,21,14,22,7,20
350215,1,1,1982,13,0,4,0,8,0,0,5,0,10
350215,2,1,1982,0,0,0,0,2,0,0,0,0,0
350216,0,1,1982,0,0,0,0,0,0,0,0,0,0
350216,1,1,1982,0,0,0,0,0,0,0,0,0,0
350217,1,1,1982,19,19,19,19,19,19,19,19,19,19
350218,1,1,1982,12,12,12,12,12,12,12,12,12,12
350219,1,1,1982,18,14,22,0,17,3,11,0,12,6
350220,1,1,1982,12,11,21,23,11,22,22,3,8,9
350221,1,1,1982,0,0,0,0,0,0,0,0,0,0
350222,1,1,1982,0,0,0,0,0,0,0,0,7,10
350223,1,1,1982,22,22,22,22,22,22,22,22,22,22
350224,1,1,1982,11,11,11,11,11,11,11,11,11,11
350225,1,1,1982,0,0,0,24,9,19,21,6,21,5
350225,2,1,1982,0,0,0,0,0,0,0,0,0,0
350226,1,1,1982,23,23,23,23,23,23,23,23,23,23
350226,2,1,1982,16,11,0,0,0,0,0,0,13,0
350227,0,1,1982,43,43,43,43,43,43,43,43,43,43
350227,1,1,1982,0,0,0,0,0,0,0,0,0,0
350228,1,1,1982,19,19,19,19,19,19,19,19,19,19
350229,1,1,1982,0,0,0,0,6,0,19,0,0,0
350230,1,1,1982,0,0,0,0,0,0,0,0,0,0
350231,0,1,1982,2,2,2,2,2,2,2,2,2,2
350231,1,1,1982,2,0,0,0,0,0,3,0,0,0
350232,1,1,1982,8,8,8,8,8,8,8,8,8,8
350233,1,1,1982,18,18,18,18,18,18,18,18,18,18
350233,2,1,1982,0,0,0,0,0,0,0,0,0,0
350234,1,1,1982,0,12,0,0,0,0,0,0,33,0
350235,1,1,1982,28,28,28,28,28,28,28,28,28,28
350236,1,1,1982,0,0,0,0,0,0,0,0,0,0
350236,2,1,1982,0,0,0,0,0,0,12,0,0,0
350237,0,1,1982,0,0,0,0,0,0,0,0,0,0
350237,1,1,1982,20,11,10,17,12,10,27,18,17,9
350238,1,1,1982,21,21,21,21,21,21,21,21,21,21
350239,1,1,1982,0,0,0,0,0,0,0,0,0,0
350240,1,1,1982,0,0,0,0,0,0,0,0,0,0
350240,2,1,1982,0,0,0,0,0,0,0,0,0,0
350241,1,1,1982,0,0,11,0,0,0,0,0,0,0
350241,2,1,1982,2,2,2,2,2,2,2,2,2,2
350242,1,1,1982,0,0,31,18,33,0,11,0,0,22
350243,1,1,1982,19,19,19,19,19,19,19,19,19,19
350243,2,1,1982,13,13,13,13,13,13,13,13,13,13
350244,1,1,1982,5,3,33,22,10,26,11,1,4,7
350244,2,1,1982,13,13,13,13,13,13,13,13,13,13
350245,1,1,1982,24,24,24,24,24,24,24,24,24,24
350246,1,1,1982,0,0,0,0,0,0,0,0,0,0
350246,2,1,1982,0,0,0,0,0,0,0,0,0,0
350247,1,1,1982,0,0,0,0,0,0,0,21,0,0
350247,2,1,1982,22,22,22,22,22,22,22,22,22,22
350248,0,1,1982,0,0,0,0,0,0,0,0,0,0
350248,1,1,1982,0,19,20,0,18,0,3,8,0,14
350249,1,1,1982,0,0,0,0,0,0,21,0,0,0
350249,2,1,1982,8,8,8,8,8,8,8,8,8,8
350250,1,1,1982,9,9,9,9,9,9,9,9,9,9
350250,2,1,1982,0,0,0,0,0,0,0,0,0,0
350251,1,1,1982,0,0,0,0,0,0,0,0,0,0
350252,0,1,1982,51,51,51,51,51,51,51,51,51,51
350252,1,1,1982,0,0,0,7,0,0,0,0,0,0
350253,1,1,1982,28,28,28,28,28,28,28,28,28,28
350253,2,1,1982,0,0,14,0,17,0,0,10,0,0
350254,1,1,1982,8,0,30,0,0,0,0,0,0,0
350254,2,1,1982,32,14,19,17,18,0,14,19,33,25
350255,0,1,1982,17,17,17,17,17,17,17,17,17,17
350255,1,1,1982,14,14,14,24,15,6,14,4,16,23
350256,1,1,1982,33,33,33,33,33,33,33,33,33,33
350257,0,1,1982,23,23,23,23,23,23,23,23,23,23
350257,1,1,1982,0,12,0,0,0,0,0,0,0,0
350258,0,1,1982,23,23,23,23,23,23,23,23,23,23
350258,1,1,1982,32,0,27,16,13,34,0,2,14,10
350259,1,1,1982,17,27,11,17,12,6,21,10,12,10
350259,2,1,1982,8,34,7,8,0,10,21,15,7,16
350260,0,1,1982,22,22,22,22,22,22,22,22,22,22
350260,1,1,1982,19,0,0,0,0,0,0,0,0,0
350261,1,1,1982,0,0,0,0,0,0,0,0,0,0
350261,2,1,1982,0,0,0,0,0,0,0,0,0,0
350262,1,1,1982,0,0,0,0,0,12,0,0,6,0
350262,2,1,1982,0,0,0,0,0,0,0,17,0,0
350263,1,1,1982,0,0,0,0,0,0,0,0,0,0
350263,2,1,1982,0,0,0,0,0,0,0,0,0,0
350264,1,1,1982,0,0,0,0,0,0,0,0,0,0
350264,2,1,1982,0,0,0,0,0,0,0,0,0,0
350265,1,1,1982,0,0,0,0,0,0,0,0,0,0
350265,2,1,1982,0,0,0,0,8,0,0,0,0,0
350266,0,1,1982,0,0,0,0,0,0,0,0,0,0
350266,0,2,1982,0,0,0,0,0,0,0,0,0,0
350266,0,3,1982,0,0,29,31,7,0,7,15,0,25
350266,1,1,1982,0,0,11,0,0,0,0,0,0,0
350267,1,1,1982,0,8,0,10,0,11,0,12,0,0
350268,1,1,1982,11,11,11,11,11,11,11,11,11,11
350269,1,1,1982,14,14,14,14,14,14,14,14,14,14
350270,1,1,1982,11,11,11,11,11,11,11,11,11,11
350271,1,1,1982,0,0,0,0,0,0,0,0,0,11
350272,1,1,1982,18,18,18,18,18,18,18,18,18,18
350273,1,1,1982,31,23,24,12,7,18,23,4,13,22
350273,2,1,1982,16,16,16,16,16,16,16,16,16,16
350274,1,1,1982,26,26,26,26,26,26,26,26,26,26
350275,1,1,1982,0,0,0,0,0,0,0,0,0,0
350276,1,1,1982,0,0,0,0,13,0,0,0,0,35
350276,2,1,1982,0,0,0,0,0,0,0,0,26,0
350277,1,1,1982,0,0,0,0,0,15,0,0,20,0
350277,2,1,1982,0,0,0,0,0,0,0,0,0,0
350278,1,1,1982,2,2,2,2,2,2,2,2,2,2
350278,2,1,1982,0,0,0,0,0,0,0,0,0,0
350278,3,1,1982,0,0,0,0,0,0,0,0,0,0
350279,1,1,1982,25,25,25,25,25,25,25,25,25,25
350280,1,1,1982,0,0,0,0,0,0,0,0,0,0
350280,2,1,1982,0,0,0,0,0,0,0,0,0,0
350281,1,1,1982,0,0,0,0,0,0,0,0,0,0
350281,2,1,1982,0,0,0,0,0,0,0,0,0,0
350282,0,1,1982,0,0,0,0,0,0,0,0,0,0
350282,1,1,1982,0,0,0,0,0,0,0,0,0,0
350283,1,1,1982,1,1,1,1,1,1,1,1,1,1
350283,2,1,1982,16,5,21,0,0,0,0,0,0,0
350284,0,1,1982,0,0,0,0,0,0,0,0,0,0
350284,1,1,1982,0,0,0,0,0,0,0,0,0,0
350285,1,1,1982,3,0,0,0,0,0,6,0,16,0
350285,2,1,1982,0,0,0,0,0,0,0,0,0,0
350286,1,1,1982,12,12,12,12,12,12,12,12,12,12
350287,0,1,1982,27,27,27,27,27,27,27,27,27,27
350287,1,1,1982,0,0,0,5,0,0,0,0,0,0
350288,1,1,1982,0,0,0,0,0,10,29,0,0,0
350289,1,1,1982,0,0,0,0,0,0,0,0,0,0
350289,2,1,1982,0,0,11,0,0,0,0,0,0,0
350289,3,1,1982,0,0,0,0,0,0,0,0,0,0
350290,1,1,1982,1,1,1,1,1,1,1,1,1,1
350290,2,1,1982,10,0,11,0,0,16,20,14,5,20
350291,1,1,1982,23,18,13,24,7,16,0,18,8,20
350292,0,1,1982,15,15,15,15,15,15,15,15,15,15
350292,1,1,1982,0,0,0,0,0,0,0,0,0,0
350293,0,1,1982,18,18,18,18,18,18,18,18,18,18
350293,1,1,1982,11,11,11,11,11,11,11,11,11,11
350294,1,1,1982,3,3,3,3,3,3,3,3,3,3
350295,0,1,1982,18,0,15,15,37,16,27,36,0,43
350295,0,2,1982,7,14,36,0,2,20,12,26,16,33
350295,0,3,1982,17,17,17,17,17,17,17,17,17,17
350295,1,1,1982,0,0,9,0,0,0,13,0,19,0
350295,2,1,1982,0,0,0,17,0,0,0,0,9,0
350296,0,1,1982,43,43,43,43,43,43,43,43,43,43
350296,1,1,1982,0,0,0,7,0,5,0,0,0,7
350297,1,1,1982,0,21,5,2,11,14,0,28,18,8
350298,1,1,1982,31,31,31,31,31,31,31,31,31,31
350299,1,1,1982,0,6,6,10,0,18,27,7,18,3
350300,1,1,1982,8,20,14,17,22,12,22,18,25,19
350301,0,1,1982,29,29,29,29,29,29,29,29,29,29
350301,1,1,1982,19,0,6,34,0,0,0,0,0,0
350302,1,1,1982,38,5,11,32,0,0,0,14,0,0
350303,0,1,1982,0,0,0,0,0,0,0,0,0,0
350303,1,1,1982,0,0,0,0,0,0,0,0,0,11
350304,1,1,1982,14,14,14,14,14,14,14,14,14,14
350305,1,1,1982,4,8,14,20,17,20,11,7,11,28
350305,2,1,1982,0,0,0,0,0,0,0,0,0,0
350306,1,1,1982,0,22,0,5,0,0,12,0,0,0
350307,1,1,1982,10,0,0,0,0,0,0,0,0,0
350308,1,1,1982,0,0,0,0,0,0,0,0,0,0
350308,2,1,1982,23,23,23,23,23,23,23,23,23,23
350309,1,1,1982,0,16,0,19,7,12,11,6,20,7
350309,2,1,1982,5,5,5,5,5,5,5,5,5,5
350310,1,1,1982,17,17,17,17,17,17,17,17,17,17
350311,1,1,1982,0,0,0,0,0,0,0,0,0,0
350311,2,1,1982,0,0,0,0,0,0,0,0,0,0
350312,1,1,1982,18,18,18,18,18,18,18,18,18,18
350313,1,1,1982,26,21,22,12,17,22,2,4,19,0
350313,2,1,1982,6,8,22,9,12,7,25,35,19,27
350314,1,1,1982,22,22,22,22,22,22,22,22,22,22
350315,1,1,1982,24,17,9,13,12,9,8,16,14,12
350315,2,1,1982,16,22,9,19,15,12,17,13,19,26
350316,1,1,1982,30,30,30,30,30,30,30,30,30,30
350317,0,1,1982,22,22,22,22,22,22,22,22,22,22
350317,1,1,1982,0,0,0,0,0,0,0,0,0,0
350318,1,1,1982,0,0,18,0,0,0,0,0,0,0
350318,2,1,1982,0,0,0,0,0,0,0,0,0,0
350319,1,1,1982,0,0,0,0,0,0,0,0,0,0
350319,2,1,1982,0,0,0,0,0,0,0,0,0,0
350320,1,1,1982,12,0,0,46,0,9,0,0,0,0
350321,1,1,1982,18,18,18,18,18,18,18,18,18,18
350322,1,1,1982,16,16,16,16,16,16,16,16,16,16
350323,0,1,1982,0,0,0,0,0,0,0,0,0,0
350323,1,1,1982,0,0,0,0,0,0,0,0,0,0
350324,1,1,1982,1,1,1,1,1,1,1,1,1,1
350325,1,1,1982,0,0,0,0,0,0,0,0,0,0
350325,2,1,1982,0,0,0,0,0,0,0,0,0,0
350326,1,1,1982,0,0,0,0,0,0,0,0,0,0
350327,1,1,1982,0,0,0,0,0,0,0,0,0,0
350328,1,1,1982,0,0,0,0,0,0,0,0,0,0
350328,2,1,1982,0,0,0,0,0,0,0,0,0,0
350329,0,1,1982,0,0,0,0,0,0,0,0,0,0
350329,1,1,1982,0,0,0,0,0,0,0,0,0,0
350330,1,1,1982,0,0,0,0,0,0,0,0,0,0
350331,1,1,1982,0,0,0,0,0,0,0,0,0,0
350331,2,1,1982,0,0,0,0,0,0,0,0,0,0
350332,1,1,1982,18,10,14,14,17,18,0,8,16,34
350332,2,1,1982,14,13,4,5,12,10,14,14,10,13
350333,1,1,1982,0,0,0,0,0,0,0,0,0,0
350334,1,1,1982,11,11,11,11,11,11,11,11,11,11
350334,2,1,1982,0,0,0,0,0,0,0,0,0,12
350335,1,1,1982,3,3,3,3,3,3,3,3,3,3
350336,1,1,1982,21,21,21,21,21,21,21,21,21,21
350337,0,1,1982,22,22,22,22,22,22,22,22,22,22
350337,1,1,1982,0,0,0,0,0,0,0,0,0,0
350338,0,1,1982,22,0,12,24,35,18,13,13,14,14
350338,1,1,1982,0,0,0,0,0,0,0,0,0,0
350339,1,1,1982,19,3,41,21,16,0,9,21,0,10
350341,1,1,1982,14,0,8,0,18,0,11,0,29,0
350342,1,1,1982,0,0,16,0,2,0,0,16,0,0
350343,1,1,1982,28,28,28,28,28,28,28,28,28,28
350344,1,1,1982,6,20,18,23,17,12,12,23,7,20
350345,1,1,1982,19,19,19,19,19,19,19,19,19,19
350346,1,1,1982,0,0,0,0,0,0,0,0,0,0
350347,1,1,1982,0,0,0,0,0,0,0,0,0,0
350348,1,1,1982,0,0,0,0,0,0,0,0,0,0
350349,1,1,1982,0,0,0,0,0,0,0,0,0,0
350349,2,1,1982,0,0,0,0,0,0,0,0,0,0
350350,1,1,1982,0,0,0,0,0,0,0,0,0,0
350350,2,1,1982,0,0,0,0,0,0,0,0,0,0
350351,1,1,1982,0,0,0,0,0,0,0,0,0,0
350351,2,1,1982,0,0,0,0,0,0,0,0,0,0
350352,0,1,1982,0,0,0,0,0,0,0,0,0,0
350352,1,1,1982,0,0,0,0,0,0,0,0,0,0
350353,1,1,1982,0,0,0,0,0,0,0,0,0,0
350353,2,1,1982,0,0,5,0,0,0,0,0,0,0
350354,1,1,1982,0,0,0,18,0,0,0,0,0,0
350354,2,1,1982,0,0,0,0,0,0,0,0,0,0
350355,1,1,1982,0,0,0,0,7,0,0,0,0,0
350355,2,1,1982,6,6,6,6,6,6,6,6,6,6
350356,1,1,1982,0,0,0,0,0,0,0,0,0,0
350356,2,1,1982,23,14,20,9,7,15,25,10,21,23
350357,0,1,1982,0,0,0,0,0,0,0,0,0,0
350357,2,1,1982,0,0,0,0,0,0,0,0,0,0
350359,1,1,1982,14,14,14,14,14,14,14,14,14,14
350360,1,1,1982,0,0,0,0,0,0,0,0,0,0
350360,2,1,1982,22,9,12,18,16,14,16,29,0,20
350361,1,1,1982,8,8,8,8,8,8,8,8,8,8
350362,0,1,1982,16,16,16,16,16,16,16,16,16,16
350362,1,1,1982,0,0,0,0,0,0,0,0,0,0
350364,1,1,1982,10,20,9,13,4,10,8,10,4,20
350365,0,1,1982,5,5,5,5,5,5,5,5,5,5
350365,1,1,1982,0,0,0,0,0,0,0,0,0,0
350366,1,1,1982,20,0,23,0,0,0,0,0,0,0
350366,2,1,1982,21,21,21,21,21,21,21,21,21,21
350367,1,1,1982,10,17,42,25,25,11,30,32,17,17
350368,1,1,1982,14,14,14,14,14,14,14,14,14,14
350370,0,1,1982,15,15,15,15,15,15,15,15,15,15
350370,1,1,1982,0,0,0,0,0,0,0,5,0,0
350371,1,1,1982,20,20,20,20,20,20,20,20,20,20
350372,1,1,1982,0,0,0,0,0,0,0,0,0,0
350373,1,1,1982,0,0,0,0,0,0,0,0,0,0
350374,1,1,1982,0,0,0,0,0,0,0,0,0,11
350374,2,1,1982,19,19,19,19,19,19,19,19,19,19
350375,1,1,1982,22,22,22,22,22,22,22,22,22,22
350376,1,1,1982,0,23,15,13,0,17,6,0,31,23
350377,1,1,1982,23,23,23,23,23,23,23,23,23,23
350378,1,1,1982,5,3,28,0,16,9,8,6,11,5
350379,0,1,1982,22,22,22,22,22,22,22,22,22,22
350379,1,1,1982,0,0,0,0,0,0,0,0,0,0
350380,1,1,1982,19,0,8,0,0,0,23,0,0,0
350380,2,1,1982,0,21,9,6,22,0,7,0,11,7
350381,1,1,1982,22,22,22,22,22,22,22,22,22,22
350382,1,1,1982,0,0,0,19,0,0,0,24,11,0
350383,1,1,1982,0,0,0,0,0,0,0,0,0,0
350384,1,1,1982,0,0,0,0,0,0,0,0,0,0
350384,2,1,1982,0,0,0,0,0,0,0,0,0,0
350385,1,1,1982,15,15,15,15,15,15,15,15,15,15
350386,0,1,1982,24,24,24,24,24,24,24,24,24,24
350386,1,1,1982,0,0,0,0,0,0,0,0,0,0
350387,1,1,1982,11,11,11,11,11,11,11,11,11,11
350387,2,1,1982,0,0,0,0,0,0,0,0,0,0
350389,1,1,1982,7,7,7,7,7,7,7,7,7,7
350390,1,1,1982,25,25,25,25,25,25,25,25,25,25
350391,0,1,1982,0,0,0,0,0,0,0,0,0,0
350391,1,1,1982,9,9,15,22,17,3,14,38,8,3
350392,1,1,1982,12,12,12,12,12,12,12,12,12,12
350393,1,1,1982,28,28,28,28,28,28,28,28,28,28
350393,2,1,1982,0,0,0,0,0,0,0,0,0,0
350394,1,1,1982,15,15,15,15,15,15,15,15,15,15
350395,1,1,1982,30,30,30,30,30,30,30,30,30,30
350395,2,1,1982,0,0,0,0,12,0,0,0,0,0
350397,1,1,1982,10,10,10,10,10,10,10,10,10,10
350397,2,1,1982,13,13,13,13,13,13,13,13,13,13
350398,1,1,1982,0,0,0,0,20,14,0,10,22,14
350399,1,1,1982,0,0,0,0,0,0,0,0,0,0
350400,1,1,1982,12,12,12,12,12,12,12,12,12,12
350401,0,1,1982,15,15,15,15,15,15,15,15,15,15
350401,1,1,1982,21,19,13,31,16,10,14,30,14,29
350402,1,1,1982,0,0,0,0,0,0,0,0,0,0
350402,2,1,1982,30,10,16,16,7,0,11,25,20,11
350403,1,1,1982,0,0,0,0,0,0,0,0,0,0
350404,1,1,1982,22,22,22,22,22,22,22,22,22,22
350405,1,1,1982,0,0,0,0,0,0,0,0,0,0
350406,1,1,1982,0,0,0,0,0,0,0,0,0,0
350407,1,1,1982,0,0,0,0,0,0,0,0,0,0
350408,1,1,1982,0,0,0,0,0,0,0,0,14,0
350408,2,1,1982,0,0,0,0,0,0,4,0,0,0
350408,3,1,1982,0,0,32,0,0,0,0,0,0,0
350409,1,1,1982,0,0,0,0,0,0,0,0,0,0
350409,2,1,1982,0,0,0,0,0,0,0,0,0,0
350410,1,1,1982,0,0,0,0,0,0,0,0,0,0
350410,2,1,1982,0,0,0,0,0,0,0,0,0,0
350411,1,1,1982,14,17,24,7,29,27,7,18,19,20
350412,1,1,1982,0,0,0,0,0,0,0,0,0,0
350413,1,1,1982,13,13,13,13,13,13,13,13,13,13
350413,2,1,1982,0,0,0,0,0,0,16,0,16,0
350414,0,1,1982,35,35,35,35,35,35,35,35,35,35
350414,1,1,1982,0,0,0,0,0,0,0,0,0,0
350415,1,1,1982,23,11,31,9,28,11,19,35,9,18
350416,1,1,1982,10,21,17,37,22,11,31,8,14,27
350417,1,1,1982,9,0,21,0,0,18,0,0,0,0
350417,2,1,1982,0,0,0,0,0,0,0,0,0,0
350419,1,1,1982,15,15,15,15,15,15,15,15,15,15
350420,1,1,1982,15,15,15,15,15,15,15,15,15,15
350421,0,1,1982,14,3,6,23,15,24,25,0,13,7
350421,1,1,1982,0,0,0,0,0,11,0,0,0,0
350422,1,1,1982,0,0,0,0,0,0,0,0,0,0
350422,2,1,1982,0,0,0,0,0,0,0,0,0,0
350423,1,1,1982,0,12,0,0,0,6,0,0,0,0
350424,1,1,1982,0,0,0,0,0,0,0,0,0,0
350424,2,1,1982,2,2,2,2,2,2,2,2,2,2
350425,0,1,1982,24,24,24,24,24,24,24,24,24,24
350425,1,1,1982,14,24,0,13,0,0,0,0,0,0
350426,1,1,1982,0,0,0,0,0,0,0,0,0,0
350427,1,1,1982,26,26,26,26,26,26,26,26,26,26
350428,1,1,1982,9,9,9,9,9,9,9,9,9,9
350429,0,1,1982,0,0,0,0,0,0,0,0,0,0
350429,1,1,1982,0,0,0,0,0,0,0,0,0,0
350430,1,1,1982,7,7,7,7,7,7,7,7,7,7
350431,1,1,1982,0,0,0,0,0,0,0,0,0,0
350431,2,1,1982,0,0,0,0,0,0,0,0,0,0
350432,1,1,1982,14,16,14,16,0,19,14,18,11,18
350433,0,1,1982,21,21,21,21,21,21,21,21,21,21
350433,1,1,1982,0,0,0,0,0,0,0,0,0,0
350434,1,1,1982,0,0,0,0,0,0,0,0,0,0
350435,1,1,1982,0,0,0,0,0,0,0,0,0,0
350435,2,1,1982,0,0,0,0,0,0,0,0,0,0
350436,1,1,1982,0,0,0,0,0,0,0,0,0,0
350437,0,1,1982,24,24,24,24,24,24,24,24,24,24
350437,1,1,1982,0,0,0,0,0,0,0,0,0,0
350438,1,1,1982,2,2,2,2,2,2,2,2,2,2
350439,1,1,1982,13,15,15,6,19,6,16,17,11,4
350440,1,1,1982,21,21,21,21,21,21,21,21,21,21
350441,1,1,1982,18,38,19,31,41,15,33,20,19,33
350442,1,1,1982,20,20,20,20,20,20,20,20,20,20
350443,1,1,1982,0,0,0,0,0,0,0,0,0,0
350443,2,1,1982,0,0,0,0,0,0,0,0,0,0
350444,1,1,1982,12,12,12,12,12,12,12,12,12,12
350444,2,1,1982,0,8,0,0,0,0,0,0,0,0
350445,1,1,1982,13,13,13,13,13,13,13,13,13,13
350446,1,1,1982,0,0,0,0,0,0,0,0,0,0
350446,2,1,1982,27,27,27,27,27,27,27,27,27,27
350447,1,1,1982,2,2,2,2,2,2,2,2,2,2
350448,1,1,1982,28,28,28,28,28,28,28,28,28,28
350448,2,1,1982,0,0,0,0,0,0,0,0,0,0
350449,1,1,1982,12,6,0,0,15,0,0,9,0,17
350450,0,1,1982,3,0,27,0,14,18,11,0,0,13
350450,0,2,1982,0,0,0,0,0,0,0,0,0,0
350450,0,3,1982,0,11,9,0,0,0,15,21,0,15
350450,0,4,1982,0,0,0,0,0,0,0,0,0,0
350450,1,1,1982,0,0,0,0,0,0,0,0,0,0
350451,1,1,1982,1,1,1,1,1,1,1,1,1,1
350452,0,1,1982,35,35,35,35,35,35,35,35,35,35
350452,1,1,1982,0,0,0,0,0,0,0,0,0,0
350453,1,1,1982,0,0,0,0,0,0,0,0,0,0
350454,1,1,1982,22,22,22,22,22,22,22,22,22,22
350455,1,1,1982,0,0,0,0,0,0,0,0,14,0
350455,2,1,1982,0,0,0,0,0,0,0,0,0,0
350456,0,1,1982,5,5,5,5,5,5,5,5,5,5
350456,1,1,1982,0,6,16,12,11,3,18,23,8,22
350457,0,1,1982,15,10,24,23,8,0,22,6,23,11
350457,1,1,1982,0,0,0,0,0,0,0,0,0,0
350458,1,1,1982,11,11,11,11,11,11,11,11,11,11
350459,0,1,1982,0,0,0,0,0,0,0,0,0,0
350459,1,1,1982,0,0,0,0,27,0,0,0,0,0
350460,1,1,1982,0,0,22,19,26,5,32,12,36,11
350461,0,1,1982,10,10,10,10,10,10,10,10,10,10
350461,1,1,1982,0,0,0,0,0,0,0,0,0,0
350462,1,1,1982,12,12,12,12,12,12,12,12,12,12
350463,0,1,1982,1,1,1,1,1,1,1,1,1,1
350463,1,1,1982,0,0,0,0,0,0,0,0,0,0
350464,0,1,1982,0,0,0,0,0,0,0,0,0,0
350464,1,1,1982,0,0,0,0,0,0,0,0,0,0
350465,1,1,1982,0,0,0,0,0,0,0,0,0,0
350466,1,1,1982,0,0,0,0,0,12,0,0,0,0
350466,2,1,1982,17,17,17,17,17,17,17,17,17,17
350467,1,1,1982,0,0,21,9,9,0,0,0,0,0
350468,1,1,1982,0,0,0,0,0,0,0,0,0,0
350468,2,1,1982,0,0,0,0,0,0,0,0,0,0
350469,0,1,1982,34,34,34,34,34,34,34,34,34,34
350469,1,1,1982,0,0,14,0,11,0,0,0,33,9
350470,1,1,1982,0,0,0,0,0,0,0,0,0,0
350471,1,1,1982,0,0,0,0,0,0,0,0,0,0
350471,2,1,1982,0,0,0,0,0,0,0,0,0,0
350472,1,1,1982,2,0,13,7,17,12,29,16,16,14
350473,1,1,1982,3,0,0,0,0,0,0,0,0,0
350473,2,1,1982,0,9,0,0,0,0,0,0,0,0
350474,0,1,1982,11,11,11,11,11,11,11,11,11,11
350474,1,1,1982,0,0,0,0,0,0,0,0,0,0
350475,1,1,1982,15,32,22,9,13,5,13,25,16,12
350475,2,1,1982,0,0,0,0,0,0,0,0,0,0
350476,1,1,1982,0,0,0,0,0,0,0,0,0,0
350477,1,1,1982,9,9,9,9,9,9,9,9,9,9
350477,2,1,1982,0,0,0,0,0,0,0,0,0,0
350478,0,1,1982,36,36,36,36,36,36,36,36,36,36
350478,1,1,1982,0,0,9,16,0,0,0,20,0,0
350479,1,1,1982,0,10,0,0,0,0,0,0,0,0
350479,2,1,1982,26,26,26,26,26,26,26,26,26,26
350480,0,1,1982,0,0,0,0,0,0,0,0,0,0
350480,1,1,1982,24,24,24,24,24,24,24,24,24,24
350481,1,1,1982,25,25,25,25,25,25,25,25,25,25
350481,2,1,1982,0,0,0,20,0,0,0,0,0,0