ST_CASE,VEH_NO,PER_NO,YEAR,P1,P2,P3,P4,P5,P6,P7,P8,P9,P10
350481,3,1,1982,0,0,0,0,0,0,0,0,0,0
350482,0,1,1982,36,36,36,36,36,36,36,36,36,36
350482,1,1,1982,0,0,0,0,0,0,0,18,0,0
350483,0,1,1982,0,22,0,22,21,0,9,10,15,15
350483,1,1,1982,0,0,0,0,0,0,0,0,0,0
350484,0,1,1982,0,0,0,0,0,0,0,0,0,0
350484,0,2,1982,0,0,0,0,0,0,0,0,0,0
350484,0,3,1982,0,0,0,0,0,0,0,0,0,0
350484,1,1,1982,0,0,0,0,5,0,0,0,18,0
350485,0,1,1982,22,22,22,22,22,22,22,22,22,22
350485,1,1,1982,0,0,0,0,0,7,0,0,0,0
350486,0,1,1982,0,15,27,27,0,0,0,0,8,14
350486,0,2,1982,12,18,17,0,12,25,25,22,9,34
350486,0,3,1982,0,20,6,0,7,13,11,26,14,35
350486,1,1,1982,27,17,30,15,15,10,0,17,8,18
350487,1,1,1982,0,6,0,12,17,27,23,0,3,0
350488,0,1,1982,20,20,20,20,20,20,20,20,20,20
350488,1,1,1982,0,0,0,0,0,0,0,0,0,0
350489,1,1,1982,28,28,28,28,28,28,28,28,28,28
350490,1,1,1982,24,24,24,24,24,24,24,24,24,24
350491,1,1,1982,0,0,0,9,0,0,13,0,0,0
350492,0,1,1982,0,15,0,10,20,0,0,0,0,0
350492,1,1,1982,6,6,6,6,6,6,6,6,6,6
350493,1,1,1982,0,0,0,0,0,0,0,0,0,0
350493,2,1,1982,0,0,0,0,0,0,0,0,0,0
350494,0,1,1982,0,0,0,0,0,0,0,0,0,0
350494,0,2,1982,0,0,0,0,0,0,0,0,0,5
350494,1,1,1982,0,3,0,0,0,8,0,0,0,0
350495,1,1,1982,36,36,36,36,36,36,36,36,36,36
350496,1,1,1982,9,17,10,12,0,7,16,22,14,17
350497,1,1,1982,16,0,14,6,16,0,0,14,18,14
350498,1,1,1982,5,5,5,5,5,5,5,5,5,5
350499,1,1,1982,0,0,0,0,0,0,0,0,0,0
360001,0,1,1982,10,10,10,10,10,10,10,10,10,10
360001,0,2,1982,0,30,0,0,10,0,9,11,0,10
360001,1,1,1982,0,0,0,0,0,0,0,0,0,0
360002,0,1,1982,0,0,0,0,0,0,0,0,0,0
360002,1,1,1982,12,12,12,21,6,5,14,15,26,8
360003,0,1,1982,20,20,20,20,20,20,20,20,20,20
360003,1,1,1982,0,0,0,0,0,0,0,0,0,15
360004,1,1,1982,0,0,0,0,0,0,0,0,0,0
360005,0,1,1982,3,3,3,3,3,3,3,3,3,3
360005,1,1,1982,0,0,0,0,0,0,0,0,0,0
360006,1,1,1982,10,10,10,10,10,10,10,10,10,10
360007,0,1,1982,0,0,0,0,0,0,0,0,0,0
360007,1,1,1982,0,0,0,0,0,0,0,0,0,0
360008,1,1,1982,0,0,0,0,0,0,0,0,0,0
360008,2,1,1982,0,0,0,0,0,0,0,0,0,2
360008,3,1,1982,0,0,0,0,0,0,0,0,0,0
360009,0,1,1982,0,0,0,0,0,0,0,0,0,0
360009,1,1,1982,0,0,0,0,0,0,0,0,0,0
360010,0,1,1982,0,0,0,0,0,0,0,0,0,0
360010,1,1,1982,0,0,0,0,9,0,0,0,0,0
360011,1,1,1982,15,26,16,32,16,9,7,21,24,13
360011,2,1,1982,0,0,0,0,0,0,0,0,0,0
360011,3,1,1982,0,0,0,0,0,0,0,0,0,0
360012,1,1,1982,0,0,0,0,0,0,0,0,0,0
360012,2,1,1982,13,12,0,16,6,6,14,0,15,11
360013,1,1,1982,0,0,0,0,0,0,0,0,0,0
360013,2,1,1982,0,0,0,0,0,0,0,0,0,0
360014,1,1,1982,1,1,1,1,1,1,1,1,1,1
360015,1,1,1982,0,0,0,0,0,0,0,0,0,7
360015,2,1,1982,26,26,26,26,26,26,26,26,26,26
360016,1,1,1982,2,2,2,2,2,2,2,2,2,2
360016,2,1,1982,0,0,0,0,0,0,0,0,0,0
360017,1,1,1982,0,0,0,0,0,0,0,0,0,0
360017,2,1,1982,0,0,0,0,0,0,0,0,0,0
360018,1,1,1982,14,25,9,3,17,6,8,29,14,29
360018,2,1,1982,0,0,0,0,0,0,0,0,0,0
360019,1,1,1982,28,28,28,28,28,28,28,28,28,28
360020,0,1,1982,4,4,4,4,4,4,4,4,4,4
360020,1,1,1982,0,0,0,0,0,0,0,0,0,0
360021,0,1,1982,0,0,0,6,0,0,0,0,0,0
360021,1,1,1982,0,0,0,0,0,0,0,0,0,0
360022,0,1,1982,0,0,0,0,0,0,0,0,0,0
360022,1,1,1982,0,0,0,0,0,0,0,0,0,0
360023,1,1,1982,26,26,26,26,26,26,26,26,26,26
360024,1,1,1982,14,14,14,14,14,14,14,14,14,14
360025,1,1,1982,21,21,21,21,21,21,21,21,21,21
360026,0,1,1982,6,0,0,0,0,0,0,0,0,0
360026,1,1,1982,0,0,0,0,0,0,18,0,20,0
360027,0,1,1982,19,19,19,19,19,19,19,19,19,19
360027,1,1,1982,0,0,0,0,0,0,13,0,0,0
360028,0,1,1982,17,17,17,17,17,17,17,17,17,17
360028,1,1,1982,23,14,16,13,6,18,15,8,0,7
360029,0,1,1982,0,0,0,0,0,0,0,0,0,0
360029,1,1,1982,16,0,10,0,11,20,0,0,23,17
360030,1,1,1982,0,0,0,0,0,0,0,0,0,0
360031,1,1,1982,0,18,0,19,0,16,14,0,13,22
360032,1,1,1982,0,0,0,0,0,0,0,0,0,0
360033,1,1,1982,12,12,12,12,12,12,12,12,12,12
360034,1,1,1982,25,0,0,0,0,0,20,0,0,0
360034,2,1,1982,0,0,0,0,0,0,0,0,0,0
360035,1,1,1982,20,20,20,20,20,20,20,20,20,20
360036,0,1,1982,0,0,0,0,0,0,0,0,0,0
360036,0,2,1982,0,0,0,0,0,0,0,0,0,0
360036,1,1,1982,0,0,12,0,0,0,0,0,0,0
360037,0,1,1982,17,17,17,17,17,17,17,17,17,17
360037,1,1,1982,0,0,0,0,0,0,0,0,0,0
360038,1,1,1982,7,15,7,13,0,6,0,21,16,20
360038,2,1,1982,0,0,0,0,15,0,0,0,8,0
360040,0,1,1982,30,16,19,23,0,33,14,23,10,27
360040,1,1,1982,30,30,30,30,30,30,30,30,30,30
360041,1,1,1982,0,7,0,0,0,0,0,0,0,0
360042,1,1,1982,0,0,0,0,0,0,0,0,0,0
360043,1,1,1982,0,0,0,0,0,0,0,0,0,0
360044,0,1,1982,0,0,0,0,0,0,0,0,0,0
360044,1,1,1982,0,0,0,0,0,0,0,0,0,0
360045,1,1,1982,0,0,0,0,0,10,0,17,11,13
360045,2,1,1982,0,0,0,0,0,0,0,0,0,0
360045,3,1,1982,5,5,5,5,5,5,5,5,5,5
360046,1,1,1982,0,0,0,0,0,0,0,0,0,0
360046,2,1,1982,0,0,0,0,0,0,0,0,0,0
360047,1,1,1982,0,0,0,0,0,0,0,0,0,0
360047,2,1,1982,0,0,0,0,0,0,0,0,0,0
360048,0,1,1982,27,27,27,27,27,27,27,27,27,27
360048,1,1,1982,0,0,12,9,0,0,20,8,0,0
360049,1,1,1982,0,0,0,0,0,0,0,0,0,0
360049,2,1,1982,0,0,0,0,0,0,0,0,0,0
360049,3,1,1982,0,0,0,0,0,0,0,0,0,0
360050,1,1,1982,8,8,8,8,8,8,8,8,8,8
360051,1,1,1982,11,11,11,11,11,11,11,11,11,11
360051,2,1,1982,0,0,0,0,0,0,0,0,0,0
360052,1,1,1982,0,0,0,0,0,0,0,0,0,0
360053,1,1,1982,19,27,23,18,20,14,19,6,4,18
360054,1,1,1982,0,0,0,0,0,0,0,0,0,0
360054,2,1,1982,0,0,0,0,0,0,0,0,0,0
360055,0,1,1982,19,19,19,19,19,19,19,19,19,19
360055,1,1,1982,0,0,0,0,0,0,0,5,0,0
360056,0,1,1982,3,3,3,3,3,3,3,3,3,3
360056,1,1,1982,24,0,25,21,11,9,25,30,10,7
360057,1,1,1982,0,0,0,0,0,0,0,3,0,0
360057,2,1,1982,0,0,0,0,0,5,0,0,2,0
360058,1,1,1982,0,0,0,0,0,0,0,0,0,0
360058,2,1,1982,0,0,0,0,0,0,0,0,0,0
360059,1,1,1982,20,20,20,20,20,20,20,20,20,20
360060,0,1,1982,17,0,17,30,13,25,36,17,20,28
360060,0,2,1982,7,27,0,19,29,12,14,25,25,9
360060,1,1,1982,0,0,0,0,0,0,0,0,0,0
360061,0,1,1982,19,19,19,19,19,19,19,19,19,19
360061,1,1,1982,14,9,26,9,8,7,21,0,0,0
360062,1,1,1982,15,15,15,15,15,15,15,15,15,15
360062,2,1,1982,16,7,11,17,13,8,10,15,7,15
360063,1,1,1982,0,0,8,19,0,0,0,0,0,0
360064,0,1,1982,17,17,17,17,17,17,17,17,17,17
360064,1,1,1982,20,13,39,27,26,29,12,42,23,19
360065,0,1,1982,8,8,8,8,8,8,8,8,8,8
360065,1,1,1982,0,0,0,0,0,0,0,0,0,0
360066,1,1,1982,0,0,0,0,0,0,0,0,0,0
360066,2,1,1982,0,0,0,0,0,0,0,0,0,0
360067,1,1,1982,0,0,0,0,0,0,0,0,0,0
360068,0,1,1982,0,0,19,0,0,0,14,0,0,0
360068,1,1,1982,0,0,0,0,0,0,0,0,0,0
360069,0,1,1982,0,22,6,0,34,0,0,0,0,0
360069,1,1,1982,0,0,0,8,0,0,0,13,0,0
360070,0,1,1982,0,0,0,0,0,10,0,0,0,0
360070,1,1,1982,0,0,0,0,0,0,0,0,0,0
360071,1,1,1982,0,0,0,0,0,0,0,0,0,0
360071,2,1,1982,0,0,0,0,0,0,0,0,0,0
360072,1,1,1982,10,10,10,10,10,10,10,10,10,10
360072,2,1,1982,5,9,0,0,0,0,6,0,0,13
360072,3,1,1982,0,0,0,0,0,0,0,0,0,0
360072,4,1,1982,0,0,0,0,0,0,0,0,0,0
360073,1,1,1982,0,0,0,0,0,0,0,0,0,0
360074,0,1,1982,8,8,8,8,8,8,8,8,8,8
360074,1,1,1982,0,0,0,0,0,0,0,0,0,0
360075,1,1,1982,0,0,0,0,0,0,0,0,0,0
360076,0,1,1982,0,0,0,0,0,0,0,0,0,0
360076,1,1,1982,0,0,0,0,0,0,0,0,0,0
360077,1,1,1982,9,0,7,16,23,10,7,21,25,24
360078,0,1,1982,0,0,0,0,0,0,0,0,0,0
360078,1,1,1982,0,0,0,0,0,0,0,0,0,0
360079,1,1,1982,0,0,0,0,0,0,0,0,0,0
360079,2,1,1982,4,4,4,4,4,4,4,4,4,4
360080,0,1,1982,0,0,0,0,0,0,0,0,0,0
360080,1,1,1982,0,0,0,0,0,0,0,0,0,0
360081,0,1,1982,0,0,0,0,0,7,15,0,0,8
360081,1,1,1982,0,0,0,0,0,0,20,0,0,0
360082,0,1,1982,0,0,0,0,0,0,0,0,0,0
360082,1,1,1982,0,21,0,0,22,0,0,10,9,9
360083,1,1,1982,0,0,0,0,0,0,0,0,0,0
360084,0,1,1982,3,3,3,3,3,3,3,3,3,3
360084,1,1,1982,7,0,0,0,12,8,0,0,0,0
360085,1,1,1982,3,3,3,3,3,3,3,3,3,3
360086,1,1,1982,0,0,10,0,0,7,18,11,0,0
360086,2,1,1982,0,0,0,0,0,0,0,0,0,0
360087,1,1,1982,0,0,0,0,0,0,0,0,0,0
360087,2,1,1982,0,0,0,0,0,0,0,0,0,0
360087,3,1,1982,0,0,0,0,0,0,0,0,0,0
360088,0,1,1982,0,0,0,0,0,0,0,0,0,0
360088,1,1,1982,0,0,0,0,0,6,0,0,0,0
360089,1,1,1982,0,0,0,14,0,0,0,0,0,26
360090,1,1,1982,0,0,0,0,0,0,0,0,0,0
360090,2,1,1982,0,0,0,0,0,0,0,0,0,0
360091,0,1,1982,33,0,0,0,0,0,0,0,0,0
360091,1,1,1982,18,0,0,0,0,0,18,14,0,0
360092,1,1,1982,11,16,2,20,0,6,7,15,17,11
360092,2,1,1982,11,11,11,11,11,11,11,11,11,11
360093,1,1,1982,0,0,0,0,0,0,0,0,0,0
360093,2,1,1982,0,0,0,0,0,0,0,0,0,0
360094,1,1,1982,18,18,18,18,18,18,18,18,18,18
360094,2,1,1982,8,31,14,8,39,19,13,26,13,10
360094,3,1,1982,13,4,22,17,15,24,4,23,15,14
360095,1,1,1982,0,0,0,0,0,0,0,0,3,0
360095,2,1,1982,0,0,0,0,0,0,0,0,0,0
360096,1,1,1982,0,0,0,0,0,0,0,0,0,0
360097,1,1,1982,0,0,0,0,0,0,0,0,0,0
360098,1,1,1982,0,0,0,0,0,0,0,0,0,0
360098,2,1,1982,0,0,0,0,0,0,0,0,0,0
360099,1,1,1982,0,0,0,0,0,0,0,0,0,12
360099,2,1,1982,0,0,0,0,0,0,0,0,0,0
360100,1,1,1982,11,0,0,0,8,0,0,0,0,0
360101,1,1,1982,0,0,0,0,0,0,0,0,0,0
360101,2,1,1982,0,0,0,0,0,0,0,0,0,0
360102,1,1,1982,16,21,0,0,0,22,0,0,0,32
360103,1,1,1982,9,9,9,9,9,9,9,9,9,9
360103,2,1,1982,0,15,6,0,0,0,0,0,0,0
360104,1,1,1982,0,0,0,0,0,0,0,0,0,0
360105,0,1,1982,16,42,14,16,0,0,16,21,7,5
360105,0,2,1982,12,30,31,0,0,6,14,21,0,17
360105,1,1,1982,0,0,0,0,15,0,0,0,0,0
360106,1,1,1982,0,0,0,0,0,0,0,0,0,0
360106,2,1,1982,0,7,0,0,0,0,0,0,0,7
360107,0,1,1982,21,21,21,21,21,21,21,21,21,21
360107,1,1,1982,0,0,0,0,0,0,0,0,0,17
360108,1,1,1982,6,13,11,7,19,13,9,5,18,0
360109,1,1,1982,16,10,11,7,14,11,17,20,19,0
360110,1,1,1982,12,12,12,12,12,12,12,12,12,12
360111,1,1,1982,7,4,21,10,7,11,1,21,12,10
360111,2,1,1982,0,0,0,0,0,0,0,10,0,0
360112,1,1,1982,0,16,16,0,0,13,0,0,6,0
360113,0,1,1982,0,0,0,0,0,0,0,0,0,0
360113,1,1,1982,0,13,0,0,0,0,25,17,0,0
360114,0,1,1982,0,0,0,0,0,0,0,0,0,0
360114,1,1,1982,0,0,0,0,0,0,0,0,0,0
360115,1,1,1982,0,0,0,0,0,0,0,0,0,0
360115,2,1,1982,0,0,0,0,0,0,0,0,0,0
360116,0,1,1982,37,42,0,0,0,0,30,0,0,0
360116,1,1,1982,0,0,0,0,0,0,0,0,0,0
360117,1,1,1982,25,25,25,25,25,25,25,25,25,25
360118,1,1,1982,0,0,0,0,0,0,0,0,0,0
360119,1,1,1982,0,0,0,0,0,0,0,0,0,0
360119,2,1,1982,0,0,0,0,0,0,0,0,0,0
360121,1,1,1982,0,0,16,0,10,0,0,16,0,0
360122,1,1,1982,16,16,16,16,16,16,16,16,16,16
360123,1,1,1982,0,0,25,0,0,0,0,0,0,0
360123,2,1,1982,23,0,0,0,0,0,0,0,0,0
360124,1,1,1982,0,0,0,0,0,0,0,0,0,0
360124,2,1,1982,12,0,0,0,0,0,12,0,0,0
360125,1,1,1982,20,20,20,20,20,20,20,20,20,20
360126,0,1,1982,0,0,0,0,0,0,0,0,0,0
360126,1,1,1982,0,0,0,0,0,0,0,0,0,0
360127,1,1,1982,5,6,12,16,0,13,10,5,32,11
360127,2,1,1982,0,0,0,0,0,0,0,0,0,0
360128,1,1,1982,17,4,12,14,10,12,29,32,24,32
360129,0,1,1982,0,0,0,0,0,0,0,0,0,0
360129,0,2,1982,0,8,15,2,22,0,0,0,0,0
360129,0,3,1982,0,0,0,5,0,0,3,18,26,0
360129,1,1,1982,0,4,0,0,0,0,0,0,0,0
360130,1,1,1982,0,0,0,0,0,0,0,0,0,0
360130,2,1,1982,0,0,0,0,0,3,0,0,0,0
360131,1,1,1982,0,0,0,0,0,0,0,0,0,0
360131,2,1,1982,0,0,0,0,0,0,0,0,4,0
360132,0,1,1982,0,0,0,0,0,0,0,0,0,0
360132,0,2,1982,0,0,0,0,0,0,0,0,0,0
360132,1,1,1982,3,0,0,0,0,0,11,0,0,0
360133,0,1,1982,0,0,0,0,0,0,0,0,0,0
360133,1,1,1982,0,0,0,0,0,0,0,0,0,0
360134,0,1,1982,22,0,12,0,0,0,0,0,9,0
360134,1,1,1982,0,0,0,0,0,0,0,0,0,0
360135,1,1,1982,19,19,19,19,19,19,19,19,19,19
360136,1,1,1982,0,0,0,0,0,0,0,0,0,0
360136,2,1,1982,0,0,0,0,0,0,0,0,0,0
360137,1,1,1982,0,0,16,0,0,0,0,0,0,0
360137,2,1,1982,0,0,11,0,0,0,0,0,0,0
360138,1,1,1982,2,2,2,2,2,2,2,2,2,2
360138,2,1,1982,0,0,0,0,0,0,3,0,0,0
360139,1,1,1982,14,13,24,0,0,0,0,0,0,0
360141,1,1,1982,29,9,13,22,18,16,22,13,13,8
360141,2,1,1982,0,0,0,0,0,0,0,0,0,0
360142,1,1,1982,0,0,0,0,0,0,0,0,0,0
360142,2,1,1982,0,0,0,0,0,0,0,0,0,0
360143,1,1,1982,0,0,0,0,0,0,0,0,0,0
360143,2,1,1982,8,8,8,8,8,8,8,8,8,8
360144,1,1,1982,16,16,16,16,16,16,16,16,16,16
360145,1,1,1982,0,0,0,0,0,0,0,0,0,0
360146,1,1,1982,0,0,0,0,0,0,0,0,0,0
360146,2,1,1982,16,19,19,11,17,19,21,21,17,28
360147,1,1,1982,0,0,0,0,0,0,0,0,0,0
360148,1,1,1982,15,15,15,15,15,15,15,15,15,15
360149,0,1,1982,0,0,0,0,0,0,0,0,0,0
360149,1,1,1982,0,0,0,0,0,0,0,0,0,0
360150,0,1,1982,18,18,18,18,18,18,18,18,18,18
360150,1,1,1982,0,0,0,0,0,0,0,0,0,0
360151,0,1,1982,27,27,27,27,27,27,27,27,27,27
360151,1,1,1982,0,0,0,0,0,0,0,0,0,9
360152,0,1,1982,0,0,0,0,0,0,0,0,0,0
360152,1,1,1982,0,0,0,19,0,0,0,0,0,0
360153,1,1,1982,16,16,16,16,16,16,16,16,16,16
360154,1,1,1982,0,0,0,0,0,0,0,0,0,0
360154,2,1,1982,13,13,13,13,13,13,13,13,13,13
360155,1,1,1982,0,0,0,0,0,0,0,0,0,0
360156,1,1,1982,0,0,0,0,0,0,0,0,0,0
360156,2,1,1982,0,0,0,0,0,0,0,0,0,0
360157,0,1,1982,0,0,0,0,0,0,0,0,0,0
360157,1,1,1982,16,0,0,0,0,0,0,15,0,0
360158,1,1,1982,0,0,0,0,0,0,0,0,0,0
360158,2,1,1982,0,0,0,0,0,0,0,0,0,0
360158,3,1,1982,0,0,0,0,0,0,0,0,0,0
360159,1,1,1982,25,25,25,25,25,25,25,25,25,25
360160,0,1,1982,5,5,5,5,5,5,5,5,5,5
360160,1,1,1982,0,15,0,0,0,0,0,0,0,0
360161,1,1,1982,0,0,0,0,16,16,0,0,11,0
360162,1,1,1982,11,11,11,11,11,11,11,11,11,11
360163,1,1,1982,0,0,0,0,0,0,0,0,0,0
360163,2,1,1982,0,0,0,0,0,0,0,0,0,0
360164,0,1,1982,7,7,7,7,7,7,7,7,7,7
360164,0,2,1982,12,11,29,0,17,12,2,24,0,10
360164,0,3,1982,13,14,32,18,15,15,25,17,22,25
360164,1,1,1982,0,0,12,0,0,0,0,0,0,0
360164,2,1,1982,15,12,21,8,11,14,21,8,11,21
360165,1,1,1982,0,0,0,0,0,0,0,0,0,0
360166,0,1,1982,0,7,0,0,0,0,0,0,0,0
360166,1,1,1982,0,0,0,0,0,0,0,0,0,0
360167,1,1,1982,0,0,22,0,12,22,5,15,0,0
360168,0,1,1982,27,27,27,27,27,27,27,27,27,27
360168,1,1,1982,0,15,0,0,0,0,0,0,0,0
360169,2,1,1982,0,0,0,0,8,0,0,0,0,0
360169,3,1,1982,0,0,0,0,0,0,0,0,0,0
360169,4,1,1982,0,0,0,0,0,0,0,0,7,0
360170,1,1,1982,0,0,0,0,0,0,0,0,0,0
360171,0,1,1982,1,1,1,1,1,1,1,1,1,1
360171,1,1,1982,9,9,9,9,9,9,9,9,9,9
360172,1,1,1982,0,0,0,0,0,0,0,0,0,0
360173,1,1,1982,13,25,33,9,19,0,0,14,0,27
360173,2,1,1982,0,0,0,0,0,19,0,0,0,0
360174,0,1,1982,8,8,8,8,8,8,8,8,8,8
360174,1,1,1982,0,0,0,0,0,0,0,0,2,0
360175,1,1,1982,0,0,0,0,0,0,0,0,0,0
360175,2,1,1982,0,0,0,0,0,0,0,0,0,0
360176,1,1,1982,0,15,0,0,0,0,21,18,7,0
360177,0,1,1982,23,23,23,23,23,23,23,23,23,23
360177,1,1,1982,0,0,0,0,0,0,0,0,0,0
360177,2,1,1982,0,0,0,0,0,0,9,0,0,0
360178,0,1,1982,0,0,0,0,0,0,0,0,0,0
360178,1,1,1982,0,0,0,0,0,0,0,0,0,0
360179,0,1,1982,12,12,12,12,12,12,12,12,12,12
360179,1,1,1982,0,20,0,0,0,0,0,0,8,0
360180,1,1,1982,0,23,19,25,9,17,39,13,17,0
360181,0,1,1982,0,0,0,0,0,0,0,0,0,0
360181,1,1,1982,0,0,0,0,0,0,0,0,0,0
360182,1,1,1982,0,0,0,0,0,0,0,0,0,0
360182,2,1,1982,0,0,0,0,0,0,0,5,0,0
360182,3,1,1982,0,0,0,0,0,0,0,0,0,0
360183,1,1,1982,15,0,7,0,0,0,0,0,0,10
360183,2,1,1982,29,29,29,29,29,29,29,29,29,29
360184,0,1,1982,0,0,0,0,0,0,0,0,0,0
360184,1,1,1982,0,0,0,0,0,0,0,0,0,0
360185,1,1,1982,0,0,0,0,0,0,0,0,0,0
360185,2,1,1982,0,0,0,0,0,0,0,0,0,0
360186,1,1,1982,15,0,0,0,0,0,0,0,3,0
360186,2,1,1982,0,0,0,0,0,0,0,0,0,0
360186,3,1,1982,0,0,0,0,0,0,0,0,0,0
360187,0,1,1982,18,3,0,0,0,0,21,4,0,0
360187,1,1,1982,14,25,6,0,12,9,17,24,20,7
360188,1,1,1982,0,0,0,0,0,0,0,0,0,0
360188,2,1,1982,0,0,0,0,0,0,0,0,0,0
360189,0,1,1982,0,0,0,4,0,0,0,0,0,0
360189,1,1,1982,0,0,0,0,0,0,0,0,0,0
360190,0,1,1982,0,0,0,0,0,0,0,0,0,0
360190,1,1,1982,0,0,0,0,0,0,16,0,10,0
360191,1,1,1982,0,0,0,0,0,0,0,4,0,0
360192,1,1,1982,0,0,0,0,0,0,0,0,0,0
360193,1,1,1982,0,0,0,0,0,0,0,0,0,0
360194,0,1,1982,19,19,19,19,19,19,19,19,19,19
360194,1,1,1982,5,7,0,0,0,0,0,0,13,0
360195,0,1,1982,29,29,29,29,29,29,29,29,29,29
360195,1,1,1982,0,0,0,0,10,0,0,0,0,0
360196,1,1,1982,0,0,16,0,13,11,0,0,0,8
360197,1,1,1982,17,17,17,17,17,17,17,17,17,17
360198,1,1,1982,14,14,14,14,14,14,14,14,14,14
360199,1,1,1982,0,0,0,0,0,0,0,0,0,0
360200,0,1,1982,0,0,0,0,0,0,0,0,0,0
360200,0,2,1982,0,0,0,0,0,0,0,0,0,0
360200,1,1,1982,0,0,0,0,0,0,0,0,0,9
360201,1,1,1982,0,0,0,0,0,23,0,0,0,0
360201,2,1,1982,7,7,7,7,7,7,7,7,7,7
360202,1,1,1982,0,8,14,0,18,0,6,15,17,5
360203,0,1,1982,23,0,20,15,0,0,5,0,13,0
360203,1,1,1982,0,0,0,0,0,0,0,9,0,0
360204,0,1,1982,0,0,0,0,0,0,0,0,0,0
360204,1,1,1982,0,0,0,0,0,0,0,0,0,0
360205,0,1,1982,0,0,0,36,8,0,0,0,0,0
360205,1,1,1982,0,0,0,0,0,0,0,0,3,0
360206,0,1,1982,0,0,0,0,0,0,0,0,0,0
360206,1,1,1982,0,0,0,0,0,0,0,0,0,0
360207,0,1,1982,0,0,0,0,0,0,0,0,0,0
360207,1,1,1982,0,3,0,0,0,0,0,10,0,0
360208,0,1,1982,10,10,10,10,10,10,10,10,10,10
360208,0,2,1982,12,38,17,20,0,14,18,8,37,0
360208,1,1,1982,8,15,17,22,13,5,8,24,12,24
360209,0,1,1982,0,0,0,0,0,0,0,0,0,0
360209,1,1,1982,0,0,0,0,0,0,0,0,0,0
360210,0,1,1982,22,8,0,42,20,0,0,18,0,9
360210,0,2,1982,15,15,10,0,29,11,0,15,0,0
360210,1,1,1982,0,0,0,0,0,0,0,0,2,0
360210,2,1,1982,0,0,0,0,0,0,0,14,0,0
360211,1,1,1982,0,0,0,0,0,0,0,0,0,0
360212,0,1,1982,0,0,0,0,0,0,0,0,0,0
360212,1,1,1982,0,0,0,0,0,0,0,0,0,0
360213,1,1,1982,0,0,0,0,0,0,0,0,0,0
360213,2,1,1982,22,0,0,7,29,0,24,0,0,0
360214,0,1,1982,22,31,35,15,18,18,27,16,19,23
360214,0,2,1982,14,14,14,14,14,14,14,14,14,14
360214,3,1,1982,11,0,34,13,19,13,15,0,3,18
360215,1,1,1982,0,0,0,0,10,0,0,0,0,0
360215,2,1,1982,0,0,0,0,0,0,0,0,0,0
360216,1,1,1982,16,12,40,20,20,6,29,15,27,0
360217,1,1,1982,0,0,0,0,0,12,9,0,0,0
360217,2,1,1982,0,0,0,0,0,0,0,0,0,0
360218,1,1,1982,0,0,0,0,0,0,0,0,0,0
360218,2,1,1982,0,0,0,0,0,0,0,0,0,0
360219,1,1,1982,0,0,0,0,0,0,0,0,0,0
360219,2,1,1982,0,0,0,0,0,0,0,0,0,0
360219,3,1,1982,0,0,0,0,0,0,0,0,0,0
360219,4,1,1982,0,0,0,0,0,0,0,0,0,0
360220,1,1,1982,19,11,32,17,16,19,15,10,16,11
360221,1,1,1982,3,3,3,3,3,3,3,3,3,3
360222,1,1,1982,0,0,0,0,0,0,0,0,0,0
360222,2,1,1982,0,0,0,0,0,0,0,0,0,0
360223,1,1,1982,0,0,0,0,0,0,0,0,0,0
360223,2,1,1982,0,0,0,0,0,0,0,0,0,0
360225,1,1,1982,3,3,3,3,3,3,3,3,3,3
360226,0,1,1982,0,0,0,0,0,0,0,0,0,0
360226,1,1,1982,0,0,0,0,0,0,0,0,0,0
360226,2,1,1982,0,0,0,0,0,0,0,0,0,0
360227,1,1,1982,0,0,0,0,0,0,0,0,0,0
360227,2,1,1982,22,22,22,22,22,22,22,22,22,22
360228,1,1,1982,0,0,0,0,0,0,0,0,0,7
360228,2,1,1982,11,22,31,18,0,14,12,16,15,31
360229,1,1,1982,0,0,0,11,14,0,0,4,0,0
360230,0,1,1982,10,10,10,10,10,10,10,10,10,10
360230,1,1,1982,0,0,0,0,0,0,0,3,0,0
360230,2,1,1982,0,0,0,36,13,0,14,9,0,0
360231,1,1,1982,0,0,0,0,0,0,0,0,0,0
360232,1,1,1982,21,21,21,21,21,21,21,21,21,21
360233,1,1,1982,0,0,0,0,0,0,0,0,0,0
360233,2,1,1982,0,0,0,0,0,0,0,0,7,0
360233,3,1,1982,0,0,0,0,0,0,0,0,0,0
360234,1,1,1982,0,0,0,0,0,0,0,0,0,0
360234,2,1,1982,0,0,0,0,0,0,0,0,0,0
360235,1,1,1982,19,19,19,19,19,19,19,19,19,19
360236,0,1,1982,34,34,34,34,34,34,34,34,34,34
360236,1,1,1982,0,0,7,0,0,10,0,0,0,0
360237,0,1,1982,19,19,19,19,19,19,19,19,19,19
360237,1,1,1982,0,0,0,0,0,0,0,13,0,0
360237,2,1,1982,0,0,0,0,0,0,15,0,0,0
360238,1,1,1982,18,18,18,18,18,18,18,18,18,18
360239,1,1,1982,0,20,0,0,0,0,0,0,0,0
360239,2,1,1982,0,0,0,0,0,0,0,0,0,0
360241,1,1,1982,9,9,9,9,9,9,9,9,9,9
360241,2,1,1982,8,16,15,13,23,11,23,23,28,28
360242,1,1,1982,18,0,0,0,0,20,25,0,0,0
360242,2,1,1982,20,14,13,7,5,15,23,28,17,23
360243,1,1,1982,0,10,0,23,0,0,16,34,4,11
360243,2,1,1982,0,0,0,0,0,0,13,0,0,0
360244,0,1,1982,0,0,0,0,0,0,0,0,0,0
360244,1,1,1982,0,0,14,0,0,0,15,22,0,0
360245,0,1,1982,9,9,9,9,9,9,9,9,9,9
360245,1,1,1982,10,0,0,0,0,0,21,13,14,0
360245,2,1,1982,0,0,0,0,0,0,0,0,0,0
360246,1,1,1982,13,13,13,13,13,13,13,13,13,13
360247,0,1,1982,0,0,0,0,0,0,0,0,0,0
360247,1,1,1982,0,0,24,10,0,0,19,3,0,0