ST_CASE,VEH_NO,PER_NO,YEAR,P1,P2,P3,P4,P5,P6,P7,P8,P9,P10
360248,1,1,1982,0,0,0,0,0,0,0,0,0,0
360249,0,1,1982,0,0,13,0,15,15,0,0,0,18
360249,1,1,1982,20,5,0,16,24,12,32,9,8,11
360249,2,1,1982,0,0,0,0,0,0,0,0,0,0
360250,1,1,1982,20,0,0,0,0,0,0,0,0,0
360250,2,1,1982,0,0,0,0,0,0,0,0,0,0
360251,1,1,1982,0,0,0,0,0,0,0,0,0,0
360251,2,1,1982,0,0,0,0,0,0,0,0,0,0
360252,1,1,1982,0,0,0,0,0,0,0,11,0,0
360252,2,1,1982,0,0,0,0,0,0,0,0,0,0
360253,1,1,1982,19,19,19,19,19,19,19,19,19,19
360254,0,1,1982,0,0,0,0,0,0,0,0,0,0
360254,1,1,1982,0,0,0,0,0,0,4,0,3,18
360254,2,1,1982,0,0,0,0,0,0,2,0,0,0
360255,1,1,1982,0,0,0,0,0,5,0,0,0,0
360255,2,1,1982,27,24,0,18,13,0,25,20,11,8
360256,0,1,1982,0,0,0,0,0,0,0,0,0,0
360256,1,1,1982,16,17,14,21,7,21,23,18,0,16
360257,0,1,1982,5,5,5,5,5,5,5,5,5,5
360257,0,2,1982,7,24,0,22,5,24,16,11,23,21
360257,1,1,1982,7,9,9,20,19,20,14,2,25,11
360258,0,1,1982,0,0,0,0,0,0,0,0,0,0
360258,1,1,1982,13,0,23,0,0,0,0,8,0,0
360259,1,1,1982,0,0,0,0,0,0,0,0,0,0
360259,2,1,1982,0,0,0,0,0,0,0,0,0,0
360260,0,1,1982,5,5,5,5,5,5,5,5,5,5
360260,1,1,1982,0,0,0,0,0,0,0,0,0,0
360261,0,1,1982,0,0,0,0,0,0,0,0,0,0
360261,0,2,1982,0,6,0,0,0,0,7,14,0,0
360261,1,1,1982,0,0,0,0,0,0,0,0,0,0
360262,1,1,1982,0,0,0,0,0,0,0,0,11,0
360263,1,1,1982,0,0,0,0,0,0,0,0,0,0
360263,2,1,1982,0,0,0,0,0,0,0,0,0,0
360263,3,1,1982,0,0,0,0,0,0,0,0,0,0
360264,0,1,1982,0,0,0,0,0,0,0,0,0,0
360264,1,1,1982,0,0,0,0,21,11,0,16,16,17
360265,1,1,1982,11,11,11,11,11,11,11,11,11,11
360266,1,1,1982,18,18,18,18,18,18,18,18,18,18
360267,1,1,1982,19,19,19,19,19,19,19,19,19,19
360268,0,1,1982,0,21,0,7,0,0,0,4,0,0
360268,1,1,1982,0,0,0,0,0,0,0,16,0,0
360269,1,1,1982,0,0,0,0,0,0,0,0,0,0
360269,2,1,1982,0,14,0,20,0,0,0,0,0,0
360270,1,1,1982,0,0,0,0,0,0,0,0,0,0
360270,2,1,1982,11,0,0,0,0,0,0,0,0,0
360271,1,1,1982,0,0,0,0,0,0,0,0,0,0
360271,2,1,1982,0,0,0,0,0,0,0,0,0,0
360272,1,1,1982,31,31,31,31,31,31,31,31,31,31
360273,1,1,1982,0,0,0,0,0,0,0,0,0,0
360273,2,1,1982,11,11,11,11,11,11,11,11,11,11
360274,1,1,1982,0,0,0,0,0,0,0,0,0,0
360275,1,1,1982,8,26,23,17,20,18,8,15,25,25
360276,1,1,1982,9,9,9,9,9,9,9,9,9,9
360277,0,1,1982,0,0,0,0,0,0,0,0,0,0
360277,1,1,1982,0,0,0,0,0,0,0,0,0,0
360278,1,1,1982,27,0,22,29,13,12,11,12,16,27
360279,1,1,1982,0,0,0,0,0,0,0,0,0,0
360280,1,1,1982,14,9,10,22,27,24,7,15,17,15
360281,1,1,1982,11,11,11,11,11,11,11,11,11,11
360282,1,1,1982,0,0,0,0,0,0,0,0,0,0
360282,2,1,1982,0,0,12,0,0,0,0,0,0,0
360283,1,1,1982,0,0,0,0,0,0,0,0,0,0
360284,1,1,1982,32,32,32,32,32,32,32,32,32,32
360285,1,1,1982,13,0,0,0,9,0,0,0,0,0
360285,2,1,1982,12,12,12,12,12,12,12,12,12,12
360286,1,1,1982,13,13,13,13,13,13,13,13,13,13
360287,1,1,1982,0,0,0,0,0,0,0,0,0,0
360287,2,1,1982,0,0,0,0,0,0,0,0,0,0
360288,1,1,1982,0,0,0,0,0,0,0,0,0,0
360288,2,1,1982,0,0,0,0,0,0,0,0,4,0
360289,0,1,1982,0,0,0,0,0,0,0,0,0,0
360289,1,1,1982,0,0,0,0,0,0,0,0,0,0
360289,2,1,1982,0,0,0,0,0,0,0,0,0,0
360290,1,1,1982,0,0,0,0,0,0,0,0,0,0
360291,1,1,1982,12,0,0,0,0,0,0,0,0,18
360291,2,1,1982,0,0,0,0,0,0,0,0,7,0
360291,3,1,1982,0,0,0,0,0,0,0,0,0,0
360292,1,1,1982,23,21,24,12,20,13,10,10,6,12
360293,1,1,1982,0,0,0,15,0,0,8,0,0,0
360293,2,1,1982,0,0,0,0,0,0,0,0,0,0
360294,1,1,1982,17,17,17,17,17,17,17,17,17,17
360295,0,1,1982,0,0,0,0,0,0,0,0,0,0
360295,1,1,1982,14,8,0,36,0,0,11,0,20,25
360296,1,1,1982,6,14,29,9,7,23,11,17,15,23
360297,1,1,1982,25,25,25,25,25,25,25,25,25,25
360298,1,1,1982,20,9,22,22,16,8,24,15,10,0
360298,2,1,1982,0,0,0,0,0,0,0,0,0,0
360299,1,1,1982,0,27,0,12,27,8,0,20,8,20
360300,0,1,1982,0,0,0,0,0,0,0,0,0,0
360300,1,1,1982,0,0,0,0,0,0,0,0,0,0
360301,1,1,1982,0,18,0,0,12,0,0,0,0,26
360302,1,1,1982,0,0,0,0,0,0,0,0,0,0
360302,2,1,1982,7,7,7,7,7,7,7,7,7,7
360303,0,1,1982,20,20,20,20,20,20,20,20,20,20
360304,1,1,1982,0,0,0,0,0,0,0,0,0,0
360305,1,1,1982,0,0,0,0,0,0,0,0,0,0
360305,2,2,1982,0,0,0,0,0,0,0,0,0,0
360306,1,1,1982,0,0,0,0,0,0,0,0,0,0
360306,2,1,1982,0,0,0,0,0,0,0,0,0,0
360307,1,1,1982,24,20,24,0,14,17,13,20,20,38
360308,1,1,1982,0,6,0,0,0,0,0,0,0,0
360309,0,1,1982,0,0,0,0,0,0,0,0,0,0
360309,1,1,1982,0,0,0,0,0,0,0,0,0,0
360310,1,1,1982,0,0,0,0,15,0,0,0,10,0
360310,2,1,1982,0,0,0,0,0,0,0,0,0,0
360311,0,1,1982,23,23,23,23,23,23,23,23,23,23
360311,1,1,1982,0,0,0,0,0,0,0,0,0,0
360311,2,1,1982,0,0,0,0,0,0,0,0,0,0
360312,0,1,1982,0,0,0,0,0,0,0,0,0,0
360312,1,1,1982,0,0,0,0,0,0,0,0,0,0
360313,1,1,1982,18,21,14,28,7,15,15,17,0,17
360314,0,1,1982,0,0,0,0,0,0,22,16,0,5
360314,1,1,1982,0,0,0,0,0,0,0,0,0,0
360315,1,1,1982,0,0,0,0,0,0,0,0,0,0
360316,1,1,1982,14,14,14,14,14,14,14,14,14,14
360316,2,1,1982,0,0,0,0,0,0,0,0,0,0
360317,1,1,1982,0,26,0,0,0,0,16,0,0,31
360318,1,1,1982,12,14,13,10,15,10,10,20,18,13
360319,0,1,1982,0,0,0,0,0,0,0,0,0,0
360319,1,1,1982,0,0,13,5,0,10,0,0,24,0
360320,1,1,1982,0,0,0,0,0,0,0,0,0,0
360321,1,1,1982,0,0,0,0,0,0,0,0,0,0
360321,2,1,1982,0,0,0,0,0,0,0,0,0,0
360322,0,1,1982,0,0,0,0,0,0,0,0,0,0
360322,1,1,1982,0,0,0,0,0,0,0,0,0,0
360323,0,1,1982,0,0,0,0,0,0,0,0,0,0
360323,1,1,1982,13,0,19,0,0,0,0,0,0,0
360324,0,1,1982,0,0,0,14,0,0,10,0,0,0
360324,1,1,1982,0,0,0,0,12,0,0,0,20,0
360325,1,1,1982,0,0,0,0,0,0,0,0,0,0
360326,1,1,1982,26,26,26,26,26,26,26,26,26,26
360327,1,1,1982,0,0,0,0,0,0,0,0,0,0
360328,1,1,1982,14,22,32,6,5,11,11,11,18,15
360329,1,1,1982,0,0,0,0,0,0,0,0,0,0
360329,2,1,1982,31,31,31,31,31,31,31,31,31,31
360330,1,1,1982,0,12,0,0,0,0,0,11,0,0
360331,1,1,1982,0,0,0,0,0,0,0,11,0,21
360332,1,1,1982,0,0,0,0,0,0,0,0,0,0
360332,2,1,1982,0,0,0,0,0,0,0,0,0,0
360332,3,1,1982,0,0,0,0,0,0,0,0,0,0
360333,1,1,1982,0,0,22,0,0,0,0,0,0,0
360333,2,1,1982,0,0,0,0,0,0,0,0,0,0
360334,0,1,1982,6,13,21,16,15,0,4,0,0,0
360334,2,1,1982,0,44,0,0,11,30,0,0,20,0
360335,0,1,1982,0,0,0,0,0,0,0,0,0,0
360335,1,1,1982,0,0,0,0,0,0,0,0,0,0
360336,1,1,1982,0,0,0,0,0,0,0,0,0,0
360336,2,1,1982,0,0,0,0,0,0,0,0,0,0
360336,3,1,1982,0,0,0,0,0,0,0,0,0,0
360337,0,1,1982,0,0,0,0,0,0,0,0,0,0
360337,1,1,1982,0,0,0,0,0,0,0,0,0,0
360338,1,1,1982,0,0,0,0,0,0,0,0,0,0
360339,0,1,1982,0,0,0,0,0,0,0,0,0,0
360339,1,1,1982,0,0,0,0,0,0,0,0,0,0
360340,0,1,1982,25,25,25,25,25,25,25,25,25,25
360340,1,1,1982,0,0,17,20,0,15,0,0,18,0
360341,1,1,1982,0,0,0,0,0,0,0,0,0,0
360341,2,1,1982,0,0,0,0,0,0,0,0,0,0
360342,1,1,1982,0,0,0,0,0,0,0,0,0,0
360343,1,1,1982,0,0,0,0,0,0,0,0,0,0
360344,1,1,1982,0,0,0,0,0,0,0,0,0,0
360344,2,1,1982,0,0,0,0,0,0,0,0,0,0
360345,0,1,1982,11,10,0,0,22,4,0,0,0,8
360345,1,1,1982,0,0,0,0,16,16,0,7,25,0
360346,0,1,1982,0,0,0,0,0,0,0,0,0,0
360346,1,1,1982,0,0,0,0,0,0,0,0,0,0
360347,1,1,1982,0,0,0,0,0,0,0,0,0,0
360347,2,1,1982,0,6,0,0,0,0,0,0,0,0
360348,0,1,1982,31,31,31,31,31,31,31,31,31,31
360348,1,1,1982,0,0,0,0,0,0,0,0,0,0
360349,0,1,1982,0,0,0,0,0,0,0,0,0,0
360349,1,1,1982,10,13,13,15,0,13,0,19,24,11
360349,2,1,1982,0,0,0,0,0,0,0,0,0,0
360350,0,1,1982,0,0,0,12,0,0,0,0,0,0
360350,1,1,1982,0,0,0,0,0,0,0,0,0,0
360351,1,1,1982,0,0,0,0,0,0,0,0,0,0
360352,0,1,1982,4,4,4,4,4,4,4,4,4,4
360352,0,2,1982,0,14,7,0,9,0,0,0,9,0
360352,1,1,1982,0,0,17,0,0,0,20,23,0,0
360353,1,1,1982,0,0,0,0,0,0,0,0,0,0
360354,1,1,1982,2,18,15,0,0,7,0,0,0,0
360355,0,1,1982,24,24,24,24,24,24,24,24,24,24
360355,1,1,1982,0,0,0,0,0,21,0,0,0,0
360356,1,1,1982,0,0,0,0,0,0,0,0,0,0
360356,2,1,1982,0,0,0,0,0,0,0,0,0,0
360357,0,1,1982,0,15,0,0,0,26,0,0,0,0
360357,0,2,1982,20,0,0,5,0,0,0,4,0,0
360357,1,1,1982,18,14,11,14,22,17,18,11,9,26
360358,1,1,1982,0,0,0,0,0,0,0,0,0,0
360358,2,1,1982,0,0,0,0,0,14,0,0,12,0
360359,1,1,1982,12,12,12,12,12,12,12,12,12,12
360360,1,1,1982,0,0,17,0,0,0,0,11,3,0
360361,1,1,1982,11,11,11,11,11,11,11,11,11,11
360362,1,1,1982,0,0,0,0,0,0,0,0,0,0
360362,2,1,1982,0,0,0,0,0,0,0,0,0,0
360363,1,1,1982,3,7,20,22,12,34,21,14,8,14
360364,0,1,1982,0,0,0,0,0,0,0,0,0,0
360364,1,1,1982,0,0,0,0,0,0,0,23,0,0
360365,1,1,1982,0,0,0,0,0,0,0,0,0,0
360365,2,1,1982,0,0,0,0,0,0,0,0,0,0
360366,0,1,1982,19,19,19,19,19,19,19,19,19,19
360366,1,1,1982,0,0,0,23,0,0,0,0,0,0
360367,0,1,1982,8,8,8,8,8,8,8,8,8,8
360367,1,1,1982,0,0,0,0,0,0,0,0,0,0
360369,0,1,1982,0,0,0,0,0,0,0,0,0,0
360369,0,2,1982,0,0,0,0,0,0,0,0,0,0
360369,0,3,1982,0,0,10,0,0,12,0,0,0,13
360369,1,1,1982,19,11,15,18,9,24,33,9,34,3
360370,1,1,1982,27,27,27,27,27,27,27,27,27,27
360371,0,1,1982,0,0,0,0,0,0,0,0,0,0
360371,1,1,1982,0,0,0,0,0,0,0,0,0,0
360372,1,1,1982,7,10,20,16,26,11,14,12,22,3
360373,1,1,1982,0,0,0,0,0,0,0,0,0,0
360374,0,1,1982,0,0,0,0,0,0,0,0,0,0
360374,2,1,1982,0,0,0,0,0,0,0,0,0,9
360375,0,1,1982,0,0,0,0,0,0,0,0,0,0
360375,1,1,1982,0,0,0,0,0,0,0,0,0,0
360376,0,1,1982,0,0,0,0,0,0,0,0,0,0
360376,1,1,1982,0,0,0,3,9,0,0,0,0,0
360377,0,1,1982,0,0,16,0,0,0,0,0,0,0
360377,1,1,1982,0,8,0,0,0,0,0,0,0,10
360378,0,1,1982,11,7,0,25,22,9,15,19,13,16
360378,1,1,1982,12,0,0,0,0,0,0,0,0,0
360379,0,1,1982,0,0,0,0,0,0,0,0,0,0
360379,1,1,1982,6,0,0,0,0,0,4,0,0,0
360380,1,1,1982,0,0,4,5,0,0,0,0,12,0
360380,2,1,1982,0,6,0,0,0,4,5,0,0,0
360381,1,1,1982,16,16,16,16,16,16,16,16,16,16
360382,1,1,1982,29,29,29,29,29,29,29,29,29,29
360383,1,1,1982,0,0,10,17,0,0,0,12,0,0
360384,0,1,1982,0,0,0,0,0,0,0,0,0,0
360384,1,1,1982,0,0,0,0,0,0,0,0,0,0
360385,1,1,1982,12,12,12,12,12,12,12,12,12,12
360386,0,1,1982,6,6,6,6,6,6,6,6,6,6
360386,1,1,1982,14,10,8,18,27,0,11,11,25,9
360387,0,1,1982,0,0,0,0,0,0,0,0,0,0
360387,1,1,1982,0,0,0,0,0,0,0,8,0,0
360388,1,1,1982,0,0,0,0,0,0,0,13,0,0
360389,1,1,1982,19,12,22,6,15,11,9,0,5,19
360390,0,1,1982,0,0,0,0,0,33,0,0,16,0
360390,1,1,1982,20,0,0,0,0,0,0,0,0,0
360391,0,1,1982,0,0,0,0,0,0,0,0,0,0
360391,1,1,1982,0,0,0,0,0,0,0,0,0,21
360392,0,1,1982,7,0,0,0,0,0,31,0,0,0
360392,1,1,1982,0,0,15,0,0,0,0,0,0,0
360393,1,1,1982,15,15,15,15,15,15,15,15,15,15
360394,1,1,1982,0,0,0,0,0,0,0,0,0,0
360395,0,1,1982,19,0,10,22,0,0,0,0,14,0
360395,1,1,1982,17,16,11,19,25,23,17,10,0,16
360396,1,1,1982,12,12,12,12,12,12,12,12,12,12
360396,2,1,1982,0,0,0,0,0,0,0,0,0,0
360397,1,1,1982,29,29,29,29,29,29,29,29,29,29
360397,2,1,1982,8,0,0,0,0,0,0,0,0,0
360397,3,1,1982,0,0,0,0,0,17,0,0,0,0
360398,0,1,1982,17,0,12,0,0,14,0,31,16,0
360398,0,2,1982,17,6,0,10,0,0,0,0,0,0
360398,1,1,1982,11,13,15,18,2,24,8,2,12,16
360399,1,1,1982,11,11,11,11,11,11,11,11,11,11
360400,1,1,1982,8,8,8,8,8,8,8,8,8,8
360401,1,1,1982,22,22,0,24,7,6,30,21,15,19
360402,0,1,1982,21,21,21,21,21,21,21,21,21,21
360402,1,1,1982,0,11,15,0,0,0,0,12,0,19
360402,2,1,1982,0,24,4,0,0,0,0,0,0,0
360403,0,1,1982,13,13,13,13,13,13,13,13,13,13
360403,1,1,1982,0,0,0,0,0,14,0,0,0,0
360404,1,1,1982,0,0,0,0,0,0,0,0,0,0
360404,2,1,1982,0,0,0,0,0,4,0,0,0,0
360405,1,1,1982,0,0,0,0,0,0,0,0,14,0
360405,2,1,1982,0,0,0,0,0,45,0,0,0,0
360406,1,1,1982,19,19,19,19,19,19,19,19,19,19
360407,1,1,1982,0,0,0,11,0,0,0,0,0,19
360408,1,1,1982,2,2,2,2,2,2,2,2,2,2
360408,2,1,1982,14,14,14,14,14,14,14,14,14,14
360409,0,1,1982,15,15,15,15,15,15,15,15,15,15
360409,1,1,1982,0,0,0,0,0,0,0,0,0,0
360410,1,1,1982,0,19,18,27,15,15,21,21,24,10
360411,0,1,1982,26,26,26,26,26,26,26,26,26,26
360411,1,1,1982,0,0,0,0,0,0,0,0,0,0
360412,1,1,1982,0,0,0,0,0,0,0,0,0,0
360412,2,1,1982,0,0,0,0,0,0,0,0,0,0
360413,1,1,1982,0,0,0,0,0,0,0,0,0,0
360413,2,1,1982,0,0,0,0,0,0,0,0,0,0
360414,1,1,1982,24,24,24,24,24,24,24,24,24,24
360414,2,1,1982,0,0,2,0,0,0,0,0,0,0
360414,3,1,1982,0,0,0,0,0,0,0,0,0,0
360414,4,1,1982,0,0,0,0,0,0,0,0,0,5
360414,5,1,1982,0,0,0,0,14,0,0,0,0,0
360415,1,1,1982,18,18,18,18,18,18,18,18,18,18
360416,1,1,1982,8,8,8,8,8,8,8,8,8,8
360416,2,1,1982,0,0,0,0,0,0,0,0,0,0
360416,3,1,1982,0,0,0,0,0,0,4,0,0,0
360417,0,1,1982,0,0,0,0,0,0,0,0,0,0
360417,1,1,1982,0,0,0,0,0,0,0,0,0,0
360418,1,1,1982,1,1,1,1,1,1,1,1,1,1
360418,2,1,1982,0,0,0,0,0,0,0,0,0,5
360419,1,1,1982,10,0,0,3,0,0,0,32,0,0
360419,2,1,1982,0,0,0,0,0,0,0,0,0,0
360420,1,1,1982,27,27,27,27,27,27,27,27,27,27
360420,2,1,1982,11,11,11,11,11,11,11,11,11,11
360421,1,1,1982,21,21,21,21,21,21,21,21,21,21
360421,2,1,1982,0,0,0,0,0,0,0,0,0,13
360422,1,1,1982,15,15,15,15,15,15,15,15,15,15
360423,1,1,1982,24,24,24,24,24,24,24,24,24,24
360423,2,1,1982,0,0,0,0,0,0,0,11,0,0
360424,1,1,1982,13,13,13,13,13,13,13,13,13,13
360425,0,1,1982,0,0,0,0,0,0,0,0,0,0
360425,1,1,1982,0,0,0,0,0,0,0,0,0,0
360426,1,1,1982,0,0,0,0,0,0,0,0,0,0
360426,2,1,1982,0,0,0,4,0,0,4,0,19,0
360427,1,1,1982,29,30,22,4,21,23,18,25,25,22
360428,1,1,1982,21,21,21,21,21,21,21,21,21,21
360430,0,1,1982,0,0,0,0,0,0,0,0,0,0
360430,0,2,1982,0,0,0,0,0,0,0,0,0,0
360430,1,1,1982,0,0,0,0,0,0,0,0,0,0
360431,0,1,1982,0,0,0,0,0,0,0,0,0,0
360431,1,1,1982,0,0,0,0,0,0,0,0,0,0
360432,0,1,1982,10,0,0,0,0,0,0,28,9,0
360432,1,1,1982,10,16,33,17,17,24,14,15,7,0
360433,1,1,1982,6,14,23,29,7,9,14,10,24,24
360433,2,1,1982,0,0,4,0,0,0,21,0,0,0
360434,1,1,1982,0,0,0,0,0,0,0,0,0,0
360434,2,1,1982,0,0,0,0,0,0,0,0,0,0
360435,1,1,1982,21,21,21,21,21,21,21,21,21,21
360435,2,1,1982,0,0,20,0,0,0,0,13,0,0
360435,3,1,1982,0,0,0,0,0,0,0,0,0,0
360436,1,1,1982,0,0,0,0,0,0,0,13,0,13
360437,0,1,1982,0,0,0,0,0,0,0,0,0,0
360437,1,1,1982,0,0,0,0,0,0,0,0,0,0
360438,0,1,1982,0,0,0,0,0,0,0,0,0,0
360438,1,1,1982,0,17,0,0,0,0,0,0,18,0
360439,0,1,1982,22,22,22,22,22,22,22,22,22,22
360439,1,1,1982,18,0,8,25,29,0,24,25,31,0
360440,1,1,1982,18,15,14,10,10,3,9,0,7,8
360440,2,1,1982,9,9,9,9,9,9,9,9,9,9
360441,0,1,1982,17,17,17,17,17,17,17,17,17,17
360441,1,1,1982,14,19,15,0,25,0,0,12,0,0
360442,0,1,1982,0,0,0,0,0,0,0,0,0,0
360442,2,1,1982,0,0,0,0,8,0,0,0,0,0
360443,1,1,1982,23,13,22,19,24,13,8,8,28,36
360444,1,1,1982,0,0,0,0,0,0,0,0,0,0
360445,1,1,1982,0,0,0,0,0,0,0,0,0,0
360446,1,1,1982,0,0,0,0,12,0,0,24,0,0
360446,2,1,1982,0,0,0,0,0,0,0,0,0,0
360447,1,1,1982,25,25,25,25,25,25,25,25,25,25
360448,0,1,1982,0,0,0,0,0,0,0,0,0,0
360448,1,1,1982,0,0,0,0,0,0,0,0,0,0
360449,1,1,1982,0,7,0,0,0,10,0,0,0,0
360449,2,1,1982,0,0,0,0,0,0,7,11,0,0
360450,0,1,1982,11,11,11,11,11,11,11,11,11,11
360450,1,1,1982,0,0,0,0,0,0,0,0,0,0
360451,1,1,1982,0,7,0,15,0,0,18,0,3,0
360452,0,1,1982,0,0,0,0,0,0,0,0,0,0
360452,1,1,1982,0,0,0,0,0,0,0,0,0,12
360453,1,1,1982,0,0,0,0,0,0,0,0,0,0
360453,2,1,1982,0,0,0,0,0,0,23,0,0,0
360454,1,1,1982,14,14,14,14,14,14,14,14,14,14
360454,2,1,1982,12,0,0,0,19,0,9,0,0,0
360455,1,1,1982,16,14,20,22,9,16,17,18,13,23
360455,2,1,1982,0,7,0,17,0,10,0,0,19,5
360456,0,1,1982,0,0,0,0,0,0,0,0,0,0
360456,1,1,1982,0,0,0,0,0,0,0,0,0,0
360458,0,1,1982,0,0,0,0,0,13,23,20,0,16
360458,1,1,1982,0,0,0,0,0,22,0,0,0,0
360459,1,1,1982,22,22,22,22,22,22,22,22,22,22
360460,1,1,1982,24,24,24,24,24,24,24,24,24,24
360461,0,1,1982,12,7,21,10,0,20,0,20,0,18
360461,0,2,1982,0,0,0,0,0,0,0,0,0,0
360461,1,1,1982,18,15,0,12,11,17,16,24,12,9
360462,1,1,1982,10,10,10,10,10,10,10,10,10,10
360463,1,1,1982,20,20,20,20,20,20,20,20,20,20
360463,2,1,1982,2,0,0,0,0,0,0,0,0,0
360464,1,1,1982,8,5,0,16,13,0,20,10,18,0
360465,0,1,1982,14,0,0,14,0,0,0,0,0,26
360465,1,1,1982,0,0,0,0,0,0,0,0,0,18
360466,1,1,1982,22,22,22,22,22,22,22,22,22,22
360466,2,1,1982,0,0,0,0,0,0,0,0,0,0
360467,1,1,1982,0,0,0,0,0,0,11,0,0,0
360467,2,1,1982,9,9,9,9,9,9,9,9,9,9
360468,0,1,1982,0,0,0,0,0,0,0,0,0,0
360468,1,1,1982,0,0,0,0,0,0,0,0,0,0
360469,1,1,1982,0,0,0,0,0,0,0,0,0,0
360469,2,1,1982,0,0,0,0,0,0,0,0,0,0
360469,3,1,1982,0,0,0,0,0,0,0,0,0,0
360470,0,1,1982,17,13,33,0,0,0,40,0,28,0
360470,1,1,1982,0,7,17,22,22,0,16,7,0,0
360471,0,1,1982,7,7,7,7,7,7,7,7,7,7
360471,1,1,1982,0,0,0,0,0,0,0,0,0,0
360472,1,1,1982,8,0,0,0,0,0,4,0,0,0
360473,1,1,1982,0,0,0,0,0,10,0,0,0,0
360473,2,1,1982,0,0,0,0,0,0,0,0,0,0
360474,1,1,1982,13,13,13,13,13,13,13,13,13,13
360475,1,1,1982,0,0,0,0,0,0,0,0,0,0
360475,2,1,1982,21,21,21,21,21,21,21,21,21,21
360476,1,1,1982,25,29,7,14,14,0,19,7,6,12
360477,1,1,1982,0,0,0,26,0,0,0,0,0,0
360478,1,1,1982,11,11,11,11,11,11,11,11,11,11
360479,1,1,1982,0,0,0,0,0,0,0,0,0,0
360479,2,1,1982,10,0,2,26,15,18,13,20,19,11
360480,1,1,1982,5,5,5,5,5,5,5,5,5,5
360481,0,1,1982,0,0,0,0,0,0,0,0,0,0
360481,1,1,1982,9,5,18,3,10,16,21,27,24,15
360482,0,1,1982,0,0,0,0,0,0,0,0,0,0
360482,1,1,1982,0,0,15,0,0,28,0,19,0,0
360483,1,1,1982,0,0,0,0,0,0,0,0,0,0
360483,2,1,1982,0,0,0,0,0,0,0,0,0,0
360484,1,1,1982,19,19,19,19,19,19,19,19,19,19
360485,1,1,1982,20,20,20,20,20,20,20,20,20,20
360486,1,1,1982,0,0,0,0,0,17,0,0,0,0
360487,1,1,1982,16,11,26,23,17,17,21,18,18,18
360487,2,1,1982,0,11,27,0,0,0,5,0,13,0
360488,1,1,1982,0,0,0,0,0,0,0,0,0,0
360488,2,1,1982,0,0,0,0,0,0,7,0,0,0
360489,1,1,1982,13,13,13,13,13,13,13,13,13,13
360490,1,1,1982,0,0,0,0,0,0,0,0,0,0
360490,2,1,1982,0,0,0,0,0,0,0,0,0,0
360491,1,1,1982,21,21,15,14,10,13,20,4,16,12
360492,0,1,1982,0,0,0,0,0,0,0,0,0,0
360492,1,1,1982,0,0,0,0,0,4,0,0,0,0
360493,0,1,1982,0,0,0,0,0,0,0,0,0,0
360493,1,1,1982,0,0,0,0,0,0,0,0,0,0
360494,0,1,1982,0,0,0,0,0,0,0,0,0,0
360494,1,1,1982,0,0,0,0,0,0,0,0,0,0
360495,0,1,1982,0,0,0,0,0,0,0,0,0,0
360495,1,1,1982,0,0,0,0,11,0,0,0,0,0
360496,1,1,1982,7,7,7,7,7,7,7,7,7,7
360497,1,1,1982,0,0,0,15,0,0,0,0,0,0
360497,2,1,1982,0,0,0,14,0,0,0,0,14,0
360498,0,1,1982,0,0,0,0,0,0,14,0,0,0
360498,1,1,1982,0,0,0,0,0,11,0,0,0,0
360499,0,1,1982,0,13,0,0,0,0,11,18,0,0
360499,1,1,1982,4,4,4,4,4,4,4,4,4,4
360500,0,1,1982,17,0,0,0,0,0,0,0,0,0
360500,1,1,1982,0,0,0,0,0,0,0,0,0,0
360501,1,1,1982,0,0,0,0,0,0,0,0,0,0
360501,2,1,1982,0,0,0,0,0,0,0,0,0,0
360502,0,1,1982,29,29,29,29,29,29,29,29,29,29
360502,1,1,1982,0,0,0,0,0,0,0,16,0,0
360503,1,1,1982,8,12,7,21,14,11,12,14,9,9
360504,0,1,1982,19,19,19,19,19,19,19,19,19,19
360504,1,1,1982,0,0,0,0,0,0,0,0,0,0
360505,0,1,1982,30,30,30,30,30,30,30,30,30,30
360505,1,1,1982,26,11,18,4,8,14,7,17,11,17
360506,1,1,1982,0,0,0,0,0,0,0,0,0,0
360507,1,1,1982,0,0,0,0,0,0,0,12,0,0
360508,1,1,1982,0,0,0,0,0,0,0,0,0,0
360508,2,1,1982,0,0,0,0,0,0,0,7,0,9
360509,1,1,1982,3,2,0,0,11,0,0,7,11,17
360509,2,1,1982,0,0,0,0,0,0,0,0,0,0
360510,0,1,1982,11,0,0,22,11,0,21,16,0,6
360510,1,1,1982,9,0,12,20,7,17,18,34,15,10
360511,0,1,1982,0,0,0,0,0,0,0,0,0,0
360511,1,1,1982,0,0,0,0,0,12,0,0,0,0
360512,0,1,1982,21,21,21,21,21,21,21,21,21,21
360512,1,1,1982,0,0,0,0,0,0,0,9,0,0
360513,1,1,1982,12,20,0,0,15,0,0,16,0,0
360514,1,1,1982,0,0,0,0,0,0,15,13,6,13
360515,0,1,1982,11,11,11,11,11,11,11,11,11,11
360515,1,1,1982,0,0,0,0,0,0,0,0,0,0
360516,0,1,1982,28,28,28,28,28,28,28,28,28,28
360516,0,2,1982,0,0,0,0,0,0,0,0,0,0
360516,1,1,1982,0,0,0,0,0,0,0,0,0,0
360517,1,1,1982,11,16,22,28,13,16,16,31,24,31
360518,1,1,1982,0,16,0,0,0,0,0,0,0,0
360519,1,1,1982,24,9,12,17,9,0,16,0,14,20
360520,1,1,1982,25,25,25,25,25,25,25,25,25,25
360521,0,1,1982,0,0,0,0,0,0,0,0,0,0
360521,1,1,1982,0,0,0,0,0,0,0,0,0,0
360522,1,1,1982,0,0,0,0,0,0,0,0,0,0
360523,1,1,1982,0,0,0,0,0,0,0,0,0,0
360523,2,1,1982,0,14,0,0,0,0,0,0,0,0