ST_CASE,VEH_NO,PER_NO,YEAR,P1,P2,P3,P4,P5,P6,P7,P8,P9,P10
360524,1,1,1982,6,6,6,6,6,6,6,6,6,6
360525,1,1,1982,0,0,0,0,0,0,0,0,0,0
360525,2,1,1982,0,0,0,0,0,0,0,0,0,0
360525,3,1,1982,0,0,0,0,0,16,0,0,0,0
360526,1,1,1982,0,0,0,0,19,0,0,0,0,0
360527,0,1,1982,6,6,6,6,6,6,6,6,6,6
360527,1,1,1982,12,0,0,0,0,0,0,0,0,0
360528,0,1,1982,12,19,0,0,20,0,8,0,0,0
360528,1,1,1982,0,0,18,11,0,18,0,8,0,13
360529,1,1,1982,17,10,19,8,6,23,7,21,19,28
360530,0,1,1982,28,28,28,28,28,28,28,28,28,28
360530,1,1,1982,0,0,0,0,0,0,0,0,0,0
360530,2,1,1982,32,15,27,22,0,0,11,21,30,3
360530,3,1,1982,17,0,21,14,0,0,12,19,14,0
360531,1,1,1982,0,0,0,0,0,0,0,0,0,0
360532,1,1,1982,17,17,17,17,17,17,17,17,17,17
360533,1,1,1982,4,4,4,4,4,4,4,4,4,4
360533,2,1,1982,0,0,0,0,0,0,0,0,0,0
360534,0,1,1982,0,0,0,0,0,0,0,0,0,0
360534,1,1,1982,0,0,9,0,0,0,0,0,0,0
360535,1,1,1982,0,0,0,0,0,0,0,25,0,0
360535,2,1,1982,12,12,12,12,12,12,12,12,12,12
360536,0,1,1982,0,0,0,0,0,0,0,0,0,0
360536,1,1,1982,0,0,0,0,0,0,0,0,0,0
360537,1,1,1982,0,0,0,0,0,0,0,0,0,0
360537,2,1,1982,0,0,0,0,0,0,0,0,0,0
360538,1,1,1982,13,14,22,14,14,21,20,22,9,11
360539,0,1,1982,12,12,12,12,12,12,12,12,12,12
360539,1,1,1982,32,12,0,0,12,12,30,0,0,0
360540,1,1,1982,16,0,0,0,0,9,0,21,24,0
360541,1,1,1982,12,12,12,12,12,12,12,12,12,12
360542,1,1,1982,7,8,9,6,17,10,7,14,12,2
360543,0,1,1982,21,21,21,21,21,21,21,21,21,21
360543,1,1,1982,3,0,0,0,18,0,0,26,0,8
360544,1,1,1982,9,22,18,13,11,20,5,14,21,20
360544,2,1,1982,14,14,14,14,14,14,14,14,14,14
360545,1,1,1982,8,23,9,22,3,11,11,28,11,17
360546,1,1,1982,0,0,0,0,0,0,0,0,0,0
360546,2,1,1982,0,0,0,0,0,0,0,0,0,0
360546,3,1,1982,0,0,12,0,0,0,0,0,0,0
360547,0,1,1982,3,3,3,3,3,3,3,3,3,3
360547,1,1,1982,0,12,0,0,0,9,0,0,0,0
360548,0,1,1982,0,0,0,0,0,0,0,0,0,0
360548,1,1,1982,0,0,0,0,3,0,0,0,0,0
360549,1,1,1982,20,20,20,20,20,20,20,20,20,20
360550,1,1,1982,24,0,41,16,23,17,24,13,27,22
360551,1,1,1982,0,0,0,0,0,0,0,0,0,0
360552,0,1,1982,0,0,0,0,0,0,0,0,0,0
360552,0,2,1982,0,0,0,0,0,0,0,0,0,0
360552,1,1,1982,0,0,0,0,0,17,15,0,3,0
360553,1,1,1982,0,0,0,0,0,0,0,0,0,0
360553,2,1,1982,24,24,24,24,24,24,24,24,24,24
360554,0,1,1982,0,0,0,9,0,0,0,0,0,0
360554,1,1,1982,21,21,21,21,21,21,21,21,21,21
360555,0,1,1982,0,0,0,0,0,0,0,0,0,0
360555,1,1,1982,0,0,0,0,0,0,0,0,0,0
360556,1,1,1982,0,0,0,0,0,0,0,0,0,0
360556,2,1,1982,27,15,14,19,9,35,23,15,12,0
360556,3,1,1982,0,0,0,0,0,0,0,0,0,0
360557,1,1,1982,0,0,0,0,0,0,0,0,0,0
360558,1,1,1982,0,0,0,0,0,0,0,0,0,0
360558,2,1,1982,0,0,0,0,0,0,0,0,0,0
360559,1,1,1982,15,0,0,0,0,0,0,0,0,0
360560,1,1,1982,14,14,14,14,14,14,14,14,14,14
360561,1,1,1982,13,13,13,13,13,13,13,13,13,13
360561,2,1,1982,0,0,0,0,0,0,0,0,0,0
360562,1,1,1982,0,0,14,0,0,0,0,0,13,0
360562,2,1,1982,16,16,16,16,16,16,16,16,16,16
360563,0,1,1982,0,0,0,17,0,0,16,0,0,0
360563,1,1,1982,0,0,0,0,0,0,0,0,0,0
360564,1,1,1982,17,17,17,17,17,17,17,17,17,17
360564,2,1,1982,0,0,0,0,0,0,0,0,0,0
360565,1,1,1982,0,0,0,0,0,5,0,0,13,0
360565,2,1,1982,0,0,0,0,0,0,0,0,0,0
360566,0,1,1982,0,0,0,0,0,0,0,0,0,0
360566,1,1,1982,0,15,0,0,0,0,0,0,0,0
360567,1,1,1982,15,22,21,16,21,23,14,17,28,19
360567,2,1,1982,19,19,19,19,19,19,19,19,19,19
360568,1,1,1982,0,0,0,0,0,0,0,0,0,0
360568,2,1,1982,0,0,0,0,0,0,0,0,0,0
360569,1,1,1982,0,0,0,17,0,19,0,0,0,0
360569,2,1,1982,0,0,0,0,0,0,0,0,0,0
360570,0,1,1982,0,0,0,0,0,0,0,0,0,0
360570,1,1,1982,9,0,8,12,0,0,12,0,0,0
360571,0,1,1982,0,0,0,0,0,0,0,0,0,0
360571,1,1,1982,0,0,7,0,0,0,0,0,0,0
360573,1,1,1982,0,20,8,0,0,17,3,9,0,0
360574,1,1,1982,0,0,0,0,0,0,0,0,0,0
360574,2,1,1982,15,15,15,12,0,0,17,16,6,10
360575,0,1,1982,15,15,15,15,15,15,15,15,15,15
360575,1,1,1982,0,0,22,0,28,25,10,11,3,0
360576,1,1,1982,21,21,21,21,21,21,21,21,21,21
360577,1,1,1982,0,0,0,0,0,0,0,0,0,0
360578,0,1,1982,0,0,0,0,0,0,0,0,0,0
360578,1,1,1982,0,0,0,0,0,0,0,0,0,0
360579,0,1,1982,0,19,0,0,0,0,0,0,0,0
360579,1,1,1982,0,0,8,0,0,0,0,0,10,0
360580,1,1,1982,5,5,5,5,5,5,5,5,5,5
360581,0,1,1982,13,6,29,9,16,0,7,2,13,0
360581,2,1,1982,20,0,0,13,8,19,21,0,7,4
360582,1,1,1982,0,0,0,0,0,0,0,0,0,0
360582,2,1,1982,5,0,0,0,0,0,0,0,0,0
360583,0,1,1982,12,0,7,8,0,12,0,28,14,18
360583,1,1,1982,10,10,10,10,10,10,10,10,10,10
360585,1,1,1982,0,15,0,0,0,0,0,0,0,0
360586,1,1,1982,10,10,10,10,10,10,10,10,10,10
360586,2,1,1982,0,0,0,0,0,0,0,0,0,0
360587,1,1,1982,0,0,0,0,0,0,0,0,0,0
360587,2,1,1982,0,0,0,0,0,0,0,0,0,0
360588,1,1,1982,15,15,15,15,15,15,15,15,15,15
360589,1,1,1982,10,10,10,10,10,10,10,10,10,10
360590,1,1,1982,9,17,12,0,22,0,0,0,19,8
360590,2,1,1982,3,9,16,4,15,0,7,10,25,8
360591,0,1,1982,0,0,0,0,0,0,0,0,0,0
360591,1,1,1982,0,0,0,0,0,0,0,0,0,0
360592,1,1,1982,10,10,10,10,10,10,10,10,10,10
360592,2,1,1982,0,0,0,0,0,0,0,0,0,0
360593,1,1,1982,16,22,26,18,21,8,25,26,9,39
360594,1,1,1982,0,0,0,0,0,0,0,0,0,0
360594,2,1,1982,0,0,0,0,0,0,0,0,0,0
360595,0,1,1982,0,0,0,0,0,0,0,0,0,0
360595,0,2,1982,0,0,0,0,0,0,0,0,0,0
360595,1,1,1982,0,0,0,0,0,8,0,0,0,0
360595,2,1,1982,0,0,0,0,0,0,15,0,0,0
360596,1,1,1982,0,0,19,0,24,6,0,0,14,21
360597,1,1,1982,16,16,16,16,16,16,16,16,16,16
360598,1,1,1982,0,0,13,0,20,0,27,0,15,14
360599,1,1,1982,0,0,0,0,0,0,0,0,0,0
360599,2,1,1982,0,0,0,0,0,0,0,0,0,0
360600,1,1,1982,25,25,25,25,25,25,25,25,25,25
360601,1,1,1982,28,11,14,0,0,33,27,0,13,12
360602,1,1,1982,6,6,6,6,6,6,6,6,6,6
360603,1,1,1982,12,12,12,12,12,12,12,12,12,12
360604,0,1,1982,0,0,0,0,0,0,0,0,0,0
360604,1,1,1982,0,0,0,0,0,0,0,0,0,0
360605,1,1,1982,2,2,2,2,2,2,2,2,2,2
360606,0,1,1982,0,0,0,0,0,0,0,0,0,0
360606,1,1,1982,0,0,0,0,0,0,0,0,0,0
360607,0,1,1982,4,4,4,4,4,4,4,4,4,4
360607,1,1,1982,0,0,0,0,0,0,0,0,0,0
360608,0,1,1982,0,0,0,0,0,0,0,0,0,0
360608,1,1,1982,0,0,12,0,0,0,0,0,0,0
360609,1,1,1982,0,0,0,0,0,0,0,0,0,0
360609,2,1,1982,0,0,0,0,0,0,0,0,0,0
360610,1,1,1982,16,16,16,16,16,16,16,16,16,16
360611,1,1,1982,8,8,8,8,8,8,8,8,8,8
360611,2,1,1982,0,0,0,0,0,0,0,0,0,0
360612,0,1,1982,0,0,0,0,0,0,0,0,0,0
360612,1,1,1982,0,0,0,0,0,0,0,0,0,0
360613,0,1,1982,0,0,0,0,0,0,0,0,0,0
360613,1,1,1982,0,0,0,5,0,0,0,6,0,0
360614,0,1,1982,11,11,11,11,11,11,11,11,11,11
360614,1,1,1982,0,0,0,0,0,0,0,0,0,0
360615,0,1,1982,0,0,0,0,0,30,0,0,0,0
360615,1,1,1982,0,0,0,0,21,0,0,0,0,0
360616,0,1,1982,18,18,18,18,18,18,18,18,18,18
360616,1,1,1982,0,0,0,0,0,0,0,0,0,0
360617,1,1,1982,0,15,18,7,23,5,14,9,4,8
360617,2,1,1982,9,7,0,7,7,4,14,13,12,0
360618,1,1,1982,0,0,0,0,0,0,0,0,0,0
360618,2,1,1982,9,0,23,0,0,0,0,0,0,0
360619,0,1,1982,0,13,34,0,0,0,0,0,0,0
360619,0,2,1982,0,0,0,14,0,22,0,29,0,0
360619,0,3,1982,0,0,18,0,14,16,25,22,37,13
360619,0,4,1982,0,0,0,28,29,16,25,19,0,13
360619,0,5,1982,0,0,40,0,0,16,25,0,0,0
360619,1,1,1982,0,0,0,0,0,0,0,0,0,0
360620,1,1,1982,8,8,8,8,8,8,8,8,8,8
360621,1,1,1982,0,0,0,13,0,0,0,0,0,0
360621,2,1,1982,0,0,0,0,0,0,0,0,0,0
360621,3,1,1982,0,0,0,0,0,0,0,0,0,0
360622,0,1,1982,0,0,0,0,0,0,0,0,0,0
360622,1,1,1982,0,0,0,0,0,0,16,0,15,0
360623,1,1,1982,14,14,14,14,14,14,14,14,14,14
360624,0,1,1982,0,0,0,0,0,0,0,0,0,0
360624,1,1,1982,0,0,0,0,0,0,0,0,0,0
360625,1,1,1982,0,0,0,0,0,0,0,0,0,0
360625,2,1,1982,0,0,0,0,0,0,0,0,0,0
360626,0,1,1982,11,0,0,0,0,0,11,0,0,0
360626,1,1,1982,0,0,0,0,0,0,0,0,0,0
360627,1,1,1982,0,0,0,0,0,0,0,0,0,0
360627,2,1,1982,0,0,0,0,0,0,0,0,0,0
360627,3,1,1982,0,0,0,0,0,0,0,0,0,0
360628,0,1,1982,0,0,0,19,15,0,12,0,25,10
360628,1,1,1982,0,0,0,0,0,0,0,0,0,0
360629,1,1,1982,0,0,0,0,0,0,0,0,0,0
360629,2,1,1982,0,0,0,0,0,0,0,0,14,0
360630,1,1,1982,13,11,25,13,23,11,0,9,52,10
360631,1,1,1982,0,0,0,0,0,0,0,0,0,0
360631,2,1,1982,0,0,0,0,0,0,0,0,0,0
360632,1,1,1982,0,16,15,0,17,0,0,0,0,4
360633,0,1,1982,0,0,0,0,0,0,0,5,34,0
360633,1,1,1982,14,19,7,11,26,17,28,19,23,8
360634,1,1,1982,21,21,21,21,21,21,21,21,21,21
360635,1,1,1982,11,11,11,11,11,11,11,11,11,11
360636,1,1,1982,0,0,0,0,0,0,0,0,0,0
360637,0,1,1982,0,0,0,0,0,0,0,0,0,0
360637,1,1,1982,0,0,0,0,0,0,0,0,0,0
360638,1,1,1982,5,5,5,5,5,5,5,5,5,5
360639,1,1,1982,20,20,20,20,20,20,20,20,20,20
360639,2,1,1982,0,0,0,0,0,0,0,0,0,0
360639,3,1,1982,0,0,0,0,0,0,0,0,0,0
360640,1,1,1982,18,18,18,18,18,18,18,18,18,18
360640,2,1,1982,0,0,12,0,0,0,0,0,0,0
360641,1,1,1982,2,2,2,2,2,2,2,2,2,2
360642,1,1,1982,16,16,7,12,5,16,32,12,9,0
360642,2,1,1982,7,7,7,7,7,7,7,7,7,7
360643,0,1,1982,8,8,8,8,8,8,8,8,8,8
360643,1,1,1982,0,0,0,0,7,0,0,0,0,0
360644,1,1,1982,0,0,0,0,0,0,0,0,0,0
360644,2,1,1982,0,0,0,0,15,0,0,0,13,14
360645,1,1,1982,18,12,0,11,0,0,0,0,0,3
360645,2,1,1982,0,0,3,0,0,0,0,0,0,0
360646,1,1,1982,0,0,0,0,0,0,0,0,0,0
360646,2,1,1982,0,0,0,0,0,0,0,0,0,0
360646,3,1,1982,0,0,0,0,0,0,0,0,0,0
360647,1,1,1982,0,0,0,0,0,0,0,0,0,0
360648,1,1,1982,18,18,18,18,18,18,18,18,18,18
360649,0,1,1982,0,0,0,0,0,0,0,0,0,0
360649,1,1,1982,0,5,0,0,0,0,0,0,0,0
360650,0,1,1982,0,0,0,27,0,0,0,18,0,0
360650,1,1,1982,6,7,4,14,15,22,19,12,26,25
360651,1,1,1982,12,12,12,12,12,12,12,12,12,12
360652,1,1,1982,15,15,15,15,15,15,15,15,15,15
360652,2,1,1982,0,0,0,0,0,0,0,0,15,0
360653,0,1,1982,0,0,0,0,0,0,0,0,0,0
360653,1,1,1982,0,0,0,0,0,0,0,0,0,0
360654,1,1,1982,19,0,15,0,0,0,23,6,0,4
360655,1,1,1982,0,7,0,0,15,0,0,0,0,0
360655,2,1,1982,17,10,0,0,29,16,21,24,26,17
360656,0,1,1982,0,0,0,0,0,0,0,0,0,0
360656,1,1,1982,0,0,0,0,0,0,0,0,0,0
360657,1,1,1982,0,14,0,0,17,18,0,15,0,0
360658,1,1,1982,0,0,0,0,0,0,5,0,10,0
360659,1,1,1982,0,0,0,0,0,0,0,0,0,0
360659,2,1,1982,0,0,0,0,0,0,0,0,0,0
360659,3,1,1982,0,0,0,0,11,0,0,0,0,0
360659,4,1,1982,0,0,0,0,0,0,0,0,0,0
360660,1,1,1982,0,0,0,39,0,0,16,0,7,0
360662,1,1,1982,0,0,0,0,13,0,0,0,0,0
360662,2,1,1982,19,3,29,22,14,11,22,3,8,14
360663,0,1,1982,0,0,0,0,0,0,0,0,0,0
360663,1,1,1982,0,0,0,0,0,0,0,0,0,0
360664,1,1,1982,0,0,17,0,12,0,0,0,0,0
360664,2,1,1982,0,0,0,0,0,3,0,0,0,0
360665,1,1,1982,0,0,0,0,0,0,0,0,0,0
360665,2,1,1982,0,0,0,0,0,0,0,0,0,0
360666,0,1,1982,0,0,0,0,7,0,0,0,0,0
360666,1,1,1982,0,0,12,0,0,0,0,0,0,0
360667,1,1,1982,0,0,0,4,0,0,0,0,0,9
360668,0,1,1982,12,21,0,0,0,0,0,21,0,0
360668,1,1,1982,0,0,0,0,0,0,0,0,0,0
360669,1,1,1982,0,0,0,23,5,0,0,0,0,0
360670,0,1,1982,21,35,20,31,31,19,39,40,18,23
360670,1,1,1982,0,9,0,0,0,0,0,7,0,0
360671,0,1,1982,20,15,8,0,23,37,5,0,11,0
360671,1,1,1982,0,0,0,0,0,0,0,24,0,0
360672,0,1,1982,0,16,0,0,0,25,0,39,0,0
360672,1,1,1982,8,19,6,19,4,11,19,15,13,0
360673,1,1,1982,8,13,22,16,25,15,21,20,32,19
360674,1,1,1982,8,0,0,0,0,0,0,0,0,0
360674,2,1,1982,0,0,0,0,0,0,0,0,0,0
360675,1,1,1982,13,13,13,13,13,13,13,13,13,13
360676,1,1,1982,35,35,35,35,35,35,35,35,35,35
360677,1,1,1982,0,0,26,0,0,0,0,0,0,0
360677,2,1,1982,0,0,0,0,0,0,0,0,0,0
360678,0,1,1982,0,18,0,0,0,0,4,0,0,0
360678,1,1,1982,0,0,0,0,0,0,0,0,0,0
360679,0,1,1982,0,0,0,0,0,0,0,0,0,0
360679,1,1,1982,0,0,0,0,0,0,0,0,0,0
360680,1,1,1982,8,8,8,8,8,8,8,8,8,8
360681,0,1,1982,0,0,0,0,0,0,32,8,52,0
360681,0,2,1982,23,23,27,0,0,6,0,22,0,30
360681,1,1,1982,0,0,0,0,0,0,0,0,0,0
360682,1,1,1982,0,0,0,3,0,0,0,0,0,0
360682,2,1,1982,0,0,0,0,0,0,0,0,0,0
360682,3,1,1982,0,0,0,0,0,0,0,0,0,0
360683,1,1,1982,0,0,0,0,0,0,0,0,0,0
360684,1,1,1982,2,2,2,2,2,2,2,2,2,2
360685,1,1,1982,0,0,0,0,0,0,0,0,0,0
360685,2,1,1982,0,0,0,0,0,0,0,0,0,0
360685,3,1,1982,0,0,0,0,0,0,0,0,0,0
360686,1,1,1982,0,0,0,0,0,0,0,0,0,0
360687,0,1,1982,25,25,25,25,25,25,25,25,25,25
360687,1,1,1982,21,23,36,15,4,6,0,15,23,23
360688,1,1,1982,0,0,0,0,24,0,0,0,18,0
360688,2,1,1982,0,0,0,0,0,0,0,0,0,0
360688,3,1,1982,0,0,0,0,0,0,7,17,0,0
360689,0,1,1982,0,0,0,0,0,0,0,0,0,0
360689,1,1,1982,0,0,0,0,0,0,0,0,0,0
360690,0,1,1982,15,0,0,16,0,0,0,0,0,0
360690,0,2,1982,0,0,7,0,8,25,6,0,7,10
360690,1,1,1982,3,5,19,17,12,9,25,18,28,25
360690,2,1,1982,16,0,0,0,0,0,0,8,0,0
360691,1,1,1982,0,0,0,0,0,0,0,0,0,0
360692,1,1,1982,5,5,5,5,5,5,5,5,5,5
360692,2,1,1982,0,0,0,0,13,0,0,0,0,0
360693,1,1,1982,0,0,0,0,0,0,0,4,0,0
360693,2,1,1982,0,0,0,0,0,0,0,0,0,0
360694,1,1,1982,12,12,12,12,12,12,12,12,12,12
360695,1,1,1982,13,19,4,11,24,13,15,26,19,19
360696,0,1,1982,0,0,0,0,0,0,0,0,0,0
360696,2,1,1982,0,24,0,0,0,0,0,0,0,0
360697,1,1,1982,13,13,13,13,13,13,13,13,13,13
360698,1,1,1982,0,0,20,0,14,0,10,0,0,0
360699,1,1,1982,15,15,15,15,15,15,15,15,15,15
360700,1,1,1982,19,13,14,14,11,15,12,2,4,18
360700,2,1,1982,0,0,0,0,0,0,0,0,0,0
360701,0,1,1982,11,0,0,0,0,3,2,8,0,0
360701,1,1,1982,21,16,29,17,15,15,13,15,20,12
360702,1,1,1982,0,0,0,0,0,0,0,0,0,0
360703,0,1,1982,25,41,12,20,21,31,8,13,0,30
360703,1,1,1982,20,0,34,12,17,16,18,0,14,19
360704,0,1,1982,4,0,0,0,0,0,0,11,0,15
360704,1,1,1982,0,0,0,0,0,0,0,0,0,0
360705,1,1,1982,0,0,0,0,0,0,0,0,0,0
360705,2,1,1982,0,0,0,0,0,0,0,0,0,8
360706,1,1,1982,19,20,15,12,23,12,24,12,13,11
360707,1,1,1982,9,14,20,3,7,21,7,7,20,33
360708,1,1,1982,0,0,0,0,0,0,0,0,0,0
360708,2,1,1982,0,0,0,0,0,20,0,0,0,0
360709,1,1,1982,0,9,0,0,0,0,0,0,0,0
360709,2,1,1982,0,0,8,23,0,0,0,0,0,0
360710,0,1,1982,0,0,0,0,0,0,0,0,0,0
360710,1,1,1982,0,0,0,0,0,0,0,0,0,0
360711,1,1,1982,0,0,0,0,0,0,0,0,0,0
360712,1,1,1982,0,0,0,6,16,0,0,0,0,0
360712,2,1,1982,0,0,0,0,0,0,0,0,0,0
360713,0,1,1982,0,0,0,0,0,0,0,0,0,0
360713,1,1,1982,0,0,0,0,0,0,0,0,0,0
360714,1,1,1982,17,17,17,17,17,17,17,17,17,17
360715,1,1,1982,14,11,26,0,0,8,0,0,0,0
360715,2,1,1982,0,17,0,0,10,0,0,0,0,0
360716,0,1,1982,19,19,19,19,19,19,19,19,19,19
360716,1,1,1982,0,0,0,0,0,0,0,11,0,0
360717,0,1,1982,0,0,0,0,0,0,0,0,0,0
360717,0,2,1982,24,23,31,0,0,13,23,9,29,24
360717,1,1,1982,0,0,8,0,0,0,0,0,0,0
360718,1,1,1982,0,20,0,0,0,21,0,26,0,0
360718,2,1,1982,0,0,0,0,0,0,0,0,0,0
360719,0,1,1982,0,0,0,0,0,0,0,0,0,0
360719,1,1,1982,0,0,0,0,0,0,0,0,0,8
360720,0,1,1982,10,11,19,41,25,14,0,15,0,5
360720,0,2,1982,20,0,16,0,21,17,4,38,0,19
360720,0,3,1982,28,43,11,0,22,22,13,40,16,25
360720,1,1,1982,0,0,21,0,0,12,0,0,0,0
360720,2,1,1982,0,0,0,0,0,11,0,0,0,0
360721,0,1,1982,0,0,0,0,0,0,0,0,0,0
360721,1,1,1982,0,0,0,0,0,0,0,0,0,11
360722,1,1,1982,10,8,7,0,4,33,7,7,15,11
360722,2,1,1982,0,0,0,0,0,0,0,0,0,0
360723,1,1,1982,0,0,0,0,0,0,0,0,0,0
360723,2,1,1982,0,0,0,0,0,0,0,0,0,0
360724,1,1,1982,0,9,0,0,0,0,11,11,0,31
360725,1,1,1982,0,11,10,0,3,0,0,0,14,0
360726,0,1,1982,0,0,0,0,0,0,0,0,0,0
360726,1,1,1982,0,0,0,0,0,0,0,0,0,0
360727,1,1,1982,14,6,6,13,8,16,9,12,4,18
360727,2,1,1982,0,0,0,0,0,0,6,0,0,0
360728,1,1,1982,0,0,0,0,0,0,0,0,0,0
360728,2,1,1982,0,23,0,0,0,0,0,0,0,0
360729,0,1,1982,21,0,0,0,0,0,0,0,0,0
360729,1,1,1982,0,0,0,0,0,0,0,0,0,0
360730,0,1,1982,0,0,0,0,0,0,0,0,0,0
360730,1,1,1982,0,0,0,0,0,4,0,0,0,0
360731,0,1,1982,0,8,10,0,0,0,6,6,0,0
360731,1,1,1982,0,10,12,7,22,25,18,17,11,10
360732,1,1,1982,22,22,22,22,22,22,22,22,22,22
360733,1,1,1982,0,0,0,0,0,0,0,0,0,0
360733,2,1,1982,0,0,0,0,0,18,0,0,0,0
360734,1,1,1982,26,19,3,29,17,37,14,18,10,23
360735,0,1,1982,0,0,14,0,0,0,18,14,10,0
360735,1,1,1982,21,21,0,13,0,15,0,28,0,0
360736,1,1,1982,23,23,23,23,23,23,23,23,23,23
360737,1,1,1982,0,0,0,0,0,0,0,0,0,0
360737,2,1,1982,8,8,39,30,17,9,11,8,21,18
360738,1,1,1982,0,0,0,0,0,0,0,0,0,0
360738,2,1,1982,0,18,13,16,0,12,0,0,0,20
360739,0,1,1982,16,0,11,0,19,0,0,0,0,0
360739,1,1,1982,4,0,0,0,0,0,0,0,0,0
360740,1,1,1982,16,12,17,13,10,3,23,15,12,5
360740,2,1,1982,12,0,0,0,0,8,0,0,0,0
360741,1,1,1982,20,20,20,20,20,20,20,20,20,20
360742,0,1,1982,0,0,0,0,0,0,0,0,0,0
360742,1,1,1982,0,0,0,0,0,0,0,0,0,0
360743,1,1,1982,38,18,33,22,18,11,13,25,19,25
360744,1,1,1982,0,0,0,0,0,0,0,0,10,0
360745,1,1,1982,0,0,0,0,0,0,0,0,0,13
360746,0,1,1982,0,0,0,0,0,0,0,0,0,0
360746,1,1,1982,0,0,0,0,0,0,0,0,0,0
360747,1,1,1982,0,0,0,0,0,0,0,0,0,0
360747,2,1,1982,0,0,0,0,0,0,0,0,0,0
360747,3,1,1982,0,0,0,0,0,0,0,0,0,0
360748,1,1,1982,0,0,0,0,0,0,0,0,0,0
360749,0,1,1982,0,4,0,0,0,0,0,0,25,0
360749,0,2,1982,0,0,0,0,0,0,0,0,4,0
360749,1,1,1982,17,17,17,17,17,17,17,17,17,17
360750,1,1,1982,0,0,0,0,0,0,0,0,0,0
360750,2,1,1982,0,0,0,0,0,0,0,0,0,0
360751,1,1,1982,0,0,0,0,0,0,0,0,0,0
360752,0,1,1982,0,0,0,0,0,0,0,0,0,0
360752,1,1,1982,0,0,0,0,0,0,0,11,8,0
360753,0,1,1982,0,0,0,0,0,0,0,0,0,0
360753,1,1,1982,13,16,29,11,35,11,15,6,22,18
360754,1,1,1982,3,3,3,3,3,3,3,3,3,3
360754,2,1,1982,15,29,14,30,19,11,12,18,14,12
360755,1,1,1982,13,13,13,13,13,13,13,13,13,13
360756,1,1,1982,0,0,0,0,0,0,0,0,0,0
360756,2,1,1982,0,0,0,0,0,0,0,0,0,0
360757,1,1,1982,0,0,0,0,0,0,0,0,0,0
360757,2,1,1982,0,1,0,0,0,0,0,0,0,0
360757,3,1,1982,0,0,0,0,0,0,0,0,0,0
360758,1,1,1982,28,11,14,13,11,19,11,6,41,21
360759,1,1,1982,0,0,0,0,0,0,0,0,0,0
360759,2,1,1982,0,0,0,0,0,0,0,0,0,0
360760,0,1,1982,27,27,27,27,27,27,27,27,27,27
360760,1,1,1982,0,0,0,0,0,0,0,0,0,0
360761,1,1,1982,24,24,24,24,24,24,24,24,24,24
360762,1,1,1982,21,21,21,21,21,21,21,21,21,21
360763,1,1,1982,0,0,0,0,0,0,0,15,0,0
360763,2,1,1982,0,0,0,0,0,11,0,0,0,0
360764,0,1,1982,26,24,0,0,11,33,0,0,0,23
360764,1,1,1982,0,0,0,0,19,0,11,6,0,0
360765,0,1,1982,0,20,0,0,4,14,0,18,15,25
360765,1,1,1982,10,11,0,0,21,31,0,21,12,10
360766,0,1,1982,0,0,0,0,0,0,0,0,0,0
360766,1,1,1982,0,0,0,0,0,0,0,0,0,0
360767,0,1,1982,0,0,0,0,0,0,0,0,0,34
360767,0,2,1982,0,0,0,0,0,0,0,0,0,0
360767,0,3,1982,0,0,0,0,0,0,0,0,0,0
360767,1,1,1982,4,4,4,4,4,4,4,4,4,4
360768,0,1,1982,14,9,0,0,0,10,0,7,0,0
360768,1,1,1982,0,0,0,0,25,0,0,0,0,0
360769,1,1,1982,17,17,17,17,17,17,17,17,17,17
360770,1,1,1982,0,0,0,0,2,0,0,0,0,0
360770,2,1,1982,15,15,15,15,15,15,15,15,15,15
360771,1,1,1982,0,0,0,0,0,0,0,0,0,0
360771,2,1,1982,0,0,0,0,0,0,0,0,0,0
360772,0,1,1982,6,6,6,6,6,6,6,6,6,6
360772,1,1,1982,6,19,17,8,10,7,17,9,21,15
360773,1,1,1982,0,18,0,0,0,10,13,0,0,0
360773,2,1,1982,0,0,0,0,0,0,0,0,0,0
360774,1,1,1982,0,0,0,0,17,0,6,0,0,0
360775,1,1,1982,0,0,0,0,0,0,0,0,0,0
360776,1,1,1982,26,26,26,26,26,26,26,26,26,26
360777,1,1,1982,0,13,0,0,0,0,6,0,0,0
360777,2,1,1982,11,9,7,10,0,16,11,8,10,0
360778,1,1,1982,16,16,16,16,16,16,16,16,16,16
360779,1,1,1982,0,0,9,0,0,0,0,0,10,7
360780,1,1,1982,21,21,21,21,21,21,21,21,21,21
360781,0,1,1982,0,3,0,0,0,0,0,0,15,0
360781,1,1,1982,0,0,0,0,0,0,0,0,0,0
360782,1,1,1982,23,6,11,10,12,17,0,13,11,17
360782,2,1,1982,0,0,0,0,0,0,0,0,0,0
360783,0,1,1982,0,0,26,0,0,0,0,0,27,0
360783,1,1,1982,0,0,0,0,0,0,0,0,0,0
360783,2,1,1982,20,0,18,4,10,23,8,0,19,0
360784,1,1,1982,6,0,18,20,0,20,24,12,15,0
360785,1,1,1982,0,0,18,0,0,0,0,0,0,22
360785,2,1,1982,0,0,0,0,0,0,0,14,0,0
360786,0,1,1982,0,0,15,0,0,0,0,8,0,0
360786,1,1,1982,0,0,0,0,13,0,0,12,0,11
360787,1,1,1982,0,0,0,0,0,0,0,0,0,0
360787,2,1,1982,0,0,0,0,0,0,0,0,0,0
360788,1,1,1982,1,1,1,1,1,1,1,1,1,1
360789,1,1,1982,0,0,0,0,0,0,0,0,0,0
360789,2,1,1982,0,0,0,0,0,0,0,10,0,0
360790,0,1,1982,0,0,0,0,0,0,0,0,0,0
360790,1,1,1982,0,0,0,12,0,0,0,0,6,0
360791,0,1,1982,0,0,0,0,0,0,0,0,0,0
360791,1,1,1982,0,0,0,0,0,0,0,0,0,0
360792,1,1,1982,9,6,5,16,14,0,21,29,7,10