ST_CASE,VEH_NO,PER_NO,YEAR,P1,P2,P3,P4,P5,P6,P7,P8,P9,P10
360793,0,1,1982,0,0,0,0,0,0,0,0,0,0
360793,1,1,1982,0,0,0,0,0,0,0,0,0,0
360794,0,1,1982,0,0,0,0,0,0,0,0,0,0
360794,1,1,1982,4,0,0,0,0,0,0,0,0,0
360795,1,1,1982,0,0,0,0,0,0,0,0,0,0
360795,2,1,1982,0,17,0,0,0,9,0,0,0,0
360795,3,1,1982,0,0,0,0,0,0,0,0,0,0
360796,1,1,1982,21,21,21,21,21,21,21,21,21,21
360797,0,1,1982,0,0,0,0,0,0,0,0,0,0
360797,1,1,1982,13,0,0,0,0,0,0,0,0,0
360798,1,1,1982,0,0,0,0,0,0,0,0,0,0
360798,2,1,1982,15,24,0,0,28,0,0,8,23,17
360799,1,1,1982,14,14,14,14,14,14,14,14,14,14
360800,1,1,1982,17,17,17,17,17,17,17,17,17,17
360800,2,1,1982,1,1,1,1,1,1,1,1,1,1
360801,1,1,1982,23,9,23,18,3,15,10,10,14,26
360802,0,1,1982,0,0,0,0,0,0,0,0,0,0
360802,1,1,1982,0,0,0,0,0,0,0,0,0,0
360803,1,1,1982,19,19,19,19,19,19,19,19,19,19
360804,1,1,1982,20,14,11,30,9,16,14,9,31,21
360804,2,1,1982,0,0,0,0,0,5,0,0,0,0
360805,1,1,1982,0,0,0,0,0,0,19,0,0,0
360805,2,1,1982,0,0,0,0,0,0,0,0,0,0
360806,0,1,1982,13,0,0,0,0,0,0,0,0,42
360806,1,1,1982,0,0,29,15,0,0,0,24,0,19
360807,1,1,1982,0,0,0,0,0,0,0,0,0,0
360807,2,1,1982,0,0,0,0,0,0,0,0,0,0
360808,1,1,1982,15,22,12,0,3,0,24,0,0,0
360809,1,1,1982,0,0,0,12,0,8,0,32,0,8
360810,1,1,1982,0,0,11,0,0,0,0,0,0,0
360811,1,1,1982,0,0,0,0,0,0,0,0,0,0
360811,2,1,1982,6,0,0,0,0,0,5,0,0,0
360812,0,1,1982,0,41,12,28,5,9,10,27,0,0
360812,1,1,1982,20,0,22,0,9,0,24,27,27,21
360813,0,1,1982,0,0,0,0,0,0,0,0,0,0
360813,1,1,1982,0,0,0,0,0,0,0,0,0,0
360814,1,1,1982,0,0,0,0,0,0,0,0,0,0
360814,2,1,1982,0,0,14,32,0,0,0,0,0,0
360815,1,1,1982,19,19,19,19,19,19,19,19,19,19
360815,2,1,1982,11,11,11,11,11,11,11,11,11,11
360816,1,1,1982,0,0,0,9,13,0,0,0,0,9
360816,2,1,1982,0,12,0,0,0,0,0,0,0,0
360817,1,1,1982,0,0,0,8,0,12,0,0,0,0
360817,2,1,1982,0,0,0,0,0,0,0,0,0,0
360818,1,1,1982,0,0,7,0,14,9,17,11,22,9
360819,1,1,1982,17,0,0,0,10,0,11,0,0,0
360820,1,1,1982,0,0,0,0,0,0,0,0,0,0
360820,2,1,1982,0,0,0,0,0,0,0,0,0,0
360820,3,1,1982,14,0,0,0,0,0,0,0,0,9
360821,1,1,1982,13,9,20,23,22,23,23,13,22,7
360822,1,1,1982,10,10,10,10,10,10,10,10,10,10
360823,1,1,1982,0,0,0,0,0,0,0,0,4,0
360823,2,1,1982,10,10,10,10,10,10,10,10,10,10
360823,3,1,1982,0,0,0,0,0,0,0,0,0,0
360824,1,1,1982,5,5,5,5,5,5,5,5,5,5
360825,0,1,1982,0,0,0,0,0,0,0,0,0,0
360825,1,1,1982,22,4,11,27,0,0,12,6,16,23
360826,1,1,1982,0,0,0,0,0,0,0,0,0,0
360826,2,1,1982,0,0,0,0,21,0,0,0,0,0
360827,1,1,1982,3,0,0,0,0,0,6,0,3,15
360827,2,1,1982,0,0,0,0,0,0,2,19,0,0
360828,0,1,1982,18,18,18,18,18,18,18,18,18,18
360828,0,2,1982,7,28,29,0,18,16,24,0,0,28
360828,1,1,1982,11,7,22,16,10,9,0,10,16,17
360829,1,1,1982,0,0,0,0,0,0,0,0,0,0
360829,2,1,1982,0,0,0,0,0,0,0,0,0,0
360830,1,1,1982,19,40,18,21,23,14,15,21,10,10
360830,2,1,1982,0,0,0,0,0,0,9,0,0,0
360831,1,1,1982,22,24,15,18,15,27,2,24,32,15
360832,0,1,1982,0,7,0,0,0,0,0,0,0,0
360832,1,1,1982,0,0,0,0,0,0,0,0,0,0
360832,2,1,1982,0,11,0,0,9,0,0,0,0,0
360833,1,1,1982,0,0,0,0,0,0,0,0,0,0
360833,2,1,1982,17,15,0,18,9,9,17,3,16,11
360834,1,1,1982,21,21,21,21,21,21,21,21,21,21
360835,1,1,1982,0,0,0,0,0,0,0,0,0,0
360835,2,1,1982,0,0,0,0,0,0,0,0,0,0
360835,3,1,1982,0,0,0,0,0,0,0,0,0,0
360836,0,1,1982,0,0,27,0,0,0,19,0,0,0
360836,1,1,1982,0,0,0,0,0,0,0,0,0,0
360837,1,1,1982,0,0,0,0,0,0,0,0,0,0
360837,2,1,1982,0,0,0,0,0,0,0,0,0,0
360838,1,1,1982,0,0,0,0,0,14,0,7,0,0
360838,2,1,1982,19,19,19,19,19,19,19,19,19,19
360839,0,1,1982,32,9,8,12,15,15,10,29,30,29
360839,1,1,1982,0,0,0,0,0,0,0,2,0,3
360840,0,1,1982,0,0,0,18,0,0,0,0,0,0
360840,1,1,1982,0,0,0,0,0,0,0,0,0,0
360841,0,1,1982,0,0,0,30,0,0,0,0,0,0
360841,1,1,1982,0,0,0,0,0,0,0,0,0,8
360842,1,1,1982,12,12,12,12,12,12,12,12,12,12
360843,1,1,1982,0,0,0,0,12,0,0,0,0,0
360843,2,1,1982,17,17,17,17,17,17,17,17,17,17
360845,1,1,1982,0,0,0,0,0,0,0,0,0,0
360845,2,1,1982,0,0,0,0,0,0,0,0,0,0
360846,1,1,1982,14,5,0,12,12,0,0,0,0,0
360846,2,1,1982,13,0,0,0,0,0,0,0,0,0
360847,0,1,1982,6,14,0,0,10,0,0,14,0,0
360847,1,1,1982,0,0,0,0,0,0,0,0,0,0
360847,2,1,1982,0,0,16,0,0,0,0,0,19,12
360848,1,1,1982,17,17,17,17,17,17,17,17,17,17
360848,2,1,1982,22,10,15,12,17,15,13,15,15,0
360849,1,1,1982,0,0,0,0,0,0,0,0,0,0
360850,1,1,1982,0,0,35,0,0,0,0,0,0,0
360850,2,1,1982,12,0,0,0,0,0,0,0,0,0
360851,1,1,1982,23,23,23,23,23,23,23,23,23,23
360852,1,1,1982,0,0,0,0,0,0,0,0,0,0
360852,2,1,1982,0,0,0,0,0,0,0,0,0,0
360852,3,1,1982,0,0,0,0,0,0,0,0,0,0
360853,1,1,1982,0,0,0,0,0,0,0,0,0,0
360853,2,1,1982,0,0,0,0,0,0,0,0,0,0
360854,1,1,1982,6,6,6,6,6,6,6,6,6,6
360855,1,1,1982,0,0,0,0,0,0,0,0,0,0
360855,2,1,1982,0,0,0,0,0,0,0,0,0,0
360856,1,1,1982,19,0,18,20,8,9,11,8,15,36
360857,1,1,1982,9,0,0,0,0,0,13,0,0,0
360858,1,1,1982,0,0,0,0,0,0,0,0,0,0
360858,2,1,1982,0,0,0,0,0,0,0,0,0,0
360858,3,1,1982,0,0,0,0,0,0,0,0,0,0
360858,4,1,1982,0,0,0,0,0,0,0,0,0,5
360859,0,1,1982,0,0,0,0,0,0,0,0,0,0
360859,1,1,1982,14,9,11,9,0,23,13,5,11,18
360860,1,1,1982,31,8,14,14,19,32,21,26,0,16
360861,1,1,1982,0,0,12,0,0,0,0,0,0,0
360861,2,1,1982,4,4,4,4,4,4,4,4,4,4
360862,1,1,1982,0,0,0,0,0,0,0,0,0,0
360862,2,1,1982,0,0,0,0,0,0,0,0,0,0
360863,1,1,1982,0,0,0,0,0,0,0,0,0,0
360863,2,1,1982,16,16,16,16,16,16,16,16,16,16
360864,1,1,1982,0,0,0,0,0,0,0,0,0,0
360864,2,1,1982,0,0,0,0,0,0,0,0,0,0
360865,0,1,1982,0,0,0,0,0,0,0,0,0,0
360865,1,1,1982,0,0,0,0,0,0,0,0,0,0
360866,1,1,1982,15,15,15,15,15,15,15,15,15,15
360867,1,1,1982,11,11,11,11,11,11,11,11,11,11
360868,0,1,1982,0,0,0,0,0,0,0,0,0,0
360868,1,1,1982,0,0,0,0,0,0,0,0,0,0
360869,1,1,1982,0,0,0,0,0,13,0,4,0,11
360869,2,1,1982,9,6,15,4,16,18,12,26,18,13
360870,1,1,1982,0,0,0,0,0,0,9,0,13,0
360871,1,1,1982,23,23,23,23,23,23,23,23,23,23
360872,1,1,1982,14,14,14,14,14,14,14,14,14,14
360873,0,1,1982,0,0,0,0,10,0,10,23,0,0
360873,1,1,1982,0,0,0,0,0,0,0,0,0,0
360874,1,1,1982,10,10,10,10,10,10,10,10,10,10
360875,0,1,1982,0,0,0,0,11,0,0,0,0,0
360875,1,1,1982,0,0,0,0,0,0,0,0,0,0
360876,1,1,1982,7,7,7,7,7,7,7,7,7,7
360879,1,1,1982,0,0,0,0,0,0,0,0,0,0
360879,2,1,1982,3,3,3,3,3,3,3,3,3,3
360880,1,1,1982,15,15,23,14,25,5,28,19,17,21
360881,0,1,1982,20,20,20,20,20,20,20,20,20,20
360881,1,1,1982,0,0,0,0,0,16,0,0,0,0
360882,1,1,1982,0,0,0,0,0,21,0,0,0,4
360883,1,1,1982,0,11,0,0,0,0,0,0,0,0
360883,2,1,1982,0,0,0,0,0,0,0,0,0,0
360884,1,1,1982,0,0,0,0,0,0,0,0,0,0
360884,2,1,1982,0,0,0,0,17,0,0,0,0,0
360885,0,1,1982,0,0,0,0,0,0,0,0,0,0
360885,0,2,1982,0,0,0,0,0,0,0,0,0,0
360885,1,1,1982,0,0,0,0,0,0,0,0,0,0
360885,2,1,1982,0,0,0,0,0,0,0,0,0,0
360886,1,1,1982,9,13,26,11,24,16,18,12,24,9
360887,1,1,1982,0,0,25,15,16,0,22,28,0,0
360888,0,1,1982,0,0,0,0,0,0,0,0,0,0
360888,1,1,1982,0,0,0,0,0,0,0,0,0,0
360889,0,1,1982,0,0,0,0,0,0,0,0,0,0
360889,1,1,1982,39,39,39,39,39,39,39,39,39,39
360890,1,1,1982,8,16,12,7,25,17,24,22,8,28
360890,2,1,1982,9,18,9,18,22,9,9,15,15,32
360891,1,1,1982,25,14,18,16,17,9,10,14,29,20
360892,1,1,1982,0,0,0,0,0,0,0,0,0,0
360893,0,1,1982,0,0,0,0,0,0,0,0,0,0
360893,1,1,1982,0,0,0,0,0,0,0,0,0,0
360894,1,1,1982,0,0,0,0,0,0,0,0,6,0
360894,2,1,1982,0,13,0,0,0,0,7,0,0,0
360895,0,1,1982,0,0,0,0,0,0,0,0,0,0
360895,1,1,1982,21,21,21,21,21,21,21,21,21,21
360896,1,1,1982,0,0,0,0,0,0,0,0,16,0
360896,2,1,1982,10,19,9,17,8,17,23,19,23,17
360897,1,1,1982,18,18,18,18,18,18,18,18,18,18
360898,1,1,1982,17,17,17,17,17,17,17,17,17,17
360899,1,1,1982,13,13,13,13,13,13,13,13,13,13
360900,1,1,1982,0,0,0,0,0,0,0,0,0,0
360900,2,1,1982,0,0,0,0,0,0,0,0,0,0
360901,1,1,1982,0,0,0,0,0,0,0,0,0,0
360902,1,1,1982,0,0,0,0,0,0,0,0,0,0
360902,2,1,1982,0,0,0,0,0,0,0,0,0,0
360903,1,1,1982,18,18,18,18,18,18,18,18,18,18
360904,1,1,1982,21,21,21,21,21,21,21,21,21,21
360905,1,1,1982,0,0,0,0,0,0,0,0,0,0
360906,1,1,1982,0,0,0,0,0,0,15,0,0,0
360907,1,1,1982,0,0,0,0,0,0,0,0,0,0
360907,2,1,1982,0,0,0,0,0,0,0,0,0,0
360908,1,1,1982,19,19,19,19,19,19,19,19,19,19
360909,1,1,1982,29,29,29,29,29,29,29,29,29,29
360909,2,1,1982,6,28,0,6,13,20,17,0,6,9
360910,1,1,1982,0,0,12,0,0,0,7,0,0,0
360911,1,1,1982,0,0,0,0,0,0,0,0,0,10
360911,2,1,1982,0,0,0,0,0,0,0,0,0,0
360912,1,1,1982,17,17,17,17,17,17,17,17,17,17
360913,0,1,1982,12,12,12,12,12,12,12,12,12,12
360913,1,1,1982,0,0,0,0,0,0,0,0,0,0
360914,0,1,1982,9,9,9,9,9,9,9,9,9,9
360914,1,1,1982,10,9,10,14,14,7,24,30,26,5
360915,1,1,1982,0,0,0,0,0,0,0,0,0,0
360915,2,1,1982,0,0,0,0,0,6,0,0,12,0
360916,1,1,1982,18,18,18,18,18,18,18,18,18,18
360917,0,1,1982,0,0,0,0,0,0,0,0,0,0
360917,1,1,1982,11,0,0,0,0,0,0,0,0,0
360918,0,1,1982,0,0,0,0,0,0,0,0,0,0
360918,1,1,1982,0,0,0,0,0,0,0,0,0,0
360919,1,1,1982,9,0,0,0,31,11,0,13,0,27
360920,0,1,1982,0,0,0,0,0,0,0,0,0,0
360920,1,1,1982,0,0,0,0,0,15,0,0,0,0
360921,1,1,1982,21,21,21,21,21,21,21,21,21,21
360922,1,1,1982,0,0,0,0,0,0,0,0,0,0
360922,2,1,1982,0,0,0,0,0,0,0,0,0,0
360923,1,1,1982,0,4,0,0,8,0,0,0,0,0
360924,1,1,1982,0,0,0,0,16,0,0,0,0,0
360925,1,1,1982,0,0,0,0,20,0,0,0,0,0
360925,2,1,1982,0,0,3,0,0,0,0,0,0,0
360926,0,1,1982,0,0,0,0,0,0,0,0,0,0
360926,1,1,1982,0,0,0,0,0,0,0,0,0,0
360927,1,1,1982,8,8,8,8,8,8,8,8,8,8
360927,2,1,1982,0,0,0,0,0,0,0,0,0,0
360928,1,1,1982,17,0,8,0,0,0,0,0,0,0
360928,2,1,1982,0,0,0,0,0,0,0,0,0,0
360929,1,1,1982,0,0,0,0,0,0,0,0,0,0
360930,1,1,1982,0,0,0,0,0,0,0,0,0,0
360930,2,1,1982,0,0,0,0,0,0,0,0,0,0
360931,1,1,1982,30,16,7,21,0,34,15,24,16,20
360932,1,1,1982,11,40,19,22,17,39,22,16,19,7
360933,1,1,1982,0,0,26,0,0,2,0,0,0,18
360934,1,1,1982,8,8,8,8,8,8,8,8,8,8
360935,0,1,1982,0,0,0,0,0,0,0,0,0,0
360935,1,1,1982,0,0,0,0,0,0,0,0,0,0
360936,1,1,1982,0,0,0,0,0,0,0,0,0,0
360936,2,1,1982,0,0,0,0,18,0,0,0,0,0
360937,1,1,1982,13,13,13,13,13,13,13,13,13,13
360938,1,1,1982,0,0,0,0,0,0,0,0,0,0
360938,2,1,1982,0,0,0,0,0,0,0,0,0,0
360939,1,1,1982,0,0,0,0,0,0,0,0,0,0
360940,0,1,1982,0,0,0,0,0,0,0,0,0,0
360940,1,1,1982,0,0,0,0,0,0,0,0,0,0
360941,1,1,1982,0,16,21,14,0,21,17,11,9,0
360941,2,1,1982,0,0,0,0,0,0,0,11,0,0
360942,1,1,1982,18,0,0,15,15,14,0,5,22,0
360942,2,1,1982,0,0,0,0,0,0,0,17,4,0
360942,3,1,1982,0,0,0,0,0,29,0,9,0,0
360943,1,1,1982,1,1,1,1,1,1,1,1,1,1
360944,0,1,1982,0,0,0,0,0,0,0,0,0,0
360944,1,1,1982,0,0,0,0,0,0,0,0,0,0
360945,0,1,1982,0,0,9,0,0,0,0,0,0,0
360945,1,1,1982,0,0,0,0,0,0,0,23,0,0
360946,1,1,1982,0,0,0,0,10,0,0,0,0,0
360947,1,1,1982,0,0,0,0,0,0,0,0,0,0
360947,2,1,1982,21,0,0,0,0,24,0,0,0,0
360948,1,1,1982,0,0,0,9,0,0,0,0,0,0
360948,2,1,1982,0,0,6,10,0,0,0,0,0,0
360949,1,1,1982,0,0,0,0,0,0,0,0,0,0
360950,1,1,1982,23,19,12,26,11,3,0,18,12,43
360950,2,1,1982,0,0,0,0,0,0,0,0,0,0
360950,3,1,1982,0,0,0,0,0,0,18,0,0,0
360951,0,1,1982,14,14,14,14,14,14,14,14,14,14
360951,1,1,1982,0,0,0,18,0,0,0,0,0,0
360952,1,1,1982,0,0,0,0,0,0,0,0,0,0
360952,2,1,1982,0,0,0,0,8,0,0,0,0,0
360953,1,1,1982,0,0,0,0,0,0,0,0,0,0
360953,2,1,1982,0,0,9,0,0,0,0,0,19,0
360953,3,1,1982,0,17,0,0,0,0,0,0,0,0
360954,1,1,1982,30,18,10,22,18,0,13,16,24,7
360955,1,1,1982,17,17,17,17,17,17,17,17,17,17
360956,1,1,1982,0,0,0,0,0,0,0,0,0,0
360956,2,1,1982,15,15,15,15,15,15,15,15,15,15
360956,3,1,1982,0,0,0,0,0,0,0,0,10,0
360957,1,1,1982,0,0,0,0,0,0,0,0,13,19
360958,1,1,1982,9,16,5,0,8,0,18,15,19,22
360959,0,1,1982,0,0,0,0,0,0,0,0,0,0
360959,1,1,1982,0,0,0,0,0,0,0,0,21,0
360960,0,1,1982,13,13,13,13,13,13,13,13,13,13
360960,1,1,1982,0,0,6,0,7,0,0,0,0,0
360961,1,1,1982,0,0,0,0,0,0,0,0,0,0
360962,1,1,1982,0,0,0,0,0,0,0,0,0,0
360962,2,1,1982,0,0,0,0,0,0,0,0,0,0
360963,0,1,1982,0,0,0,0,0,0,0,0,0,0
360963,1,1,1982,0,0,0,0,0,0,0,0,0,17
360964,1,1,1982,0,0,0,0,0,0,0,0,0,0
360965,1,1,1982,18,18,18,18,18,18,18,18,18,18
360966,0,1,1982,0,0,0,13,10,34,11,0,0,16
360966,1,1,1982,16,33,11,23,14,31,13,21,18,29
360967,1,1,1982,18,18,18,18,18,18,18,18,18,18
360968,0,1,1982,0,26,0,15,0,21,0,0,0,0
360968,2,1,1982,27,16,4,14,22,21,19,13,17,9
360969,1,1,1982,0,0,0,0,10,0,15,19,0,14
360970,0,1,1982,0,0,0,0,0,0,0,0,0,0
360970,1,1,1982,0,0,0,0,0,0,0,0,0,0
360971,1,1,1982,0,0,0,0,0,0,0,0,0,0
360971,2,1,1982,0,0,0,0,0,0,0,0,0,0
360971,3,1,1982,0,0,0,0,0,0,0,0,0,0
360972,1,1,1982,26,26,26,26,26,26,26,26,26,26
360973,1,1,1982,22,22,22,22,22,22,22,22,22,22
360974,1,1,1982,16,16,16,16,16,16,16,16,16,16
360975,1,1,1982,11,13,20,0,0,20,0,0,14,0
360976,1,1,1982,0,0,0,0,0,0,0,0,16,0
360976,2,1,1982,11,21,16,26,17,20,6,8,14,9
360977,1,1,1982,22,22,22,22,22,22,22,22,22,22
360978,1,1,1982,0,0,0,14,0,3,0,0,0,0
360978,2,1,1982,0,0,0,0,0,0,0,0,0,0
360979,0,1,1982,0,0,0,0,0,0,0,0,0,0
360979,1,1,1982,0,0,0,0,0,16,0,0,0,0
360980,1,1,1982,0,0,0,0,0,0,0,0,0,0
360980,2,1,1982,0,0,0,0,19,0,0,0,0,17
360981,1,1,1982,0,0,0,0,0,0,0,0,0,0
360981,2,1,1982,0,0,0,0,0,0,0,0,0,0
360982,0,1,1982,0,0,0,0,0,0,0,0,0,0
360982,0,2,1982,20,0,10,20,0,0,32,11,0,11
360982,1,1,1982,17,14,11,7,8,17,21,3,17,5
360983,0,1,1982,0,0,0,0,0,0,0,0,0,0
360983,1,1,1982,0,0,0,0,0,0,0,0,0,0
360984,1,1,1982,15,15,15,15,15,15,15,15,15,15
360985,1,1,1982,0,0,0,0,0,0,0,0,0,0
360985,2,1,1982,0,0,0,0,0,0,0,0,0,0
360986,0,1,1982,0,0,0,0,0,32,0,0,0,0
360986,1,1,1982,0,0,0,0,0,0,0,0,0,0
360987,1,1,1982,0,0,13,0,0,20,0,0,0,0
360987,2,1,1982,24,23,7,11,0,14,15,14,10,18
360988,1,1,1982,10,25,17,19,16,13,25,5,13,22
360989,1,1,1982,18,18,18,18,18,18,18,18,18,18
360989,2,1,1982,0,0,0,0,0,0,0,0,0,14
360990,1,1,1982,0,20,5,10,0,15,0,19,0,0
360991,0,1,1982,0,0,0,0,0,0,0,0,0,0
360991,1,1,1982,0,0,0,0,0,0,0,0,27,0
360992,0,1,1982,0,0,0,0,0,0,0,0,0,0
360992,1,1,1982,0,0,0,0,0,0,0,0,0,0
360993,1,1,1982,0,0,0,0,0,0,0,0,0,0
360993,2,1,1982,0,4,9,8,14,0,7,10,16,8
360994,1,1,1982,0,0,0,0,0,0,0,19,0,0
360994,2,1,1982,0,0,0,0,0,0,0,0,0,0
360995,0,1,1982,0,0,0,0,0,0,0,0,0,0
360995,1,1,1982,0,0,0,0,0,0,0,0,0,0
360996,0,1,1982,0,0,0,0,0,0,0,0,0,0
360996,1,1,1982,0,8,0,0,0,0,0,0,0,14
360997,1,1,1982,0,0,0,0,0,0,0,0,0,0
360997,2,1,1982,0,0,0,0,0,0,0,0,0,0
360998,1,1,1982,0,0,0,0,0,15,0,11,0,8
360999,1,1,1982,0,0,0,6,0,0,0,0,0,0
360999,2,1,1982,0,0,0,0,0,0,0,0,0,0
361000,1,1,1982,0,0,0,0,0,0,0,0,0,0
361000,2,1,1982,0,0,0,0,0,0,0,0,0,0
361001,0,1,1982,0,0,0,0,0,0,0,0,0,0
361001,1,1,1982,0,0,0,0,0,0,0,0,0,0
361002,0,1,1982,0,0,0,14,0,0,0,0,0,0
361002,1,1,1982,0,0,0,0,0,0,0,0,0,0
361003,0,1,1982,0,0,0,0,0,0,0,0,0,0
361003,1,1,1982,0,15,0,0,0,0,0,0,0,0
361004,0,1,1982,0,0,0,0,0,0,0,0,0,0
361004,1,1,1982,0,0,0,0,0,0,0,0,0,0
361005,0,1,1982,0,0,0,0,0,0,0,0,0,0
361005,1,1,1982,0,0,0,0,0,0,0,0,0,0
361006,1,1,1982,13,0,0,0,0,9,3,0,0,0
361006,2,1,1982,0,0,0,0,0,0,0,0,0,0
361007,0,1,1982,0,0,0,0,0,0,0,0,0,0
361007,1,1,1982,0,0,0,0,0,0,0,0,0,26
361008,0,1,1982,0,0,11,0,0,0,0,0,0,0
361008,1,1,1982,0,0,0,0,0,0,0,19,0,0
361009,0,1,1982,0,27,0,21,0,0,18,0,24,0
361009,1,1,1982,0,0,8,0,11,0,20,0,0,2
361010,0,1,1982,19,13,29,22,29,33,7,20,15,23
361010,1,1,1982,0,0,0,0,0,0,5,8,0,0
361011,0,1,1982,0,0,0,0,18,0,0,0,0,0
361011,1,1,1982,0,0,0,0,0,15,0,0,7,0
361012,0,1,1982,0,0,0,0,0,0,0,27,0,0
361012,1,1,1982,13,0,0,4,9,32,13,0,13,0
361013,0,1,1982,0,14,0,0,14,0,0,0,0,10
361013,1,1,1982,0,0,0,0,0,0,0,0,0,0
361014,0,1,1982,20,23,0,18,19,13,0,44,19,30
361014,0,2,1982,0,12,21,21,13,24,19,12,0,14
361014,1,1,1982,0,0,0,0,0,0,0,20,0,0
361014,2,1,1982,10,16,0,0,0,0,0,0,0,0
361015,1,1,1982,0,0,0,0,0,0,0,0,0,0
361015,2,1,1982,0,0,0,0,0,0,0,0,0,0
361016,0,1,1982,0,0,0,0,0,0,0,0,0,0
361016,0,2,1982,0,0,0,0,0,0,0,0,0,0
361016,0,3,1982,0,0,23,0,0,0,0,0,19,0
361016,1,1,1982,0,0,0,0,0,0,0,0,0,0
361017,1,1,1982,0,0,10,30,9,0,0,0,28,0
361018,1,1,1982,0,11,0,0,0,0,0,0,0,0
361018,2,1,1982,0,0,0,0,0,0,0,0,0,0
361019,0,1,1982,0,26,0,24,0,10,27,0,0,0
361019,1,1,1982,0,19,0,16,16,0,0,0,0,0
361020,1,1,1982,0,0,0,0,0,0,0,0,0,0
361021,0,1,1982,0,0,0,0,0,0,0,0,0,0
361021,1,1,1982,0,0,0,0,0,0,0,0,15,0
361022,1,1,1982,0,0,13,5,0,0,10,0,22,0
361022,2,1,1982,0,0,0,0,11,11,0,0,0,0
361023,1,1,1982,27,27,27,27,27,27,27,27,27,27
361024,1,1,1982,2,0,0,0,0,0,0,0,0,0
361024,2,1,1982,0,0,0,0,0,0,0,0,0,0
361025,1,1,1982,11,11,11,11,11,11,11,11,11,11
361025,2,1,1982,0,0,0,15,0,0,0,0,0,0
361026,1,1,1982,0,0,0,0,0,0,0,11,0,0
361026,2,1,1982,10,14,10,16,25,33,13,7,6,6
361027,1,1,1982,0,0,0,0,0,0,0,0,0,0
361027,2,1,1982,0,0,0,0,0,0,0,0,0,0
361028,1,1,1982,0,0,0,0,0,0,0,0,0,0
361028,2,1,1982,0,0,0,0,17,0,0,0,0,0
361029,0,1,1982,14,14,14,14,14,14,14,14,14,14
361029,1,1,1982,36,28,24,35,16,14,34,7,19,21
361030,1,1,1982,7,0,13,14,8,13,31,11,13,15
361031,1,1,1982,26,26,26,26,26,26,26,26,26,26
361032,1,1,1982,12,12,12,12,12,12,12,12,12,12
361032,2,1,1982,0,0,0,0,0,0,0,0,0,0
361033,1,1,1982,0,0,0,0,0,0,0,0,0,0
361033,2,1,1982,0,0,0,0,0,0,0,0,0,0
361034,0,1,1982,0,0,0,0,0,0,0,0,0,0
361034,1,1,1982,0,0,0,0,0,0,0,0,0,0
361035,1,1,1982,14,14,14,14,14,14,14,14,14,14
361036,1,1,1982,11,11,11,11,11,11,11,11,11,11
361037,1,1,1982,12,12,12,12,12,12,12,12,12,12
361038,1,1,1982,17,17,17,17,17,17,17,17,17,17
361039,0,1,1982,1,1,1,1,1,1,1,1,1,1
361039,1,1,1982,0,0,0,0,0,0,0,0,0,0
361040,1,1,1982,18,18,18,18,18,18,18,18,18,18
361040,2,1,1982,0,0,0,0,0,0,14,0,0,0
361040,3,1,1982,0,0,0,0,0,0,0,0,0,0
361041,1,1,1982,20,17,19,11,12,23,27,11,8,18
361043,1,1,1982,0,0,0,0,0,0,0,0,0,0
361044,1,1,1982,0,0,0,0,0,0,0,0,8,0
361045,1,1,1982,0,0,0,0,0,0,0,0,0,0
361046,1,1,1982,0,0,0,0,0,0,0,0,0,0
361046,2,1,1982,15,6,19,6,24,0,4,14,17,18
361047,1,1,1982,12,13,20,22,11,0,16,11,0,15
361048,1,1,1982,0,0,0,0,0,0,0,30,17,0
361049,1,1,1982,0,13,18,0,0,11,14,7,0,0
361050,1,1,1982,17,29,21,25,4,6,24,14,20,4
361051,1,1,1982,0,0,0,0,0,0,0,0,0,0
361051,2,1,1982,0,0,0,0,0,0,0,0,0,0
361052,0,1,1982,0,0,0,0,0,0,0,0,0,0
361052,1,1,1982,0,0,0,0,0,0,0,0,0,0
361053,1,1,1982,0,0,0,0,26,0,0,0,0,0
361053,2,1,1982,10,0,0,0,0,7,0,0,0,0
361054,1,1,1982,0,0,0,22,0,0,0,0,0,0
361054,2,1,1982,0,0,0,0,0,0,0,0,0,0
361055,1,1,1982,23,23,23,23,23,23,23,23,23,23
361056,1,1,1982,15,15,15,15,15,15,15,15,15,15
361057,1,1,1982,0,0,0,0,0,0,0,0,0,0
361057,2,1,1982,0,0,6,0,0,0,0,22,0,14
361058,1,1,1982,0,0,0,0,0,0,0,0,0,0
361059,1,1,1982,26,26,26,26,26,26,26,26,26,26
361060,1,1,1982,0,0,0,0,0,0,0,0,0,0
361061,1,1,1982,0,0,0,0,0,0,0,0,0,0
361062,1,1,1982,0,0,0,0,0,0,0,0,0,0
361062,2,1,1982,0,0,0,0,0,0,0,0,0,0
361062,3,1,1982,0,0,0,0,0,0,0,0,0,0
361063,1,1,1982,7,17,14,10,14,12,19,17,17,17
361064,1,1,1982,12,15,0,10,15,20,16,8,12,18
361064,2,1,1982,10,10,10,10,10,10,10,10,10,10
361065,1,1,1982,0,0,0,0,0,0,0,0,0,0
361065,2,1,1982,0,0,0,0,0,0,0,0,0,0
361066,1,1,1982,10,26,15,18,10,17,21,11,16,17
361067,1,1,1982,9,9,9,9,9,9,9,9,9,9
361068,0,1,1982,0,0,0,0,0,0,0,0,0,0
361068,1,1,1982,11,33,16,17,6,17,8,15,17,21
361069,0,1,1982,0,21,0,0,0,0,0,0,0,0
361069,1,1,1982,0,0,0,0,0,0,0,0,0,0
361070,1,1,1982,18,18,18,18,18,18,18,18,18,18
361071,1,1,1982,0,0,20,0,6,0,0,0,0,0
361072,1,1,1982,0,0,0,0,0,0,0,0,0,0
361072,2,1,1982,0,9,0,0,0,0,0,0,0,0
361073,1,1,1982,0,0,0,0,0,0,0,0,0,0
361073,2,1,1982,0,0,0,0,0,0,0,0,0,0