ST_CASE,VEH_NO,PER_NO,YEAR,P1,P2,P3,P4,P5,P6,P7,P8,P9,P10
361074,1,1,1982,12,24,30,26,27,16,21,19,10,20
361075,0,1,1982,4,4,4,4,4,4,4,4,4,4
361075,1,1,1982,55,20,20,20,17,21,14,17,7,0
361075,2,1,1982,0,0,0,0,0,18,16,18,0,0
361076,1,1,1982,0,0,0,0,0,0,0,0,0,0
361077,1,1,1982,0,2,0,0,0,0,3,0,0,0
361077,2,1,1982,0,0,0,0,0,0,0,0,0,0
361078,0,1,1982,0,0,18,14,18,0,16,12,12,0
361078,1,1,1982,0,0,0,5,8,0,0,0,0,0
361079,1,1,1982,0,7,0,0,5,0,0,0,0,0
361080,1,1,1982,19,19,19,19,19,19,19,19,19,19
361081,1,1,1982,4,12,16,0,10,19,4,11,15,8
361081,2,1,1982,0,0,0,0,0,23,0,0,0,0
361082,0,1,1982,0,0,0,0,0,0,0,0,0,0
361082,1,1,1982,0,0,0,0,0,0,0,0,0,0
361083,0,1,1982,34,19,0,31,0,27,12,0,11,0
361083,0,2,1982,19,15,24,0,0,33,21,29,0,0
361083,0,3,1982,38,0,30,24,14,16,12,23,9,22
361083,0,4,1982,0,18,36,55,25,18,11,17,15,14
361083,0,5,1982,0,21,30,32,40,30,0,30,20,18
361083,1,1,1982,8,0,7,0,0,0,21,31,12,0
361083,2,1,1982,15,10,0,0,29,7,0,0,0,0
361084,1,1,1982,22,22,22,22,22,22,22,22,22,22
361085,1,1,1982,0,0,0,0,0,0,0,0,0,0
361086,1,1,1982,22,22,22,22,22,22,22,22,22,22
361087,1,1,1982,0,0,0,0,0,0,0,0,0,0
361087,2,1,1982,0,0,0,0,0,0,0,0,12,0
361087,3,1,1982,0,0,0,0,0,0,15,0,0,0
361088,1,1,1982,10,22,27,9,7,22,10,3,17,11
361089,1,1,1982,0,19,9,3,8,12,11,16,23,14
361090,1,1,1982,8,21,8,22,17,14,14,25,12,21
361091,1,1,1982,12,18,20,16,8,15,27,26,10,17
361092,0,1,1982,11,11,11,11,11,11,11,11,11,11
361092,1,1,1982,0,0,0,0,0,0,0,12,0,0
361093,1,1,1982,12,12,12,12,12,12,12,12,12,12
361094,1,1,1982,0,0,0,0,0,0,0,0,0,0
361095,1,1,1982,0,11,0,0,0,0,0,0,7,0
361095,2,1,1982,0,10,0,27,0,6,0,0,0,0
361096,1,1,1982,0,0,0,0,0,0,0,0,0,0
361096,2,1,1982,0,0,0,0,0,0,0,0,0,0
361097,1,1,1982,0,0,7,0,0,0,0,0,0,0
361097,2,1,1982,0,0,0,0,0,0,0,0,0,0
361097,3,1,1982,0,0,0,0,0,0,0,0,0,9
361098,1,1,1982,7,7,7,7,7,7,7,7,7,7
361099,1,1,1982,0,0,0,0,0,0,0,0,0,0
361099,2,1,1982,0,0,0,0,0,0,0,0,0,0
361100,0,1,1982,18,18,18,18,18,18,18,18,18,18
361100,1,1,1982,0,0,0,0,0,0,0,0,0,0
361101,0,1,1982,22,0,0,0,7,0,0,0,0,0
361101,1,1,1982,0,0,0,0,0,9,0,3,0,0
361102,1,1,1982,0,25,0,0,6,0,0,0,0,0
361102,2,1,1982,15,15,15,15,15,15,15,15,15,15
361103,1,1,1982,0,0,0,0,0,0,0,0,0,0
361103,2,1,1982,14,0,0,6,0,21,0,0,0,12
361104,1,1,1982,24,0,0,0,0,7,0,14,4,16
361105,0,1,1982,0,0,0,0,0,0,0,0,0,0
361105,1,1,1982,0,0,9,0,0,0,0,0,21,0
361106,0,1,1982,0,0,0,0,0,0,0,0,0,0
361106,1,1,1982,0,0,0,18,3,13,11,0,0,23
361107,1,1,1982,0,23,15,33,17,33,7,21,33,24
361108,1,1,1982,13,13,13,13,13,13,13,13,13,13
361109,0,1,1982,19,26,34,51,0,24,16,0,30,32
361109,1,1,1982,0,0,0,0,0,0,8,0,0,0
361110,1,1,1982,7,7,7,7,7,7,7,7,7,7
361111,0,1,1982,0,0,0,0,0,0,0,0,0,0
361111,1,1,1982,7,8,17,7,23,8,11,7,11,12
361112,1,1,1982,0,0,0,0,0,0,0,0,0,0
361112,2,1,1982,11,0,0,0,0,0,0,0,0,12
361112,3,1,1982,9,12,24,22,16,0,0,0,0,10
361112,4,1,1982,0,0,0,0,0,7,0,0,0,0
361112,5,1,1982,13,0,10,0,0,0,0,0,0,13
361113,0,1,1982,0,0,0,0,0,0,0,0,0,0
361113,1,1,1982,0,0,2,0,0,0,0,0,0,0
361114,0,1,1982,20,20,20,20,20,20,20,20,20,20
361114,1,1,1982,0,23,0,0,0,0,0,0,0,0
361115,1,1,1982,0,0,24,0,20,13,0,8,0,13
361115,2,1,1982,0,0,8,4,0,14,0,22,4,0
361116,1,1,1982,0,5,0,0,15,13,12,0,0,0
361117,1,1,1982,0,0,0,0,0,0,9,0,0,0
361118,1,1,1982,27,40,38,26,18,11,13,25,14,31
361119,1,1,1982,7,7,7,7,7,7,7,7,7,7
361120,0,1,1982,23,23,23,23,23,23,23,23,23,23
361120,1,1,1982,0,0,0,0,0,0,0,0,14,0
361121,1,1,1982,9,5,0,0,9,0,0,0,17,6
361122,1,1,1982,17,17,17,17,17,17,17,17,17,17
361123,1,1,1982,0,0,0,0,0,0,0,0,0,0
361124,1,1,1982,0,8,0,0,0,0,0,0,0,0
361124,2,1,1982,0,0,0,0,0,0,0,0,17,0
361125,1,1,1982,0,0,0,0,0,0,0,0,0,0
361125,2,1,1982,0,0,0,0,0,0,0,0,0,0
361126,0,1,1982,0,0,0,0,0,0,0,0,0,0
361126,1,1,1982,0,0,0,32,0,0,0,0,0,0
361127,1,1,1982,18,18,18,18,18,18,18,18,18,18
361127,2,1,1982,0,0,0,0,0,0,0,0,0,0
361128,1,1,1982,0,0,0,0,0,0,0,0,0,0
361128,2,1,1982,0,0,0,0,0,0,0,0,0,0
361129,1,1,1982,0,0,0,0,0,0,0,0,0,0
361129,2,1,1982,13,0,0,0,0,0,0,0,0,10
361130,0,1,1982,8,8,8,8,8,8,8,8,8,8
361130,0,2,1982,29,13,7,0,25,25,21,5,15,13
361130,1,1,1982,41,0,0,0,13,21,0,9,0,17
361131,1,1,1982,15,0,24,18,15,11,4,21,11,21
361131,2,1,1982,0,0,0,0,0,0,0,0,0,0
361132,1,1,1982,0,16,27,7,15,0,17,11,16,24
361132,2,1,1982,0,0,0,0,0,0,0,0,0,0
361133,0,1,1982,24,24,24,24,24,24,24,24,24,24
361133,1,1,1982,6,12,11,18,6,20,20,7,22,19
361134,1,1,1982,11,10,15,9,11,3,15,8,15,12
361134,2,1,1982,22,20,16,8,0,10,6,20,7,22
361135,0,1,1982,0,0,0,0,0,15,0,0,14,13
361135,1,1,1982,0,0,0,0,0,0,0,0,6,0
361136,0,1,1982,0,0,0,0,0,0,0,0,0,0
361136,1,1,1982,0,0,0,0,0,0,0,0,0,0
361137,0,1,1982,2,2,2,2,2,2,2,2,2,2
361137,1,1,1982,18,34,19,8,11,3,32,40,10,15
361138,1,1,1982,21,21,21,21,21,21,21,21,21,21
361138,2,1,1982,8,19,4,0,24,0,0,0,0,0
361139,0,1,1982,0,0,0,0,0,0,0,0,0,0
361139,1,1,1982,0,0,0,2,0,0,0,0,0,0
361139,2,1,1982,0,0,14,0,0,0,0,0,0,0
361140,0,1,1982,0,0,0,8,0,0,0,0,17,0
361140,1,1,1982,0,0,0,0,0,0,0,0,0,0
361141,1,1,1982,0,0,0,0,0,0,0,0,0,0
361141,2,1,1982,0,0,0,0,0,0,0,0,0,0
361142,1,1,1982,3,10,4,0,14,14,6,10,11,20
361142,2,1,1982,0,0,0,0,0,0,0,0,0,0
361143,1,1,1982,0,22,12,28,9,31,8,0,0,7
361144,1,1,1982,16,16,16,16,16,16,16,16,16,16
361145,1,1,1982,11,11,11,11,11,11,11,11,11,11
361146,1,1,1982,0,0,0,0,0,0,0,0,0,0
361146,2,1,1982,13,13,13,13,13,13,13,13,13,13
361147,1,1,1982,0,0,0,0,0,0,0,0,0,0
361147,2,1,1982,0,0,0,9,8,0,0,0,0,0
361148,1,1,1982,12,12,12,12,12,12,12,12,12,12
361149,1,1,1982,0,0,0,0,0,0,0,0,0,0
361149,2,1,1982,0,0,0,0,0,0,0,0,0,0
361150,1,1,1982,0,0,15,28,0,0,0,0,0,0
361151,0,1,1982,0,0,5,9,28,0,0,0,0,0
361151,1,1,1982,0,0,0,0,0,0,0,0,0,0
361152,1,1,1982,0,0,0,11,0,0,0,0,0,0
361152,2,1,1982,17,0,0,0,0,0,0,0,0,0
361153,0,1,1982,0,0,0,0,0,0,0,0,0,0
361153,1,1,1982,0,0,0,0,0,0,0,0,0,0
361154,1,1,1982,0,0,0,0,0,0,0,0,0,0
361154,2,1,1982,0,0,0,0,0,0,0,0,0,0
361155,1,1,1982,4,9,4,0,6,19,11,7,12,13
361155,2,1,1982,21,21,21,21,21,21,21,21,21,21
361156,1,1,1982,0,0,0,0,0,0,0,0,0,0
361156,2,1,1982,0,0,0,0,0,0,0,0,0,0
361157,1,1,1982,0,0,0,0,0,0,0,0,0,0
361157,2,1,1982,0,0,0,0,0,0,0,13,20,0
361158,0,1,1982,0,17,0,0,0,0,0,0,0,0
361158,1,1,1982,0,0,0,0,0,0,0,1,0,0
361159,0,1,1982,0,0,0,0,0,0,0,0,0,0
361159,0,2,1982,0,0,0,0,0,0,0,22,0,6
361159,1,1,1982,0,0,0,0,0,9,0,0,13,0
361160,0,1,1982,27,19,8,56,25,7,35,23,39,24
361160,1,1,1982,0,0,19,0,0,0,0,0,0,0
361161,1,1,1982,10,10,10,10,10,10,10,10,10,10
361161,2,1,1982,0,0,0,0,0,0,0,0,0,0
361162,0,1,1982,0,5,19,0,0,0,14,0,0,0
361162,1,1,1982,0,0,0,0,0,0,0,0,0,0
361163,1,1,1982,0,0,0,0,0,9,0,0,0,14
361164,1,1,1982,0,0,0,0,0,0,0,0,0,0
361165,1,1,1982,8,0,0,0,0,0,0,0,0,0
361166,0,1,1982,0,11,0,0,0,8,8,8,0,0
361166,1,1,1982,0,0,0,0,0,0,0,0,0,0
361167,0,1,1982,0,0,0,0,0,0,0,0,0,0
361167,1,1,1982,0,0,0,0,0,0,0,0,0,0
361168,1,1,1982,5,13,0,8,8,8,0,0,0,0
361169,1,1,1982,0,0,0,0,0,0,0,0,0,0
361169,2,1,1982,14,24,7,0,12,22,0,10,17,7
361170,1,1,1982,0,0,0,0,0,0,0,0,0,0
361170,2,1,1982,0,10,0,0,0,0,0,0,0,9
361170,3,1,1982,0,0,0,0,6,0,0,0,7,0
361171,1,1,1982,0,0,0,0,0,0,0,0,0,0
361171,2,1,1982,0,0,0,0,0,17,0,0,0,0
361172,1,1,1982,0,9,0,16,0,0,0,0,9,16
361172,2,1,1982,0,0,12,0,0,21,0,7,0,0
361173,0,1,1982,0,0,0,0,0,0,0,0,0,0
361173,1,1,1982,0,0,11,0,0,0,0,0,0,0
361174,0,1,1982,0,0,0,0,0,0,0,0,0,9
361174,1,1,1982,0,0,0,0,0,0,0,0,0,0
361175,1,1,1982,0,0,18,0,0,0,0,0,0,0
361176,0,1,1982,21,9,9,0,0,0,14,0,21,0
361176,1,1,1982,0,0,0,14,0,0,0,0,0,0
361177,1,1,1982,9,9,9,9,9,9,9,9,9,9
361178,1,1,1982,0,0,0,0,7,0,0,10,0,0
361179,1,1,1982,7,7,7,7,7,7,7,7,7,7
361180,1,1,1982,26,26,26,26,26,26,26,26,26,26
361181,1,1,1982,27,27,27,27,27,27,27,27,27,27
361182,1,1,1982,19,19,19,19,19,19,19,19,19,19
361183,0,1,1982,0,0,0,0,0,0,0,0,0,0
361183,1,1,1982,0,0,0,0,0,0,0,13,0,0
361184,0,1,1982,0,0,0,0,0,0,0,0,0,0
361184,1,1,1982,0,0,0,0,0,16,0,0,0,0
361185,1,1,1982,11,11,11,11,11,11,11,11,11,11
361186,0,1,1982,0,0,0,0,0,0,0,0,0,0
361186,1,1,1982,0,0,0,0,0,0,0,0,0,0
361187,1,1,1982,28,28,28,28,28,28,28,28,28,28
361188,1,1,1982,0,0,0,0,0,0,0,0,0,0
361188,2,1,1982,0,0,0,0,0,0,0,0,0,0
361188,3,1,1982,0,0,0,20,0,0,0,0,0,0
361188,4,1,1982,0,0,0,0,0,0,0,0,0,0
361189,1,1,1982,5,0,0,0,0,0,0,20,0,0
361190,1,1,1982,5,5,5,5,5,5,5,5,5,5
361191,0,1,1982,19,19,19,19,19,19,19,19,19,19
361191,1,1,1982,0,0,0,0,0,0,0,0,0,0
361192,1,1,1982,0,0,0,0,0,0,0,0,0,10
361192,2,1,1982,0,0,0,0,0,0,7,4,25,0
361193,1,1,1982,8,19,20,0,13,26,23,3,19,12
361194,0,1,1982,0,0,0,0,0,0,0,0,0,0
361194,0,2,1982,21,0,18,22,24,12,11,31,22,11
361194,0,3,1982,0,0,0,0,0,0,0,0,0,0
361194,1,1,1982,0,0,0,0,0,0,0,17,0,0
361195,0,1,1982,0,0,0,0,0,0,0,0,0,0
361195,1,1,1982,0,0,0,0,0,0,0,0,0,0
361196,1,1,1982,0,10,8,3,19,20,25,31,0,0
361197,1,1,1982,0,8,38,0,0,0,16,10,0,15
361198,1,1,1982,0,0,0,0,0,0,0,0,0,0
361198,2,1,1982,2,2,2,2,2,2,2,2,2,2
361199,1,1,1982,26,8,10,0,16,0,22,0,0,19
361200,1,1,1982,25,21,27,25,20,19,16,24,21,9
361201,1,1,1982,6,13,0,0,0,0,0,0,0,0
361201,2,1,1982,0,0,0,0,0,0,0,4,0,21
361202,1,1,1982,0,0,0,0,0,0,0,0,0,0
361202,2,1,1982,0,0,0,0,0,0,0,0,0,0
361203,1,1,1982,11,8,6,9,12,11,10,15,0,18
361203,2,1,1982,0,0,0,0,0,18,0,14,15,0
361204,1,1,1982,0,0,0,0,0,19,0,0,0,0
361204,2,1,1982,7,7,7,7,7,7,7,7,7,7
361205,1,1,1982,0,0,0,0,0,0,0,0,0,0
361205,2,1,1982,12,0,0,0,0,0,0,0,11,0
361205,3,1,1982,11,11,11,11,11,11,11,11,11,11
361206,0,1,1982,20,8,0,0,20,19,39,29,19,27
361206,1,1,1982,0,0,0,0,0,0,0,0,11,0
361207,0,1,1982,0,0,0,0,0,0,0,0,0,0
361207,1,1,1982,0,0,0,0,0,0,0,0,0,0
361208,1,1,1982,26,26,26,26,26,26,26,26,26,26
361209,1,1,1982,26,28,12,18,0,20,0,13,7,18
361210,0,1,1982,0,0,0,0,0,0,0,0,0,0
361210,1,1,1982,0,0,0,0,0,0,0,0,0,0
361211,0,1,1982,0,0,0,0,0,0,22,0,16,0
361211,1,1,1982,0,0,0,0,2,0,0,0,0,0
361212,1,1,1982,0,0,0,0,0,0,0,0,0,0
361212,2,1,1982,0,0,0,0,0,0,0,0,0,0
361213,1,1,1982,22,22,22,22,22,22,22,22,22,22
361214,0,1,1982,17,0,0,0,0,0,0,5,0,11
361214,1,1,1982,0,0,0,0,0,0,0,0,0,0
361215,1,1,1982,0,0,0,0,0,0,0,0,0,0
361215,2,1,1982,4,4,4,4,4,4,4,4,4,4
361216,1,1,1982,0,0,0,0,0,0,0,0,0,0
361216,2,1,1982,0,0,0,0,0,0,0,0,0,0
361217,1,1,1982,0,11,0,0,0,11,0,0,0,0
361218,0,1,1982,0,0,0,0,0,0,0,0,0,0
361218,1,1,1982,0,0,0,0,0,0,0,0,0,0
361219,1,1,1982,0,0,0,0,0,0,0,0,0,0
361219,2,1,1982,0,0,0,0,0,0,0,0,0,0
361220,1,1,1982,0,0,0,0,0,0,0,0,0,0
361220,2,1,1982,0,0,0,0,0,0,0,0,0,0
361221,1,1,1982,23,23,23,23,23,23,23,23,23,23
361221,2,1,1982,0,0,0,0,0,0,0,0,0,0
361222,1,1,1982,17,25,3,29,0,0,7,24,24,18
361223,0,1,1982,21,0,23,19,14,14,7,21,0,0
361223,1,1,1982,13,18,0,0,11,33,0,0,0,14
361224,0,1,1982,0,0,0,0,5,0,20,0,0,0
361224,1,1,1982,0,0,0,0,0,0,0,0,0,0
361225,1,1,1982,0,0,12,0,0,0,0,0,0,0
361225,2,1,1982,0,0,0,0,0,0,0,0,0,0
361226,1,1,1982,0,0,0,0,14,0,0,0,0,0
361226,2,1,1982,3,3,3,3,3,3,3,3,3,3
361226,3,1,1982,0,0,0,0,0,0,0,0,0,0
361227,1,1,1982,0,0,0,12,0,0,0,0,0,0
361228,1,1,1982,11,8,30,4,0,0,17,35,0,8
361229,1,1,1982,0,0,0,0,9,0,0,0,0,0
361229,2,1,1982,0,0,0,0,0,0,0,0,0,0
361229,3,1,1982,0,0,0,0,0,0,0,0,0,0
361230,1,1,1982,13,15,17,17,33,9,18,7,13,16
361230,2,1,1982,0,17,0,0,0,25,0,0,0,12
361231,1,1,1982,18,6,13,12,8,9,16,15,12,11
361231,2,1,1982,16,12,23,0,0,0,0,0,0,0
361231,3,1,1982,0,0,0,0,0,0,0,0,0,0
361232,1,1,1982,14,14,14,14,14,14,14,14,14,14
361232,2,1,1982,0,0,15,0,0,0,0,0,0,0
361233,0,1,1982,0,21,0,12,0,16,0,22,11,0
361233,0,2,1982,28,0,0,0,9,27,0,7,0,0
361233,1,1,1982,0,0,0,0,0,0,0,0,0,0
361234,1,1,1982,0,19,0,0,0,17,0,5,24,14
361235,0,1,1982,0,0,0,0,0,0,0,0,0,0
361235,1,1,1982,0,0,26,0,0,5,0,0,0,0
361236,0,1,1982,0,0,0,0,0,0,0,0,0,0
361236,1,1,1982,0,0,0,0,0,0,0,0,0,0
361237,1,1,1982,0,0,0,0,0,0,0,0,0,0
361237,2,1,1982,19,19,19,19,19,19,19,19,19,19
361238,1,1,1982,14,9,5,17,23,17,20,20,23,10
361239,1,1,1982,0,0,0,0,0,0,0,0,0,0
361240,1,1,1982,19,0,0,0,0,0,0,0,0,0
361241,1,1,1982,0,0,0,0,0,0,0,0,0,0
361242,1,1,1982,0,0,0,0,0,0,0,0,0,0
361244,1,1,1982,8,8,26,17,0,31,6,6,12,14
361245,1,1,1982,23,23,23,23,23,23,23,23,23,23
361246,1,1,1982,0,0,0,0,0,0,0,0,0,0
361246,2,1,1982,0,0,0,0,0,0,0,0,0,0
361247,1,1,1982,0,0,0,0,0,0,0,0,0,0
361248,1,1,1982,0,0,0,0,0,17,0,0,0,0
361248,2,1,1982,0,0,0,0,0,0,0,0,0,0
361249,1,1,1982,0,0,0,0,0,0,0,0,0,0
361249,2,1,1982,0,0,0,0,0,0,0,18,0,0
361250,1,1,1982,0,0,9,0,25,0,0,0,0,20
361250,2,1,1982,0,0,0,0,0,0,0,0,0,12
361251,1,1,1982,37,35,20,23,23,9,10,5,10,26
361252,1,1,1982,0,0,0,0,0,0,12,0,0,0
361252,2,1,1982,0,0,0,0,0,7,0,0,0,0
361253,1,1,1982,0,0,0,0,0,0,0,0,0,15
361254,1,1,1982,0,0,0,0,0,0,0,0,0,0
361255,1,1,1982,0,0,0,0,0,0,0,0,0,0
361255,2,1,1982,0,12,6,21,0,15,2,3,0,0
361256,0,1,1982,25,25,25,25,25,25,25,25,25,25
361256,1,1,1982,16,0,0,0,0,0,0,0,0,0
361257,1,1,1982,7,7,7,7,7,7,7,7,7,7
361258,0,1,1982,0,0,0,0,0,0,0,39,0,0
361258,1,1,1982,0,0,0,0,5,0,0,0,0,15
361259,1,1,1982,0,0,0,0,0,0,0,0,0,0
361259,2,1,1982,19,19,19,19,19,19,19,19,19,19
361260,1,1,1982,12,24,0,0,0,0,0,29,0,11
361260,2,1,1982,0,0,0,12,5,0,0,7,22,0
361261,1,1,1982,12,27,11,12,20,27,11,17,15,20
361262,1,1,1982,19,19,19,19,19,19,19,19,19,19
361263,1,1,1982,0,0,0,0,22,0,0,0,0,0
361263,2,1,1982,0,0,0,0,0,0,0,0,0,0
361264,0,1,1982,15,0,0,0,0,20,0,18,0,15
361264,1,1,1982,0,0,0,0,0,0,0,0,0,0
361265,1,1,1982,0,0,0,0,0,0,0,0,0,0
361266,1,1,1982,11,11,11,11,11,11,11,11,11,11
361266,2,1,1982,0,0,8,0,0,0,14,0,0,12
361267,1,1,1982,16,12,22,22,5,17,4,5,29,19
361268,0,1,1982,16,19,28,43,0,0,12,0,0,0
361268,1,1,1982,0,0,0,6,0,0,0,0,0,0
361269,0,1,1982,0,0,0,0,0,0,0,0,0,0
361269,1,1,1982,0,18,0,29,0,0,0,8,9,23
361272,0,1,1982,7,0,0,0,0,0,29,0,29,19
361272,1,1,1982,0,0,0,9,0,0,0,0,0,0
361273,0,1,1982,0,0,1,15,4,14,31,23,0,0
361273,0,2,1982,11,0,0,15,0,16,2,0,14,5
361273,1,1,1982,0,0,0,11,0,0,0,16,0,0
361274,0,1,1982,0,0,0,0,0,0,0,0,0,0
361274,1,1,1982,0,0,0,0,0,0,0,0,0,0
361275,1,1,1982,0,0,0,0,0,0,0,0,0,0
361275,2,1,1982,0,0,0,0,0,0,10,0,0,0
361276,0,1,1982,0,0,0,0,0,0,0,0,0,0
361276,1,1,1982,0,0,0,0,0,0,0,0,0,0
361277,1,1,1982,0,0,0,0,9,0,0,0,0,12
361278,0,1,1982,0,0,0,0,0,0,0,0,0,0
361278,1,1,1982,0,0,0,0,0,0,0,0,0,0
361279,1,1,1982,30,30,30,30,30,30,30,30,30,30
361279,2,1,1982,0,0,0,0,0,0,0,0,0,0
361280,0,1,1982,17,29,0,15,15,27,3,0,21,22
361280,1,1,1982,29,23,0,5,13,27,6,11,20,10
361281,1,1,1982,28,28,28,28,28,28,28,28,28,28
361282,0,1,1982,14,0,28,16,26,35,0,29,9,20
361282,1,1,1982,0,0,0,0,0,11,0,0,0,0
361283,1,1,1982,0,0,0,0,0,7,0,0,0,0
361284,1,1,1982,11,17,20,4,6,4,26,18,17,27
361284,2,1,1982,0,0,0,0,0,0,0,0,0,0
361284,3,1,1982,0,0,0,0,0,0,7,0,0,0
361285,1,1,1982,4,4,4,4,4,4,4,4,4,4
361286,1,1,1982,0,0,0,0,0,20,0,0,0,0
361287,1,1,1982,26,26,26,26,26,26,26,26,26,26
361288,0,1,1982,0,0,0,0,0,14,0,0,0,0
361288,1,1,1982,8,0,0,11,0,0,0,0,0,0
361289,1,1,1982,18,18,18,18,18,18,18,18,18,18
361290,0,1,1982,3,3,3,3,3,3,3,3,3,3
361290,1,1,1982,31,15,25,19,0,4,14,10,16,8
361291,1,1,1982,24,21,34,28,20,10,7,19,22,25
361292,1,1,1982,0,0,0,24,0,0,0,0,0,0
361292,2,1,1982,0,0,0,21,12,0,0,0,11,0
361293,0,1,1982,0,0,0,0,0,0,0,0,5,0
361293,1,1,1982,0,0,0,0,11,12,0,0,0,0
361294,1,1,1982,0,0,0,0,0,0,0,0,0,0
361294,2,1,1982,22,5,16,17,31,11,14,18,17,31
361295,1,1,1982,0,13,4,0,0,16,0,0,0,0
361295,2,1,1982,0,28,0,0,0,20,24,12,0,0
361296,1,1,1982,0,0,0,0,0,0,0,0,0,0
361296,2,1,1982,0,0,0,0,0,0,0,0,0,0
361297,1,1,1982,0,40,0,0,0,0,0,0,0,0
361297,2,1,1982,18,18,12,14,21,18,18,16,11,11
361298,1,1,1982,0,0,0,0,0,0,0,0,0,0
361298,2,1,1982,16,16,16,16,16,16,16,16,16,16
361299,0,1,1982,14,14,14,14,14,14,14,14,14,14
361299,1,1,1982,5,11,16,12,8,8,10,10,12,29
361300,0,1,1982,0,0,0,0,0,0,0,0,0,0
361300,1,1,1982,0,0,0,0,0,0,0,0,0,0
361301,0,1,1982,11,5,17,8,0,0,16,29,35,27
361301,1,1,1982,0,0,0,0,0,0,0,0,0,0
361302,0,1,1982,0,0,0,0,0,0,0,12,0,0
361302,1,1,1982,0,0,18,0,22,10,0,19,23,21
361303,1,1,1982,0,0,0,0,11,0,0,0,0,0
361304,0,1,1982,0,0,0,0,0,0,0,0,0,0
361304,0,2,1982,0,0,0,0,0,11,30,0,11,0
361304,1,1,1982,0,0,0,0,0,0,0,0,0,0
361305,1,1,1982,0,0,0,0,0,0,0,0,0,0
361305,2,1,1982,0,0,0,0,0,0,0,0,0,0
361306,0,1,1982,0,0,0,0,0,0,0,0,0,0
361306,1,1,1982,0,0,0,0,0,0,0,0,0,0
361307,0,1,1982,0,0,20,0,10,7,18,0,14,20
361307,1,1,1982,0,0,7,0,0,0,0,0,0,10
361307,2,1,1982,0,0,0,0,0,0,0,0,0,0
361308,0,1,1982,0,0,0,0,0,0,0,0,0,0
361308,1,1,1982,0,0,0,0,0,0,0,0,0,0
361309,0,1,1982,18,18,18,18,18,18,18,18,18,18
361309,1,1,1982,0,0,0,11,10,3,0,0,0,0
361310,1,1,1982,11,10,8,9,17,20,8,15,10,10
361311,1,1,1982,17,13,22,23,20,13,16,0,0,23
361312,1,1,1982,25,0,5,25,32,17,0,13,8,0
361313,1,1,1982,0,0,0,0,0,0,0,0,0,0
361314,1,1,1982,7,7,7,7,7,7,7,7,7,7
361314,2,1,1982,0,0,0,0,0,10,0,0,0,0
361314,3,1,1982,0,0,0,0,9,0,0,0,0,0
361315,1,1,1982,23,23,23,23,23,23,23,23,23,23
361316,1,1,1982,11,11,11,11,11,11,11,11,11,11
361317,2,1,1982,0,0,14,19,0,0,0,0,0,0
361318,1,1,1982,0,0,0,0,0,0,0,0,0,0
361318,2,1,1982,0,0,0,0,0,0,0,0,0,0
361319,0,1,1982,0,0,0,0,0,0,0,0,0,0
361319,1,1,1982,0,0,0,0,0,0,0,0,0,0
361320,0,1,1982,20,20,20,20,20,20,20,20,20,20
361320,1,1,1982,0,0,0,0,0,0,0,0,0,0
361321,0,1,1982,0,0,0,0,0,0,0,0,0,0
361321,1,1,1982,0,0,0,0,0,0,0,0,0,0
361322,1,1,1982,0,0,0,0,0,0,0,0,0,0
361322,2,1,1982,20,7,15,16,25,6,17,13,0,11
361323,1,1,1982,14,6,12,12,0,7,2,15,10,13
361324,1,1,1982,14,14,13,28,32,11,17,16,19,17
361325,1,1,1982,18,14,0,0,0,0,0,0,0,0
361325,2,1,1982,0,0,0,0,0,0,0,0,0,0
361325,3,1,1982,0,0,0,0,0,0,0,0,0,0
361326,1,1,1982,17,17,17,17,17,17,17,17,17,17
361326,2,1,1982,0,0,0,0,0,0,0,0,0,0
361327,1,1,1982,0,7,0,25,0,0,0,0,12,16
361327,2,1,1982,0,0,0,0,0,0,0,0,0,0
361328,0,1,1982,0,0,0,0,0,0,0,0,0,0
361328,1,1,1982,0,0,0,0,0,0,11,0,0,0
361329,1,1,1982,0,0,0,0,0,0,0,0,0,0
361330,1,1,1982,12,12,12,12,12,12,12,12,12,12
361331,0,1,1982,0,0,0,0,0,0,0,0,0,0
361331,1,1,1982,6,0,12,0,0,0,0,0,0,0
361332,1,1,1982,14,14,14,14,14,14,14,14,14,14
361333,1,1,1982,0,0,0,0,0,0,0,0,0,0
361334,0,1,1982,26,26,26,26,26,26,26,26,26,26
361334,0,2,1982,23,7,0,0,9,16,0,11,0,0
361334,1,1,1982,21,12,33,16,18,18,20,20,13,19
361335,1,1,1982,0,0,0,0,0,0,0,0,0,0
361335,2,1,1982,15,0,9,0,13,20,0,22,22,15
361336,0,1,1982,0,0,18,0,0,0,0,0,0,0
361336,1,1,1982,0,0,0,0,0,9,0,0,0,0
361337,1,1,1982,0,0,0,0,0,0,0,26,0,0
361337,2,1,1982,0,0,0,0,0,0,0,8,0,0
361338,0,1,1982,0,12,11,0,8,9,6,13,13,19
361338,1,1,1982,20,11,16,14,14,10,6,9,27,19
361339,1,1,1982,0,0,0,19,0,17,0,3,7,5
361340,0,1,1982,0,14,0,0,6,18,24,0,12,0
361340,1,1,1982,0,0,0,0,0,0,0,0,0,0
361341,0,1,1982,30,30,30,30,30,30,30,30,30,30
361341,1,1,1982,18,13,19,14,7,14,18,0,22,21
361342,1,1,1982,0,0,0,0,0,0,0,0,0,0
361342,2,1,1982,26,22,24,19,14,16,8,15,11,11
361343,1,1,1982,30,30,30,30,30,30,30,30,30,30
361344,1,1,1982,0,0,0,0,0,0,0,0,0,0
361345,1,1,1982,8,6,4,0,17,36,16,10,24,24
361345,2,1,1982,0,0,0,0,0,0,0,13,0,0