ST_CASE,VEH_NO,PER_NO,YEAR,P1,P2,P3,P4,P5,P6,P7,P8,P9,P10
361347,1,1,1982,5,18,16,0,13,0,15,16,13,0
361347,2,1,1982,0,0,17,0,0,0,0,0,0,0
361347,3,1,1982,5,5,0,0,0,0,8,14,0,11
361348,1,1,1982,23,23,23,23,23,23,23,23,23,23
361349,1,1,1982,21,21,21,21,21,21,21,21,21,21
361349,2,1,1982,0,0,0,0,0,0,0,0,0,0
361350,1,1,1982,0,0,0,0,0,0,0,0,0,0
361350,2,1,1982,0,0,0,0,0,0,0,0,0,0
361351,1,1,1982,11,11,11,11,11,11,11,11,11,11
361352,1,1,1982,0,0,0,0,0,0,0,0,0,0
361352,2,1,1982,0,0,0,0,0,0,0,0,0,0
361353,1,1,1982,0,0,0,0,0,0,0,0,0,0
361354,1,1,1982,0,0,0,0,0,0,0,0,0,0
361354,2,1,1982,0,0,0,0,0,0,0,0,0,0
361355,1,1,1982,0,0,0,0,0,0,0,0,0,0
361355,2,1,1982,0,0,0,0,0,10,0,0,20,16
361356,0,1,1982,8,8,8,8,8,8,8,8,8,8
361356,1,1,1982,0,0,0,0,0,0,0,0,0,0
361357,1,1,1982,8,0,0,15,8,0,15,0,0,0
361358,1,1,1982,0,0,0,0,0,30,3,5,0,0
361358,2,1,1982,0,0,0,0,0,0,0,0,0,0
361359,0,1,1982,0,0,0,0,0,0,0,0,0,0
361359,0,2,1982,0,0,0,0,0,0,0,0,0,0
361359,1,1,1982,18,0,19,14,20,32,15,15,0,5
361360,1,1,1982,12,12,12,12,12,12,12,12,12,12
361361,1,1,1982,0,0,0,0,0,9,0,0,0,0
361361,2,1,1982,17,17,17,17,17,17,17,17,17,17
361362,1,1,1982,17,17,17,17,17,17,17,17,17,17
361362,2,1,1982,0,0,0,0,0,13,0,13,9,0
361363,1,1,1982,0,0,0,0,0,13,7,0,10,8
361364,1,1,1982,0,0,0,18,0,0,0,16,0,0
361364,2,1,1982,0,0,0,0,0,0,0,0,0,0
361365,1,1,1982,0,0,0,0,0,0,0,0,0,0
361365,2,1,1982,18,18,18,18,18,18,18,18,18,18
361366,0,1,1982,0,0,0,0,0,0,0,0,0,0
361366,1,1,1982,0,0,0,0,0,0,0,0,0,0
361367,1,1,1982,23,17,9,9,10,12,5,0,0,36
361368,0,1,1982,1,1,1,1,1,1,1,1,1,1
361368,1,1,1982,0,14,0,0,0,0,0,0,0,0
361369,0,1,1982,0,0,0,0,0,0,0,0,0,0
361369,2,1,1982,0,0,0,0,0,0,0,0,0,0
361370,1,1,1982,13,26,0,0,8,2,0,15,14,24
361371,0,1,1982,0,0,0,0,0,0,0,0,0,0
361371,1,1,1982,0,0,0,0,0,0,0,0,0,0
361372,1,1,1982,0,16,19,17,0,0,0,3,9,6
361373,1,1,1982,0,0,0,0,20,0,0,0,0,0
361373,2,1,1982,0,0,0,0,0,0,0,0,0,0
361374,1,1,1982,14,14,14,14,14,14,14,14,14,14
361374,2,1,1982,0,0,0,0,0,0,0,0,0,21
361375,1,1,1982,26,26,26,26,26,26,26,26,26,26
361376,0,1,1982,4,4,4,4,4,4,4,4,4,4
361376,1,1,1982,0,0,0,0,0,0,0,0,0,18
361377,1,1,1982,22,15,0,0,0,14,3,26,0,13
361378,0,1,1982,18,9,22,0,15,0,0,0,0,12
361378,1,1,1982,0,10,10,18,19,14,0,0,20,10
361379,0,1,1982,5,0,9,12,20,0,0,7,0,15
361379,0,2,1982,22,41,11,21,17,17,14,11,15,4
361379,1,1,1982,0,25,0,7,0,0,6,10,0,0
361380,0,1,1982,0,0,0,0,0,0,0,0,0,0
361380,1,1,1982,0,0,0,0,11,0,0,0,0,0
361381,1,1,1982,0,0,0,0,0,0,0,0,0,0
361381,2,1,1982,0,0,0,0,0,0,0,0,0,0
361382,1,1,1982,0,0,0,0,0,0,0,0,0,0
361383,0,1,1982,0,0,0,0,0,0,0,0,0,0
361383,1,1,1982,0,0,0,0,0,0,0,0,19,12
361384,1,1,1982,8,23,0,4,6,8,14,16,11,0
361385,1,1,1982,0,5,17,10,15,4,12,6,22,9
361386,0,1,1982,0,0,0,0,28,0,0,7,0,11
361386,1,1,1982,0,0,16,0,0,0,0,0,0,0
361387,0,1,1982,29,29,29,29,29,29,29,29,29,29
361387,1,1,1982,0,0,9,0,0,0,12,0,0,0
361388,0,1,1982,0,0,28,0,0,0,0,0,11,0
361388,1,1,1982,0,0,3,0,0,0,13,0,0,0
361389,1,1,1982,10,10,10,10,10,10,10,10,10,10
361390,1,1,1982,12,0,0,0,4,0,0,0,18,15
361391,1,1,1982,0,0,0,0,0,0,0,0,0,13
361391,2,1,1982,0,0,6,0,0,0,22,0,0,0
361392,0,1,1982,0,26,0,30,0,0,0,0,0,0
361392,1,1,1982,16,13,15,21,0,20,6,16,20,21
361394,1,1,1982,0,0,0,0,0,0,0,0,0,0
361394,2,1,1982,0,0,0,0,0,10,0,0,0,0
361395,1,1,1982,0,0,3,0,0,0,0,0,0,0
361395,2,1,1982,0,0,0,0,0,0,0,0,0,0
361396,1,1,1982,15,15,15,15,15,15,15,15,15,15
361397,1,1,1982,0,4,9,13,32,14,8,13,24,12
361398,0,1,1982,0,0,0,0,0,0,0,0,0,0
361398,1,1,1982,0,0,0,0,0,10,0,0,0,0
361399,1,1,1982,0,0,0,0,0,0,0,0,0,0
361400,0,1,1982,0,16,0,0,31,0,25,0,9,18
361400,1,1,1982,0,0,25,0,0,0,0,9,0,12
361401,0,1,1982,0,0,0,0,0,0,0,0,0,4
361401,1,1,1982,1,1,1,1,1,1,1,1,1,1
361402,0,1,1982,0,0,0,0,0,0,0,0,0,0
361402,1,1,1982,0,0,0,0,0,0,0,0,0,0
361403,1,1,1982,0,0,0,0,0,0,0,0,0,0
361403,2,1,1982,15,0,0,0,0,0,0,12,0,0
361404,1,1,1982,0,0,0,0,6,0,0,0,0,0
361404,2,1,1982,0,0,0,0,0,0,0,0,0,0
361405,0,1,1982,0,0,0,9,0,0,0,0,0,0
361405,1,1,1982,0,0,0,0,0,0,0,0,0,0
361406,1,1,1982,0,0,0,0,0,0,0,0,9,0
361406,2,1,1982,0,14,0,6,0,0,0,0,0,0
361407,1,1,1982,27,27,27,27,27,27,27,27,27,27
361408,0,1,1982,49,49,49,49,49,49,49,49,49,49
361408,1,1,1982,2,0,0,0,0,0,0,9,7,0
361409,0,1,1982,0,0,0,0,0,0,22,0,0,0
361409,1,1,1982,0,0,0,0,0,0,0,0,27,0
361410,1,1,1982,0,16,0,0,0,0,0,0,21,0
361410,2,1,1982,0,0,0,0,0,0,0,0,0,24
361411,1,1,1982,26,26,26,26,26,26,26,26,26,26
361412,1,1,1982,0,0,0,0,0,0,0,0,0,0
361413,1,1,1982,7,7,7,7,7,7,7,7,7,7
361414,1,1,1982,8,8,8,8,8,8,8,8,8,8
361415,1,1,1982,0,0,0,0,0,0,0,0,0,0
361416,0,1,1982,0,0,0,0,0,0,0,0,0,0
361416,1,1,1982,0,0,0,0,0,0,0,0,0,0
361417,1,1,1982,23,16,15,8,10,7,15,16,14,8
361417,2,1,1982,12,12,12,12,12,12,12,12,12,12
361418,0,1,1982,24,8,0,0,26,0,0,44,0,0
361418,1,1,1982,0,0,0,0,0,0,0,0,0,0
361419,0,1,1982,0,6,0,13,0,0,17,0,0,0
361419,1,1,1982,0,0,0,0,0,0,0,0,0,0
361420,0,1,1982,0,0,0,0,0,0,0,0,16,6
361420,1,1,1982,0,0,0,0,0,0,0,0,0,0
361421,0,1,1982,0,0,0,0,0,0,0,0,0,0
361421,1,1,1982,0,0,0,0,0,13,0,0,0,14
361422,1,1,1982,0,0,0,0,0,0,0,0,0,0
361423,1,1,1982,0,0,0,0,0,0,0,0,0,0
361423,2,1,1982,0,0,0,0,0,0,0,0,0,0
361424,0,1,1982,0,9,0,0,0,0,29,0,26,0
361424,1,1,1982,0,0,0,0,0,0,0,0,0,0
361425,1,1,1982,7,14,15,12,9,33,13,34,15,6
361426,1,1,1982,27,27,27,27,27,27,27,27,27,27
361427,1,1,1982,26,26,26,26,26,26,26,26,26,26
361428,1,1,1982,16,16,16,16,16,16,16,16,16,16
361429,0,1,1982,0,0,0,0,13,0,0,0,0,20
361429,1,1,1982,0,0,0,0,0,0,0,0,0,0
361429,2,1,1982,0,0,0,0,0,0,0,0,27,12
361430,0,1,1982,0,0,0,0,0,0,0,0,0,0
361430,1,1,1982,0,0,0,0,0,0,0,0,0,0
361431,1,1,1982,8,8,8,8,8,8,8,8,8,8
361432,1,1,1982,0,25,15,23,11,16,17,16,18,25
361433,1,1,1982,9,18,18,14,16,5,14,26,9,20
361434,1,1,1982,23,27,11,12,17,26,14,6,14,23
361434,2,1,1982,9,9,9,9,9,9,9,9,9,9
361435,1,1,1982,19,7,0,0,0,12,15,0,7,0
361435,2,1,1982,11,0,8,0,15,0,18,0,0,0
361436,1,1,1982,11,16,22,8,28,20,22,22,31,6
361437,1,1,1982,7,22,25,11,9,7,18,19,15,13
361438,0,1,1982,0,0,0,0,0,0,0,0,0,0
361438,1,1,1982,0,0,0,0,0,0,0,0,0,0
361439,1,1,1982,15,18,0,8,9,4,0,0,5,18
361440,0,1,1982,0,0,0,0,0,0,0,0,0,0
361440,1,1,1982,0,7,0,0,0,0,0,0,0,0
361441,0,1,1982,0,0,0,0,0,0,0,0,0,0
361441,0,2,1982,0,0,0,0,0,0,0,0,17,0
361441,1,1,1982,0,0,0,0,0,0,0,0,0,0
361441,2,1,1982,0,0,0,0,0,0,0,0,0,0
361441,3,1,1982,0,0,0,0,0,0,0,0,0,0
361442,1,1,1982,0,0,0,0,0,0,0,0,0,0
361442,2,1,1982,0,0,0,0,0,0,0,0,0,0
361443,0,1,1982,15,15,15,15,15,15,15,15,15,15
361443,1,1,1982,0,0,0,0,0,0,0,0,0,0
361444,1,1,1982,12,25,0,0,6,0,0,4,21,7
361445,1,1,1982,13,13,13,13,13,13,13,13,13,13
361446,1,1,1982,0,0,0,0,0,0,0,0,0,0
361447,0,1,1982,0,15,0,0,0,0,0,0,18,13
361447,1,1,1982,0,0,0,0,0,0,0,0,0,0
361447,2,1,1982,0,0,14,8,15,0,14,7,0,7
361448,0,1,1982,0,0,0,0,0,0,0,16,0,0
361448,1,1,1982,0,0,0,0,0,0,0,0,0,0
361449,1,1,1982,0,0,0,0,0,0,0,0,0,0
361449,2,1,1982,29,0,0,0,0,0,7,0,0,0
361450,1,1,1982,9,9,9,9,9,9,9,9,9,9
361451,1,1,1982,22,22,22,22,22,22,22,22,22,22
361452,1,1,1982,0,7,0,23,0,0,0,0,0,0
361453,1,1,1982,10,10,10,10,10,10,10,10,10,10
361453,2,1,1982,0,0,0,0,15,0,0,0,0,0
361454,1,1,1982,0,0,18,0,0,0,0,0,0,0
361455,0,1,1982,26,15,31,9,31,0,0,15,8,11
361455,0,2,1982,36,0,12,18,31,17,24,56,0,16
361455,3,1,1982,0,0,0,0,0,0,0,0,5,0
361456,0,1,1982,0,4,0,13,11,12,0,9,0,22
361456,1,1,1982,9,15,7,10,15,14,26,14,21,29
361457,1,1,1982,23,16,19,10,19,13,13,21,8,15
361458,0,1,1982,18,0,0,0,0,0,0,0,0,0
361458,1,1,1982,0,0,0,0,0,0,0,0,0,0
361459,1,1,1982,13,13,13,13,13,13,13,13,13,13
361460,1,1,1982,12,5,15,2,10,24,18,6,11,19
361461,1,1,1982,0,0,0,0,0,0,0,0,0,0
361462,1,1,1982,12,12,12,12,12,12,12,12,12,12
361462,2,1,1982,0,0,0,0,0,0,0,0,8,9
361463,1,1,1982,22,21,0,21,22,23,0,12,30,18
361464,1,1,1982,0,0,0,0,0,0,0,0,0,0
361464,2,1,1982,23,13,10,19,8,11,19,0,17,14
361464,3,1,1982,0,11,0,0,0,0,0,0,0,0
361465,0,1,1982,0,0,0,0,0,0,0,0,0,0
361465,1,1,1982,31,24,21,8,0,11,31,32,26,10
361466,1,1,1982,0,0,0,0,0,0,0,0,0,0
361466,2,1,1982,0,0,0,0,0,0,0,0,0,0
361467,1,1,1982,1,1,1,1,1,1,1,1,1,1
361468,1,1,1982,23,23,23,23,23,23,23,23,23,23
361469,1,1,1982,0,0,0,0,0,0,0,0,0,0
361469,2,1,1982,19,10,0,0,16,0,0,10,0,0
361470,1,1,1982,0,0,0,0,0,0,0,0,0,0
361470,2,1,1982,0,0,0,0,0,0,0,0,0,0
361471,0,1,1982,23,23,23,23,23,23,23,23,23,23
361471,1,1,1982,0,0,0,0,0,0,0,0,0,0
361472,0,1,1982,0,0,0,0,0,0,0,0,0,0
361472,1,1,1982,0,0,0,0,0,0,0,4,0,0
361473,1,1,1982,15,14,14,9,12,0,0,0,35,9
361473,2,1,1982,0,0,8,8,7,32,9,11,12,21
361474,1,1,1982,10,19,14,5,19,5,15,20,27,16
361474,2,1,1982,0,0,0,0,5,0,29,0,0,0
361475,1,1,1982,14,18,18,12,17,7,8,21,17,18
361476,0,1,1982,0,0,0,0,0,8,0,0,0,0
361476,1,1,1982,0,0,0,0,0,0,0,0,0,0
361477,1,1,1982,6,6,6,6,6,6,6,6,6,6
361477,2,1,1982,0,0,0,0,0,0,0,0,0,0
361478,1,1,1982,0,0,0,0,0,0,0,0,0,0
361478,2,1,1982,0,0,0,0,0,0,0,0,0,0
361479,1,1,1982,0,0,0,25,0,0,0,0,0,0
361479,2,1,1982,7,7,7,7,7,7,7,7,7,7
361480,1,1,1982,0,0,0,0,0,0,0,0,0,0
361480,2,1,1982,0,0,0,0,0,0,0,0,0,0
361481,1,1,1982,13,13,13,13,13,13,13,13,13,13
361481,2,1,1982,0,0,12,0,0,0,0,0,0,0
361482,1,1,1982,18,18,18,18,18,18,18,18,18,18
361483,1,1,1982,0,0,0,0,0,0,0,0,0,0
361483,2,1,1982,0,0,0,0,0,0,0,0,0,0
361484,1,1,1982,14,28,19,12,14,16,12,11,9,22
361485,0,1,1982,0,8,0,0,0,0,0,0,0,0
361485,1,1,1982,0,0,0,0,0,0,0,0,0,0
361486,1,1,1982,0,0,0,0,0,0,0,0,0,0
361487,1,1,1982,0,0,0,0,0,0,0,0,0,0
361487,2,1,1982,0,0,0,0,0,0,0,0,0,0
361488,0,1,1982,0,0,0,0,0,0,0,0,0,0
361488,1,1,1982,0,0,0,0,0,0,0,0,0,0
361489,1,1,1982,0,0,0,0,0,0,0,0,0,0
361489,2,1,1982,16,16,16,16,16,16,16,16,16,16
361490,1,1,1982,15,15,15,15,15,15,15,15,15,15
361491,1,1,1982,15,15,15,15,15,15,15,15,15,15
361491,2,1,1982,0,0,0,0,0,0,0,0,0,0
361492,0,1,1982,0,0,0,0,0,0,0,0,18,0
361492,1,1,1982,0,0,0,0,0,0,0,0,0,0
361493,1,1,1982,0,0,0,0,0,0,0,0,0,0
361494,0,1,1982,0,0,0,0,0,0,0,0,0,0
361494,1,1,1982,0,0,0,0,0,0,0,0,0,0
361496,1,1,1982,8,27,23,0,9,18,17,10,27,16
361497,1,1,1982,47,47,47,47,47,47,47,47,47,47
361498,1,1,1982,24,24,24,24,24,24,24,24,24,24
361499,1,1,1982,0,0,0,0,0,0,0,10,0,0
361500,0,1,1982,0,12,30,21,32,0,36,0,20,22
361500,1,1,1982,0,0,0,7,0,0,0,0,0,0
361501,1,1,1982,0,0,0,0,0,0,0,0,0,0
361502,1,1,1982,0,0,15,7,0,22,0,0,0,17
361503,0,1,1982,0,25,0,26,10,6,16,0,24,0
361503,1,1,1982,0,3,0,0,0,0,0,10,8,0
361504,0,1,1982,30,23,0,0,8,0,0,0,0,0
361504,1,1,1982,0,0,0,10,0,0,0,20,0,0
361505,0,1,1982,0,0,0,0,0,0,0,0,0,0
361505,1,1,1982,15,0,0,0,0,0,0,0,0,0
361506,0,1,1982,0,0,0,0,0,0,0,0,0,10
361506,1,1,1982,0,0,0,0,0,9,0,0,0,0
361507,0,1,1982,0,0,0,0,0,0,0,14,0,0
361507,1,1,1982,0,0,0,0,0,0,0,0,0,0
361508,1,1,1982,21,0,20,16,0,0,14,0,21,19
361509,1,1,1982,0,0,0,0,0,0,0,0,0,0
361510,1,1,1982,22,22,22,22,22,22,22,22,22,22
361511,1,1,1982,10,0,22,12,0,0,0,0,0,25
361512,0,1,1982,22,22,9,0,0,12,17,11,15,20
361512,0,2,1982,0,16,21,8,0,19,20,18,11,20
361512,0,3,1982,22,0,8,13,0,0,6,23,0,0
361512,0,4,1982,19,0,18,15,3,3,15,17,12,0
361512,1,1,1982,18,18,18,18,18,18,18,18,18,18
361513,0,1,1982,0,0,0,0,7,16,9,0,0,0
361513,1,1,1982,12,0,0,0,0,9,0,0,0,0
361514,1,1,1982,0,0,0,0,0,0,0,0,0,0
361514,2,1,1982,0,0,0,0,0,0,0,0,0,0
361515,1,1,1982,16,0,21,0,2,0,27,14,0,18
361516,1,1,1982,1,1,1,1,1,1,1,1,1,1
361517,1,1,1982,21,25,21,21,28,0,25,13,24,15
361518,1,1,1982,18,0,21,0,0,0,0,0,22,0
361519,0,1,1982,10,0,0,0,0,0,0,0,0,0
361519,1,1,1982,0,0,0,0,0,0,0,0,0,0
361520,1,1,1982,19,14,31,21,32,0,0,10,32,10
361521,1,1,1982,0,0,0,0,0,0,0,0,0,0
361521,2,1,1982,0,0,0,0,0,0,0,0,4,0
361521,3,1,1982,0,0,0,0,0,0,13,16,0,0
361522,0,1,1982,0,0,0,0,0,0,0,0,0,0
361522,1,1,1982,0,0,0,0,0,0,0,0,0,0
361523,1,1,1982,0,0,0,0,0,0,0,0,3,0
361523,2,1,1982,0,0,0,0,0,0,0,0,0,0
361524,0,1,1982,17,0,0,0,10,14,0,0,0,13
361524,1,1,1982,6,8,6,16,13,20,13,17,20,15
361525,1,1,1982,23,23,23,23,23,23,23,23,23,23
361526,1,1,1982,0,12,0,22,0,13,0,0,0,3
361526,2,1,1982,0,0,0,0,0,0,0,0,0,0
361527,1,1,1982,19,20,16,12,8,24,33,25,21,26
361528,0,1,1982,0,0,0,0,0,0,0,0,0,0
361528,1,1,1982,0,0,0,0,0,0,0,0,0,0
361529,1,1,1982,19,0,9,0,0,0,0,0,17,0
361531,0,1,1982,13,0,7,11,7,0,0,0,0,0
361531,1,1,1982,0,0,0,0,0,0,0,0,0,0
361532,1,1,1982,0,0,0,0,0,0,0,0,0,0
361532,2,1,1982,0,0,0,0,0,0,0,0,0,0
361533,0,1,1982,0,0,0,0,0,0,0,0,0,0
361533,1,1,1982,0,0,0,0,0,0,0,0,0,0
361534,1,1,1982,14,14,14,14,14,14,14,14,14,14
361535,1,1,1982,0,0,0,0,0,0,0,0,0,0
361536,1,2,1982,19,9,0,3,0,0,0,0,22,0
361537,1,1,1982,16,17,23,11,17,16,19,11,16,25
361537,2,1,1982,0,0,0,0,0,0,0,0,0,0
361538,1,1,1982,9,9,9,9,9,9,9,9,9,9
361539,0,1,1982,19,33,18,31,12,28,13,4,21,19
361539,1,1,1982,0,0,5,0,0,0,0,9,0,0
361540,1,1,1982,0,0,0,0,0,0,0,0,0,0
361540,2,1,1982,0,0,0,0,0,0,0,0,0,0
361541,1,1,1982,0,0,0,0,0,0,0,0,0,0
361541,2,1,1982,2,2,2,2,2,2,2,2,2,2
361541,3,1,1982,0,0,0,0,0,0,0,0,0,0
361542,1,1,1982,0,0,16,7,3,10,16,9,18,0
361543,0,1,1982,0,0,0,0,0,0,0,0,0,0
361543,1,1,1982,0,0,0,0,0,0,0,0,0,0
361544,0,1,1982,29,29,29,29,29,29,29,29,29,29
361544,1,1,1982,0,0,0,0,0,0,0,0,0,0
361545,0,1,1982,1,1,1,1,1,1,1,1,1,1
361545,1,1,1982,0,0,0,0,0,0,0,0,0,0
361546,1,1,1982,2,9,21,26,8,9,14,9,6,18
361547,0,1,1982,3,3,3,3,3,3,3,3,3,3
361547,1,1,1982,13,8,9,8,20,27,0,27,3,17
361548,1,1,1982,0,22,14,0,19,22,13,24,7,9
361548,2,1,1982,5,11,16,12,17,15,17,23,9,7
361549,1,1,1982,23,23,23,23,23,23,23,23,23,23
361550,0,1,1982,21,21,21,21,21,21,21,21,21,21
361550,1,1,1982,0,0,0,0,0,0,0,0,0,0
361551,0,1,1982,0,0,5,0,0,0,0,0,0,0
361551,1,1,1982,0,0,0,11,0,0,0,0,0,21
361552,1,1,1982,21,32,26,12,15,4,9,21,23,9
361553,0,1,1982,4,0,0,0,0,0,9,0,0,0
361553,1,1,1982,0,0,0,0,0,0,0,0,0,0
361554,1,1,1982,17,17,17,17,17,17,17,17,17,17
361555,1,1,1982,0,0,0,0,0,0,0,0,0,0
361555,2,1,1982,0,0,0,0,0,0,0,0,0,0
361556,1,1,1982,0,0,0,0,0,0,0,0,0,0
361557,1,1,1982,10,10,10,10,10,10,10,10,10,10
361558,1,1,1982,11,11,11,11,11,11,11,11,11,11
361558,2,1,1982,16,16,16,16,16,16,16,16,16,16
361559,1,1,1982,0,0,0,8,0,0,0,0,0,0
361559,2,1,1982,21,0,0,20,15,19,19,0,5,15
361560,1,1,1982,38,21,10,21,10,6,35,13,13,8
361560,2,1,1982,0,0,0,0,0,0,0,0,0,0
361561,1,1,1982,0,0,0,12,0,11,0,0,0,0
361562,0,1,1982,0,0,0,0,0,0,0,0,0,0
361562,1,1,1982,0,0,0,0,0,0,0,0,0,0
361563,1,1,1982,15,7,0,0,0,9,0,0,0,0
361563,2,1,1982,0,0,0,0,17,0,0,0,0,0
361564,1,1,1982,0,0,0,16,13,0,0,0,14,0
361564,2,1,1982,0,0,0,0,0,0,0,0,0,0
361565,1,1,1982,0,12,0,0,0,0,0,0,0,0
361566,1,1,1982,0,0,8,0,0,0,0,0,0,0
361566,2,1,1982,0,0,4,0,17,0,0,0,0,0
361567,0,1,1982,20,20,20,20,20,20,20,20,20,20
361567,1,1,1982,0,0,0,0,0,15,0,0,0,0
361568,1,1,1982,0,12,0,0,0,0,0,0,15,0
361568,2,1,1982,14,14,14,14,14,14,14,14,14,14
361569,1,1,1982,0,0,0,0,0,0,0,0,0,0
361569,2,1,1982,0,0,0,0,0,0,0,0,0,0
361570,1,1,1982,0,0,0,0,0,0,0,0,0,0
361571,1,1,1982,24,0,10,15,12,17,10,0,12,17
361571,2,1,1982,3,0,0,8,26,15,0,5,15,14
361572,0,1,1982,18,0,0,0,25,0,16,20,0,11
361572,1,1,1982,20,22,12,31,0,25,21,19,12,21
361573,0,1,1982,0,0,0,16,0,0,20,0,0,0
361573,1,1,1982,0,0,0,0,0,0,0,0,11,0
361574,1,1,1982,7,0,0,0,0,0,0,0,0,0
361574,2,1,1982,0,0,0,0,0,0,0,0,0,0
361574,3,1,1982,0,0,0,0,0,0,0,0,0,0
361575,1,1,1982,0,0,0,0,0,0,0,0,0,11
361575,2,1,1982,21,15,10,10,22,21,0,15,9,17
361576,1,1,1982,0,0,0,0,0,0,0,0,0,0
361576,2,1,1982,16,16,17,14,23,16,15,20,6,3
361577,1,1,1982,6,6,6,6,6,6,6,6,6,6
361578,1,1,1982,9,19,14,0,5,0,0,19,0,0
361579,1,1,1982,10,0,0,0,0,0,0,0,0,8
361580,1,1,1982,14,14,14,14,14,14,14,14,14,14
361581,1,1,1982,0,0,0,0,0,0,0,0,0,0
361581,2,1,1982,17,19,12,5,17,16,8,15,19,25
361582,0,1,1982,23,23,23,23,23,23,23,23,23,23
361582,1,1,1982,0,0,0,0,0,0,0,0,0,7
361583,0,1,1982,0,0,0,0,0,0,0,0,0,0
361583,0,2,1982,0,0,0,0,0,0,0,0,0,0
361583,1,1,1982,4,0,0,0,0,0,0,0,0,23
361584,0,1,1982,0,0,0,0,0,0,0,0,0,0
361584,1,1,1982,12,0,0,0,0,0,0,0,0,0
361585,0,1,1982,0,0,0,0,0,0,0,0,0,0
361585,1,1,1982,22,0,0,0,0,0,0,0,0,0
361586,1,1,1982,14,14,14,14,14,14,14,14,14,14
361586,2,1,1982,0,0,0,0,0,0,0,0,0,0
361587,0,1,1982,11,11,11,11,11,11,11,11,11,11
361587,1,1,1982,0,7,0,0,0,0,0,21,0,0
361588,1,1,1982,0,0,0,0,0,0,0,0,0,0
361588,2,1,1982,0,0,0,0,0,0,0,0,0,0
361589,0,1,1982,0,0,0,0,0,0,0,0,0,19
361589,1,1,1982,0,0,0,0,0,0,0,0,0,0
361589,2,1,1982,0,0,0,0,0,0,0,0,0,0
361590,0,1,1982,27,0,20,0,8,24,0,13,0,29
361590,1,1,1982,22,23,9,24,30,11,29,0,26,27
361591,1,1,1982,0,0,0,0,0,0,0,4,0,0
361591,2,1,1982,0,0,0,0,0,0,0,0,0,0
361592,1,1,1982,0,0,0,20,0,0,0,0,19,10
361593,0,1,1982,0,15,7,13,0,0,5,0,8,0
361593,1,1,1982,0,13,0,0,0,0,0,0,0,0
361594,0,1,1982,25,25,25,25,25,25,25,25,25,25
361594,1,1,1982,0,12,0,0,0,0,0,0,0,0
361594,2,1,1982,0,0,0,0,0,0,0,0,0,0
361595,1,1,1982,0,0,0,0,0,0,0,0,0,0
361595,2,1,1982,0,0,0,0,0,0,0,0,0,0
361596,1,1,1982,0,0,0,17,0,0,8,0,0,0
361596,2,1,1982,0,5,0,0,0,0,0,0,0,0
361597,1,1,1982,0,0,0,0,0,0,20,0,0,0
361598,1,1,1982,0,0,0,0,0,0,0,0,0,12
361598,2,1,1982,0,0,0,0,0,0,0,0,0,0
361599,0,1,1982,0,0,0,0,0,0,0,0,0,0
361599,1,1,1982,0,0,0,0,0,0,0,0,0,28
361600,1,1,1982,19,23,7,22,10,10,15,9,10,0
361600,2,1,1982,0,0,0,0,0,0,0,0,0,0
361601,1,1,1982,0,0,0,0,0,0,0,0,0,0
361602,0,1,1982,0,0,0,0,0,0,0,0,0,0
361602,1,1,1982,12,28,12,12,18,16,28,20,15,19
361603,1,1,1982,0,0,0,0,0,0,0,0,0,0
361603,2,1,1982,4,16,8,22,12,16,15,13,17,21
361604,0,1,1982,0,0,0,0,0,0,0,0,0,0
361604,1,1,1982,0,0,0,0,0,0,0,0,0,0
361605,1,1,1982,31,31,31,31,31,31,31,31,31,31
361605,2,1,1982,0,0,0,0,0,0,0,0,0,0
361606,0,1,1982,0,0,0,0,0,0,0,0,0,0
361606,1,1,1982,0,0,0,0,0,0,0,0,0,0
361607,0,1,1982,0,0,0,0,0,0,0,0,0,0
361607,1,1,1982,0,0,0,0,0,0,0,0,0,0
361608,1,1,1982,36,42,9,3,14,18,35,15,21,22
361609,0,1,1982,0,0,0,0,0,0,0,0,20,0
361609,1,1,1982,0,0,0,0,0,0,0,0,0,0
361610,0,1,1982,0,0,0,0,0,0,0,0,0,0
361610,1,1,1982,0,0,0,0,0,0,0,0,0,0
361611,1,1,1982,13,0,13,6,27,17,11,13,0,28
361612,0,1,1982,0,0,0,0,0,0,0,0,0,26
361612,1,1,1982,0,0,0,0,0,0,0,0,0,0
361613,1,1,1982,21,0,0,0,0,0,0,6,0,0
361613,2,1,1982,8,0,0,0,0,0,0,0,0,0
361614,1,1,1982,0,22,0,8,40,0,0,0,0,0
361615,0,1,1982,16,1,0,10,0,0,0,0,0,0
361615,1,1,1982,0,0,0,0,0,0,0,0,0,0
361616,0,1,1982,0,0,0,0,0,0,0,0,0,0
361616,1,1,1982,0,0,0,0,0,0,0,0,0,0
361617,0,1,1982,0,0,0,0,0,0,0,0,0,0
361617,1,1,1982,0,0,0,0,0,0,0,0,0,0
361618,1,1,1982,18,25,21,11,16,24,27,17,26,8
361619,0,1,1982,0,0,0,0,0,0,0,0,0,0
361619,1,1,1982,0,16,0,0,0,0,0,0,0,0
361620,0,1,1982,0,9,0,15,14,0,13,28,0,6
361620,0,2,1982,21,0,0,17,0,17,12,11,0,15
361620,1,1,1982,0,0,0,0,0,0,0,0,0,0
361620,2,1,1982,0,0,0,0,0,0,0,0,0,0
361621,0,1,1982,0,15,0,0,0,0,0,0,0,0
361621,1,1,1982,0,0,0,0,0,0,0,0,0,0
361622,0,1,1982,16,16,16,16,16,16,16,16,16,16
361622,1,1,1982,0,17,18,23,0,22,27,14,23,24
361623,0,1,1982,17,17,17,17,17,17,17,17,17,17
361623,1,1,1982,0,0,0,0,0,0,0,0,0,0
361624,1,1,1982,9,9,9,9,9,9,9,9,9,9
361624,2,1,1982,0,0,0,0,0,0,0,0,0,0