ST_CASE,VEH_NO,PER_NO,YEAR,P1,P2,P3,P4,P5,P6,P7,P8,P9,P10
361898,1,1,1982,11,18,20,22,15,23,0,30,8,6
361899,1,1,1982,16,0,24,0,21,24,0,0,0,37
361900,0,1,1982,0,0,0,0,0,0,0,0,0,0
361900,1,1,1982,0,5,0,0,0,0,0,0,0,0
361901,0,1,1982,0,0,0,0,0,0,0,0,0,0
361901,1,1,1982,3,3,3,3,3,3,3,3,3,3
361902,1,1,1982,12,23,12,2,6,10,20,7,0,8
361902,2,1,1982,0,0,0,0,0,0,0,0,0,0
361903,0,1,1982,20,0,0,12,0,0,0,0,0,0
361903,1,1,1982,0,0,0,0,0,0,0,0,4,0
361904,0,1,1982,0,0,0,4,11,0,16,18,0,0
361904,1,1,1982,0,3,18,21,30,17,0,8,22,0
361905,0,1,1982,0,0,16,0,0,0,11,0,0,0
361905,1,1,1982,0,0,0,0,0,0,0,0,0,0
361906,0,1,1982,13,26,3,32,14,0,9,16,0,21
361906,1,1,1982,0,0,0,0,0,0,17,0,0,0
361907,0,1,1982,0,0,0,0,0,0,0,0,0,0
361907,1,1,1982,0,0,4,0,0,0,0,0,0,0
361908,1,1,1982,0,16,0,0,0,0,0,0,8,0
361909,0,1,1982,0,0,0,0,0,0,0,0,0,0
361909,1,1,1982,0,0,0,0,0,16,0,0,0,0
361910,0,1,1982,0,0,0,0,0,0,0,0,0,15
361910,1,1,1982,30,22,0,13,10,9,0,0,25,21
361911,1,1,1982,20,34,0,0,0,0,0,0,0,0
361912,1,1,1982,0,0,0,0,0,0,0,32,0,0
361912,2,1,1982,0,0,0,0,12,0,0,0,0,0
361913,1,1,1982,0,0,0,0,0,0,0,0,0,0
361913,2,1,1982,0,0,0,0,0,0,0,0,0,0
361913,3,1,1982,0,0,0,0,0,0,0,15,13,0
361914,0,1,1982,19,0,0,10,0,0,3,0,0,11
361914,1,1,1982,0,0,0,0,7,0,0,0,0,0
361914,2,1,1982,0,0,9,0,0,19,14,0,0,30
361915,1,1,1982,23,8,15,12,13,5,14,18,15,14
361915,2,1,1982,0,0,0,0,0,0,0,0,0,0
361916,0,1,1982,0,5,13,33,0,4,0,0,16,12
361916,1,1,1982,17,18,3,16,13,0,0,9,0,11
361917,1,1,1982,0,0,0,0,0,0,0,0,0,0
361918,0,1,1982,13,5,14,18,0,0,0,12,13,30
361918,1,1,1982,0,0,0,0,0,0,0,0,13,0
361919,0,1,1982,0,0,0,0,0,0,0,0,0,0
361919,1,1,1982,11,0,0,0,0,21,0,14,0,0
361919,2,1,1982,0,0,0,0,0,0,0,0,0,0
361920,0,1,1982,0,0,0,0,0,0,0,0,0,0
361920,1,1,1982,0,0,0,0,0,12,0,0,0,2
361921,0,1,1982,0,0,15,15,0,0,0,0,0,0
361921,1,1,1982,17,17,20,17,21,27,20,12,21,14
361922,0,1,1982,0,0,0,0,0,0,0,0,0,0
361922,1,1,1982,0,0,0,0,0,0,0,0,0,8
361923,0,1,1982,11,19,23,29,28,18,23,22,17,6
361923,1,1,1982,0,0,0,28,0,0,0,0,0,0
361924,1,1,1982,0,16,16,17,24,16,17,8,17,25
361925,0,1,1982,0,6,0,0,0,16,0,0,0,0
361925,1,1,1982,0,0,0,0,0,0,0,0,15,0
361926,1,1,1982,0,0,24,0,0,0,0,0,13,0
361927,0,1,1982,0,0,0,0,12,0,0,0,0,0
361927,1,1,1982,0,0,9,0,0,0,0,9,0,0
361928,2,1,1982,0,0,20,0,9,0,0,0,10,0
361929,0,1,1982,0,0,0,0,0,0,0,0,0,0
361929,1,1,1982,0,0,0,0,0,0,0,0,0,0
361930,0,1,1982,0,26,0,31,15,0,20,0,27,26
361930,1,1,1982,19,0,0,0,0,0,0,0,0,0
361931,1,1,1982,0,0,0,0,2,17,0,8,13,9
361932,0,1,1982,0,0,0,0,0,0,0,0,0,0
361932,1,1,1982,17,11,0,9,12,26,0,0,0,0
361933,0,1,1982,0,0,0,0,0,21,0,0,0,14
361933,1,1,1982,0,0,0,0,0,0,0,0,0,0
361934,1,1,1982,0,0,0,0,0,0,0,0,0,0
361935,0,1,1982,0,0,0,0,0,0,0,0,0,0
361935,0,2,1982,0,0,0,0,0,0,0,0,0,0
361935,1,1,1982,0,0,0,0,0,0,0,0,0,0
361936,0,1,1982,0,0,0,0,0,0,5,0,0,0
361936,1,1,1982,0,24,0,0,0,0,0,0,0,0
361937,0,1,1982,0,0,0,0,0,0,0,16,0,0
361937,1,1,1982,0,0,0,0,0,0,0,0,8,0
361938,1,1,1982,0,0,0,0,0,0,0,0,0,0
361938,2,1,1982,0,0,0,0,0,0,0,0,0,0
361939,1,1,1982,20,16,21,0,0,0,13,12,20,9
361940,1,1,1982,0,0,0,0,0,0,0,15,0,0
361940,2,1,1982,0,0,16,0,0,0,0,0,0,0
361940,3,1,1982,0,0,0,0,0,0,0,0,0,0
361941,1,1,1982,0,0,0,0,0,0,0,0,0,0
361941,2,1,1982,0,0,0,0,0,0,0,0,0,0
361941,3,1,1982,0,0,0,0,0,0,0,0,0,0
361942,1,1,1982,2,2,2,2,2,2,2,2,2,2
361942,2,1,1982,16,16,16,16,16,16,16,16,16,16
361943,1,1,1982,0,0,0,0,0,0,0,0,0,0
361943,2,1,1982,0,0,0,0,0,0,0,0,0,0
361944,1,1,1982,24,24,24,24,24,24,24,24,24,24
361945,1,1,1982,0,0,0,0,0,0,0,0,0,0
361946,0,1,1982,41,21,28,0,27,25,18,11,16,19
361946,1,1,1982,3,16,24,16,13,22,27,13,21,10
361947,0,1,1982,0,24,0,0,19,0,15,30,0,15
361947,1,1,1982,0,0,0,0,0,0,0,0,0,0
361948,0,1,1982,0,0,0,0,0,0,0,0,0,0
361948,1,1,1982,4,0,0,22,0,0,0,10,0,0
361949,0,1,1982,0,0,24,11,30,0,0,0,0,0
361949,1,1,1982,0,0,0,0,0,17,0,0,11,0
361950,1,1,1982,11,10,23,23,25,0,0,0,11,0
361951,0,1,1982,0,0,0,4,0,0,0,0,0,0
361951,1,1,1982,0,0,0,0,0,0,0,0,0,0
361952,1,1,1982,0,0,0,0,0,0,0,0,0,0
361953,0,1,1982,0,0,0,0,16,0,0,18,0,0
361953,1,1,1982,0,0,0,0,0,0,9,0,0,0
361954,1,1,1982,0,28,0,0,17,0,13,24,18,6
361955,1,1,1982,0,0,0,0,0,0,0,0,0,0
361956,1,1,1982,0,0,0,0,0,0,0,0,0,0
361957,1,1,1982,0,0,0,0,0,0,0,0,0,0
361957,2,1,1982,0,0,0,0,0,0,0,0,0,0
361958,1,1,1982,0,0,0,0,0,0,0,0,0,0
361958,2,1,1982,29,29,29,29,29,29,29,29,29,29
361959,0,1,1982,0,8,0,0,0,0,0,0,0,0
361959,1,1,1982,0,0,0,0,0,0,0,0,0,0
361960,1,1,1982,18,16,22,22,20,0,21,18,43,18
361961,1,1,1982,21,28,20,12,9,22,28,31,11,22
361962,0,1,1982,0,0,10,0,10,0,0,0,0,0
361962,1,1,1982,17,0,0,8,10,0,0,15,15,12
361963,0,1,1982,0,0,0,0,0,0,0,0,0,0
361963,1,1,1982,0,0,0,0,0,0,0,15,0,17
361964,1,1,1982,17,0,0,0,0,13,12,0,20,0
361965,1,1,1982,0,20,15,14,15,21,11,10,13,39
361966,1,1,1982,0,0,0,0,0,0,0,14,13,8
361967,1,1,1982,0,0,0,0,16,9,0,0,0,0
361968,1,1,1982,27,12,16,21,2,9,8,18,25,10
361969,0,1,1982,0,0,30,4,31,0,0,11,16,15
361969,1,1,1982,0,0,0,0,0,0,0,13,0,0
361970,1,1,1982,0,0,0,0,14,0,0,0,0,0
361971,0,1,1982,4,4,4,4,4,4,4,4,4,4
361971,0,2,1982,28,7,0,18,42,22,19,25,23,30
361971,1,1,1982,0,0,0,0,0,0,0,0,0,0
361972,0,1,1982,0,0,0,0,0,0,0,0,0,0
361972,0,2,1982,0,0,0,0,0,0,0,0,0,0
361972,1,1,1982,0,0,0,0,0,0,0,0,0,0
361973,1,1,1982,0,0,0,0,0,0,0,0,0,0
361974,1,1,1982,16,14,21,16,10,5,16,17,18,28
361975,1,1,1982,22,20,23,0,0,32,21,24,24,16
361976,1,1,1982,0,0,0,0,0,0,0,20,0,0
361976,2,1,1982,0,0,0,0,0,0,0,0,0,0
361976,3,1,1982,0,0,0,0,0,0,0,0,0,0
361977,1,1,1982,0,0,0,0,0,0,0,0,0,0
361978,1,1,1982,0,7,35,14,0,0,10,0,13,0
361979,1,1,1982,0,13,0,21,0,0,10,0,9,0
361980,1,1,1982,0,0,0,15,0,0,0,0,0,0
361981,1,1,1982,12,0,0,0,0,0,0,0,0,0
361981,2,1,1982,0,0,0,0,0,0,0,0,0,0
361982,0,1,1982,0,0,20,0,0,9,16,7,7,9
361982,1,1,1982,14,18,0,0,0,0,0,0,0,7
361983,1,1,1982,0,0,0,0,0,0,4,0,0,0
361983,2,1,1982,0,0,0,0,0,0,0,0,0,0
361984,1,1,1982,0,0,0,0,0,0,0,0,0,0
361985,0,1,1982,0,0,14,0,0,19,32,0,24,7
361985,1,1,1982,8,14,30,28,2,17,10,14,14,7
361986,0,1,1982,0,0,0,0,0,0,0,0,0,0
361986,0,2,1982,0,0,0,0,0,0,24,0,0,14
361986,1,1,1982,0,0,0,0,0,0,0,0,0,0
361987,1,1,1982,0,0,0,8,0,0,0,0,24,0
361988,1,1,1982,0,0,0,0,0,0,0,0,0,0
361988,2,1,1982,0,0,0,0,0,0,0,0,0,0
361989,0,1,1982,0,0,0,0,0,0,0,0,0,13
361989,1,1,1982,0,11,14,9,0,0,0,0,19,0
361990,0,1,1982,0,0,0,0,0,0,0,13,18,29
361990,1,1,1982,13,19,10,7,11,13,13,10,17,6
370001,1,1,1982,12,13,14,22,5,23,6,8,15,6
370001,2,1,1982,0,0,0,0,0,0,0,0,0,0
370001,3,1,1982,0,0,0,0,8,0,0,0,0,0
370001,4,1,1982,22,0,0,0,0,0,0,0,0,3
370002,1,1,1982,19,19,19,19,19,19,19,19,19,19
370003,1,1,1982,13,13,13,13,13,13,13,13,13,13
370004,0,1,1982,31,31,31,31,31,31,31,31,31,31
370004,1,1,1982,0,0,0,0,0,0,0,0,0,0
370005,1,1,1982,7,15,9,13,9,18,31,11,30,10
370006,1,1,1982,25,25,25,25,25,25,25,25,25,25
370007,1,1,1982,19,10,19,25,19,25,6,16,6,20
370008,1,1,1982,15,15,15,15,15,15,15,15,15,15
370009,1,1,1982,19,19,19,19,19,19,19,19,19,19
370009,2,1,1982,0,0,0,0,0,0,0,0,0,0
370010,0,1,1982,12,0,0,0,0,0,0,0,23,0
370010,1,1,1982,0,0,0,0,0,0,0,0,0,0
370011,1,1,1982,0,0,0,0,0,0,0,0,0,0
370011,2,1,1982,4,4,4,4,4,4,4,4,4,4
370012,1,1,1982,2,2,2,2,2,2,2,2,2,2
370013,0,1,1982,33,33,33,33,33,33,33,33,33,33
370013,1,1,1982,0,0,0,0,0,0,13,0,0,0
370014,1,1,1982,0,0,0,0,0,0,0,0,0,0
370014,2,1,1982,5,5,5,5,5,5,5,5,5,5
370015,1,1,1982,3,3,3,3,3,3,3,3,3,3
370016,0,1,1982,26,26,26,26,26,26,26,26,26,26
370016,1,1,1982,0,7,8,1,0,14,0,0,0,0
370017,1,1,1982,13,13,13,13,13,13,13,13,13,13
370018,1,1,1982,26,26,26,26,26,26,26,26,26,26
370019,1,1,1982,0,0,0,0,0,0,0,0,0,0
370019,2,1,1982,0,0,0,0,0,0,0,0,0,0
370020,1,1,1982,0,0,0,0,0,0,0,25,0,0
370020,2,1,1982,0,0,0,0,0,0,0,0,0,0
370021,0,1,1982,0,0,0,10,0,17,0,0,0,0
370021,1,1,1982,0,0,0,0,0,0,0,0,0,0
370022,1,1,1982,0,0,16,0,0,0,0,0,0,7
370022,2,1,1982,0,0,0,0,0,0,0,0,0,0
370023,1,1,1982,30,30,30,30,30,30,30,30,30,30
370024,1,1,1982,0,0,0,0,0,0,0,0,0,0
370024,2,1,1982,0,0,0,0,0,0,0,0,0,0
370025,0,1,1982,32,32,32,32,32,32,32,32,32,32
370025,1,1,1982,16,13,9,20,17,25,11,4,14,14
370026,1,1,1982,12,12,12,12,12,12,12,12,12,12
370027,1,1,1982,0,0,31,0,0,0,0,13,0,0
370027,2,1,1982,0,0,0,0,0,0,0,0,0,0
370028,1,1,1982,23,0,7,0,10,0,5,0,0,0
370029,1,1,1982,0,0,18,0,0,0,0,0,0,0
370029,2,1,1982,0,0,15,0,0,0,2,0,0,26
370030,0,1,1982,11,33,17,30,0,0,0,20,25,0
370030,1,1,1982,0,0,0,0,0,0,0,0,0,0
370031,1,1,1982,0,8,0,0,0,0,0,0,0,0
370031,2,1,1982,0,0,0,0,0,0,27,0,0,0
370032,1,1,1982,0,0,15,0,25,0,0,0,27,0
370033,1,1,1982,4,18,14,9,10,13,5,17,6,14
370034,0,1,1982,0,0,0,16,0,0,0,0,0,0
370034,1,1,1982,0,0,0,0,0,0,0,0,0,0
370035,1,1,1982,18,6,21,32,24,0,21,17,18,12
370036,0,1,1982,0,0,0,0,0,0,0,0,0,0
370036,1,1,1982,0,0,0,0,0,0,0,0,0,0
370037,0,1,1982,0,0,0,0,0,0,0,0,0,0
370037,1,1,1982,28,31,26,16,0,22,6,20,13,13
370038,1,1,1982,34,34,34,34,34,34,34,34,34,34
370039,1,1,1982,10,16,10,19,12,27,20,4,8,14
370040,1,1,1982,0,0,0,0,0,0,0,0,0,0
370041,1,1,1982,0,0,0,0,0,0,0,0,0,0
370041,2,1,1982,0,0,0,0,0,0,0,0,0,20
370042,1,1,1982,0,0,0,0,0,0,0,0,0,0
370042,2,1,1982,0,0,0,0,0,0,0,0,0,0
370043,1,1,1982,2,2,2,2,2,2,2,2,2,2
370044,0,1,1982,0,0,0,0,0,0,0,0,0,0
370044,1,1,1982,0,0,0,0,0,0,0,0,0,0
370045,1,1,1982,18,0,0,0,8,0,0,0,0,0
370045,2,1,1982,0,0,0,0,0,12,0,0,0,0
370046,1,1,1982,17,8,41,19,13,17,27,25,9,9
370047,1,1,1982,14,14,14,14,14,14,14,14,14,14
370048,0,1,1982,12,0,9,22,17,0,0,21,0,0
370048,1,1,1982,14,14,16,0,7,18,9,14,11,16
370049,1,1,1982,0,0,0,0,7,0,0,0,19,17
370049,2,1,1982,0,4,0,0,0,0,0,5,0,0
370050,1,1,1982,24,24,24,24,24,24,24,24,24,24
370050,2,1,1982,0,0,0,0,0,0,0,0,0,0
370051,1,1,1982,0,0,0,0,7,0,15,0,0,28
370052,0,1,1982,0,21,19,0,0,0,11,36,26,21
370052,1,1,1982,14,14,14,14,14,14,14,14,14,14
370053,1,1,1982,0,0,0,26,0,0,0,0,0,0
370054,1,1,1982,8,8,8,8,8,8,8,8,8,8
370055,1,1,1982,0,18,0,0,18,0,0,23,3,24
370056,1,1,1982,0,0,0,0,0,0,0,0,0,0
370056,2,1,1982,16,16,16,16,16,16,16,16,16,16
370056,3,1,1982,0,0,0,0,0,11,16,0,0,0
370057,1,1,1982,27,11,15,12,5,18,17,10,8,7
370058,1,1,1982,14,14,14,14,14,14,14,14,14,14
370058,2,1,1982,14,14,14,14,14,14,14,14,14,14
370059,1,1,1982,30,30,30,30,30,30,30,30,30,30
370060,1,1,1982,18,23,21,0,11,19,12,24,16,18
370061,1,1,1982,13,0,0,0,0,17,10,0,0,9
370062,0,1,1982,25,25,25,25,25,25,25,25,25,25
370062,1,1,1982,0,0,0,0,0,0,0,0,0,0
370063,1,1,1982,0,8,0,0,0,0,0,0,0,0
370063,2,1,1982,0,0,0,0,0,0,0,0,0,0
370064,1,1,1982,0,0,0,0,0,0,15,0,0,0
370065,0,1,1982,0,0,0,0,0,0,0,0,0,11
370065,1,1,1982,0,0,0,0,0,0,0,0,0,0
370066,1,1,1982,15,0,0,0,0,0,0,0,0,0
370066,2,1,1982,11,8,20,9,14,20,12,9,11,0
370067,1,1,1982,0,0,0,0,0,0,0,0,0,0
370067,2,1,1982,0,0,0,0,0,0,0,0,0,0
370068,1,1,1982,0,0,0,0,0,0,0,0,0,0
370068,2,1,1982,13,13,13,13,13,13,13,13,13,13
370069,1,1,1982,0,0,0,25,0,0,0,0,0,0
370069,2,1,1982,13,13,13,13,13,13,13,13,13,13
370070,1,1,1982,10,10,10,10,10,10,10,10,10,10
370071,1,1,1982,16,16,16,16,16,16,16,16,16,16
370072,1,1,1982,0,0,0,0,0,0,0,0,0,0
370072,2,1,1982,0,0,0,12,0,0,0,38,0,0
370073,1,1,1982,0,0,0,0,0,0,0,0,0,0
370074,1,1,1982,16,29,9,14,28,19,20,34,22,14
370074,2,1,1982,0,0,0,0,0,0,0,0,0,0
370075,1,1,1982,19,0,16,21,7,22,17,26,0,0
370076,1,1,1982,18,18,18,18,18,18,18,18,18,18
370076,2,1,1982,0,0,0,0,24,0,10,0,0,19
370077,1,1,1982,29,21,20,6,18,13,25,12,11,20
370077,2,1,1982,22,15,19,24,21,13,9,13,8,14
370078,1,1,1982,19,26,24,0,12,0,14,26,0,8
370079,1,1,1982,15,15,15,15,15,15,15,15,15,15
370080,1,1,1982,0,0,0,0,0,0,0,0,0,0
370080,2,1,1982,0,0,0,0,0,0,0,0,0,0
370081,1,1,1982,0,0,0,0,9,0,0,10,0,0
370082,0,1,1982,23,15,13,19,0,0,25,25,19,0
370082,1,1,1982,0,0,12,0,0,0,0,0,0,0
370083,0,1,1982,0,0,0,0,0,0,0,0,0,0
370083,1,1,1982,0,0,0,0,0,0,0,0,0,0
370084,1,1,1982,0,0,0,0,0,0,0,0,0,0
370084,2,1,1982,0,0,0,0,0,0,0,0,0,0
370085,1,1,1982,17,17,17,17,17,17,17,17,17,17
370086,1,1,1982,8,8,8,8,8,8,8,8,8,8
370087,1,1,1982,0,0,0,0,0,0,0,0,0,0
370087,2,1,1982,0,0,0,0,0,0,0,0,0,0
370088,1,1,1982,20,20,20,20,20,20,20,20,20,20
370089,1,1,1982,0,0,0,0,0,0,0,0,0,0
370089,2,1,1982,0,0,0,0,0,0,0,0,0,0
370090,0,1,1982,0,0,0,0,0,0,0,0,0,0
370090,1,1,1982,0,0,0,0,0,0,0,0,0,0
370091,1,1,1982,7,18,19,8,18,17,10,22,27,12
370091,2,1,1982,14,14,14,14,14,14,14,14,14,14
370092,1,1,1982,0,0,0,0,0,0,0,0,0,0
370093,1,1,1982,14,14,14,14,14,14,14,14,14,14
370094,1,1,1982,0,11,0,16,5,19,0,0,15,0
370095,1,1,1982,12,22,12,14,17,22,21,27,15,22
370096,1,1,1982,0,0,0,0,0,0,0,0,0,0
370096,2,1,1982,0,3,0,0,0,0,0,0,0,0
370097,1,1,1982,0,0,0,0,0,0,0,0,6,0
370098,1,1,1982,22,22,22,22,22,22,22,22,22,22
370098,2,1,1982,0,0,0,0,0,0,0,0,0,0
370099,1,1,1982,20,20,20,20,20,20,20,20,20,20
370099,2,1,1982,0,0,0,0,0,19,0,0,0,0
370099,3,1,1982,0,0,0,0,0,0,0,0,0,0
370100,0,1,1982,17,0,0,10,0,0,0,0,0,0
370100,1,1,1982,0,0,0,0,0,0,0,0,0,0
370101,1,1,1982,0,0,0,0,0,0,0,0,0,0
370101,2,1,1982,26,26,26,26,26,26,26,26,26,26
370102,0,1,1982,25,25,25,25,25,25,25,25,25,25
370102,1,1,1982,0,0,0,0,0,0,0,0,9,0
370103,1,1,1982,0,0,0,0,0,0,5,0,0,0
370103,2,1,1982,0,0,0,0,0,0,0,9,0,0
370104,1,1,1982,17,33,16,44,25,19,16,5,12,11
370105,1,1,1982,18,18,18,18,18,18,18,18,18,18
370106,0,1,1982,0,0,0,0,0,0,0,0,18,0
370106,1,1,1982,22,0,6,12,6,21,20,5,0,23
370107,0,1,1982,32,32,32,32,32,32,32,32,32,32
370107,1,1,1982,0,0,0,0,0,0,0,0,0,0
370108,1,1,1982,17,17,17,17,17,17,17,17,17,17
370109,1,1,1982,0,0,0,0,0,0,0,0,0,0
370109,2,1,1982,0,0,0,0,0,7,0,0,0,0
370110,1,1,1982,23,23,23,23,23,23,23,23,23,23
370110,2,1,1982,0,0,0,0,0,0,0,0,0,0
370111,0,1,1982,0,6,0,0,0,0,0,0,0,0
370111,1,1,1982,0,0,0,0,0,0,0,0,0,0
370112,1,1,1982,0,0,0,0,0,0,0,0,11,19
370113,1,1,1982,0,0,6,0,0,0,0,0,0,0
370113,2,1,1982,0,0,0,0,0,0,0,0,0,0
370114,0,1,1982,0,0,0,0,0,0,0,17,0,0
370114,0,2,1982,0,0,0,0,0,0,0,15,0,0
370114,1,1,1982,0,0,0,0,0,0,0,0,0,0
370115,1,1,1982,0,0,0,0,0,0,0,0,0,0
370115,2,1,1982,13,13,13,13,13,13,13,13,13,13
370116,0,1,1982,0,0,0,0,0,0,0,0,0,0
370116,1,1,1982,0,0,0,0,0,0,0,0,0,0
370117,1,1,1982,0,0,0,0,0,0,0,0,0,0
370117,2,1,1982,0,21,0,0,12,0,0,0,0,12
370118,1,1,1982,22,22,22,22,22,22,22,22,22,22
370119,1,1,1982,10,19,25,6,13,0,23,0,5,3
370119,2,1,1982,0,0,0,0,0,0,0,0,0,0
370120,1,1,1982,16,16,16,16,16,16,16,16,16,16
370120,2,1,1982,0,12,0,0,0,0,0,0,0,11
370121,0,1,1982,0,0,14,39,0,0,0,0,0,0
370121,1,1,1982,0,0,0,0,0,0,0,0,0,0
370122,0,1,1982,0,0,0,0,3,0,0,0,0,0
370122,1,1,1982,0,0,0,0,0,0,0,0,0,0
370123,1,1,1982,0,12,0,0,0,0,0,0,0,0
370123,2,1,1982,0,0,0,0,0,0,0,0,0,0
370124,1,1,1982,21,21,21,21,21,21,21,21,21,21
370124,2,1,1982,21,21,21,21,21,21,21,21,21,21
370125,1,1,1982,16,16,16,16,16,16,16,16,16,16
370126,0,1,1982,31,31,31,31,31,31,31,31,31,31
370126,1,1,1982,7,12,21,18,3,10,17,19,19,10
370127,1,1,1982,15,15,15,15,15,15,15,15,15,15
370128,1,1,1982,0,0,0,0,0,0,0,0,14,0
370129,1,1,1982,0,0,0,0,0,0,0,0,0,0
370129,2,1,1982,0,0,0,0,0,0,0,0,0,0
370130,0,1,1982,0,0,0,0,0,0,0,0,0,0
370130,1,1,1982,0,0,0,0,0,0,0,0,0,0
370131,1,1,1982,0,0,0,0,0,0,0,0,6,0
370131,2,1,1982,0,10,0,0,28,0,0,0,0,0
370131,3,1,1982,0,0,0,0,0,0,0,0,0,0
370132,1,1,1982,0,0,0,0,0,0,0,0,0,0
370132,2,1,1982,15,15,15,15,15,15,15,15,15,15
370133,1,1,1982,0,0,0,0,0,0,0,0,0,0
370133,2,1,1982,0,7,0,0,0,0,0,0,0,0
370134,1,1,1982,28,28,28,28,28,28,28,28,28,28
370135,1,1,1982,14,14,14,14,14,14,14,14,14,14
370136,1,1,1982,0,0,0,0,0,0,0,0,0,0
370136,2,1,1982,0,0,0,0,0,5,0,0,0,0
370137,1,1,1982,16,16,16,16,16,16,16,16,16,16
370138,1,1,1982,0,0,0,0,0,0,0,0,0,0
370138,2,1,1982,0,0,0,0,0,0,0,0,0,0
370139,1,1,1982,16,13,0,20,17,24,21,6,28,13
370140,0,1,1982,18,18,18,18,18,18,18,18,18,18
370140,1,1,1982,4,0,0,0,0,0,0,0,0,0
370141,0,1,1982,15,15,15,15,15,15,15,15,15,15
370141,1,1,1982,0,0,0,0,0,0,0,0,14,0
370142,1,1,1982,18,18,18,18,18,18,18,18,18,18
370143,0,1,1982,19,19,19,19,19,19,19,19,19,19
370143,1,1,1982,0,0,0,0,0,0,0,0,8,0
370144,1,1,1982,6,6,6,6,6,6,6,6,6,6
370145,0,1,1982,0,0,0,0,0,0,0,0,0,0
370145,1,1,1982,22,0,0,0,0,0,0,0,0,0
370146,1,1,1982,18,27,29,12,26,25,20,24,29,12
370147,0,1,1982,0,0,0,0,8,0,0,0,0,0
370147,1,1,1982,0,0,9,0,0,0,0,0,0,0
370148,1,1,1982,0,0,0,0,0,0,0,0,0,0
370148,2,1,1982,0,0,0,0,0,0,0,0,0,0
370149,1,1,1982,13,11,0,11,11,0,15,0,40,13
370149,2,1,1982,9,3,12,13,10,7,6,19,18,8
370150,1,1,1982,13,0,0,0,0,13,0,0,0,21
370150,2,1,1982,0,0,0,0,0,0,0,0,0,0
370151,1,1,1982,20,20,20,20,20,20,20,20,20,20
370152,1,1,1982,25,25,25,25,25,25,25,25,25,25
370153,1,1,1982,0,0,0,0,0,0,0,0,0,0
370153,2,1,1982,0,0,0,0,0,0,0,13,0,0
370154,1,1,1982,0,0,0,0,0,0,0,0,0,0
370155,1,1,1982,18,18,18,18,18,18,18,18,18,18
370156,0,1,1982,0,0,0,0,0,0,0,0,0,0
370156,1,1,1982,0,0,0,0,0,0,0,0,0,0
370157,0,1,1982,34,34,34,34,34,34,34,34,34,34
370157,1,1,1982,0,0,0,0,0,0,0,0,0,0
370158,1,1,1982,25,25,25,25,25,25,25,25,25,25
370159,0,1,1982,24,24,24,24,24,24,24,24,24,24
370159,1,1,1982,0,0,0,0,0,0,0,0,0,0
370160,1,1,1982,0,0,0,0,0,0,0,0,0,0
370160,2,1,1982,0,0,0,0,0,0,0,0,0,0
370161,1,1,1982,21,21,21,21,21,21,21,21,21,21
370162,1,1,1982,0,15,0,0,1,0,0,0,0,0
370163,1,1,1982,12,6,12,26,15,21,17,14,13,18
370164,0,1,1982,0,0,0,0,0,0,0,0,0,0
370164,1,1,1982,14,0,0,11,0,19,16,0,0,15
370165,1,1,1982,39,39,39,39,39,39,39,39,39,39
370166,1,1,1982,0,0,11,0,0,0,0,0,0,0
370166,2,1,1982,0,0,0,0,0,0,0,0,0,0
370167,0,1,1982,13,13,13,13,13,13,13,13,13,13
370167,1,1,1982,0,0,0,0,0,23,0,0,0,0
370168,1,1,1982,27,27,27,27,27,27,27,27,27,27
370169,1,1,1982,18,19,22,26,24,34,24,20,13,30
370170,1,1,1982,0,0,0,0,0,0,0,0,0,0
370170,2,1,1982,17,20,0,2,9,0,0,0,25,22
370171,1,1,1982,0,0,0,0,0,0,0,0,0,0
370171,2,1,1982,0,0,0,0,0,0,0,0,0,0
370172,1,1,1982,25,25,25,25,25,25,25,25,25,25
370173,1,1,1982,16,16,16,16,16,16,16,16,16,16
370174,1,1,1982,22,20,8,21,13,13,18,18,14,19
370175,1,1,1982,15,15,15,15,15,15,15,15,15,15
370176,1,1,1982,43,0,10,0,0,0,26,0,0,0
370176,2,1,1982,4,4,11,5,15,7,3,16,18,20
370177,1,1,1982,11,10,23,0,11,27,15,11,7,0
370177,2,1,1982,0,0,0,0,0,0,0,0,0,0
370177,3,1,1982,0,0,0,0,18,0,0,0,0,0
370177,4,1,1982,0,0,0,0,13,0,0,0,0,0
370178,1,1,1982,34,13,24,41,10,35,16,19,18,21
370179,0,1,1982,24,24,24,24,24,24,24,24,24,24
370179,1,1,1982,0,0,0,0,0,0,0,0,0,0
370180,1,1,1982,0,0,10,14,0,10,0,0,0,0
370180,2,1,1982,0,0,0,0,5,23,0,0,10,16
370181,1,1,1982,27,27,27,27,27,27,27,27,27,27
370182,0,1,1982,13,0,0,0,7,0,0,15,0,0
370182,1,1,1982,0,0,0,0,0,20,0,0,0,0
370183,0,1,1982,31,32,18,13,17,14,17,11,26,19
370183,1,1,1982,0,0,0,0,0,0,0,0,0,0
370184,1,1,1982,21,21,21,21,21,21,21,21,21,21
370184,2,1,1982,0,0,0,0,0,0,0,0,0,0
370185,1,1,1982,25,25,25,25,25,25,25,25,25,25
370186,1,1,1982,0,0,0,18,20,0,0,0,26,16
370187,1,1,1982,5,40,9,6,0,0,0,0,34,0
370188,1,1,1982,11,37,10,17,25,21,30,17,43,15
370188,2,1,1982,0,0,0,0,16,0,0,0,0,0
370189,1,1,1982,14,14,14,14,14,14,14,14,14,14