ST_CASE,VEH_NO,PER_NO,YEAR,P1,P2,P3,P4,P5,P6,P7,P8,P9,P10
370755,1,1,1982,18,22,0,6,19,11,17,6,0,0
370756,0,1,1982,0,20,0,0,0,0,0,0,0,0
370756,1,1,1982,0,0,0,0,0,0,0,0,0,40
370757,0,1,1982,0,0,15,0,0,0,0,8,0,0
370757,1,1,1982,27,24,17,0,10,11,20,19,16,26
370758,0,1,1982,21,22,9,28,30,26,10,3,21,0
370758,1,1,1982,0,0,0,0,0,0,0,0,0,0
370759,1,1,1982,7,7,7,7,7,7,7,7,7,7
370760,1,1,1982,0,0,0,0,0,0,0,0,0,0
370760,2,1,1982,0,0,0,0,0,0,0,0,0,0
370761,1,1,1982,19,14,13,5,21,28,12,23,0,17
370762,1,1,1982,20,20,20,20,20,20,20,20,20,20
370763,1,1,1982,0,0,0,0,0,0,0,0,0,0
370763,2,1,1982,0,0,0,0,0,0,0,0,0,0
370763,3,1,1982,0,0,0,0,0,0,0,0,0,0
370763,4,1,1982,0,0,0,0,0,0,0,0,0,0
370764,1,1,1982,32,0,0,0,20,0,21,0,0,0
370765,1,1,1982,0,0,0,0,0,0,0,0,0,0
370765,2,1,1982,0,0,0,0,0,5,21,0,0,0
370766,1,1,1982,31,20,0,19,0,17,24,20,10,8
370767,0,1,1982,11,11,11,11,11,11,11,11,11,11
370767,1,1,1982,10,0,25,0,0,0,0,5,0,12
370768,0,1,1982,0,0,0,0,0,0,0,0,0,0
370768,1,1,1982,0,0,23,0,0,0,0,0,0,0
370769,0,1,1982,0,3,0,0,0,0,0,0,0,0
370769,1,1,1982,0,0,0,0,0,0,0,0,0,0
370770,1,1,1982,18,8,16,4,5,0,6,9,0,12
370770,2,1,1982,0,0,0,0,0,0,0,0,0,0
370771,1,1,1982,4,4,4,4,4,4,4,4,4,4
370772,1,1,1982,5,21,8,4,8,16,18,8,7,20
370773,0,1,1982,32,32,32,32,32,32,32,32,32,32
370773,1,1,1982,17,25,0,0,4,0,0,13,0,19
370774,1,1,1982,0,4,0,0,0,0,0,0,0,7
370775,1,1,1982,0,0,0,0,0,0,0,0,0,0
370775,2,1,1982,9,5,14,6,0,10,0,16,3,14
370776,0,1,1982,14,0,0,0,0,0,26,0,0,0
370776,1,1,1982,8,0,0,0,0,0,0,0,0,0
370777,0,1,1982,12,12,12,12,12,12,12,12,12,12
370777,1,1,1982,0,11,23,14,0,0,0,16,20,23
370778,1,1,1982,5,11,18,18,13,8,11,13,0,15
370779,1,1,1982,10,10,10,10,10,10,10,10,10,10
370780,0,1,1982,6,0,11,0,0,0,0,0,0,13
370780,1,1,1982,0,0,0,0,9,0,0,0,0,0
370781,1,1,1982,18,18,18,18,18,18,18,18,18,18
370781,2,1,1982,0,0,0,0,0,0,0,0,0,0
370782,1,1,1982,8,0,0,0,0,0,0,0,0,0
370782,2,1,1982,0,0,0,0,0,10,0,0,0,0
370783,1,1,1982,13,13,13,13,13,13,13,13,13,13
370784,1,1,1982,9,0,7,12,15,18,5,7,3,15
370784,2,1,1982,8,29,15,13,10,16,21,0,17,19
370785,1,1,1982,0,0,23,0,0,0,5,0,0,0
370785,2,1,1982,0,0,0,0,0,0,0,0,0,0
370786,0,1,1982,24,24,24,24,24,24,24,24,24,24
370786,1,1,1982,24,0,5,16,0,0,0,18,0,4
370787,0,1,1982,28,0,0,0,0,0,0,0,0,0
370787,1,1,1982,0,48,0,0,0,7,0,10,0,0
370788,1,1,1982,7,14,10,17,26,36,16,11,21,4
370789,1,1,1982,31,13,28,27,22,26,10,11,19,20
370790,0,1,1982,0,0,0,0,0,0,0,0,0,0
370790,1,1,1982,0,0,0,0,0,0,0,0,0,0
370791,1,1,1982,20,20,20,20,20,20,20,20,20,20
370792,1,1,1982,19,29,9,9,10,17,21,13,16,5
370793,0,1,1982,23,23,23,23,23,23,23,23,23,23
370793,1,1,1982,0,0,0,0,0,0,0,0,0,26
370794,1,1,1982,0,0,0,0,24,0,14,0,16,0
370795,1,1,1982,0,0,13,0,17,0,0,0,0,0
370796,0,1,1982,0,0,0,0,0,17,0,12,0,0
370796,1,1,1982,0,0,0,0,0,0,0,0,0,0
370797,1,1,1982,0,0,0,0,0,28,0,0,0,0
370797,2,1,1982,0,10,5,0,0,0,4,25,0,0
370798,1,1,1982,0,0,0,0,0,0,0,0,0,0
370799,1,1,1982,0,13,0,0,0,0,0,0,0,0
370800,1,1,1982,11,0,17,0,15,12,13,0,0,0
370800,2,1,1982,0,0,0,8,0,0,0,0,0,0
370801,1,1,1982,0,0,0,0,0,0,0,0,0,0
370801,2,1,1982,0,0,0,0,0,0,0,0,0,0
370802,1,1,1982,0,0,0,0,0,0,0,0,0,0
370803,1,1,1982,10,10,10,10,10,10,10,10,10,10
370804,1,1,1982,30,30,30,30,30,30,30,30,30,30
370804,2,1,1982,0,0,0,0,0,15,0,0,0,0
370805,1,1,1982,0,0,0,0,0,0,0,0,0,0
370805,2,1,1982,19,19,19,19,19,19,19,19,19,19
370806,1,1,1982,18,18,18,18,18,18,18,18,18,18
370807,0,1,1982,0,0,0,0,0,0,0,0,0,0
370807,1,1,1982,0,0,0,0,0,0,0,0,0,0
370808,1,1,1982,27,27,27,27,27,27,27,27,27,27
370809,1,1,1982,0,0,0,0,0,0,0,0,9,0
370809,2,1,1982,0,0,0,0,9,0,0,0,0,0
370810,1,1,1982,0,0,0,6,0,0,0,0,0,0
370810,2,1,1982,0,0,0,0,0,20,0,0,0,0
370810,3,1,1982,10,0,0,0,0,0,0,0,19,0
370810,4,1,1982,0,0,11,0,0,0,0,0,0,0
370811,1,1,1982,21,21,21,21,21,21,21,21,21,21
370812,1,1,1982,26,10,26,8,10,19,21,17,20,4
370813,1,1,1982,0,0,0,0,0,0,0,0,0,0
370813,2,1,1982,6,6,6,6,6,6,6,6,6,6
370814,1,1,1982,0,0,0,0,0,0,0,0,0,0
370814,2,1,1982,15,15,15,15,15,15,15,15,15,15
370815,1,1,1982,0,0,0,0,3,0,12,18,0,20
370816,1,1,1982,18,14,13,23,24,27,10,8,13,9
370816,2,1,1982,0,0,0,0,0,0,0,0,0,0
370816,3,1,1982,0,0,0,0,0,0,0,0,0,0
370817,1,1,1982,20,18,16,7,28,17,12,15,19,0
370817,2,1,1982,0,9,0,0,0,0,0,0,0,0
370817,3,1,1982,0,10,0,0,0,0,0,0,16,0
370818,0,1,1982,31,31,31,31,31,31,31,31,31,31
370818,1,1,1982,0,0,0,0,0,0,0,0,0,0
370819,1,1,1982,0,0,0,0,0,0,0,0,0,0
370819,2,1,1982,0,0,0,0,0,0,0,0,0,0
370820,1,1,1982,13,13,13,13,13,13,13,13,13,13
370821,0,1,1982,16,16,16,16,16,16,16,16,16,16
370821,0,2,1982,0,0,0,32,0,0,0,10,7,35
370821,0,3,1982,12,9,0,0,0,0,0,14,0,19
370821,1,1,1982,20,9,15,23,21,21,9,19,0,20
370822,1,1,1982,12,12,12,12,12,12,12,12,12,12
370823,0,1,1982,0,0,0,0,0,0,0,0,0,0
370823,1,1,1982,0,0,14,0,0,0,0,0,0,0
370824,1,1,1982,21,16,30,0,13,29,0,15,0,16
370825,1,1,1982,7,7,7,7,7,7,7,7,7,7
370826,1,1,1982,20,20,20,20,20,20,20,20,20,20
370827,1,1,1982,0,0,0,0,0,0,0,0,0,0
370827,2,1,1982,12,12,12,12,12,12,12,12,12,12
370828,1,1,1982,11,11,11,11,11,11,11,11,11,11
370828,2,1,1982,11,0,0,0,0,0,0,0,0,0
370829,1,1,1982,9,9,9,9,9,9,9,9,9,9
370830,0,1,1982,10,29,33,9,19,23,13,18,34,14
370830,1,1,1982,0,0,0,0,0,0,0,0,0,0
370831,1,1,1982,7,23,34,24,10,27,0,16,0,13
370831,2,1,1982,0,3,0,0,0,21,0,0,0,0
370832,1,1,1982,0,0,0,0,0,0,0,0,0,0
370833,1,1,1982,0,0,0,0,0,0,0,0,0,0
370833,2,1,1982,0,0,0,0,0,0,0,0,0,0
370834,1,1,1982,0,14,13,13,0,0,11,10,0,0
370835,0,1,1982,0,0,0,0,0,0,0,0,0,0
370835,1,1,1982,0,0,0,0,0,0,0,0,0,0
370836,0,1,1982,0,0,0,0,0,0,0,0,0,0
370836,1,1,1982,0,0,0,0,15,0,0,0,0,0
370837,1,1,1982,20,0,0,0,0,0,0,0,0,0
370837,2,1,1982,0,0,0,0,0,0,0,0,0,0
370838,1,1,1982,18,18,18,18,18,18,18,18,18,18
370838,2,1,1982,17,6,7,14,26,20,4,23,4,5
370839,1,1,1982,0,0,0,0,0,0,0,0,0,0
370839,2,1,1982,0,0,0,0,0,0,0,0,0,0
370839,3,1,1982,0,0,0,0,0,0,0,0,0,0
370840,0,1,1982,0,0,0,0,0,0,0,0,36,0
370840,1,1,1982,0,0,0,0,0,0,0,0,0,0
370841,1,1,1982,16,16,16,16,16,16,16,16,16,16
370842,0,1,1982,17,12,44,11,11,10,9,18,0,0
370842,0,2,1982,0,0,14,0,0,0,23,0,0,0
370842,1,1,1982,0,11,0,0,0,11,0,0,0,7
370842,2,1,1982,0,0,0,0,0,0,0,9,0,0
370842,3,1,1982,0,0,0,0,0,0,0,0,0,0
370843,1,1,1982,0,0,0,22,0,0,0,29,0,0
370843,2,1,1982,10,7,6,11,10,13,14,22,18,5
370844,1,1,1982,0,7,8,11,11,19,23,13,31,24
370844,2,1,1982,6,13,5,13,16,23,21,21,8,17
370845,1,1,1982,28,28,28,28,28,28,28,28,28,28
370846,1,1,1982,20,20,20,20,20,20,20,20,20,20
370847,0,1,1982,26,26,26,26,26,26,26,26,26,26
370847,1,1,1982,0,0,0,19,0,0,30,0,0,0
370848,1,1,1982,19,11,18,10,16,14,17,19,31,16
370849,1,1,1982,0,0,0,0,0,0,0,10,0,0
370849,2,1,1982,17,25,14,21,24,0,12,24,17,24
370850,1,1,1982,0,0,0,0,0,0,0,0,0,0
370850,2,1,1982,0,0,0,0,0,0,0,0,0,0
370851,1,1,1982,0,6,0,0,6,0,0,0,0,0
370851,2,1,1982,11,11,11,11,11,11,11,11,11,11
370852,1,1,1982,19,19,19,19,19,19,19,19,19,19
370853,1,1,1982,4,4,4,4,4,4,4,4,4,4
370854,1,1,1982,0,0,0,0,0,0,0,13,0,0
370854,2,1,1982,0,0,0,0,0,0,0,0,0,0
370855,0,1,1982,0,0,0,0,38,0,0,0,0,0
370855,1,1,1982,0,0,0,0,0,0,0,0,0,0
370856,1,1,1982,0,0,0,0,0,0,0,0,0,0
370856,2,1,1982,0,0,0,0,0,0,0,0,0,0
370856,3,1,1982,0,0,0,0,0,0,0,0,0,0
370856,4,1,1982,0,0,0,0,0,0,0,0,0,0
370857,1,1,1982,13,0,13,0,0,0,21,0,0,0
370858,1,1,1982,0,0,0,0,0,0,0,0,0,0
370858,2,1,1982,0,0,0,0,0,0,0,0,0,0
370859,1,1,1982,12,12,12,12,12,12,12,12,12,12
370860,1,1,1982,20,20,20,20,20,20,20,20,20,20
370861,1,1,1982,0,0,0,0,0,0,0,0,0,0
370861,2,1,1982,0,0,0,7,24,0,5,0,0,12
370862,1,1,1982,0,0,0,0,0,0,0,0,0,0
370862,2,1,1982,0,0,0,0,0,0,0,0,0,0
370863,1,1,1982,16,16,16,16,16,16,16,16,16,16
370863,2,1,1982,17,14,10,7,13,14,13,18,19,17
370864,1,1,1982,19,19,19,19,19,19,19,19,19,19
370865,1,1,1982,0,8,0,0,0,0,0,0,0,0
370865,2,1,1982,0,0,0,0,0,0,0,0,0,0
370866,1,1,1982,0,0,0,0,0,0,0,18,0,0
370866,2,1,1982,0,0,0,0,15,0,13,25,0,0
370867,1,1,1982,0,0,0,0,0,0,0,0,0,0
370867,2,1,1982,0,0,0,0,0,0,0,0,0,0
370868,1,1,1982,17,15,8,7,9,10,17,11,12,18
370869,1,1,1982,0,0,0,0,0,0,0,0,0,0
370869,2,1,1982,0,0,0,0,0,0,0,0,0,0
370870,1,1,1982,0,0,0,0,0,0,0,3,0,0
370870,2,1,1982,0,0,0,0,0,0,0,21,0,0
370871,1,1,1982,0,0,0,0,0,0,0,0,0,0
370871,2,1,1982,0,0,0,0,0,0,8,0,0,0
370872,1,1,1982,3,3,3,3,3,3,3,3,3,3
370873,1,1,1982,0,0,0,0,0,0,0,0,0,0
370874,1,1,1982,11,11,11,11,11,11,11,11,11,11
370875,1,1,1982,15,15,15,15,15,15,15,15,15,15
370876,0,1,1982,31,0,0,0,0,0,28,0,0,0
370876,1,1,1982,0,0,0,0,0,0,0,0,0,0
370877,1,1,1982,17,17,17,17,17,17,17,17,17,17
370878,0,1,1982,0,13,0,0,6,29,21,0,0,8
370878,1,1,1982,0,0,0,13,0,0,0,8,0,0
370879,1,1,1982,22,21,18,19,12,13,19,15,14,18
370880,1,1,1982,16,22,7,8,8,14,11,12,10,9
370880,2,1,1982,18,0,20,0,17,21,11,11,25,12
370881,0,1,1982,6,6,6,6,6,6,6,6,6,6
370881,1,1,1982,0,0,0,0,0,0,0,0,0,0
370882,0,1,1982,25,25,25,25,25,25,25,25,25,25
370882,1,1,1982,0,0,0,0,0,0,0,34,0,0
370883,1,1,1982,0,0,0,0,0,0,0,0,0,0
370884,1,1,1982,0,0,0,0,0,0,0,0,0,0
370884,2,1,1982,0,0,0,0,0,0,0,0,0,0
370885,0,1,1982,20,20,20,20,20,20,20,20,20,20
370885,1,1,1982,18,22,23,32,24,7,21,33,10,17
370886,1,1,1982,26,0,0,0,0,0,0,0,0,0
370886,2,1,1982,0,26,0,0,0,0,0,0,0,0
370886,3,1,1982,12,6,11,35,15,22,18,7,12,14
370887,1,1,1982,0,0,0,8,0,0,0,0,0,0
370887,2,1,1982,8,4,14,13,16,6,0,21,5,15
370888,1,1,1982,0,0,0,0,0,0,0,0,0,0
370888,2,1,1982,0,0,0,0,0,0,0,0,0,0
370888,3,1,1982,0,5,0,0,0,0,0,0,0,0
370889,0,1,1982,10,10,10,10,10,10,10,10,10,10
370889,1,1,1982,0,0,0,0,0,0,0,0,0,0
370890,1,1,1982,17,16,21,19,20,26,24,15,12,7
370891,1,1,1982,11,0,0,0,0,0,0,0,0,0
370891,2,1,1982,24,26,20,9,17,19,16,20,15,14
370892,1,1,1982,28,28,28,28,28,28,28,28,28,28
370893,1,1,1982,27,27,27,27,27,27,27,27,27,27
370894,1,1,1982,0,0,18,0,0,0,0,0,0,0
370894,2,1,1982,0,0,0,0,0,0,0,0,0,0
370895,1,1,1982,0,17,0,0,0,0,0,0,0,13
370896,1,1,1982,0,0,0,0,0,0,8,0,6,14
370897,1,1,1982,8,8,8,8,8,8,8,8,8,8
370898,1,1,1982,0,32,22,23,8,14,24,37,14,16
370898,2,1,1982,26,20,21,4,8,18,20,23,32,11
370899,1,1,1982,19,0,24,15,0,0,0,23,25,15
370900,1,1,1982,13,13,13,13,13,13,13,13,13,13
370901,0,1,1982,5,5,5,5,5,5,5,5,5,5
370901,1,1,1982,12,15,5,20,16,11,20,15,16,13
370902,0,1,1982,0,0,9,12,0,0,0,0,0,20
370902,0,2,1982,26,42,24,11,15,0,0,0,0,0
370902,1,1,1982,0,0,0,0,0,0,0,0,0,0
370903,0,1,1982,25,25,25,25,25,25,25,25,25,25
370904,1,1,1982,20,20,20,20,20,20,20,20,20,20
370905,1,1,1982,17,17,17,17,17,17,17,17,17,17
370905,2,1,1982,0,19,0,0,0,20,0,0,0,0
370906,1,1,1982,6,8,14,11,11,29,0,8,10,22
370906,2,1,1982,0,0,0,33,0,0,0,0,0,27
370907,1,1,1982,0,0,0,0,0,0,0,0,0,0
370907,2,1,1982,0,0,0,0,0,0,0,0,3,0
370908,0,1,1982,0,16,0,0,0,0,0,0,18,0
370908,1,1,1982,0,0,0,0,0,0,0,0,0,0
370909,1,1,1982,0,0,0,0,0,0,0,0,0,0
370909,2,1,1982,0,0,5,0,0,0,0,0,17,0
370910,0,1,1982,0,0,0,0,4,0,0,0,0,32
370910,1,1,1982,0,0,27,0,0,0,0,0,0,0
370911,1,1,1982,21,17,22,15,14,18,17,15,15,4
370912,0,1,1982,0,0,0,0,0,0,0,0,0,0
370912,1,1,1982,0,0,8,0,0,0,0,0,0,0
370913,1,1,1982,15,0,14,4,0,5,14,14,0,22
370913,2,1,1982,2,2,2,2,2,2,2,2,2,2
370913,3,1,1982,0,0,0,0,0,0,0,0,11,0
370914,1,1,1982,6,6,6,6,6,6,6,6,6,6
370915,0,1,1982,20,0,0,0,0,0,0,15,15,16
370916,1,1,1982,8,9,15,8,19,5,7,9,0,6
370916,2,1,1982,0,0,0,0,0,0,0,0,0,0
370917,1,1,1982,0,0,0,0,0,0,0,0,0,0
370917,2,1,1982,10,0,4,0,20,13,16,13,17,8
370918,1,1,1982,0,5,34,12,10,9,9,16,12,8
370919,1,1,1982,11,11,11,11,11,11,11,11,11,11
370919,2,1,1982,0,0,0,0,0,0,0,0,0,0
370920,1,1,1982,0,0,0,0,0,0,0,0,0,0
370920,2,1,1982,0,0,0,0,11,0,0,0,0,0
370921,1,1,1982,0,0,22,6,0,0,0,0,0,0
370922,1,1,1982,22,22,22,22,22,22,22,22,22,22
370923,1,1,1982,5,5,5,5,5,5,5,5,5,5
370924,1,1,1982,16,18,8,9,0,22,21,15,13,12
370924,2,1,1982,0,0,0,0,0,0,24,0,0,0
370924,3,1,1982,0,0,4,14,0,6,0,0,0,0
370925,1,1,1982,0,0,0,0,0,0,0,0,0,0
370925,2,1,1982,0,0,0,0,20,0,0,0,0,0
370926,1,1,1982,12,0,0,0,22,13,20,0,16,23
370926,2,1,1982,0,0,0,0,0,0,0,0,0,0
370927,1,1,1982,14,14,14,14,14,14,14,14,14,14
370927,2,1,1982,24,22,18,12,20,20,12,36,19,11
370928,0,1,1982,0,0,0,0,0,0,0,0,25,0
370928,1,1,1982,8,0,23,0,4,13,0,0,16,20
370929,1,1,1982,0,0,0,0,0,0,0,0,0,0
370929,2,1,1982,0,8,0,0,0,0,0,0,0,0
370930,1,1,1982,26,0,26,0,10,0,13,0,0,7
370931,1,1,1982,37,24,20,23,11,33,32,11,20,23
370932,1,1,1982,11,12,19,33,7,18,11,22,14,8
370932,2,1,1982,0,0,0,0,0,0,0,0,0,0
370933,1,1,1982,0,0,0,0,0,0,0,0,0,0
370934,1,1,1982,0,0,20,15,0,0,0,11,0,0
370935,1,1,1982,0,0,0,0,0,0,0,0,0,0
370935,2,1,1982,0,0,0,0,0,7,0,0,0,0
370936,1,1,1982,9,9,9,9,9,9,9,9,9,9
370937,1,1,1982,21,21,21,21,21,21,21,21,21,21
370937,2,1,1982,13,11,18,13,4,8,12,10,15,25
370937,3,1,1982,0,0,0,0,0,0,0,0,0,0
370938,1,1,1982,0,0,0,0,0,4,0,0,0,0
370938,2,1,1982,0,0,0,0,0,0,0,0,0,0
370939,1,1,1982,0,0,0,4,0,0,0,5,0,0
370939,2,1,1982,0,0,0,0,0,19,0,0,0,20
370939,3,1,1982,24,0,0,0,0,0,0,16,0,0
370940,1,1,1982,5,5,5,5,5,5,5,5,5,5
370941,1,1,1982,11,11,11,11,11,11,11,11,11,11
370942,1,1,1982,0,20,15,0,7,13,14,16,7,21
370942,2,1,1982,0,0,14,0,0,0,0,0,0,0
370943,1,1,1982,0,0,0,0,0,0,0,0,0,0
370943,2,1,1982,0,0,0,0,0,0,0,0,0,0
370944,1,1,1982,15,29,13,14,13,13,36,17,25,25
370944,2,1,1982,0,0,0,0,0,0,0,0,0,0
370945,0,1,1982,11,0,16,0,0,0,0,0,11,12
370945,1,1,1982,0,0,0,0,0,0,0,0,0,0
370946,0,1,1982,21,21,21,21,21,21,21,21,21,21
370946,1,1,1982,0,0,0,0,0,0,0,0,0,0
370947,1,1,1982,22,22,22,22,22,22,22,22,22,22
370948,1,1,1982,0,0,0,0,0,0,0,0,0,0
370948,2,1,1982,0,0,0,0,0,0,0,0,0,0
370949,1,1,1982,0,0,0,0,21,0,0,12,0,0
370950,0,1,1982,0,0,0,0,0,0,0,0,0,0
370950,1,1,1982,0,0,0,0,0,0,0,0,0,0
370951,0,1,1982,19,19,19,19,19,19,19,19,19,19
370951,1,1,1982,0,8,0,0,0,0,0,0,0,0
370952,0,1,1982,5,0,0,0,10,0,0,0,0,13
370952,1,1,1982,0,0,0,0,0,0,0,0,0,0
370953,0,1,1982,19,19,19,19,19,19,19,19,19,19
370953,1,1,1982,0,0,0,0,13,0,0,0,0,0
370954,1,1,1982,0,0,0,17,0,0,0,0,0,0
370954,2,1,1982,0,0,0,10,15,0,10,0,13,7
370955,1,1,1982,0,0,0,0,0,0,0,19,0,0
370955,2,1,1982,0,0,0,15,0,0,0,0,0,0
370956,0,1,1982,0,0,0,0,0,0,0,0,10,28
370956,0,2,1982,26,0,0,7,0,0,0,0,0,0
370956,1,1,1982,0,0,0,0,0,0,0,0,0,0
370956,2,1,1982,0,0,6,0,0,0,0,0,0,0
370957,1,1,1982,18,18,18,18,18,18,18,18,18,18
370958,1,1,1982,7,0,0,0,0,0,0,0,0,2
370959,1,1,1982,0,0,0,0,4,0,0,0,0,0
370959,2,1,1982,0,0,0,0,0,0,0,0,0,0
370960,0,1,1982,32,32,32,32,32,32,32,32,32,32
370960,1,1,1982,0,0,0,0,0,0,9,0,0,0
370961,0,1,1982,0,0,0,0,0,0,0,0,0,0
370961,1,1,1982,0,0,0,0,0,0,0,0,0,0
370962,1,1,1982,19,0,26,0,0,0,22,0,0,0
370963,1,1,1982,0,0,0,0,0,0,0,0,0,0
370963,2,1,1982,0,0,0,0,0,0,0,0,0,0
370964,1,1,1982,0,0,13,0,0,0,0,0,8,0
370964,2,1,1982,0,0,0,0,0,0,0,0,0,0
370965,0,1,1982,30,0,0,0,0,0,0,0,0,8
370965,1,1,1982,0,3,0,0,0,0,0,0,0,0
370966,0,1,1982,0,0,0,0,0,0,0,0,0,0
370966,1,1,1982,0,0,0,0,0,0,0,0,14,0
370967,0,1,1982,0,0,0,0,0,0,0,0,0,0
370967,1,1,1982,0,0,0,0,0,0,0,0,0,0
370968,1,1,1982,0,0,0,0,0,0,0,7,0,0
370969,1,1,1982,7,7,7,7,7,7,7,7,7,7
370970,1,1,1982,18,18,18,18,18,18,18,18,18,18
370971,1,1,1982,0,0,0,0,0,0,0,0,0,0
370971,2,1,1982,0,0,0,0,0,0,0,0,0,0
370972,1,1,1982,17,11,0,0,0,12,13,4,0,8
370972,2,1,1982,0,0,27,0,0,0,0,0,0,0
370972,3,1,1982,0,0,0,0,0,0,0,0,0,0
370972,4,1,1982,0,0,0,0,0,0,0,0,0,0
370973,1,1,1982,16,21,15,11,16,31,17,21,15,18
370974,1,1,1982,20,20,20,20,20,20,20,20,20,20
370975,1,1,1982,16,14,17,16,23,15,29,0,22,24
370975,2,1,1982,0,0,0,0,0,0,0,0,0,0
370976,1,1,1982,11,11,11,11,11,11,11,11,11,11
370977,1,1,1982,0,0,0,0,0,0,0,0,0,0
370977,2,1,1982,14,14,14,14,14,14,14,14,14,14
370978,1,1,1982,21,0,19,0,5,8,3,11,16,0
370978,2,1,1982,0,0,0,0,0,0,0,0,0,0
370979,1,1,1982,0,0,10,0,0,0,0,0,0,0
370980,0,1,1982,0,0,0,0,0,0,0,0,0,0
370980,1,1,1982,0,0,0,5,0,0,0,0,0,0
370981,1,1,1982,7,11,5,15,19,10,8,11,8,19
370982,1,1,1982,21,21,21,21,21,21,21,21,21,21
370982,2,1,1982,3,11,7,15,16,18,0,27,10,18
370983,1,1,1982,21,16,0,0,0,0,0,0,0,0
370984,1,1,1982,23,23,23,23,23,23,23,23,23,23
370984,2,1,1982,0,0,0,0,0,0,0,0,0,0
370985,1,1,1982,25,17,11,20,15,0,21,18,10,20
370985,2,1,1982,23,23,23,23,23,23,23,23,23,23
370986,1,1,1982,14,20,13,24,13,16,11,11,17,35
370986,2,1,1982,17,13,28,29,30,28,19,14,26,22
370987,1,1,1982,0,0,0,0,0,0,0,0,0,0
370987,2,1,1982,0,0,0,0,0,0,12,0,0,0
370988,0,1,1982,14,14,14,14,14,14,14,14,14,14
370988,1,1,1982,0,7,32,29,17,13,20,14,36,21
370989,1,1,1982,0,0,0,0,0,0,0,0,0,0
370989,2,1,1982,0,0,0,0,0,0,0,0,0,0
370990,1,1,1982,0,0,25,0,0,0,0,0,0,0
370990,2,1,1982,0,0,0,0,0,0,11,0,0,0
370991,1,1,1982,21,21,21,21,21,21,21,21,21,21
370992,1,1,1982,16,16,16,16,16,16,16,16,16,16
370993,1,1,1982,0,0,0,0,0,0,0,0,0,0
370993,2,1,1982,0,0,0,0,0,0,0,0,0,0
370993,3,1,1982,0,0,0,0,0,0,0,0,0,0
370993,4,1,1982,0,0,0,0,0,0,0,0,0,0
370994,0,1,1982,0,0,0,0,0,0,0,0,0,0
370994,1,1,1982,0,0,6,0,0,0,0,0,0,0
370995,0,1,1982,0,0,0,0,0,0,0,0,19,0
370995,1,1,1982,0,0,0,0,0,0,0,0,0,0
370996,1,1,1982,0,0,0,0,0,0,0,0,0,0
370996,2,1,1982,0,0,0,0,0,0,0,0,0,0
370997,1,1,1982,0,0,0,0,0,0,0,0,0,0
370998,0,1,1982,0,0,0,29,0,0,0,0,17,0
370998,1,1,1982,42,30,14,13,19,18,9,0,15,14
370999,0,1,1982,0,28,0,20,0,26,0,15,0,0
370999,0,2,1982,0,0,0,14,14,18,0,10,8,9
370999,1,1,1982,0,17,0,7,0,0,5,11,0,11
370999,2,1,1982,24,24,24,24,24,24,24,24,24,24
371000,1,1,1982,0,0,0,0,0,0,0,0,0,0
371000,2,1,1982,0,0,0,0,0,0,0,0,0,0
371001,1,1,1982,22,22,22,22,22,22,22,22,22,22
371002,1,1,1982,9,0,20,12,0,0,0,0,0,0
371003,1,1,1982,13,7,9,32,7,18,16,18,23,9
371004,1,1,1982,0,0,0,0,0,0,0,0,0,0
371004,2,1,1982,0,18,0,0,0,0,0,0,0,0
371005,1,1,1982,0,0,0,0,0,0,0,0,0,0
371005,2,1,1982,0,0,0,0,0,0,0,0,0,0
371006,1,1,1982,0,18,26,16,0,15,0,0,0,24
371007,1,1,1982,11,11,11,11,11,11,11,11,11,11
371007,2,1,1982,0,0,0,0,0,0,0,0,0,0
371008,0,1,1982,0,0,0,0,0,11,14,0,0,0
371008,1,1,1982,15,2,16,21,14,8,0,20,24,18
371009,0,1,1982,0,0,13,29,25,25,0,0,0,0
371009,1,1,1982,0,0,0,0,0,0,0,0,0,0
371010,0,1,1982,30,30,30,30,30,30,30,30,30,30
371010,1,1,1982,0,0,0,0,0,0,0,0,0,0
371010,2,1,1982,0,0,0,0,0,0,0,0,0,0
371011,0,1,1982,10,10,10,10,10,10,10,10,10,10
371011,1,1,1982,0,0,27,0,0,8,0,0,0,0
371012,0,1,1982,32,32,32,32,32,32,32,32,32,32
371012,1,1,1982,0,0,0,18,21,0,0,0,0,0
371013,1,1,1982,0,0,0,0,11,0,0,0,0,16
371015,0,1,1982,0,24,0,0,6,0,29,24,14,0
371015,1,1,1982,0,0,13,0,0,22,11,13,0,11
371016,1,1,1982,0,0,0,0,0,0,0,0,0,0
371016,2,1,1982,23,23,23,23,23,23,23,23,23,23
371017,0,1,1982,35,35,35,35,35,35,35,35,35,35
371017,1,1,1982,0,0,0,0,0,0,0,0,0,0
371018,1,1,1982,0,0,0,0,0,0,0,0,0,0
371018,2,1,1982,0,0,0,0,0,0,0,17,0,0
371019,0,1,1982,0,0,0,0,0,0,0,0,0,0
371019,1,1,1982,0,0,0,0,0,0,0,0,0,0
371020,1,1,1982,0,0,0,0,0,0,0,0,0,0
371021,1,1,1982,23,11,24,0,19,28,16,5,16,12
371021,2,1,1982,0,0,0,0,0,0,0,0,0,0
371022,0,1,1982,31,31,31,31,31,31,31,31,31,31
371022,1,1,1982,0,0,0,0,7,0,0,0,16,0