ST_CASE,VEH_NO,PER_NO,YEAR,P1,P2,P3,P4,P5,P6,P7,P8,P9,P10
371023,0,1,1982,0,12,0,0,0,10,0,0,5,0
371023,0,2,1982,0,0,0,4,0,15,0,19,0,0
371023,0,3,1982,0,7,8,0,8,24,10,16,0,7
371023,1,1,1982,32,11,27,13,7,21,18,11,15,28
371024,1,1,1982,0,0,0,0,0,0,0,0,0,0
371024,2,1,1982,12,20,26,0,0,0,0,7,27,0
371025,1,1,1982,28,28,28,28,28,28,28,28,28,28
371026,1,1,1982,0,0,0,0,0,0,0,0,0,16
371027,0,1,1982,0,0,0,0,0,0,0,0,0,0
371027,1,1,1982,0,0,0,0,0,0,0,0,15,0
371028,0,1,1982,0,0,0,0,0,0,0,0,0,0
371028,0,2,1982,0,0,0,0,0,0,0,0,0,0
371028,1,1,1982,30,27,36,7,15,17,14,18,11,23
371029,0,1,1982,24,24,24,24,24,24,24,24,24,24
371029,1,1,1982,0,0,0,0,0,0,0,0,0,0
371030,1,1,1982,15,16,4,18,41,24,15,22,15,19
371031,1,1,1982,0,0,16,0,0,0,0,0,0,0
371032,0,1,1982,0,0,0,0,0,0,0,0,0,0
371032,1,1,1982,0,0,0,0,0,0,0,0,0,0
371033,1,1,1982,5,16,5,8,11,15,19,5,0,13
371034,1,1,1982,17,17,17,17,17,17,17,17,17,17
371035,1,1,1982,37,37,37,37,37,37,37,37,37,37
371036,1,1,1982,0,0,0,0,0,0,0,0,0,0
371036,2,1,1982,0,0,0,0,0,0,0,0,0,0
371037,1,1,1982,24,13,22,16,17,31,13,7,24,24
371038,1,1,1982,19,8,15,30,16,7,13,9,20,10
371039,1,1,1982,8,18,5,20,17,8,23,11,21,21
371039,2,1,1982,0,0,0,15,0,12,6,0,0,16
371040,0,1,1982,0,0,0,0,8,0,0,0,0,6
371040,1,1,1982,0,0,0,0,0,0,0,0,0,0
371041,1,1,1982,0,0,0,0,10,9,0,7,0,0
371042,1,1,1982,0,0,0,0,0,0,0,0,0,0
371042,2,1,1982,37,37,37,37,37,37,37,37,37,37
371043,1,1,1982,20,19,11,13,6,17,26,19,14,11
371044,1,1,1982,0,0,0,0,0,9,0,0,0,0
371044,2,1,1982,0,0,0,0,0,0,0,0,0,0
371045,1,1,1982,15,13,34,21,25,20,0,23,0,13
371045,2,1,1982,0,0,0,0,0,0,0,0,0,0
371046,1,1,1982,0,0,0,0,0,0,0,0,0,0
371046,2,1,1982,0,0,0,0,0,0,0,0,0,0
371046,3,1,1982,0,0,0,0,0,0,0,0,0,0
371047,1,1,1982,0,0,15,22,7,22,6,0,7,0
371048,1,1,1982,0,0,0,0,0,0,0,0,0,0
371049,1,1,1982,0,0,0,0,0,0,0,0,0,0
371049,2,1,1982,0,0,0,0,0,0,0,0,0,0
371050,1,1,1982,23,23,23,23,23,23,23,23,23,23
371051,1,1,1982,0,0,0,0,0,0,0,0,0,0
371051,2,1,1982,0,11,8,0,11,14,20,7,0,17
371052,1,1,1982,19,19,19,19,19,19,19,19,19,19
371053,1,1,1982,8,8,8,8,8,8,8,8,8,8
371054,1,1,1982,20,9,0,0,0,0,0,0,0,0
371054,2,1,1982,0,0,14,0,0,0,0,0,0,0
371055,1,1,1982,26,26,26,26,26,26,26,26,26,26
371056,1,1,1982,19,19,19,19,19,19,19,19,19,19
371057,1,1,1982,5,5,5,5,5,5,5,5,5,5
371058,1,1,1982,29,29,33,8,16,13,17,23,9,28
371058,2,1,1982,7,7,7,7,7,7,7,7,7,7
371059,1,1,1982,19,0,0,0,0,11,0,0,0,0
371059,2,1,1982,0,0,0,0,0,0,0,8,0,0
371060,1,1,1982,13,13,13,13,13,13,13,13,13,13
371061,0,1,1982,0,0,0,0,0,21,18,0,0,0
371061,1,1,1982,0,0,0,0,0,0,0,0,0,8
371062,1,1,1982,0,0,0,0,0,0,0,0,0,0
371063,1,1,1982,0,0,0,0,0,0,0,0,0,0
371063,2,1,1982,0,0,0,0,0,0,0,0,0,0
371063,3,1,1982,0,0,0,9,0,0,0,0,0,0
371064,1,1,1982,0,0,0,10,15,15,0,0,7,0
371065,1,1,1982,17,17,17,17,17,17,17,17,17,17
371066,0,1,1982,0,0,0,0,10,0,0,0,0,0
371066,1,1,1982,0,0,0,0,0,0,0,0,0,0
371067,1,1,1982,12,12,12,12,12,12,12,12,12,12
371068,0,1,1982,26,26,26,26,26,26,26,26,26,26
371068,1,1,1982,0,12,0,13,0,6,0,0,18,0
371069,1,1,1982,9,16,19,20,11,8,9,24,22,14
371069,2,1,1982,13,13,13,13,13,13,13,13,13,13
371070,1,1,1982,14,4,0,0,0,20,0,0,0,0
371071,1,1,1982,0,0,0,0,0,0,0,0,0,0
371071,2,1,1982,0,7,0,0,0,14,0,16,0,0
371071,3,1,1982,0,0,0,0,0,0,0,0,0,0
371072,0,1,1982,0,0,0,0,0,0,0,0,0,0
371072,1,1,1982,0,0,0,18,0,0,0,0,3,0
371072,2,1,1982,0,0,0,0,0,0,0,0,0,0
371073,1,1,1982,0,0,17,0,0,0,18,11,0,0
371074,1,1,1982,26,25,11,19,16,19,7,10,14,3
371074,2,1,1982,0,0,0,10,0,0,0,0,0,0
371075,1,1,1982,22,22,22,22,22,22,22,22,22,22
371076,1,1,1982,11,3,0,0,0,0,0,0,0,0
371076,2,1,1982,0,0,0,0,0,0,0,0,0,0
371077,1,1,1982,0,0,0,44,15,0,42,0,38,0
371078,1,1,1982,10,17,20,9,17,9,18,6,0,11
371079,1,1,1982,0,0,0,0,0,0,0,0,0,0
371079,2,1,1982,0,0,0,0,0,0,0,0,0,0
371080,0,1,1982,22,16,26,11,27,16,0,21,12,22
371080,1,1,1982,0,12,0,0,0,0,0,0,0,0
371081,1,1,1982,0,20,0,0,0,0,0,19,0,0
371082,1,1,1982,8,4,13,14,11,29,17,11,22,15
371083,1,1,1982,0,0,0,0,0,0,0,0,0,0
371083,2,1,1982,0,0,0,13,16,23,28,0,20,0
371084,1,1,1982,0,0,0,0,0,0,36,0,0,0
371084,2,1,1982,0,0,0,0,0,0,0,0,0,0
371085,1,1,1982,35,9,19,22,16,21,0,0,21,18
371086,1,1,1982,0,0,0,0,0,0,0,0,0,0
371086,2,1,1982,0,0,0,0,0,0,0,0,0,0
371087,1,1,1982,12,11,0,2,0,0,0,0,0,0
371088,0,1,1982,21,21,21,21,21,21,21,21,21,21
371088,1,1,1982,0,0,0,0,0,0,0,0,0,0
371089,1,1,1982,20,20,20,20,20,20,20,20,20,20
371090,1,1,1982,12,15,16,17,21,25,22,24,15,21
371091,0,1,1982,13,13,13,13,13,13,13,13,13,13
371091,1,1,1982,0,0,0,0,0,0,0,0,0,0
371092,1,1,1982,0,9,14,0,19,17,11,14,6,10
371093,1,1,1982,14,7,18,20,31,20,14,15,16,11
371093,2,1,1982,0,0,17,0,0,0,0,0,0,0
371094,1,1,1982,0,0,0,0,0,0,0,0,0,0
371095,0,1,1982,0,0,0,0,0,0,0,0,0,0
371095,1,1,1982,0,0,0,0,0,0,0,0,0,0
371096,0,1,1982,0,0,9,10,0,0,8,0,0,0
371096,0,2,1982,0,0,0,0,0,0,0,20,0,0
371096,1,1,1982,14,15,0,9,0,0,0,8,0,0
371097,1,1,1982,17,17,17,17,17,17,17,17,17,17
371098,1,1,1982,20,20,20,20,20,20,20,20,20,20
371099,0,1,1982,8,8,8,8,8,8,8,8,8,8
371099,1,1,1982,11,12,0,0,19,0,9,0,0,0
371100,1,1,1982,13,11,18,12,10,12,21,14,16,9
371100,2,1,1982,0,0,0,0,0,0,0,0,0,0
371101,1,1,1982,16,16,16,16,16,16,16,16,16,16
371102,0,1,1982,0,0,0,0,0,0,0,0,0,0
371102,1,1,1982,0,0,0,0,0,0,0,0,0,0
371103,0,1,1982,0,0,8,0,0,0,0,0,0,0
371103,1,1,1982,0,0,0,0,0,0,0,0,0,0
371104,0,1,1982,0,0,0,0,0,0,0,0,0,0
371104,1,1,1982,0,0,0,0,0,0,0,0,0,0
371105,0,1,1982,0,0,13,0,0,0,0,18,23,0
371105,1,1,1982,0,0,0,0,0,0,0,0,0,0
371106,0,1,1982,0,0,0,0,0,0,0,0,0,0
371106,1,1,1982,0,0,0,11,0,0,0,0,0,0
371107,1,1,1982,16,16,16,16,16,16,16,16,16,16
371108,1,1,1982,0,0,0,0,0,0,0,0,0,0
371108,2,1,1982,0,5,23,4,20,5,15,10,16,2
371109,0,1,1982,33,31,10,11,5,14,23,12,15,13
371109,1,1,1982,0,9,4,0,0,0,0,10,20,9
371110,0,1,1982,21,20,0,28,0,15,0,0,6,0
371110,1,1,1982,16,20,8,5,12,0,28,10,7,23
371111,1,1,1982,12,21,32,23,22,16,25,11,15,26
371111,2,1,1982,0,0,0,4,0,0,0,0,0,0
371112,1,1,1982,14,14,14,14,14,14,14,14,14,14
371113,1,1,1982,0,0,0,0,0,0,0,0,0,0
371113,2,1,1982,0,0,0,0,0,0,0,0,0,0
371115,1,1,1982,19,8,26,0,8,37,11,11,42,11
371115,2,1,1982,0,0,0,23,0,0,0,18,0,0
371116,0,1,1982,0,0,0,0,0,0,0,0,0,9
371116,1,1,1982,8,8,8,8,8,8,8,8,8,8
371117,1,1,1982,0,0,0,0,0,0,0,0,0,0
371117,2,1,1982,0,0,0,0,0,0,0,0,0,0
371118,1,1,1982,25,15,21,0,15,16,21,20,34,14
371118,2,1,1982,38,38,38,38,38,38,38,38,38,38
371119,1,1,1982,8,26,0,14,15,8,10,35,15,24
371120,1,1,1982,29,6,11,26,0,17,13,18,18,20
371121,1,1,1982,16,16,8,22,29,10,28,0,13,29
371122,1,1,1982,21,21,21,21,21,21,21,21,21,21
371123,1,1,1982,0,0,0,0,0,0,0,0,0,0
371123,2,1,1982,11,0,0,0,0,0,0,0,0,0
371124,1,1,1982,0,0,0,0,0,0,0,0,15,0
371125,1,1,1982,0,0,0,0,0,0,0,0,0,6
371125,2,1,1982,0,0,0,0,0,0,0,0,0,0
371126,1,1,1982,0,0,0,0,0,0,0,0,11,11
371127,1,1,1982,35,35,35,35,35,35,35,35,35,35
371127,2,1,1982,0,0,0,0,0,0,0,0,0,0
371127,3,1,1982,0,0,0,0,0,0,0,0,0,0
371128,1,1,1982,19,19,19,19,19,19,19,19,19,19
371129,0,1,1982,0,0,0,0,0,0,0,0,0,0
371129,1,1,1982,0,0,0,0,0,0,0,0,0,0
371130,1,1,1982,26,26,26,26,26,26,26,26,26,26
371131,0,1,1982,0,0,0,0,0,0,0,0,0,0
371131,1,1,1982,0,0,0,0,14,0,0,0,0,0
371132,1,1,1982,0,0,0,0,0,0,0,0,0,0
371132,2,1,1982,0,0,0,13,17,10,0,5,0,0
371133,1,1,1982,0,0,0,0,0,12,0,0,0,0
371133,2,1,1982,0,0,0,0,0,0,0,0,0,0
371134,1,1,1982,33,33,33,33,33,33,33,33,33,33
371135,0,1,1982,0,0,0,0,14,24,0,21,0,7
371135,1,1,1982,6,0,0,0,0,0,0,0,0,0
371136,1,1,1982,19,13,10,11,16,21,3,9,10,18
371137,1,1,1982,17,17,17,17,17,17,17,17,17,17
371138,1,1,1982,0,0,0,0,0,0,0,0,0,0
371139,1,1,1982,23,23,23,23,23,23,23,23,23,23
371140,1,1,1982,13,16,33,24,5,14,16,20,15,10
371141,1,1,1982,24,29,0,8,7,18,13,8,25,25
371142,1,1,1982,0,0,0,0,0,0,0,22,0,0
371142,2,1,1982,0,12,0,0,0,0,0,0,0,0
371143,0,1,1982,30,30,30,30,30,30,30,30,30,30
371143,1,1,1982,0,0,0,0,0,0,0,26,0,0
371144,1,1,1982,0,0,0,0,0,0,0,0,0,0
371144,2,1,1982,11,20,11,8,17,35,9,25,21,18
371145,1,1,1982,0,0,0,0,0,0,0,0,0,0
371145,2,1,1982,0,0,0,0,0,0,0,0,10,0
371146,1,1,1982,15,20,17,18,24,21,14,0,0,5
371147,1,1,1982,14,14,14,14,14,14,14,14,14,14
371147,2,1,1982,13,20,14,21,23,17,19,11,22,10
371148,1,1,1982,0,0,0,0,0,0,0,0,0,0
371148,2,1,1982,0,0,0,0,0,0,0,0,0,0
371149,1,1,1982,0,0,0,18,0,0,0,10,0,0
371150,1,1,1982,0,0,0,0,0,0,0,0,0,0
371151,1,1,1982,8,8,8,8,8,8,8,8,8,8
371151,2,1,1982,0,0,0,0,0,0,0,0,0,0
371152,0,1,1982,0,0,0,0,0,0,0,0,0,0
371152,1,1,1982,0,0,0,0,0,0,0,0,0,0
371153,1,1,1982,9,16,9,7,3,0,13,9,17,21
371154,1,1,1982,0,0,0,0,0,0,0,0,0,0
371155,1,1,1982,25,25,25,25,25,25,25,25,25,25
371156,1,1,1982,0,4,17,12,31,24,29,0,20,11
371156,2,1,1982,0,0,0,0,0,0,0,0,0,0
371157,1,1,1982,11,0,5,0,0,10,0,0,0,6
371158,1,1,1982,10,13,13,15,0,7,43,59,8,0
371159,1,1,1982,11,19,0,0,5,0,0,6,7,0
371160,1,1,1982,0,0,0,0,0,10,0,0,0,0
371160,2,1,1982,25,0,0,0,0,0,0,0,0,0
371161,1,1,1982,27,27,27,27,27,27,27,27,27,27
371161,2,1,1982,0,0,0,0,0,0,0,0,0,0
371162,1,1,1982,18,8,14,0,0,0,15,18,0,21
371163,1,1,1982,0,0,0,0,0,0,0,0,0,0
371163,2,1,1982,0,0,0,0,0,0,0,0,0,0
371164,1,1,1982,0,0,0,0,0,0,0,0,0,0
371164,2,1,1982,0,0,0,0,0,0,0,0,0,0
371164,3,1,1982,0,0,0,0,0,0,0,0,0,0
371165,1,1,1982,0,0,0,0,0,0,0,0,0,0
371165,2,1,1982,0,0,0,0,0,0,0,0,0,0
371166,1,1,1982,0,0,0,0,0,0,0,0,0,0
371166,2,1,1982,0,0,0,0,0,0,0,0,0,0
371167,1,1,1982,9,9,9,9,9,9,9,9,9,9
371167,2,1,1982,0,0,0,15,0,0,0,0,0,0
371168,0,1,1982,16,0,0,0,13,0,10,0,0,0
371168,1,1,1982,0,0,0,0,0,0,0,0,0,0
371169,1,1,1982,24,24,24,24,24,24,24,24,24,24
371169,2,1,1982,0,0,0,0,0,0,0,0,0,0
371170,1,1,1982,0,0,0,0,0,0,0,0,0,0
371170,2,1,1982,0,0,0,0,0,0,0,0,0,0
371171,1,1,1982,0,0,0,0,0,0,0,0,0,11
371171,2,1,1982,0,0,0,0,0,0,0,29,0,0
371172,0,1,1982,0,0,14,0,0,0,0,0,39,0
371172,1,1,1982,15,20,46,0,23,0,20,18,32,18
371173,1,1,1982,0,0,0,0,0,0,0,0,0,0
371173,2,1,1982,0,0,0,0,13,0,0,0,0,19
371174,1,1,1982,15,15,15,15,15,15,15,15,15,15
380001,1,1,1982,0,0,0,11,0,0,0,0,22,0
380001,2,1,1982,0,0,0,0,0,0,0,0,0,0
380002,1,1,1982,0,0,0,0,0,0,0,0,0,0
380003,1,1,1982,24,10,21,29,10,14,0,21,5,21
380003,2,1,1982,0,0,0,0,0,0,0,0,0,0
380004,1,1,1982,0,0,0,0,0,0,0,0,0,0
380004,2,1,1982,0,0,0,0,18,0,0,15,0,0
380005,1,1,1982,0,0,0,0,0,0,0,0,0,0
380005,2,1,1982,0,8,0,0,0,0,0,0,0,8
380006,1,1,1982,0,0,0,0,0,0,0,0,0,19
380006,2,1,1982,16,24,10,16,26,16,27,19,13,8
380007,1,1,1982,0,0,0,0,0,0,0,0,0,0
380007,2,1,1982,0,0,0,0,0,0,0,0,0,0
380008,1,1,1982,0,0,0,0,0,24,0,0,19,0
380009,1,1,1982,11,11,11,11,11,11,11,11,11,11
380009,2,1,1982,0,0,10,0,0,31,16,6,0,0
380010,1,1,1982,6,27,27,16,27,29,19,27,17,20
380011,1,1,1982,0,0,0,0,0,0,0,0,0,37
380011,2,1,1982,9,0,0,0,0,0,0,0,0,0
380012,1,1,1982,0,16,0,0,0,0,20,0,0,0
380013,1,1,1982,6,14,19,25,6,13,21,10,18,21
380013,2,1,1982,16,25,29,9,7,20,25,16,8,16
380014,1,1,1982,15,30,10,32,20,21,0,19,17,22
380015,1,1,1982,0,0,0,0,0,0,0,0,0,0
380015,2,1,1982,0,0,26,0,0,0,0,0,25,0
380016,1,1,1982,18,18,18,18,18,18,18,18,18,18
380017,1,1,1982,12,12,12,12,12,12,12,12,12,12
380018,1,1,1982,28,20,0,17,29,44,0,10,18,44
380019,1,1,1982,0,0,0,0,0,0,0,0,0,0
380020,0,1,1982,21,0,23,0,0,27,19,25,41,0
380020,1,1,1982,0,0,0,0,0,0,0,0,0,0
380021,1,1,1982,12,12,12,12,12,12,12,12,12,12
380021,2,1,1982,15,16,11,33,6,22,16,29,25,20
380022,1,1,1982,0,0,0,0,0,0,2,0,0,0
380023,0,1,1982,0,0,0,0,0,0,0,0,0,0
380023,1,1,1982,0,0,0,0,0,0,0,0,0,0
380024,1,1,1982,0,0,0,0,0,0,0,0,0,0
380024,2,1,1982,0,0,0,0,0,0,0,0,0,0
380025,1,1,1982,21,20,10,10,36,32,14,19,21,19
380025,2,1,1982,0,18,20,0,0,18,0,0,0,0
380026,1,1,1982,2,2,2,2,2,2,2,2,2,2
380026,2,1,1982,0,0,0,0,0,0,0,0,0,0
380027,1,1,1982,22,22,22,22,22,22,22,22,22,22
380027,2,1,1982,9,9,9,9,9,9,9,9,9,9
380028,1,1,1982,0,0,16,0,0,0,0,0,0,0
380028,2,1,1982,0,0,0,0,0,0,0,0,0,0
380029,1,1,1982,11,0,0,0,0,0,0,0,0,20
380029,2,1,1982,0,3,0,0,0,0,0,0,0,0
380030,0,1,1982,21,27,33,21,32,13,29,22,21,25
380030,1,1,1982,9,9,0,20,0,0,0,0,9,0
380031,1,1,1982,24,0,9,11,29,23,13,12,15,0
380031,2,1,1982,19,19,19,19,19,19,19,19,19,19
380032,1,1,1982,6,0,17,0,0,0,11,0,21,14
380032,2,1,1982,0,0,0,0,0,0,0,1,0,0
380033,1,1,1982,0,0,0,0,0,0,0,0,0,0
380033,2,1,1982,0,0,0,21,13,27,0,0,0,0
380034,1,1,1982,0,0,0,0,0,0,2,0,0,0
380034,2,1,1982,0,0,0,0,0,0,0,0,0,0
380034,3,1,1982,6,0,0,0,28,23,0,0,26,22
380035,1,1,1982,14,13,17,17,11,15,9,11,20,5
380035,2,1,1982,0,12,0,10,18,10,3,7,18,0
380036,1,1,1982,18,23,5,0,0,0,0,19,28,14
380037,1,1,1982,0,7,15,0,22,0,0,20,0,0
380038,1,1,1982,16,10,18,9,27,29,19,16,15,22
380039,1,1,1982,5,21,12,0,3,6,21,13,8,13
380039,2,1,1982,23,27,19,32,0,16,26,0,9,25
380040,1,1,1982,20,0,10,16,0,11,15,18,6,32
380040,2,1,1982,12,0,20,0,0,5,30,0,0,11
380040,3,1,1982,0,15,15,17,9,20,8,18,0,5
380040,4,1,1982,0,0,17,0,4,15,17,6,0,0
380041,1,1,1982,26,23,19,21,18,24,32,13,17,6
380042,1,1,1982,7,10,16,12,13,6,24,7,9,6
380043,1,1,1982,31,15,35,10,38,18,17,14,23,17
380044,1,1,1982,0,0,25,0,0,0,0,0,0,0
380045,1,1,1982,0,0,0,0,0,0,0,5,0,7
380045,2,1,1982,14,32,4,19,10,0,14,11,6,34
380046,0,1,1982,0,0,0,0,0,0,0,0,0,0
380046,1,1,1982,0,0,0,0,0,0,8,0,8,0
380047,1,1,1982,0,0,22,12,14,0,30,12,0,20
380047,2,1,1982,19,14,8,6,12,14,15,8,6,4
380048,1,1,1982,29,16,17,21,10,7,8,7,15,32
380048,2,1,1982,0,0,0,0,0,0,0,0,0,0
380049,1,1,1982,24,5,20,0,0,0,0,0,2,0
380049,2,1,1982,0,0,0,0,0,0,0,0,0,0
380050,1,1,1982,0,0,0,0,0,0,0,0,0,0
380051,1,1,1982,19,25,26,4,30,22,21,15,15,6
380052,1,1,1982,18,26,16,0,19,7,23,4,4,18
380052,2,1,1982,0,18,12,14,6,0,16,0,13,15
380053,1,1,1982,18,26,15,18,25,8,0,9,15,16
380053,2,1,1982,0,0,6,0,0,13,6,0,22,0
380054,1,1,1982,7,7,7,7,7,7,7,7,7,7
380055,1,1,1982,0,0,0,0,0,0,0,0,6,0
380055,2,1,1982,0,0,0,0,0,0,0,0,0,0
380056,1,1,1982,0,0,19,0,6,0,22,13,0,0
380056,2,1,1982,0,0,0,0,0,0,0,0,0,0
380057,1,1,1982,0,19,22,26,0,0,0,0,0,22
380057,2,1,1982,0,0,0,0,0,0,0,0,0,23
380058,1,1,1982,20,19,30,15,4,32,16,30,26,18
380059,1,1,1982,19,22,8,25,0,23,11,13,22,0
380060,1,1,1982,16,0,0,0,9,0,0,0,0,0
380061,1,1,1982,14,15,0,22,17,9,15,19,0,31
380062,1,1,1982,17,21,24,12,7,13,31,17,17,22
380063,1,1,1982,0,0,0,0,4,0,17,11,0,22
380063,2,1,1982,0,0,0,0,0,0,0,0,3,8
380064,0,1,1982,34,10,30,19,28,23,23,34,18,21
380064,1,1,1982,10,6,18,0,20,7,27,34,0,21
380065,1,1,1982,30,0,10,18,5,16,0,9,0,17
380066,1,1,1982,0,0,0,0,5,0,0,0,0,0
380066,2,1,1982,0,0,0,0,0,0,0,0,0,0
380067,1,1,1982,16,19,11,24,29,25,21,24,18,19
380068,1,1,1982,0,0,0,0,20,21,0,0,0,0
380069,1,1,1982,0,0,0,0,6,0,0,0,0,0
380070,1,1,1982,16,25,3,0,11,0,15,19,4,23
380070,2,1,1982,0,0,0,0,0,0,0,9,0,0
380071,1,1,1982,20,15,0,16,22,23,9,26,22,7
380072,1,1,1982,0,0,0,0,0,0,0,0,0,0
380072,2,1,1982,18,11,10,20,9,23,23,23,0,7
380073,1,1,1982,21,32,0,24,21,32,30,24,22,22
380074,1,1,1982,0,0,0,0,24,0,0,0,0,0
380074,2,1,1982,0,0,0,0,0,0,0,0,0,0
380075,1,1,1982,0,0,0,0,0,0,0,0,0,0
380075,2,1,1982,0,0,0,0,0,0,0,0,0,0
380076,1,1,1982,18,0,0,0,0,0,0,16,0,0
380076,2,1,1982,0,0,0,0,0,0,0,0,10,0
380077,1,1,1982,14,11,12,30,25,24,21,36,18,14
380077,2,1,1982,0,0,0,0,0,0,6,0,0,0
380078,1,1,1982,6,0,0,0,0,0,0,0,0,0
380078,2,1,1982,0,0,0,0,11,0,0,0,0,0
380079,1,1,1982,9,19,28,21,13,25,6,0,15,23
380080,1,1,1982,0,0,0,0,0,0,0,0,0,7
380080,2,1,1982,0,0,0,0,0,0,0,0,0,0
380081,1,1,1982,0,12,16,25,25,18,4,15,6,17
380081,2,1,1982,0,0,0,0,0,0,0,0,0,0
380082,1,1,1982,19,15,14,16,9,17,4,10,11,15
380083,1,1,1982,0,0,0,0,0,0,0,0,0,0
380084,1,1,1982,14,14,16,13,15,30,6,29,6,9
380085,1,1,1982,11,11,11,11,11,11,11,11,11,11
380085,2,1,1982,14,5,0,0,0,0,17,0,0,17
380086,1,1,1982,0,0,0,0,0,0,0,0,0,0
380086,2,1,1982,0,0,15,0,0,0,0,0,11,0
380087,1,1,1982,11,9,16,16,11,16,5,14,43,19
380088,1,1,1982,0,0,0,0,0,0,0,0,0,0
380088,2,1,1982,9,32,23,25,35,35,17,30,32,16
380089,1,1,1982,0,0,0,0,0,0,0,4,0,0
380089,2,1,1982,0,0,0,0,0,14,0,0,0,0
380090,1,1,1982,4,20,25,16,24,23,25,8,21,6
380091,1,1,1982,49,27,22,18,13,27,26,24,44,29
380092,1,1,1982,6,13,18,7,20,3,14,10,18,20
380093,0,1,1982,0,0,0,0,0,0,0,0,0,0
380093,1,1,1982,0,0,0,0,0,0,0,0,0,0
380094,0,1,1982,0,10,0,32,22,19,16,21,17,13
380094,1,1,1982,0,8,0,0,0,0,0,0,0,0
380095,1,1,1982,23,2,24,15,12,12,17,10,15,13
380096,1,1,1982,18,12,7,9,0,30,4,12,22,20
380096,2,1,1982,0,0,0,0,0,0,0,0,0,0
380097,1,1,1982,0,0,0,0,0,0,0,0,0,0
380097,2,1,1982,0,0,0,0,0,0,0,0,0,0
380098,1,1,1982,18,0,12,0,14,18,17,22,0,11
380099,1,1,1982,15,10,15,8,19,10,7,13,20,28
380099,2,1,1982,11,28,18,8,3,28,10,37,13,4
380100,1,1,1982,0,0,0,0,0,0,0,0,0,0
380100,2,1,1982,0,0,0,0,0,0,0,0,0,0
380101,1,1,1982,0,0,0,0,0,0,0,0,15,0
380102,1,1,1982,25,21,10,22,14,10,11,13,17,19
380103,1,1,1982,23,3,0,13,10,25,0,0,3,17
380104,1,1,1982,6,11,14,11,0,9,21,23,16,0
380105,1,1,1982,20,29,9,12,22,22,30,18,5,21
380106,1,1,1982,16,21,7,17,14,15,28,11,29,20
380106,2,1,1982,13,20,27,21,14,25,21,0,14,11
380107,1,1,1982,19,0,0,0,0,0,0,0,0,0
380107,2,1,1982,5,7,19,0,13,0,20,22,0,0
380108,1,1,1982,0,0,23,29,20,30,29,26,19,11
380109,1,1,1982,0,16,19,12,0,22,21,30,13,28
380110,1,1,1982,21,4,22,25,20,15,14,14,19,27
380111,0,1,1982,25,17,38,21,12,19,5,15,24,23
380111,1,1,1982,0,0,0,0,0,0,0,0,0,0
380112,1,1,1982,22,20,31,0,6,28,28,22,19,21
380113,1,1,1982,21,14,7,13,13,13,8,0,0,6
380114,1,1,1982,0,0,0,0,0,0,0,0,0,0
380114,2,1,1982,0,22,20,17,26,0,18,17,19,6
380115,1,1,1982,0,0,0,0,0,0,2,0,0,0
380115,2,1,1982,0,0,0,0,0,0,0,0,0,0
380116,0,1,1982,0,0,0,0,0,0,0,0,0,0
380116,1,1,1982,31,0,0,0,0,6,0,0,9,0
380117,1,1,1982,0,0,0,0,0,0,0,0,0,0
380117,2,1,1982,0,0,0,0,0,0,0,0,0,0
380118,1,1,1982,32,13,24,0,7,28,25,18,8,24
380119,1,1,1982,14,26,13,25,12,14,0,22,15,21
380120,1,1,1982,29,7,0,8,28,22,9,12,35,9
380121,1,1,1982,2,2,2,2,2,2,2,2,2,2
380121,2,1,1982,12,12,12,12,12,12,12,12,12,12
380122,1,1,1982,16,18,25,18,29,13,19,22,18,21
380122,2,1,1982,0,0,0,0,0,0,0,0,0,0
380123,0,1,1982,19,0,10,0,17,20,0,0,0,23
380123,0,2,1982,0,17,12,18,13,26,7,22,28,20
380123,1,1,1982,19,13,0,0,19,0,0,6,0,0
380124,1,1,1982,0,0,0,0,0,0,0,0,0,0
380124,2,1,1982,0,0,0,0,0,0,0,0,0,0
380125,1,1,1982,0,0,0,0,7,0,0,0,0,0
380125,2,1,1982,0,0,0,2,0,0,0,0,0,0
380126,1,1,1982,20,14,26,39,28,27,26,21,32,24
380127,1,1,1982,0,19,20,0,7,23,9,6,14,30
380128,1,1,1982,10,20,18,22,0,39,16,25,38,16
390001,1,1,1982,8,8,8,8,8,8,8,8,8,8
390002,1,1,1982,16,16,16,16,16,16,16,16,16,16
390003,1,1,1982,19,19,19,19,19,19,19,19,19,19
390003,2,1,1982,0,0,0,0,0,0,8,0,0,13
390004,0,1,1982,30,30,30,30,30,30,30,30,30,30
390004,1,1,1982,15,0,0,0,15,0,22,19,11,0
390005,1,1,1982,2,13,7,26,10,17,13,21,18,11
390006,1,1,1982,0,0,0,0,0,0,0,0,0,0
390006,2,1,1982,11,11,11,11,11,11,11,11,11,11
390007,1,1,1982,0,0,0,0,0,0,0,0,0,0
390007,2,1,1982,16,16,16,16,16,16,16,16,16,16
390008,1,1,1982,8,8,8,8,8,8,8,8,8,8
390009,1,1,1982,28,20,15,22,25,16,11,16,15,19