ST_CASE,VEH_NO,PER_NO,YEAR,P1,P2,P3,P4,P5,P6,P7,P8,P9,P10
390010,1,1,1982,0,0,0,0,0,0,0,0,0,0
390010,2,1,1982,0,0,0,0,0,0,0,0,0,0
390011,1,1,1982,0,0,0,0,0,0,0,0,0,0
390012,0,1,1982,17,17,17,17,17,17,17,17,17,17
390012,1,1,1982,3,3,3,3,3,3,3,3,3,3
390012,2,1,1982,0,0,0,0,0,15,0,0,0,0
390013,0,1,1982,7,7,7,7,7,7,7,7,7,7
390013,1,1,1982,0,0,0,0,0,0,0,0,0,0
390014,1,1,1982,0,0,0,0,0,0,0,0,0,0
390014,2,1,1982,0,0,0,0,0,0,0,0,0,0
390015,1,1,1982,10,11,20,17,0,0,13,0,20,0
390016,0,1,1982,36,36,36,36,36,36,36,36,36,36
390016,1,1,1982,12,18,9,0,19,19,15,0,0,19
390017,0,1,1982,37,37,37,37,37,37,37,37,37,37
390017,1,1,1982,0,0,0,0,0,0,0,0,0,8
390018,0,1,1982,0,0,6,0,0,0,0,0,0,0
390018,1,1,1982,0,0,0,5,14,0,0,0,0,0
390019,1,1,1982,1,1,1,1,1,1,1,1,1,1
390019,2,1,1982,29,15,16,25,29,15,22,27,11,9
390020,1,1,1982,0,4,0,0,0,0,0,0,0,0
390020,2,1,1982,5,5,5,5,5,5,5,5,5,5
390021,1,1,1982,15,0,9,13,12,9,0,29,28,15
390022,1,1,1982,8,8,8,8,8,8,8,8,8,8
390023,1,1,1982,16,16,16,16,16,16,16,16,16,16
390024,1,1,1982,0,0,0,0,0,0,0,0,0,0
390024,2,1,1982,0,0,0,0,0,0,0,0,0,0
390025,1,1,1982,9,7,15,7,13,16,16,15,12,5
390026,1,1,1982,8,13,13,12,12,9,24,13,35,11
390027,1,1,1982,27,21,14,25,13,20,14,21,11,27
390028,1,1,1982,0,0,0,0,0,17,0,0,0,0
390029,1,1,1982,0,0,0,0,0,0,0,0,0,0
390029,2,1,1982,0,0,0,0,0,0,0,0,0,0
390030,1,1,1982,0,0,5,0,0,0,0,35,0,0
390030,2,1,1982,0,0,0,6,0,0,0,0,0,0
390031,1,1,1982,0,0,0,0,0,9,0,0,0,0
390031,2,1,1982,0,0,0,0,0,0,0,0,0,0
390032,1,1,1982,15,15,15,15,15,15,15,15,15,15
390032,2,1,1982,0,0,11,13,0,0,0,4,0,0
390033,1,1,1982,0,0,0,0,0,0,0,0,0,0
390033,2,1,1982,0,0,0,0,0,0,0,0,0,0
390034,1,1,1982,23,23,23,23,23,23,23,23,23,23
390035,1,1,1982,0,0,0,13,0,22,0,16,0,25
390036,1,1,1982,16,10,20,12,20,20,0,21,18,9
390037,1,1,1982,14,14,14,14,14,14,14,14,14,14
390038,1,1,1982,0,0,0,0,0,0,0,0,0,0
390038,2,1,1982,0,0,0,0,0,16,0,21,16,0
390039,1,1,1982,0,0,7,0,0,11,9,0,18,9
390039,2,1,1982,0,0,0,0,0,0,0,0,0,0
390040,1,1,1982,0,0,0,0,0,0,0,0,0,0
390040,2,1,1982,0,0,0,29,0,0,0,0,0,0
390041,1,1,1982,27,27,27,27,27,27,27,27,27,27
390042,1,1,1982,16,16,16,16,16,16,16,16,16,16
390043,0,1,1982,5,0,0,0,0,0,0,0,0,0
390043,1,1,1982,21,0,0,13,0,0,0,0,0,0
390044,1,1,1982,0,0,0,12,0,0,0,0,0,13
390045,0,1,1982,0,0,0,0,0,0,0,0,0,0
390045,1,1,1982,0,0,17,0,0,0,0,0,5,0
390046,1,1,1982,0,0,0,0,0,0,0,0,0,0
390046,2,1,1982,0,0,0,0,0,0,0,0,0,0
390047,1,1,1982,0,0,0,0,17,0,0,8,0,18
390047,2,1,1982,0,0,0,0,0,0,0,0,0,0
390048,0,1,1982,0,0,0,0,0,0,0,0,0,0
390048,0,2,1982,0,0,13,0,0,0,0,0,10,10
390048,1,1,1982,0,0,0,0,0,0,0,0,0,0
390049,1,1,1982,20,0,11,0,12,6,0,0,11,0
390050,1,1,1982,0,0,0,0,0,0,0,0,0,0
390050,2,1,1982,0,0,0,0,0,0,0,0,0,0
390051,1,1,1982,14,0,8,9,16,23,22,16,15,12
390052,1,1,1982,0,0,0,0,0,0,0,0,0,0
390053,1,1,1982,0,0,0,0,0,0,0,0,15,0
390053,2,1,1982,0,0,0,0,0,0,0,0,0,0
390054,1,1,1982,0,0,12,0,0,0,0,0,0,0
390055,1,1,1982,0,0,0,0,0,0,14,19,0,0
390055,2,1,1982,0,0,0,0,0,0,0,0,0,0
390056,1,1,1982,31,31,31,31,31,31,31,31,31,31
390056,2,1,1982,0,0,0,0,0,0,0,0,0,0
390057,1,1,1982,34,34,34,34,34,34,34,34,34,34
390058,1,1,1982,0,0,0,0,0,0,0,0,0,0
390058,2,1,1982,0,0,0,0,0,0,0,0,0,0
390059,1,1,1982,17,12,17,11,20,37,27,28,18,26
390060,1,1,1982,22,22,22,22,22,22,22,22,22,22
390061,1,1,1982,0,0,11,0,0,0,0,0,0,0
390061,2,1,1982,0,0,0,0,0,0,0,0,0,0
390062,1,1,1982,19,6,13,0,23,14,16,10,16,16
390063,1,1,1982,0,0,17,0,11,0,0,0,0,0
390063,2,1,1982,3,2,19,9,20,6,30,12,13,6
390064,1,1,1982,0,0,0,0,0,0,0,0,0,0
390064,2,1,1982,0,0,19,0,0,0,0,0,0,0
390065,1,1,1982,0,0,0,0,0,0,0,4,0,0
390065,2,1,1982,0,0,0,0,0,0,0,0,0,0
390066,1,1,1982,27,27,27,27,27,27,27,27,27,27
390067,1,1,1982,0,0,0,0,0,0,3,0,0,27
390068,1,1,1982,11,11,11,11,11,11,11,11,11,11
390069,1,1,1982,0,0,0,0,0,0,0,0,0,0
390070,1,1,1982,16,16,16,16,16,16,16,16,16,16
390071,1,1,1982,0,0,0,0,0,0,0,0,0,0
390071,2,1,1982,0,0,0,0,0,0,0,0,0,0
390072,1,1,1982,0,0,0,0,0,0,0,0,0,0
390072,2,1,1982,0,0,0,0,0,0,0,0,0,0
390073,1,1,1982,30,30,30,30,30,30,30,30,30,30
390073,2,1,1982,0,0,9,0,0,0,0,0,0,0
390074,1,1,1982,0,0,0,0,0,0,0,0,0,0
390074,2,1,1982,0,0,0,0,0,0,0,0,0,0
390075,1,1,1982,0,0,0,0,0,0,0,0,0,0
390075,2,1,1982,0,0,0,0,0,0,0,0,0,0
390076,1,1,1982,0,0,0,0,0,0,0,0,0,0
390077,0,1,1982,12,11,0,0,0,0,0,25,0,0
390077,0,2,1982,0,13,0,20,0,0,0,0,0,0
390077,1,1,1982,0,0,0,0,0,0,0,0,0,0
390078,1,1,1982,16,0,16,10,7,0,18,7,0,0
390079,1,1,1982,0,18,17,15,0,0,0,28,0,0
390081,1,1,1982,0,0,0,0,0,0,0,0,0,0
390082,1,1,1982,0,0,0,0,0,0,0,0,0,0
390083,1,1,1982,0,0,0,0,0,0,0,0,0,0
390084,0,1,1982,0,0,0,0,0,0,0,0,0,0
390084,1,1,1982,0,0,8,0,14,0,20,0,19,20
390085,1,1,1982,28,0,0,3,0,10,10,6,0,0
390085,2,1,1982,0,0,0,0,0,0,0,0,0,0
390086,0,1,1982,23,0,17,0,0,0,0,0,0,0
390086,0,2,1982,0,0,0,14,0,0,0,19,16,18
390086,1,1,1982,15,15,15,15,15,15,15,15,15,15
390087,1,1,1982,0,0,0,0,0,0,0,0,0,0
390087,2,1,1982,0,0,0,0,0,0,0,13,0,0
390088,1,1,1982,0,0,0,0,0,0,0,0,0,0
390088,2,1,1982,0,0,0,0,0,0,0,0,0,0
390089,1,1,1982,14,14,14,14,14,14,14,14,14,14
390091,0,1,1982,0,0,0,16,0,0,0,0,0,0
390091,1,1,1982,0,0,0,0,0,0,0,0,0,0
390092,1,1,1982,0,0,0,0,0,0,0,0,0,0
390093,0,1,1982,0,18,0,0,22,14,0,0,0,31
390093,1,1,1982,23,10,31,18,0,11,32,12,9,18
390094,1,1,1982,0,0,0,0,0,0,0,0,0,0
390094,2,1,1982,0,0,0,0,0,12,0,0,0,0
390094,3,1,1982,6,0,0,0,0,0,0,0,0,0
390095,1,1,1982,8,8,8,8,8,8,8,8,8,8
390096,0,1,1982,10,27,30,15,26,35,23,0,10,22
390096,1,1,1982,15,0,0,0,0,0,0,0,0,11
390097,1,1,1982,17,8,22,10,13,19,0,9,11,22
390097,2,1,1982,14,14,15,21,12,14,17,13,20,16
390098,0,1,1982,0,0,0,0,0,2,0,0,0,0
390098,1,1,1982,0,0,0,0,0,0,0,0,0,0
390099,1,1,1982,0,0,0,0,0,0,0,0,0,0
390099,2,1,1982,29,29,29,29,29,29,29,29,29,29
390100,1,1,1982,0,0,0,0,0,0,0,0,0,0
390100,2,1,1982,0,0,0,0,0,0,0,0,0,0
390101,1,1,1982,11,11,11,11,11,11,11,11,11,11
390102,1,1,1982,0,0,0,0,0,0,0,10,0,0
390103,1,1,1982,0,0,0,22,0,0,0,0,0,0
390103,2,1,1982,0,0,0,0,0,0,0,0,0,0
390104,0,1,1982,0,0,0,0,0,0,0,0,0,0
390104,1,1,1982,0,0,0,0,0,0,0,0,0,0
390105,0,1,1982,3,0,0,0,0,0,0,29,0,0
390105,1,1,1982,0,0,0,0,0,8,0,0,0,0
390106,1,1,1982,0,0,0,0,0,0,0,0,0,0
390106,2,1,1982,0,0,0,0,0,0,0,0,0,0
390106,3,1,1982,0,0,5,0,0,0,0,0,0,0
390107,1,1,1982,0,0,22,0,28,0,0,11,24,27
390107,2,1,1982,0,0,0,0,0,0,0,13,0,0
390107,3,1,1982,0,0,0,0,0,7,0,0,0,0
390108,1,1,1982,21,8,7,25,29,11,14,6,5,18
390108,2,1,1982,19,26,15,7,26,20,15,5,31,8
390109,1,1,1982,20,20,20,20,20,20,20,20,20,20
390110,1,1,1982,0,0,0,2,0,0,0,0,0,0
390110,2,1,1982,0,0,0,0,0,0,0,0,0,0
390111,1,1,1982,17,17,17,17,17,17,17,17,17,17
390112,1,1,1982,0,0,0,0,0,0,0,0,0,0
390112,2,1,1982,0,0,0,17,13,0,13,0,0,0
390113,1,1,1982,26,26,26,26,26,26,26,26,26,26
390114,1,1,1982,29,17,28,26,25,16,13,14,27,14
390115,1,1,1982,4,4,4,4,4,4,4,4,4,4
390116,1,1,1982,0,0,0,0,0,0,0,0,0,0
390116,2,1,1982,0,0,0,0,0,0,0,0,0,0
390117,1,1,1982,0,0,0,0,0,0,0,0,0,0
390117,2,1,1982,0,14,0,0,0,0,0,0,0,0
390118,1,1,1982,1,1,1,1,1,1,1,1,1,1
390119,1,1,1982,20,20,20,20,20,20,20,20,20,20
390120,1,1,1982,14,14,14,14,14,14,14,14,14,14
390121,1,1,1982,36,36,36,36,36,36,36,36,36,36
390122,0,1,1982,0,0,0,0,0,0,0,0,0,16
390122,1,1,1982,0,0,0,0,0,9,0,0,0,0
390123,1,1,1982,37,37,37,37,37,37,37,37,37,37
390124,1,1,1982,0,0,0,0,0,0,0,0,0,0
390125,1,1,1982,0,0,0,0,0,0,0,0,0,0
390125,2,1,1982,0,0,0,0,0,27,0,0,0,0
390126,0,1,1982,0,0,0,0,0,0,0,0,0,0
390126,1,1,1982,0,0,0,0,0,0,0,0,0,0
390127,1,1,1982,0,0,0,0,0,0,0,0,0,0
390128,1,1,1982,0,0,0,0,0,0,0,0,0,0
390128,2,1,1982,0,0,0,0,0,0,0,0,0,0
390129,1,1,1982,0,0,0,0,6,0,13,0,0,14
390130,1,1,1982,0,0,0,0,0,0,0,0,0,0
390130,2,1,1982,0,0,33,0,0,0,0,0,0,0
390130,3,1,1982,0,16,0,8,23,0,0,14,0,0
390131,0,1,1982,0,25,0,0,0,0,0,0,0,0
390131,1,1,1982,0,0,0,0,0,0,0,0,0,0
390132,1,1,1982,0,0,0,0,0,0,0,6,0,0
390132,2,1,1982,0,0,0,0,0,0,0,0,0,0
390133,1,1,1982,0,15,0,11,0,0,0,0,30,0
390134,1,1,1982,18,18,18,18,18,18,18,18,18,18
390135,1,1,1982,0,0,0,0,23,0,11,0,0,17
390135,2,1,1982,0,0,0,0,0,0,0,0,0,0
390136,1,1,1982,8,0,20,13,11,3,30,17,17,13
390137,1,1,1982,20,20,20,20,20,20,20,20,20,20
390138,0,1,1982,0,0,0,0,0,0,0,0,0,0
390138,1,1,1982,20,0,0,0,0,0,0,0,0,0
390139,0,1,1982,0,0,0,14,0,0,0,0,0,0
390139,1,1,1982,0,0,0,0,0,0,0,4,0,0
390140,1,1,1982,8,8,8,8,8,8,8,8,8,8
390141,0,1,1982,0,0,0,0,0,0,0,0,0,0
390141,1,1,1982,0,0,0,0,14,12,0,18,0,20
390142,0,1,1982,0,0,0,0,0,0,0,0,0,0
390142,1,1,1982,0,0,0,0,0,0,0,0,0,0
390143,0,1,1982,0,0,0,0,0,0,0,0,0,0
390143,1,1,1982,0,0,0,0,0,12,0,0,0,8
390144,1,1,1982,0,0,0,0,0,0,5,0,0,0
390144,2,1,1982,0,0,0,0,0,0,0,0,0,0
390145,0,1,1982,34,0,0,13,0,13,0,0,0,0
390145,0,2,1982,0,23,22,13,0,2,0,29,0,0
390145,1,1,1982,22,22,22,22,22,22,22,22,22,22
390145,2,1,1982,0,0,0,0,0,0,0,0,0,0
390146,1,1,1982,34,34,34,34,34,34,34,34,34,34
390147,1,1,1982,0,0,0,0,0,0,0,0,0,0
390147,2,1,1982,0,0,0,0,0,0,0,0,0,0
390148,1,1,1982,0,0,0,0,0,0,0,0,0,0
390148,2,1,1982,0,0,0,0,0,0,0,0,0,5
390149,1,1,1982,0,0,0,0,0,0,0,0,0,0
390149,2,1,1982,0,0,0,0,0,0,0,0,0,0
390150,1,1,1982,13,13,13,13,13,13,13,13,13,13
390151,0,1,1982,0,0,18,7,5,0,0,0,14,15
390151,1,1,1982,0,0,0,0,0,2,0,0,0,0
390151,2,1,1982,0,0,0,0,0,0,0,0,0,0
390152,1,1,1982,29,29,29,29,29,29,29,29,29,29
390152,2,1,1982,0,0,0,0,0,0,0,0,0,0
390153,1,1,1982,0,0,0,0,5,0,0,0,0,0
390154,1,1,1982,19,19,19,19,19,19,19,19,19,19
390155,1,1,1982,8,8,8,8,8,8,8,8,8,8
390156,1,1,1982,25,25,25,25,25,25,25,25,25,25
390157,0,1,1982,2,2,2,2,2,2,2,2,2,2
390157,1,1,1982,13,12,13,11,7,21,10,15,33,7
390158,1,1,1982,14,15,9,17,18,17,14,29,13,24
390159,1,1,1982,4,0,0,0,0,0,0,0,16,0
390159,2,1,1982,0,0,31,21,37,0,17,0,0,34
390160,1,1,1982,19,10,4,11,19,15,0,14,21,7
390161,1,1,1982,0,0,0,0,0,0,0,0,20,0
390162,1,1,1982,0,0,0,0,0,0,0,0,0,0
390163,1,1,1982,24,24,24,24,24,24,24,24,24,24
390164,1,1,1982,18,18,18,18,18,18,18,18,18,18
390164,2,1,1982,0,0,0,0,0,0,0,0,0,0
390165,0,1,1982,12,0,24,0,0,0,22,40,0,0
390165,1,1,1982,19,0,24,28,20,24,25,21,11,25
390166,0,1,1982,0,0,0,0,0,0,0,0,0,0
390166,1,1,1982,0,0,0,0,0,0,0,0,0,0
390167,1,1,1982,0,0,0,0,0,0,0,0,0,0
390167,2,1,1982,0,0,9,15,0,0,0,0,0,0
390168,1,1,1982,19,19,19,19,19,19,19,19,19,19
390168,2,1,1982,0,0,0,0,0,0,0,0,0,0
390169,1,1,1982,23,23,23,23,23,23,23,23,23,23
390170,1,1,1982,16,24,3,9,6,11,14,12,0,9
390171,1,1,1982,0,0,0,7,0,0,0,11,15,0
390171,2,1,1982,0,0,0,0,0,0,0,0,0,0
390172,1,1,1982,23,23,23,23,23,23,23,23,23,23
390173,1,1,1982,0,0,0,0,0,0,0,0,0,0
390173,2,1,1982,23,23,23,23,23,23,23,23,23,23
390174,1,1,1982,24,24,24,24,24,24,24,24,24,24
390175,0,1,1982,7,0,15,0,0,0,0,4,0,10
390175,1,1,1982,5,0,0,0,0,0,0,0,0,0
390175,2,1,1982,12,0,12,0,0,0,19,11,6,0
390176,1,1,1982,19,19,19,19,19,19,19,19,19,19
390176,2,1,1982,0,0,23,0,0,0,0,0,0,5
390177,0,1,1982,18,13,24,23,15,11,10,28,26,6
390177,1,1,1982,0,0,0,0,0,0,0,0,0,0
390178,1,1,1982,0,0,0,0,0,0,0,0,0,0
390178,2,1,1982,10,24,10,0,19,23,11,0,10,19
390179,1,1,1982,0,30,25,17,8,0,14,11,29,16
390180,1,1,1982,14,14,14,14,14,14,14,14,14,14
390181,0,1,1982,26,24,0,8,0,0,0,0,0,6
390181,1,1,1982,11,37,19,14,19,25,0,21,22,6
390182,1,1,1982,0,0,0,0,0,0,0,0,0,0
390183,1,1,1982,20,15,15,32,12,26,24,34,21,37
390184,1,1,1982,0,0,0,0,0,0,0,0,0,0
390184,2,1,1982,0,0,0,0,0,0,0,0,0,0
390185,1,1,1982,16,16,16,16,16,16,16,16,16,16
390186,1,1,1982,22,18,13,24,23,32,34,35,19,25
390187,0,1,1982,0,0,0,0,0,0,0,0,0,0
390187,1,1,1982,0,0,0,0,0,0,15,15,0,0
390188,1,1,1982,0,0,0,8,0,0,0,0,0,0
390189,1,1,1982,0,0,0,4,0,0,0,0,0,0
390189,2,1,1982,22,22,22,22,22,22,22,22,22,22
390189,3,1,1982,0,0,0,0,0,0,0,0,0,0
390190,0,1,1982,11,11,11,11,11,11,11,11,11,11
390190,1,1,1982,15,0,0,0,0,0,0,21,0,0
390191,1,1,1982,1,1,1,1,1,1,1,1,1,1
390192,1,1,1982,0,0,0,0,0,9,0,0,0,0
390192,2,1,1982,0,0,0,0,0,0,0,0,0,0
390193,0,1,1982,0,0,0,0,0,0,0,0,0,0
390193,1,1,1982,0,0,0,0,0,0,0,0,0,0
390194,1,1,1982,0,0,0,0,0,0,0,0,0,0
390194,2,1,1982,0,0,0,0,0,0,0,0,0,0
390195,1,1,1982,0,0,0,0,0,0,0,0,0,0
390195,2,1,1982,17,17,17,17,17,17,17,17,17,17
390196,1,1,1982,0,7,14,9,0,22,9,19,14,13
390196,2,1,1982,8,26,30,5,11,16,13,20,18,11
390197,1,1,1982,0,0,0,0,0,0,0,0,0,0
390197,2,1,1982,19,19,19,19,19,19,19,19,19,19
390198,1,1,1982,21,21,21,21,21,21,21,21,21,21
390200,1,1,1982,0,0,0,0,0,0,0,0,0,0
390200,2,1,1982,0,0,0,0,0,0,0,0,0,0
390201,0,1,1982,0,0,0,0,0,0,0,0,0,0
390201,1,1,1982,0,0,0,0,0,0,0,0,0,0
390202,1,1,1982,0,0,0,0,0,0,0,0,0,0
390202,2,1,1982,12,24,0,0,0,0,0,20,0,16
390203,1,1,1982,0,0,0,0,0,0,0,0,0,0
390203,2,1,1982,0,0,0,0,0,0,0,0,0,0
390204,1,1,1982,0,0,0,0,0,0,0,0,0,0
390205,1,1,1982,0,0,0,0,0,0,0,0,0,0
390206,1,1,1982,0,0,0,0,0,11,0,0,0,0
390206,2,1,1982,0,0,0,0,0,0,0,19,0,0
390207,1,1,1982,23,23,23,23,23,23,23,23,23,23
390208,1,1,1982,8,0,4,13,0,0,0,11,17,0
390209,1,1,1982,9,9,9,9,9,9,9,9,9,9
390210,0,1,1982,0,0,0,0,0,0,0,0,0,0
390210,1,1,1982,0,0,6,0,0,0,0,0,0,0
390211,1,1,1982,0,0,0,0,0,0,0,0,0,0
390212,1,1,1982,0,0,0,0,0,0,0,0,0,0
390213,1,1,1982,0,0,0,0,0,0,0,0,0,0
390213,2,1,1982,0,0,0,0,0,0,18,0,0,0
390214,1,1,1982,6,6,6,6,6,6,6,6,6,6
390215,1,1,1982,0,13,20,0,10,0,0,0,0,0
390216,1,1,1982,0,0,0,0,18,0,0,0,8,0
390216,2,1,1982,14,14,14,14,14,14,14,14,14,14
390217,1,1,1982,0,0,0,0,0,0,0,0,0,0
390217,2,1,1982,0,0,0,0,0,0,0,0,0,0
390218,1,1,1982,3,5,0,0,0,0,0,0,0,0
390218,2,1,1982,0,0,0,0,0,0,0,0,0,0
390219,0,1,1982,19,0,0,0,0,12,13,27,0,0
390219,1,1,1982,0,0,0,0,0,0,0,0,0,0
390220,1,1,1982,21,21,21,21,21,21,21,21,21,21
390221,1,1,1982,8,8,8,8,8,8,8,8,8,8
390221,2,1,1982,0,0,0,0,0,0,0,0,0,0
390222,0,1,1982,0,15,0,0,0,0,0,0,17,0
390222,1,1,1982,0,0,0,0,0,0,0,0,0,0
390223,1,1,1982,0,0,0,0,0,0,0,0,0,0
390223,2,1,1982,0,0,0,0,0,0,0,0,0,0
390224,0,1,1982,0,0,0,0,0,0,0,0,0,0
390224,1,1,1982,0,0,0,0,0,0,0,0,0,0
390225,1,1,1982,24,24,24,24,24,24,24,24,24,24
390226,1,1,1982,0,0,0,0,0,0,0,0,0,0
390226,2,1,1982,29,29,29,29,29,29,29,29,29,29
390227,0,1,1982,19,0,0,0,8,10,9,0,0,5
390227,1,1,1982,0,6,0,11,10,0,0,13,0,0
390228,1,1,1982,13,13,13,13,13,13,13,13,13,13
390229,0,1,1982,14,14,14,14,14,14,14,14,14,14
390229,1,1,1982,0,0,0,0,0,0,0,0,0,0
390230,1,1,1982,28,14,23,8,13,0,11,0,27,21
390230,2,1,1982,29,0,0,0,19,0,0,0,0,0
390231,0,1,1982,16,16,16,16,16,16,16,16,16,16
390231,1,1,1982,8,8,8,8,8,8,8,8,8,8
390231,2,1,1982,8,8,8,8,8,8,8,8,8,8
390232,1,1,1982,0,0,0,0,6,0,0,0,0,0
390233,1,1,1982,13,13,13,13,13,13,13,13,13,13
390234,1,1,1982,13,13,13,13,13,13,13,13,13,13
390235,0,1,1982,0,0,3,0,8,8,0,0,13,0
390235,1,1,1982,0,0,0,0,0,0,0,0,0,0
390235,2,1,1982,0,0,9,0,0,0,0,0,0,3
390236,1,1,1982,4,4,4,4,4,4,4,4,4,4
390237,1,1,1982,24,24,24,24,24,24,24,24,24,24
390238,1,1,1982,25,25,25,25,25,25,25,25,25,25
390238,2,1,1982,0,0,0,0,0,0,0,0,0,0
390239,1,1,1982,12,17,8,12,30,15,0,20,4,6
390239,2,1,1982,0,0,0,0,0,0,0,0,0,0
390240,0,1,1982,0,0,0,0,0,0,0,0,0,0
390240,1,1,1982,0,0,0,17,19,0,0,0,0,0
390241,0,1,1982,6,0,0,6,9,0,7,31,0,0
390241,1,1,1982,0,0,18,0,0,0,0,0,0,0
390242,0,1,1982,0,0,0,0,0,0,0,0,0,0
390242,0,2,1982,18,0,0,0,14,13,0,14,0,7
390242,1,1,1982,0,0,0,0,0,0,0,0,0,0
390243,1,1,1982,14,14,14,14,14,14,14,14,14,14
390243,2,1,1982,0,0,0,0,0,0,0,0,0,0
390243,3,1,1982,0,0,0,0,0,0,0,0,0,0
390244,1,1,1982,30,30,30,30,30,30,30,30,30,30
390245,0,1,1982,0,0,0,0,0,0,0,0,0,0
390245,1,1,1982,0,0,0,0,0,0,0,0,0,0
390246,1,1,1982,15,15,15,15,15,15,15,15,15,15
390247,0,1,1982,0,0,0,0,0,0,0,24,0,0
390247,1,1,1982,0,0,0,0,0,0,0,0,0,0
390248,1,1,1982,0,0,0,0,0,0,0,0,0,0
390248,2,1,1982,20,22,8,18,5,11,15,15,9,17
390249,1,1,1982,11,12,29,13,21,13,0,16,9,10
390250,1,1,1982,14,22,10,23,15,5,20,11,19,14
390251,0,1,1982,20,20,20,20,20,20,20,20,20,20
390251,1,1,1982,6,6,14,9,5,12,0,0,0,0
390252,1,1,1982,0,0,0,0,0,0,0,6,15,0
390253,1,1,1982,0,0,0,0,0,0,0,0,0,0
390254,1,1,1982,0,0,2,13,20,8,15,20,10,14
390254,2,1,1982,31,15,15,25,0,11,9,16,23,15
390255,1,1,1982,19,19,19,19,19,19,19,19,19,19
390256,1,1,1982,41,7,0,12,0,6,12,17,15,17
390256,2,1,1982,0,0,0,0,0,0,0,0,0,0
390257,1,1,1982,0,0,0,0,0,0,0,0,0,0
390257,2,1,1982,0,0,0,0,0,0,0,0,0,0
390258,0,1,1982,0,0,0,0,0,0,0,0,0,0
390258,1,1,1982,0,0,0,0,0,0,0,0,0,0
390259,1,1,1982,0,0,0,0,0,0,0,0,0,0
390260,1,1,1982,23,10,6,11,26,14,35,14,15,11
390261,0,1,1982,23,23,23,23,23,23,23,23,23,23
390261,1,1,1982,0,0,0,0,0,0,0,0,0,0
390262,1,1,1982,32,32,32,32,32,32,32,32,32,32
390263,0,1,1982,0,0,0,0,0,0,0,0,0,0
390263,1,1,1982,0,0,0,0,0,0,0,0,0,0
390264,1,1,1982,21,21,21,21,21,21,21,21,21,21
390265,1,1,1982,13,13,13,13,13,13,13,13,13,13
390266,1,1,1982,0,7,0,0,0,0,0,0,0,0
390267,1,1,1982,10,19,3,8,20,14,4,12,13,0
390268,0,1,1982,0,0,0,0,0,0,0,0,0,0
390268,0,2,1982,0,13,0,0,0,0,0,0,0,0
390268,1,1,1982,12,12,12,12,12,12,12,12,12,12
390269,1,1,1982,0,0,0,0,0,0,0,0,0,0
390269,2,1,1982,5,5,5,5,5,5,5,5,5,5
390270,1,1,1982,0,0,0,0,0,0,0,0,0,0
390271,0,1,1982,0,0,0,0,0,0,0,0,0,0
390271,1,1,1982,0,0,0,0,0,0,0,0,0,0
390273,1,1,1982,18,18,18,18,18,18,18,18,18,18
390274,1,1,1982,12,12,12,12,12,12,12,12,12,12
390275,1,1,1982,0,0,0,0,0,0,0,0,0,0
390275,2,1,1982,0,0,0,0,0,0,0,0,0,0
390276,1,1,1982,20,20,20,20,20,20,20,20,20,20
390276,2,1,1982,0,0,0,0,13,0,0,0,0,0
390277,1,1,1982,0,0,0,0,0,0,0,0,0,0
390277,2,1,1982,0,0,0,0,0,0,0,0,0,0
390278,1,1,1982,0,0,0,0,0,0,0,0,0,0
390278,2,1,1982,0,0,0,0,0,0,0,0,0,0
390279,1,1,1982,0,7,0,33,0,0,0,0,0,0
390279,2,1,1982,0,0,0,0,0,0,0,0,0,0
390281,0,1,1982,17,17,17,17,17,17,17,17,17,17
390281,1,1,1982,0,0,16,0,0,0,0,0,0,0
390282,1,1,1982,30,30,30,30,30,30,30,30,30,30
390283,1,1,1982,23,23,23,23,23,23,23,23,23,23
390283,2,1,1982,0,0,0,0,0,0,0,0,0,21
390284,0,1,1982,0,0,0,0,0,0,0,14,29,7
390284,1,1,1982,11,11,11,11,11,11,11,11,11,11
390285,1,1,1982,0,0,0,0,0,0,0,0,0,0
390285,2,1,1982,0,0,0,0,0,0,0,0,0,0
390286,1,1,1982,25,0,17,17,19,18,10,30,2,0
390287,0,1,1982,8,0,0,19,31,15,0,26,19,9
390287,1,1,1982,0,0,0,0,0,0,0,0,0,0
390288,1,1,1982,0,18,25,35,0,0,0,22,0,8
390288,2,1,1982,0,0,0,0,0,0,0,0,0,0
390289,1,1,1982,17,13,8,23,22,5,25,11,8,14
390290,1,1,1982,0,16,0,0,0,0,0,0,0,0
390290,2,1,1982,0,0,0,0,0,0,0,0,0,0
390291,1,1,1982,0,0,0,0,0,0,0,0,0,0
390292,1,1,1982,0,0,0,3,0,4,0,0,0,0
390292,2,1,1982,28,28,28,28,28,28,28,28,28,28
390293,1,1,1982,0,0,0,0,0,0,0,0,0,0
390294,1,1,1982,16,16,16,16,16,16,16,16,16,16
390295,1,1,1982,27,27,27,27,27,27,27,27,27,27
390296,0,1,1982,0,0,0,0,0,0,0,0,0,0
390296,1,1,1982,0,0,0,0,0,0,0,0,0,12
390297,1,1,1982,0,6,0,0,0,0,0,0,6,0
390298,0,1,1982,0,24,8,0,25,0,0,0,0,0
390298,1,1,1982,6,6,6,6,6,6,6,6,6,6
390299,1,1,1982,15,15,15,15,15,15,15,15,15,15
390300,1,1,1982,0,0,0,0,0,0,0,0,0,0
390300,2,1,1982,0,0,0,0,0,18,0,0,0,0
390301,1,1,1982,24,24,24,24,24,24,24,24,24,24
390301,2,1,1982,0,0,0,0,0,0,0,0,0,0
390302,0,1,1982,0,0,0,0,0,0,0,0,0,0