ST_CASE,VEH_NO,PER_NO,YEAR,P1,P2,P3,P4,P5,P6,P7,P8,P9,P10
390589,1,1,1982,0,28,16,10,9,27,26,17,19,10
390590,1,1,1982,18,18,18,18,18,18,18,18,18,18
390591,1,1,1982,0,0,0,0,0,0,0,6,0,0
390592,1,1,1982,20,20,20,20,20,20,20,20,20,20
390592,2,1,1982,0,0,0,0,0,0,10,6,13,0
390593,1,1,1982,12,10,19,19,11,27,25,24,18,0
390594,1,1,1982,2,2,2,2,2,2,2,2,2,2
390595,1,1,1982,16,16,16,16,16,16,16,16,16,16
390596,1,1,1982,0,0,11,0,0,0,0,0,0,0
390596,2,1,1982,0,0,0,0,0,0,0,0,0,0
390597,1,1,1982,29,10,16,19,23,20,16,15,23,24
390598,1,1,1982,12,0,0,0,0,7,15,11,0,0
390599,1,1,1982,11,11,11,11,11,11,11,11,11,11
390600,1,1,1982,18,0,0,0,0,0,13,3,0,0
390601,1,1,1982,16,16,16,16,16,16,16,16,16,16
390602,1,1,1982,14,14,14,14,14,14,14,14,14,14
390603,1,1,1982,44,44,44,44,44,44,44,44,44,44
390603,2,1,1982,0,0,0,0,0,0,0,0,0,0
390604,1,1,1982,11,0,0,0,0,0,0,0,0,0
390604,2,1,1982,0,4,0,0,0,0,0,0,0,0
390605,1,1,1982,0,0,0,0,0,0,0,0,7,0
390606,1,1,1982,0,0,0,0,0,0,0,0,23,0
390606,2,1,1982,0,0,0,0,0,0,0,0,0,0
390607,1,1,1982,0,0,0,0,0,0,0,0,0,0
390607,2,1,1982,0,0,0,0,0,0,0,0,0,0
390608,1,1,1982,0,0,0,0,0,0,0,0,0,0
390608,2,1,1982,17,17,17,17,17,17,17,17,17,17
390609,1,1,1982,0,0,0,0,0,0,0,0,0,0
390610,1,1,1982,0,0,0,14,0,0,20,0,0,0
390610,2,1,1982,9,9,9,9,9,9,9,9,9,9
390611,1,1,1982,0,0,0,0,0,0,0,0,0,0
390611,2,1,1982,0,0,0,0,0,0,0,9,0,0
390612,1,1,1982,0,10,0,0,0,0,0,0,0,0
390612,2,1,1982,25,25,25,25,25,25,25,25,25,25
390613,1,1,1982,0,20,0,0,21,0,0,0,13,0
390614,1,1,1982,15,11,10,0,18,0,11,20,0,0
390614,2,1,1982,0,3,0,0,0,0,0,12,0,0
390615,1,1,1982,11,11,18,17,0,0,19,0,0,0
390615,2,1,1982,11,0,0,0,0,0,0,0,0,0
390616,1,1,1982,9,9,9,9,9,9,9,9,9,9
390617,0,1,1982,33,0,0,0,0,0,0,17,0,0
390617,1,1,1982,0,0,0,0,0,34,0,0,0,0
390618,0,1,1982,0,0,0,0,0,0,0,0,0,0
390618,1,1,1982,0,0,0,0,0,0,0,0,7,0
390619,0,1,1982,29,0,21,0,0,21,0,26,5,13
390619,1,1,1982,8,8,8,8,8,8,8,8,8,8
390620,1,1,1982,12,12,12,12,12,12,12,12,12,12
390620,2,1,1982,0,0,0,0,0,0,0,0,0,0
390621,1,1,1982,18,18,20,14,10,0,24,26,6,23
390622,1,1,1982,0,0,0,0,0,0,28,0,0,0
390623,1,1,1982,1,1,1,1,1,1,1,1,1,1
390624,0,1,1982,25,0,26,19,0,0,23,25,20,0
390624,1,1,1982,0,0,12,0,0,0,0,10,0,0
390625,1,1,1982,13,23,12,15,14,23,9,22,26,11
390626,1,1,1982,0,0,0,0,0,0,0,0,0,0
390626,2,1,1982,0,0,0,0,0,0,0,0,0,0
390627,1,1,1982,0,6,0,18,0,0,0,5,13,0
390627,2,1,1982,15,15,15,15,15,15,15,15,15,15
390628,1,1,1982,5,5,7,8,10,0,5,39,3,8
390628,2,1,1982,0,0,0,0,0,0,0,0,0,0
390629,1,1,1982,0,0,0,0,0,0,0,0,0,0
390629,2,1,1982,11,0,0,0,0,0,0,0,0,0
390630,1,1,1982,24,24,24,24,24,24,24,24,24,24
390631,1,1,1982,0,0,0,0,0,0,0,0,0,0
390631,2,1,1982,0,0,0,0,0,0,0,0,0,0
390632,1,1,1982,10,10,10,10,10,10,10,10,10,10
390632,2,1,1982,16,16,16,16,16,16,16,16,16,16
390633,0,1,1982,2,2,2,2,2,2,2,2,2,2
390633,1,1,1982,0,0,0,0,0,0,0,0,0,0
390634,1,1,1982,15,18,12,0,31,7,15,9,13,0
390634,2,1,1982,7,0,26,0,8,3,0,0,16,22
390634,3,1,1982,0,0,0,27,30,0,20,6,0,0
390635,0,1,1982,21,0,14,27,17,10,14,17,16,25
390635,1,1,1982,11,11,11,11,11,11,11,11,11,11
390636,1,1,1982,0,0,0,0,0,0,0,0,0,0
390636,2,1,1982,0,0,0,0,0,0,0,0,0,0
390637,1,1,1982,23,21,26,22,16,17,0,0,0,18
390637,2,1,1982,0,0,15,0,8,9,0,9,12,0
390638,1,1,1982,8,21,24,13,14,19,22,8,17,7
390639,1,1,1982,16,16,16,16,16,16,16,16,16,16
390640,1,1,1982,12,18,35,19,16,13,11,30,43,29
390641,0,1,1982,0,0,0,0,0,0,0,0,0,0
390641,1,1,1982,0,0,0,0,19,0,0,0,0,0
390642,1,1,1982,18,18,18,18,18,18,18,18,18,18
390643,1,1,1982,25,25,25,25,25,25,25,25,25,25
390644,1,1,1982,0,0,0,0,0,0,0,0,0,0
390644,2,1,1982,0,0,0,0,0,0,0,0,0,0
390645,0,1,1982,0,0,0,0,0,0,0,0,0,0
390645,1,1,1982,0,0,0,0,0,0,0,0,0,0
390646,1,1,1982,25,25,25,25,25,25,25,25,25,25
390647,1,1,1982,17,16,16,28,24,13,13,14,34,11
390648,1,1,1982,18,18,18,18,18,18,18,18,18,18
390649,1,1,1982,14,14,14,14,14,14,14,14,14,14
390650,1,1,1982,10,10,10,10,10,10,10,10,10,10
390651,1,1,1982,0,0,0,0,0,0,0,0,0,0
390651,2,1,1982,0,0,0,0,0,0,0,0,0,0
390652,1,1,1982,12,15,0,0,0,0,11,7,4,16
390653,1,1,1982,7,7,7,7,7,7,7,7,7,7
390654,1,1,1982,0,0,0,0,0,0,0,0,0,0
390654,2,1,1982,0,0,0,0,0,0,0,0,0,8
390655,1,1,1982,22,30,15,31,9,17,9,15,15,18
390656,0,1,1982,0,0,0,0,0,0,0,0,0,0
390656,1,1,1982,0,0,0,0,0,0,0,0,0,0
390657,1,1,1982,7,7,7,7,7,7,7,7,7,7
390658,0,1,1982,14,0,0,0,0,0,26,19,0,0
390658,1,1,1982,0,0,0,0,0,14,0,0,0,0
390659,1,1,1982,0,0,0,0,0,0,0,0,0,0
390660,1,1,1982,14,14,14,14,14,14,14,14,14,14
390660,2,1,1982,0,0,0,0,0,0,6,0,0,0
390661,1,1,1982,0,0,0,0,0,0,0,0,0,0
390661,2,1,1982,0,20,0,0,0,12,0,0,0,0
390661,3,1,1982,0,0,0,0,0,0,0,0,0,0
390661,4,1,1982,0,0,0,0,0,0,0,0,0,0
390662,1,1,1982,11,21,0,31,8,14,24,16,13,21
390663,1,1,1982,0,2,0,0,0,0,3,0,0,0
390664,1,1,1982,0,0,0,0,0,0,0,0,0,0
390664,2,1,1982,0,0,0,0,0,0,0,0,0,0
390665,1,1,1982,0,0,0,0,0,2,0,0,0,0
390665,2,1,1982,0,0,0,0,0,0,0,0,0,0
390666,1,1,1982,0,0,0,0,0,0,0,0,0,0
390666,2,1,1982,26,26,26,26,26,26,26,26,26,26
390667,0,1,1982,18,18,18,18,18,18,18,18,18,18
390667,1,1,1982,13,20,13,14,15,10,13,21,18,23
390668,1,1,1982,0,23,16,0,9,0,24,0,0,0
390668,2,1,1982,17,17,17,17,17,17,17,17,17,17
390669,1,1,1982,23,23,23,23,23,23,23,23,23,23
390670,1,1,1982,21,12,14,33,21,33,7,11,16,13
390671,1,1,1982,19,19,19,19,19,19,19,19,19,19
390672,1,1,1982,15,12,26,14,16,26,11,18,12,20
390673,1,1,1982,16,16,16,16,16,16,16,16,16,16
390674,0,1,1982,0,0,0,0,0,0,0,0,0,0
390674,1,1,1982,13,13,13,13,13,13,13,13,13,13
390675,1,1,1982,20,20,20,20,20,20,20,20,20,20
390676,1,1,1982,0,0,0,0,0,0,0,0,0,0
390677,1,1,1982,23,23,23,23,23,23,23,23,23,23
390678,1,1,1982,0,0,0,0,0,0,0,0,15,0
390678,2,1,1982,0,0,0,0,0,0,0,0,0,0
390679,1,1,1982,0,0,0,0,0,0,0,0,0,0
390679,2,1,1982,0,0,0,0,0,0,0,0,0,0
390680,1,1,1982,0,0,0,0,0,0,0,0,20,0
390681,1,1,1982,15,15,15,15,15,15,15,15,15,15
390682,1,1,1982,0,0,30,21,0,0,0,17,13,0
390683,1,1,1982,0,0,0,0,0,0,0,0,0,0
390683,2,1,1982,0,16,0,0,0,0,0,6,0,0
390684,1,1,1982,0,13,16,9,0,22,0,18,0,0
390685,0,1,1982,0,0,0,0,0,7,0,11,30,0
390685,1,1,1982,16,27,23,24,32,14,24,11,7,7
390686,1,1,1982,13,13,13,13,13,13,13,13,13,13
390687,1,1,1982,0,9,0,0,0,19,15,8,20,8
390687,2,1,1982,5,0,10,11,0,10,9,0,0,12
390688,1,1,1982,0,0,0,0,0,0,0,0,0,0
390688,2,1,1982,18,26,20,18,24,18,22,0,13,3
390689,1,1,1982,16,16,16,16,16,16,16,16,16,16
390689,2,1,1982,7,19,14,27,14,0,26,11,20,23
390690,1,1,1982,34,19,38,21,12,22,18,24,24,50
390691,1,1,1982,27,27,27,27,27,27,27,27,27,27
390692,1,1,1982,0,25,6,16,17,33,19,7,13,13
390693,0,1,1982,0,0,0,0,0,0,11,0,14,0
390693,1,1,1982,0,0,0,0,28,0,23,0,0,0
390694,1,1,1982,0,10,28,9,0,13,14,0,10,17
390694,2,1,1982,8,7,24,14,11,0,8,0,0,0
390695,1,1,1982,0,0,0,0,0,0,0,0,0,0
390695,2,1,1982,0,0,6,0,0,0,0,0,0,0
390696,1,1,1982,0,0,0,0,0,0,0,0,0,0
390697,0,1,1982,19,0,23,36,0,0,0,13,27,17
390697,1,1,1982,0,0,0,0,0,0,0,0,0,0
390698,0,1,1982,0,0,0,0,0,0,0,0,0,0
390698,1,1,1982,0,0,0,0,0,0,0,0,0,0
390699,1,1,1982,0,0,0,0,0,0,0,0,0,0
390699,2,1,1982,0,0,0,0,0,0,0,0,0,0
390700,1,1,1982,0,11,0,0,0,0,0,0,0,0
390700,2,1,1982,0,0,0,0,0,0,0,0,0,0
390700,3,1,1982,0,0,0,0,0,0,0,0,0,0
390701,0,1,1982,6,6,6,6,6,6,6,6,6,6
390701,1,1,1982,34,4,4,9,15,8,14,21,15,16
390702,1,1,1982,22,14,10,24,13,31,41,22,9,19
390703,1,1,1982,0,0,0,0,0,0,0,0,0,0
390703,2,1,1982,0,0,0,0,0,0,0,0,0,0
390704,1,1,1982,0,0,0,15,0,0,0,0,0,0
390704,2,1,1982,0,0,4,0,0,7,0,0,0,0
390705,1,1,1982,6,6,6,6,6,6,6,6,6,6
390706,1,1,1982,28,28,28,28,28,28,28,28,28,28
390706,2,1,1982,7,0,0,10,9,27,0,8,8,0
390707,0,1,1982,0,0,0,0,0,0,0,0,0,0
390707,1,1,1982,0,0,0,0,0,0,0,0,0,0
390708,1,1,1982,22,22,22,22,22,22,22,22,22,22
390709,0,1,1982,0,0,0,0,0,0,0,0,0,0
390709,1,1,1982,0,0,0,0,0,0,0,0,0,0
390710,1,1,1982,0,14,19,0,0,0,0,0,0,10
390711,1,1,1982,0,0,7,0,0,0,0,0,0,0
390711,2,1,1982,15,20,18,24,9,0,13,13,11,13
390712,1,1,1982,0,0,0,0,0,8,0,0,0,0
390712,2,1,1982,0,0,0,0,0,0,0,0,0,0
390712,3,1,1982,0,0,0,0,0,9,0,0,0,0
390712,4,1,1982,9,13,9,12,0,29,29,27,22,14
390713,0,1,1982,0,0,0,0,0,0,0,0,0,0
390713,1,1,1982,0,0,0,0,0,0,0,0,0,0
390714,1,1,1982,0,0,22,0,17,5,0,0,0,0
390715,1,1,1982,8,9,6,3,20,21,16,8,16,12
390716,1,1,1982,0,0,0,21,0,0,0,0,0,0
390716,2,1,1982,0,0,0,0,0,0,0,18,0,0
390717,1,1,1982,0,0,0,0,0,0,0,0,0,0
390717,2,1,1982,0,0,0,0,0,0,0,0,0,0
390718,1,1,1982,0,0,0,0,0,0,0,0,0,0
390718,2,1,1982,0,0,0,0,0,0,0,0,0,0
390719,1,1,1982,10,10,10,10,10,10,10,10,10,10
390720,1,1,1982,4,0,0,6,5,17,18,24,21,0
390721,1,1,1982,0,0,0,0,0,0,0,0,0,3
390722,1,1,1982,16,16,16,16,16,16,16,16,16,16
390723,0,1,1982,0,0,0,0,0,0,0,0,0,0
390723,1,1,1982,18,18,18,18,18,18,18,18,18,18
390724,1,1,1982,0,0,0,0,0,0,0,0,0,0
390724,2,1,1982,0,0,0,0,0,0,0,0,0,0
390725,0,1,1982,0,0,0,0,13,0,0,3,0,0
390725,0,2,1982,0,0,0,0,0,9,0,0,0,0
390725,1,1,1982,0,0,6,0,0,0,0,0,0,0
390726,1,1,1982,0,0,0,0,0,0,0,0,0,0
390726,2,1,1982,0,0,0,0,0,0,0,0,0,0
390727,0,1,1982,30,30,30,30,30,30,30,30,30,30
390727,1,1,1982,0,22,10,8,0,17,0,0,11,30
390727,2,1,1982,0,0,0,0,0,0,0,0,0,0
390728,1,1,1982,32,41,24,18,17,21,17,17,15,13
390729,0,1,1982,0,0,0,0,0,0,0,0,0,6
390729,1,1,1982,0,0,0,0,0,0,0,0,0,0
390730,0,1,1982,0,0,0,0,0,0,0,0,0,0
390730,1,1,1982,0,0,0,0,0,0,0,0,0,0
390731,1,1,1982,0,0,0,0,0,0,0,0,0,0
390731,2,1,1982,0,0,0,0,12,12,28,0,0,16
390732,1,1,1982,4,4,4,4,4,4,4,4,4,4
390733,1,1,1982,34,13,22,15,18,24,19,16,24,36
390734,1,1,1982,0,0,0,0,0,0,0,0,0,0
390734,2,1,1982,0,10,0,0,0,18,0,0,22,0
390735,1,1,1982,10,4,6,14,2,13,14,2,9,11
390735,2,1,1982,24,22,22,13,26,11,20,14,4,15
390736,0,1,1982,0,0,0,0,0,0,0,0,0,0
390736,1,1,1982,0,0,0,7,14,0,0,0,0,0
390737,1,1,1982,9,0,16,20,14,12,11,24,4,31
390738,1,1,1982,18,21,0,21,0,21,0,16,0,17
390739,1,1,1982,0,0,0,0,0,0,0,0,0,0
390739,2,1,1982,0,0,0,28,6,0,0,0,18,0
390740,1,1,1982,0,0,0,0,0,11,0,0,0,0
390740,2,1,1982,0,0,0,0,0,0,0,0,0,0
390741,0,1,1982,0,0,0,0,0,0,0,0,0,0
390741,0,2,1982,25,0,0,0,17,9,0,0,0,0
390741,0,3,1982,0,0,9,23,8,0,10,12,11,0
390741,1,1,1982,4,4,4,4,4,4,4,4,4,4
390742,1,1,1982,0,0,0,0,0,0,0,0,0,0
390743,1,1,1982,19,0,0,0,0,0,0,0,0,0
390743,2,1,1982,17,21,13,5,32,16,12,0,9,12
390744,1,1,1982,0,0,0,0,0,0,0,0,0,0
390744,2,1,1982,0,0,0,0,0,0,0,0,0,0
390745,1,1,1982,20,9,14,13,11,14,0,21,0,0
390746,1,1,1982,0,0,0,0,0,0,0,0,0,0
390747,1,1,1982,0,0,0,0,0,0,0,0,0,0
390748,0,1,1982,25,17,13,14,22,19,23,19,14,17
390748,0,2,1982,0,20,26,8,9,27,31,24,0,24
390748,1,1,1982,0,0,0,0,0,0,10,0,0,0
390749,1,1,1982,0,0,0,0,0,0,0,0,0,0
390749,2,1,1982,0,0,0,0,0,0,0,0,0,0
390750,0,1,1982,27,0,31,15,0,29,0,20,4,16
390750,1,1,1982,0,0,0,0,10,0,0,0,0,0
390750,2,1,1982,20,26,15,0,0,0,0,0,0,26
390751,0,1,1982,20,9,13,6,18,10,22,0,15,28
390751,1,1,1982,15,15,15,15,15,15,15,15,15,15
390752,1,1,1982,0,0,6,0,9,0,0,0,0,0
390753,1,1,1982,27,27,27,27,27,27,27,27,27,27
390753,2,1,1982,16,16,16,16,16,16,16,16,16,16
390754,1,1,1982,10,16,0,11,22,18,13,25,15,14
390754,2,1,1982,0,7,0,0,11,0,14,6,7,20
390755,0,1,1982,0,0,0,0,0,0,0,0,0,0
390755,1,1,1982,0,0,0,0,0,0,0,0,0,0
390756,1,1,1982,13,13,13,13,13,13,13,13,13,13
390756,2,1,1982,0,0,0,0,0,0,0,0,0,0
390757,1,1,1982,23,23,23,23,23,23,23,23,23,23
390758,1,1,1982,24,24,24,24,24,24,24,24,24,24
390759,1,1,1982,13,13,13,13,13,13,13,13,13,13
390760,0,1,1982,0,0,0,26,0,2,11,0,0,0
390760,1,1,1982,0,0,0,0,0,0,0,0,0,0
390761,1,1,1982,12,12,12,12,12,12,12,12,12,12
390762,1,1,1982,0,0,0,0,0,0,0,0,0,0
390762,2,1,1982,0,0,0,0,0,0,0,0,0,0
390762,3,1,1982,0,0,0,0,0,0,0,0,0,0
390762,4,1,1982,20,17,0,0,30,23,22,0,26,13
390763,1,1,1982,16,19,28,9,18,0,24,24,3,12
390764,1,1,1982,11,0,0,10,0,0,0,0,0,0
390764,2,1,1982,0,0,0,0,0,0,0,0,0,0
390765,1,1,1982,0,0,6,12,15,13,0,8,0,15
390766,0,1,1982,21,21,21,21,21,21,21,21,21,21
390766,1,1,1982,17,19,21,13,13,19,12,24,17,15
390767,1,1,1982,18,29,25,17,39,20,36,27,20,11
390768,0,1,1982,0,0,10,0,14,0,0,27,11,14
390768,1,1,1982,30,30,30,30,30,30,30,30,30,30
390770,0,1,1982,5,5,5,5,5,5,5,5,5,5
390770,0,2,1982,23,7,0,0,15,24,34,32,13,8
390770,1,1,1982,0,18,21,11,8,0,5,15,8,11
390771,1,1,1982,18,18,18,18,18,18,18,18,18,18
390772,1,1,1982,34,34,34,34,34,34,34,34,34,34
390773,1,1,1982,10,24,4,30,7,19,22,7,11,11
390773,2,1,1982,25,25,25,25,25,25,25,25,25,25
390774,1,1,1982,0,0,0,0,0,0,0,0,0,0
390774,2,1,1982,0,0,0,0,0,0,0,0,0,0
390775,1,1,1982,27,27,27,27,27,27,27,27,27,27
390775,2,1,1982,0,13,0,0,0,0,0,0,0,0
390776,1,1,1982,0,0,0,0,0,2,0,10,0,4
390777,1,1,1982,0,0,0,0,0,0,0,0,0,0
390777,2,1,1982,16,16,16,16,16,16,16,16,16,16
390778,1,1,1982,22,13,11,11,8,0,13,10,4,16
390778,2,1,1982,10,19,13,29,19,0,16,12,16,8
390779,1,1,1982,1,1,1,1,1,1,1,1,1,1
390779,2,1,1982,10,13,17,3,20,15,20,0,18,28
390780,1,1,1982,0,0,0,0,0,0,0,0,0,0
390781,0,1,1982,0,0,0,0,0,0,0,0,0,0
390781,1,1,1982,0,0,0,0,0,0,6,0,0,0
390782,1,1,1982,0,0,14,0,0,0,0,5,0,0
390782,2,1,1982,5,13,15,22,7,19,12,23,26,17
390783,1,1,1982,22,27,26,0,0,0,0,0,12,33
390784,1,1,1982,0,0,0,0,0,0,0,0,0,0
390785,1,1,1982,20,28,36,14,18,5,19,28,17,10
390786,1,1,1982,7,0,0,0,0,9,0,15,0,13
390787,0,1,1982,0,0,0,16,0,23,0,0,0,5
390787,1,1,1982,0,0,0,0,0,0,0,0,0,0
390788,1,1,1982,24,24,24,24,24,24,24,24,24,24
390789,1,1,1982,0,0,0,0,0,0,0,0,7,0
390789,2,1,1982,0,0,0,0,0,0,0,0,0,0
390790,0,1,1982,40,16,6,22,12,7,26,0,16,19
390790,1,1,1982,0,0,0,0,0,0,0,33,0,0
390791,1,1,1982,2,2,2,2,2,2,2,2,2,2
390792,1,1,1982,0,0,0,0,0,0,0,0,0,0
390792,2,1,1982,0,0,0,0,0,0,0,0,0,0
390793,1,1,1982,0,0,0,0,0,0,0,0,0,0
390793,2,1,1982,30,30,30,30,30,30,30,30,30,30
390794,1,1,1982,0,0,0,0,0,0,0,0,0,0
390794,2,1,1982,0,0,0,0,0,0,0,0,0,0
390794,3,1,1982,0,0,0,0,0,0,0,0,0,0
390795,0,1,1982,16,16,16,16,16,16,16,16,16,16
390795,1,1,1982,0,0,0,0,0,0,0,0,0,0
390796,1,1,1982,0,14,0,0,0,0,0,0,0,5
390796,2,1,1982,0,0,0,0,0,0,0,0,0,0
390797,1,1,1982,20,20,20,20,20,20,20,20,20,20
390798,1,1,1982,0,0,0,0,0,0,0,0,0,0
390799,0,1,1982,0,0,0,0,0,0,0,0,0,0
390799,1,1,1982,0,0,0,0,0,0,0,0,0,0
390800,0,1,1982,19,19,19,19,19,19,19,19,19,19
390800,1,1,1982,0,0,0,0,10,0,0,0,17,0
390801,1,1,1982,9,2,0,0,0,10,0,0,0,0
390802,1,1,1982,6,8,0,0,0,0,0,0,21,19
390803,1,1,1982,32,0,0,0,15,17,21,0,57,0
390804,1,1,1982,4,0,18,9,9,31,11,17,27,11
390805,1,1,1982,21,21,21,21,21,21,21,21,21,21
390806,1,1,1982,22,22,22,22,22,22,22,22,22,22
390807,1,1,1982,10,10,6,22,0,0,12,0,6,16
390808,1,1,1982,14,14,14,14,14,14,14,14,14,14
390809,1,1,1982,2,2,2,2,2,2,2,2,2,2
390809,2,1,1982,3,3,3,3,3,3,3,3,3,3
390810,1,1,1982,0,0,0,20,0,0,12,24,0,0
390811,0,1,1982,0,0,0,0,0,0,0,0,0,0
390811,0,2,1982,0,0,0,0,0,0,0,0,0,0
390811,1,1,1982,9,0,0,0,0,0,0,0,0,0
390812,1,1,1982,0,0,0,0,0,0,0,37,0,0
390813,1,1,1982,0,0,0,0,0,0,0,0,0,0
390813,2,1,1982,0,0,0,0,0,0,0,0,0,0
390814,1,1,1982,0,4,23,21,26,22,0,14,11,6
390815,1,1,1982,0,0,0,0,0,0,0,22,0,0
390815,2,1,1982,0,0,6,0,0,0,0,0,0,0
390815,3,1,1982,0,0,0,0,0,0,0,0,0,0
390815,4,1,1982,0,0,0,0,0,0,0,0,0,0
390816,1,1,1982,10,10,10,10,10,10,10,10,10,10
390817,1,1,1982,3,0,0,4,0,0,0,14,8,13
390817,2,1,1982,0,0,3,0,0,0,0,0,0,0
390818,1,1,1982,0,0,0,0,0,0,0,0,0,0
390819,1,1,1982,0,0,0,0,0,0,0,0,0,0
390819,2,1,1982,0,0,13,0,0,0,0,0,0,0
390820,0,1,1982,0,0,0,0,0,0,0,0,0,0
390820,0,2,1982,0,0,0,0,0,0,0,0,0,32
390820,0,3,1982,0,0,0,0,0,0,0,0,0,0
390820,1,1,1982,0,0,15,0,0,0,0,0,0,0
390821,1,1,1982,0,0,0,0,0,0,0,0,0,0
390821,2,1,1982,0,0,0,0,0,0,0,0,0,0
390822,1,1,1982,27,20,24,19,37,15,20,27,10,9
390823,1,1,1982,0,0,0,0,0,0,0,0,0,0
390824,1,1,1982,0,0,0,0,0,22,0,19,12,7
390824,2,1,1982,0,0,0,0,0,0,0,0,0,0
390825,1,1,1982,8,8,8,8,8,8,8,8,8,8
390826,0,1,1982,20,20,20,20,20,20,20,20,20,20
390826,1,1,1982,19,8,17,11,5,8,13,15,11,17
390827,1,1,1982,27,27,27,27,27,27,27,27,27,27
390828,1,1,1982,0,0,0,0,0,0,0,0,0,0
390829,1,1,1982,0,0,0,0,0,0,0,0,0,0
390829,2,1,1982,0,0,0,0,0,0,0,0,0,0
390830,1,1,1982,0,0,0,0,0,0,0,0,0,0
390830,2,1,1982,0,0,0,0,0,0,0,0,0,0
390830,3,1,1982,0,0,0,0,0,0,0,0,0,0
390831,1,1,1982,29,0,0,0,0,0,6,0,0,6
390831,2,1,1982,0,13,0,0,0,0,0,0,0,0
390832,1,1,1982,34,10,13,10,31,21,19,9,15,22
390833,1,1,1982,4,0,0,0,0,0,0,0,0,0
390834,1,1,1982,17,0,5,21,8,9,17,17,0,11
390834,2,1,1982,0,0,0,0,0,0,0,0,0,0
390835,1,1,1982,2,2,2,2,2,2,2,2,2,2
390835,2,1,1982,0,0,0,0,0,0,0,0,0,0
390836,0,1,1982,0,0,0,0,0,0,0,0,0,0
390836,1,1,1982,0,0,0,0,0,0,0,0,0,0
390837,1,1,1982,0,0,0,0,0,9,0,0,0,0
390837,2,1,1982,21,21,21,21,21,21,21,21,21,21
390838,0,1,1982,0,0,0,0,0,0,0,0,0,0
390838,1,1,1982,0,0,0,0,0,0,0,0,0,0
390839,0,1,1982,0,31,0,0,0,27,0,19,0,10
390839,1,1,1982,0,0,0,0,0,0,0,0,0,4
390839,2,1,1982,0,0,0,0,0,0,0,0,0,0
390840,1,1,1982,1,1,1,1,1,1,1,1,1,1
390840,2,1,1982,0,0,0,0,0,0,0,8,0,0
390841,1,1,1982,0,7,0,0,0,0,0,0,0,0
390841,2,1,1982,0,0,0,0,0,0,0,0,0,0
390841,3,1,1982,0,6,0,0,0,0,0,0,0,0
390842,1,1,1982,0,0,0,0,0,0,2,0,0,0
390842,2,1,1982,0,0,0,0,0,0,0,0,0,0
390843,1,1,1982,15,15,15,15,15,15,15,15,15,15
390844,1,1,1982,0,0,0,0,0,0,0,0,0,0
390845,1,1,1982,25,15,11,11,10,31,10,7,9,3
390846,0,1,1982,11,11,11,11,11,11,11,11,11,11
390846,1,1,1982,3,0,8,0,19,0,0,8,4,30
390847,1,1,1982,0,0,0,0,0,0,0,0,0,12
390847,2,1,1982,0,0,0,0,0,0,0,0,0,0
390848,1,1,1982,0,0,0,0,0,0,0,0,0,0
390848,2,1,1982,0,0,0,0,0,0,0,0,0,0
390849,1,1,1982,10,7,29,16,14,11,44,15,21,13
390850,1,1,1982,26,28,24,20,15,27,9,16,14,15
390851,1,1,1982,0,23,9,8,20,0,23,13,5,15
390852,1,1,1982,0,0,0,0,0,0,0,0,0,0
390852,2,1,1982,12,16,0,20,11,18,5,10,19,12
390853,1,1,1982,10,10,10,10,10,10,10,10,10,10
390854,0,1,1982,15,15,15,15,15,15,15,15,15,15
390854,1,1,1982,0,0,0,17,0,29,0,0,17,0
390855,1,1,1982,20,20,20,20,20,20,20,20,20,20
390856,1,1,1982,0,0,0,0,0,0,0,0,0,0
390856,2,1,1982,0,0,0,0,0,18,0,0,0,0
390857,0,1,1982,0,21,13,16,29,31,7,10,0,0
390857,1,1,1982,0,0,0,0,0,0,0,0,0,0
390858,1,1,1982,0,18,0,0,0,0,18,0,0,13
390859,1,1,1982,0,0,24,0,0,0,0,0,0,0
390860,1,1,1982,23,23,23,23,23,23,23,23,23,23
390861,1,1,1982,15,27,12,28,0,29,26,17,14,20
390862,0,1,1982,26,0,0,20,5,0,0,0,0,7
390862,1,1,1982,0,0,23,0,0,0,0,0,0,0
390863,1,1,1982,0,0,9,0,6,0,0,0,0,0
390863,2,1,1982,20,0,14,3,17,15,14,7,0,19
390864,1,1,1982,0,0,0,0,0,0,0,0,0,0
390864,2,1,1982,11,19,23,19,20,29,7,9,22,5
390865,1,1,1982,0,9,0,0,0,0,0,0,5,0
390865,2,1,1982,9,4,0,12,3,0,0,0,3,0
390866,1,1,1982,7,8,0,0,0,4,0,12,0,12
390866,2,1,1982,17,17,17,17,17,17,17,17,17,17
390867,0,1,1982,38,38,38,38,38,38,38,38,38,38
390867,1,1,1982,20,18,16,18,17,26,7,8,0,25
390868,1,1,1982,17,17,17,17,17,17,17,17,17,17
390869,0,1,1982,0,0,0,0,0,0,0,0,0,0
390869,0,2,1982,6,13,0,0,0,0,0,10,0,0
390869,1,1,1982,2,2,2,2,2,2,2,2,2,2
390870,1,1,1982,0,0,0,0,0,0,0,0,0,0
390870,2,1,1982,0,0,0,0,0,6,0,0,0,0
390871,1,1,1982,0,0,0,0,0,0,0,0,0,0
390871,2,1,1982,10,0,18,0,0,0,0,0,0,0
390871,3,1,1982,0,0,0,0,0,0,0,0,0,0