ST_CASE,VEH_NO,PER_NO,YEAR,P1,P2,P3,P4,P5,P6,P7,P8,P9,P10
390872,1,1,1982,11,11,11,11,11,11,11,11,11,11
390873,1,1,1982,28,9,11,15,24,15,26,18,6,15
390874,1,1,1982,0,0,0,0,0,0,0,0,0,4
390874,2,1,1982,0,15,0,0,0,0,0,0,0,0
390875,1,1,1982,0,0,0,0,0,0,0,0,0,0
390875,2,1,1982,14,14,14,14,14,14,14,14,14,14
390876,1,1,1982,14,20,0,0,13,12,0,0,0,9
390876,2,1,1982,0,22,0,0,0,0,13,3,0,18
390877,1,1,1982,7,7,7,7,7,7,7,7,7,7
390877,2,1,1982,9,9,9,9,9,9,9,9,9,9
390878,1,1,1982,19,19,19,19,19,19,19,19,19,19
390879,1,1,1982,10,10,10,10,10,10,10,10,10,10
390880,1,1,1982,10,18,5,8,26,15,0,14,16,0
390881,0,1,1982,0,0,0,0,0,0,0,0,0,0
390881,1,1,1982,0,0,0,0,0,0,0,0,0,0
390882,1,1,1982,21,0,0,13,16,30,14,0,11,10
390883,1,1,1982,4,4,4,4,4,4,4,4,4,4
390884,1,1,1982,22,22,22,22,22,22,22,22,22,22
390884,2,1,1982,0,0,4,0,0,0,0,0,0,0
390885,1,1,1982,14,14,14,14,14,14,14,14,14,14
390886,1,1,1982,0,0,0,0,0,0,0,5,0,0
390887,1,1,1982,0,0,0,0,0,0,0,0,0,0
390887,2,1,1982,0,0,0,0,0,0,0,0,8,0
390888,0,1,1982,19,0,0,0,5,0,0,11,0,9
390888,0,2,1982,0,0,0,0,0,0,0,21,19,0
390888,1,1,1982,0,0,0,0,5,8,0,0,23,0
390889,1,1,1982,45,25,23,12,15,21,19,18,18,4
390890,0,1,1982,21,25,25,28,17,22,0,14,19,0
390890,1,1,1982,10,38,23,28,9,7,3,14,24,15
390891,1,1,1982,6,6,6,6,6,6,6,6,6,6
390892,1,1,1982,17,19,28,7,0,20,22,21,0,9
390893,0,1,1982,15,0,0,0,0,0,0,0,0,0
390893,1,1,1982,0,0,0,0,0,0,0,0,0,0
390894,1,1,1982,0,8,16,0,3,7,24,6,0,11
390895,1,1,1982,0,0,0,0,0,0,0,0,0,0
390895,2,1,1982,9,15,21,7,16,8,27,24,10,12
390896,1,1,1982,0,0,0,0,0,0,0,0,0,0
390896,2,1,1982,12,12,12,12,12,12,12,12,12,12
390897,1,1,1982,14,10,16,8,12,19,23,4,10,33
390898,0,1,1982,0,0,0,0,0,0,0,0,0,0
390898,1,1,1982,7,0,0,0,0,0,0,0,0,0
390899,0,1,1982,14,14,14,14,14,14,14,14,14,14
390899,1,1,1982,0,0,0,0,0,0,0,0,0,0
390900,1,1,1982,23,23,23,23,23,23,23,23,23,23
390901,1,1,1982,22,22,22,22,22,22,22,22,22,22
390902,1,1,1982,0,0,0,0,0,0,0,0,0,0
390902,2,1,1982,0,0,12,0,0,0,0,0,0,0
390903,1,1,1982,0,0,0,0,0,0,0,0,0,0
390903,2,1,1982,0,0,0,0,0,10,5,0,0,0
390904,1,1,1982,0,0,29,0,0,0,0,0,0,31
390904,2,1,1982,0,0,0,0,0,0,0,0,0,0
390905,1,1,1982,0,0,0,0,9,0,0,0,0,0
390905,2,1,1982,23,23,23,23,23,23,23,23,23,23
390906,1,1,1982,11,11,11,11,11,11,11,11,11,11
390906,2,1,1982,24,17,21,18,8,25,21,29,11,10
390907,1,1,1982,14,14,14,14,14,14,14,14,14,14
390908,1,1,1982,16,16,16,16,16,16,16,16,16,16
390909,1,1,1982,12,12,12,12,12,12,12,12,12,12
390910,1,1,1982,16,16,16,16,16,16,16,16,16,16
390910,2,1,1982,12,12,12,12,12,12,12,12,12,12
390911,1,1,1982,0,0,0,0,0,0,0,0,0,0
390912,1,1,1982,9,8,21,16,17,15,15,21,37,18
390913,1,1,1982,12,7,10,18,20,12,19,6,21,3
390914,0,1,1982,14,14,14,14,14,14,14,14,14,14
390914,1,1,1982,1,15,0,0,0,0,0,13,0,7
390915,0,1,1982,10,10,10,10,10,10,10,10,10,10
390915,1,1,1982,11,11,11,11,11,11,11,11,11,11
390916,1,1,1982,0,15,0,21,0,0,8,0,0,13
390916,2,1,1982,7,9,0,11,17,22,25,12,15,16
390917,1,1,1982,0,0,0,0,4,0,0,0,0,0
390918,0,1,1982,0,0,0,0,0,0,0,0,6,0
390918,0,2,1982,0,8,0,0,9,16,0,31,0,14
390918,1,1,1982,18,9,22,20,15,18,0,19,23,11
390919,1,1,1982,0,0,0,3,0,7,0,0,5,0
390920,0,1,1982,9,0,0,12,0,0,0,0,18,11
390920,0,2,1982,0,0,0,0,0,0,0,0,0,0
390920,1,1,1982,0,0,0,0,0,0,0,0,0,0
390921,1,1,1982,0,0,0,0,0,0,0,0,0,0
390921,2,1,1982,9,0,0,5,0,0,0,0,0,10
390922,1,1,1982,15,15,15,15,15,15,15,15,15,15
390923,1,1,1982,13,14,0,26,7,27,15,14,8,8
390923,2,1,1982,23,8,10,12,3,0,20,15,14,5
390924,1,1,1982,33,16,25,29,15,28,27,26,21,10
390925,1,1,1982,21,21,21,21,21,21,21,21,21,21
390926,1,1,1982,44,44,44,44,44,44,44,44,44,44
390927,0,1,1982,0,0,21,0,0,0,0,0,0,16
390927,1,1,1982,9,10,10,13,14,0,0,0,15,15
390928,1,1,1982,0,0,12,0,0,0,0,0,0,0
390928,2,1,1982,6,23,26,24,8,18,9,12,23,10
390929,1,1,1982,20,20,20,20,20,20,20,20,20,20
390930,1,1,1982,9,9,9,9,9,9,9,9,9,9
390931,1,1,1982,27,27,27,27,27,27,27,27,27,27
390932,1,1,1982,20,9,10,11,10,14,16,10,26,8
390933,0,1,1982,0,4,19,0,0,18,0,0,0,0
390933,0,2,1982,0,12,0,0,0,13,0,0,0,0
390933,1,1,1982,17,0,13,9,7,0,6,10,22,11
390934,0,1,1982,21,8,20,6,33,45,18,20,39,11
390934,1,1,1982,23,20,14,20,26,36,36,12,17,16
390935,1,1,1982,0,0,15,0,7,0,0,0,3,0
390935,2,1,1982,0,0,0,0,0,0,13,0,0,7
390935,3,1,1982,0,0,0,0,0,0,0,0,0,0
390936,1,1,1982,18,18,18,18,18,18,18,18,18,18
390936,2,1,1982,17,0,0,0,0,0,0,0,4,0
390937,1,1,1982,0,0,0,0,0,0,0,0,0,16
390938,1,1,1982,25,25,25,25,25,25,25,25,25,25
390938,2,1,1982,0,12,18,22,7,10,0,12,14,23
390939,0,1,1982,17,17,17,17,17,17,17,17,17,17
390939,1,1,1982,14,12,8,23,12,25,2,6,8,14
390940,0,1,1982,0,0,0,0,16,0,0,0,0,0
390940,1,1,1982,0,0,0,0,0,0,0,0,0,0
390940,2,1,1982,0,0,0,0,0,0,0,0,0,0
390941,0,1,1982,26,17,0,15,40,26,23,18,32,17
390941,1,1,1982,0,0,0,0,0,0,0,0,0,0
390942,1,1,1982,0,0,0,0,0,0,0,0,9,8
390943,1,1,1982,0,0,0,0,8,0,0,0,0,0
390943,2,1,1982,0,0,0,0,0,0,11,0,0,0
390943,3,1,1982,0,0,0,0,0,0,0,0,0,0
390944,1,1,1982,22,14,13,20,5,28,29,14,3,7
390945,1,1,1982,11,0,0,0,29,0,0,20,0,0
390946,1,1,1982,0,0,13,17,0,0,0,0,0,0
390947,1,1,1982,15,15,15,15,15,15,15,15,15,15
390947,2,1,1982,18,12,24,10,16,29,30,16,23,11
390948,0,1,1982,19,2,0,0,17,10,16,27,12,0
390948,1,1,1982,29,0,16,0,15,19,15,30,35,0
390949,1,1,1982,23,23,23,23,23,23,23,23,23,23
390949,2,1,1982,5,5,5,5,5,5,5,5,5,5
390950,1,1,1982,14,19,21,26,13,18,12,0,14,0
390951,1,1,1982,29,29,29,29,29,29,29,29,29,29
390951,2,1,1982,0,0,0,0,0,0,0,0,0,0
390951,3,1,1982,0,14,26,0,0,0,0,0,0,0
390951,4,1,1982,0,0,30,0,15,0,0,0,0,7
390952,0,1,1982,0,0,0,0,0,0,0,0,0,0
390952,1,1,1982,0,0,0,9,0,0,0,0,0,0
390953,1,1,1982,0,0,0,0,0,0,0,15,11,0
390954,1,1,1982,0,0,0,0,0,0,0,0,0,0
390954,2,1,1982,0,0,10,0,0,0,0,0,0,0
390954,3,1,1982,0,0,0,0,0,0,0,0,0,0
390955,1,1,1982,11,11,11,11,11,11,11,11,11,11
390956,1,1,1982,0,0,0,0,0,0,0,0,0,0
390956,2,1,1982,13,28,19,15,10,12,17,28,13,11
390957,0,1,1982,0,0,0,0,0,0,0,0,0,0
390957,1,1,1982,0,0,0,0,0,20,0,0,0,0
390958,1,1,1982,10,22,32,17,17,19,17,20,14,20
390959,1,1,1982,0,0,0,0,0,0,0,0,0,0
390959,2,1,1982,0,22,13,19,22,0,8,0,0,5
390960,1,1,1982,0,0,0,0,0,0,0,0,0,0
390960,2,1,1982,10,0,0,0,0,0,8,0,0,0
390961,1,1,1982,0,17,8,8,8,12,9,7,14,13
390962,1,1,1982,0,0,0,0,0,0,0,0,0,0
390962,2,1,1982,0,0,0,0,0,0,0,0,0,0
390963,1,1,1982,23,23,23,23,23,23,23,23,23,23
390964,1,1,1982,18,0,12,14,14,17,7,14,16,0
390965,1,1,1982,0,0,0,0,0,0,0,0,0,0
390966,1,1,1982,8,16,14,13,0,5,18,17,11,11
390967,1,1,1982,9,24,0,0,30,0,14,11,12,0
390967,2,1,1982,15,9,14,11,18,17,12,12,17,10
390968,1,1,1982,17,17,17,17,17,17,17,17,17,17
390969,1,1,1982,29,29,29,29,29,29,29,29,29,29
390969,2,1,1982,0,0,0,0,0,0,0,0,0,0
390970,1,1,1982,0,0,0,0,0,0,0,0,0,0
390971,1,1,1982,0,8,6,13,12,8,2,3,12,7
390971,2,1,1982,0,0,0,0,0,0,0,0,0,0
390972,1,1,1982,0,0,0,0,0,0,0,0,11,0
390972,2,1,1982,19,19,19,19,19,19,19,19,19,19
390973,1,1,1982,5,5,5,5,5,5,5,5,5,5
390974,1,1,1982,0,0,10,0,0,0,0,0,0,9
390975,1,1,1982,15,15,15,15,15,15,15,15,15,15
390977,1,1,1982,20,20,20,20,20,20,20,20,20,20
390978,1,1,1982,0,0,0,0,0,0,0,0,0,0
390978,2,1,1982,0,7,0,23,0,0,25,34,14,0
390979,1,1,1982,0,5,0,0,0,9,0,0,0,10
390980,1,1,1982,0,0,0,0,0,0,0,0,0,0
390981,1,1,1982,0,0,0,0,0,0,0,0,0,0
390981,2,1,1982,0,0,0,6,0,0,0,12,0,0
390982,1,1,1982,16,16,16,16,16,16,16,16,16,16
390983,1,1,1982,0,0,0,0,18,0,0,0,0,0
390984,1,1,1982,2,6,0,10,0,0,13,14,11,22
390985,1,1,1982,0,0,0,0,0,0,0,0,6,0
390985,2,1,1982,0,23,0,4,25,0,9,8,0,10
390986,1,1,1982,0,0,0,0,0,0,0,0,0,0
390986,2,1,1982,0,0,0,8,4,0,11,0,0,0
390987,1,1,1982,19,11,5,16,14,17,15,17,0,19
390988,1,1,1982,0,0,0,0,0,0,0,0,0,0
390988,2,1,1982,0,0,0,0,0,0,0,0,0,0
390989,0,1,1982,10,10,10,10,10,10,10,10,10,10
390989,1,1,1982,18,18,18,18,18,18,18,18,18,18
390990,1,1,1982,11,11,11,11,11,11,11,11,11,11
390990,2,1,1982,0,0,0,0,0,0,0,0,0,0
390991,0,1,1982,16,18,13,24,17,17,0,22,0,37
390991,1,1,1982,0,0,0,0,0,0,0,0,0,0
390992,1,1,1982,0,0,0,0,0,0,0,0,0,0
390992,2,1,1982,0,0,0,0,0,0,0,0,3,0
390993,0,1,1982,15,15,15,15,15,15,15,15,15,15
390993,1,1,1982,0,0,0,0,0,0,0,0,0,0
390994,1,1,1982,0,0,0,0,0,0,0,0,0,0
390994,2,1,1982,0,0,0,0,0,0,0,0,0,0
390995,1,1,1982,34,34,34,34,34,34,34,34,34,34
390996,1,1,1982,19,8,9,23,17,15,6,9,10,0
390996,2,1,1982,15,15,15,15,15,15,15,15,15,15
390997,1,1,1982,0,12,0,0,0,13,0,0,0,0
390998,0,1,1982,0,0,28,8,18,0,18,0,17,13
390998,1,1,1982,0,0,0,0,9,0,0,2,0,13
390998,2,1,1982,0,0,0,0,12,0,0,0,0,17
390999,1,1,1982,0,0,0,0,0,0,0,0,0,0
390999,2,1,1982,0,0,0,0,0,0,0,0,12,0
391000,1,1,1982,17,22,17,16,13,13,20,9,12,12
391001,1,1,1982,20,20,20,20,20,20,20,20,20,20
391002,1,1,1982,19,30,12,3,13,22,6,15,13,7
391003,1,1,1982,0,0,0,0,0,0,0,0,0,0
391004,0,1,1982,0,0,0,0,0,0,0,0,0,0
391004,1,1,1982,0,0,0,0,0,0,0,0,0,0
391005,1,1,1982,0,0,0,0,0,0,0,0,0,0
391005,2,1,1982,0,0,0,0,0,0,0,0,0,0
391006,0,1,1982,1,1,1,1,1,1,1,1,1,1
391006,1,1,1982,13,13,13,13,13,13,13,13,13,13
391007,1,1,1982,0,8,0,22,13,24,0,6,0,3
391008,1,1,1982,0,0,0,0,0,0,0,0,0,0
391008,2,1,1982,0,0,0,0,0,0,0,0,0,0
391008,3,1,1982,20,0,0,0,5,0,0,0,0,0
391009,1,1,1982,0,0,0,0,0,0,0,0,0,0
391009,2,1,1982,0,0,0,0,0,0,0,0,0,0
391009,3,1,1982,0,0,0,0,0,0,5,0,0,11
391010,1,1,1982,12,12,12,12,12,12,12,12,12,12
391011,1,1,1982,15,15,15,15,15,15,15,15,15,15
391011,2,1,1982,20,0,8,7,10,5,13,23,15,6
391012,0,1,1982,10,10,10,10,10,10,10,10,10,10
391012,1,1,1982,15,2,0,16,10,17,13,9,20,5
391013,1,1,1982,0,0,0,0,0,0,0,0,0,0
391013,2,1,1982,32,32,32,32,32,32,32,32,32,32
391014,1,1,1982,10,10,10,10,10,10,10,10,10,10
391015,1,1,1982,6,5,22,11,13,11,19,18,9,5
391016,1,1,1982,10,10,10,10,10,10,10,10,10,10
391017,1,1,1982,21,21,21,21,21,21,21,21,21,21
391017,2,1,1982,0,10,0,0,0,0,0,30,0,19
391018,1,1,1982,14,14,14,14,14,14,14,14,14,14
391019,1,1,1982,8,8,8,8,8,8,8,8,8,8
391019,2,1,1982,9,10,17,9,8,7,14,12,13,29
391019,3,1,1982,0,0,0,0,0,0,0,0,0,0
391020,1,1,1982,34,34,34,34,34,34,34,34,34,34
391021,1,1,1982,20,20,20,20,20,20,20,20,20,20
391022,1,1,1982,14,8,23,9,24,8,6,3,6,25
391022,2,1,1982,33,33,33,33,33,33,33,33,33,33
391023,1,1,1982,26,6,21,11,30,7,27,12,30,25
391024,0,1,1982,27,36,0,8,25,0,0,22,33,16
391024,1,1,1982,5,0,16,0,0,0,0,0,0,0
391025,1,1,1982,0,0,0,0,0,0,0,0,0,0
391025,2,1,1982,0,0,0,0,0,0,0,0,0,0
391026,1,1,1982,38,19,15,11,17,32,25,35,47,7
391027,1,1,1982,0,0,0,18,5,0,0,0,14,0
391028,1,1,1982,0,0,0,0,0,0,0,0,0,0
391028,2,1,1982,0,11,11,0,0,0,0,0,14,0
391029,1,1,1982,0,0,0,0,0,0,0,0,0,0
391029,2,1,1982,9,0,0,0,0,0,0,0,0,8
391030,1,1,1982,0,0,0,0,0,0,0,0,0,0
391030,2,1,1982,0,0,0,0,0,0,0,0,0,0
391031,1,1,1982,0,0,0,0,0,0,0,0,0,7
391031,2,1,1982,0,0,0,0,0,13,0,0,0,0
391032,0,1,1982,0,0,19,16,0,17,0,33,0,0
391032,1,1,1982,0,0,0,0,0,0,21,0,0,0
391033,1,1,1982,14,20,4,0,0,0,0,0,15,15
391034,1,1,1982,0,0,0,0,3,0,0,0,0,0
391034,2,1,1982,0,6,0,0,0,0,0,0,0,0
391035,1,1,1982,0,0,13,18,0,0,0,0,0,0
391035,2,1,1982,0,0,0,0,0,0,0,0,0,0
391036,1,1,1982,26,16,15,17,24,0,17,24,29,17
391036,2,1,1982,0,0,0,0,0,0,0,0,0,0
391037,0,1,1982,27,0,0,0,0,0,0,0,0,0
391037,1,1,1982,0,0,0,3,4,0,0,0,0,0
391038,0,1,1982,0,0,0,0,0,0,0,0,0,0
391038,1,1,1982,0,0,0,0,0,0,0,0,0,0
391039,1,1,1982,32,0,0,0,26,0,0,0,27,0
391039,2,1,1982,0,0,0,0,0,0,0,0,0,0
391040,0,1,1982,0,11,0,0,0,0,0,0,0,11
391040,1,1,1982,0,0,0,0,5,0,0,4,0,7
391041,1,1,1982,10,10,10,10,10,10,10,10,10,10
391042,1,1,1982,0,0,0,0,0,0,0,0,0,0
391043,0,1,1982,0,0,0,0,0,0,0,0,0,0
391043,1,1,1982,0,0,0,0,0,0,0,0,0,0
391044,1,1,1982,5,11,16,7,8,0,22,8,21,12
391045,1,1,1982,0,0,0,0,0,0,0,0,0,0
391046,0,1,1982,22,15,0,5,21,15,23,0,13,0
391046,1,1,1982,41,0,6,0,19,0,8,23,9,25
391047,1,1,1982,0,0,0,0,0,0,0,0,0,0
391048,1,1,1982,12,12,12,12,12,12,12,12,12,12
391049,1,1,1982,12,12,17,12,19,5,7,10,15,13
391050,1,1,1982,21,23,14,0,0,22,16,7,12,21
391050,2,1,1982,0,0,0,0,0,0,0,0,0,0
391050,3,1,1982,0,0,0,0,0,0,0,0,0,0
391051,1,1,1982,12,12,12,12,12,12,12,12,12,12
391051,2,1,1982,39,13,9,21,14,22,6,12,27,9
391052,1,1,1982,0,13,0,0,0,0,0,0,0,0
391052,2,1,1982,0,0,0,0,0,0,0,0,5,0
391052,3,1,1982,0,0,0,0,0,0,0,0,0,0
391053,1,1,1982,8,10,20,0,0,0,0,0,0,0
391053,2,1,1982,0,0,0,0,12,0,0,0,0,0
391054,1,1,1982,10,21,21,22,28,15,18,15,17,25
391055,0,1,1982,0,0,0,0,0,0,0,0,0,0
391055,1,1,1982,13,13,13,13,13,13,13,13,13,13
391056,1,1,1982,0,0,0,0,0,3,0,0,0,0
391056,2,1,1982,0,0,0,0,0,0,0,0,0,0
391057,1,1,1982,18,23,0,22,7,10,0,0,0,0
391057,2,1,1982,0,0,0,0,5,32,0,0,0,0
391058,1,1,1982,0,0,0,0,0,0,0,0,0,0
391058,2,1,1982,0,0,0,0,0,0,0,0,8,0
391059,1,1,1982,27,14,34,20,32,21,31,22,10,22
391060,0,1,1982,0,0,0,0,0,0,0,0,0,0
391060,1,1,1982,0,0,0,0,0,0,0,0,0,0
391061,1,1,1982,11,8,0,0,18,9,16,19,14,11
391062,1,1,1982,22,22,22,22,22,22,22,22,22,22
391063,1,1,1982,0,0,0,0,0,0,4,20,0,0
391064,1,1,1982,0,0,0,0,0,0,0,0,0,0
391064,2,1,1982,0,0,19,0,0,0,0,0,0,0
391065,1,1,1982,3,3,3,3,3,3,3,3,3,3
391066,1,1,1982,0,0,0,0,0,0,0,0,0,0
391066,2,1,1982,0,0,0,0,0,0,0,0,0,0
391067,0,1,1982,0,0,0,0,0,0,0,0,0,0
391067,1,1,1982,0,0,0,0,0,0,0,0,0,0
391068,1,1,1982,0,0,0,0,0,0,0,17,0,12
391068,2,1,1982,0,11,0,0,0,0,0,13,0,0
391069,0,1,1982,0,0,17,20,22,14,16,9,42,17
391069,1,1,1982,0,0,0,0,0,0,0,0,0,0
391070,0,1,1982,0,0,20,11,12,10,9,15,7,0
391070,1,1,1982,25,20,15,17,13,0,0,59,24,15
391071,1,1,1982,22,9,11,18,0,13,6,9,12,25
391072,1,1,1982,0,0,0,0,0,0,0,0,9,0
391072,2,1,1982,10,16,18,0,0,0,0,6,0,0
391073,1,1,1982,12,15,8,18,18,12,10,13,8,8
391074,1,1,1982,13,13,13,13,13,13,13,13,13,13
391075,1,1,1982,22,22,22,22,22,22,22,22,22,22
391076,1,1,1982,0,11,0,9,0,0,0,0,0,12
391076,2,1,1982,10,25,20,21,7,27,9,15,15,15
391077,1,1,1982,27,27,27,27,27,27,27,27,27,27
391077,2,1,1982,0,8,0,0,0,0,24,21,11,6
391078,1,1,1982,0,0,0,0,0,0,0,0,6,0
391078,2,1,1982,0,0,0,0,0,0,0,0,0,3
391079,1,1,1982,14,0,0,0,0,0,0,0,0,0
391080,1,1,1982,18,18,18,18,18,18,18,18,18,18
391081,1,1,1982,0,12,5,4,11,12,11,3,13,21
391081,2,1,1982,17,13,13,23,35,15,24,23,10,17
391082,1,1,1982,19,15,43,25,15,34,16,13,16,26
391083,1,1,1982,0,0,12,0,0,0,14,0,22,0
391083,2,1,1982,0,0,0,0,0,0,0,0,0,0
391084,1,1,1982,0,0,0,0,0,0,0,0,0,0
391085,1,1,1982,0,15,0,8,0,0,6,0,0,9
391086,1,1,1982,13,18,7,0,0,6,0,10,0,0
391086,2,1,1982,7,20,0,8,0,0,0,0,0,13
391087,1,1,1982,15,9,33,21,20,21,13,14,22,46
391088,1,1,1982,0,11,0,0,0,0,3,0,0,0
391088,2,1,1982,0,0,0,0,0,17,11,0,0,0
391089,1,1,1982,21,15,10,14,16,16,17,22,12,26
391089,2,1,1982,0,6,0,0,25,0,0,0,0,0
391090,1,1,1982,12,14,10,13,21,10,0,14,16,9
391091,1,1,1982,4,4,4,4,4,4,4,4,4,4
391092,1,1,1982,22,16,9,10,24,7,0,18,32,14
391092,2,1,1982,0,0,18,0,0,0,0,0,0,0
391093,1,1,1982,0,0,0,0,0,0,0,0,0,0
391093,2,1,1982,0,0,0,0,0,0,0,0,0,0
391094,1,1,1982,0,0,0,0,0,0,0,0,0,0
391094,2,1,1982,0,0,0,0,0,0,0,0,17,0
391095,1,1,1982,15,10,0,0,0,0,0,0,0,0
391096,1,1,1982,0,0,0,0,0,0,17,0,0,0
391096,2,1,1982,10,10,10,10,10,10,10,10,10,10
391097,1,1,1982,22,0,0,0,0,17,11,0,0,2
391097,2,1,1982,0,0,14,0,7,0,14,18,15,0
391098,1,1,1982,0,0,0,0,0,0,0,0,0,0
391098,2,1,1982,0,0,0,0,0,0,0,0,0,0
391099,1,1,1982,18,18,18,18,18,18,18,18,18,18
391100,1,1,1982,0,0,0,0,0,0,0,0,0,6
391100,2,1,1982,8,8,8,8,8,8,8,8,8,8
391101,1,1,1982,19,10,4,3,4,13,6,0,8,20
391101,2,1,1982,15,15,15,15,15,15,15,15,15,15
391102,1,1,1982,0,0,16,15,0,18,0,0,9,0
391102,2,1,1982,0,0,0,0,0,0,13,0,0,0
391103,0,1,1982,0,0,0,0,0,0,0,0,0,0
391103,1,1,1982,0,0,0,0,0,0,0,12,0,16
391104,1,1,1982,9,31,14,27,24,31,16,23,27,21
391105,1,1,1982,15,21,11,25,0,32,16,6,10,26
391106,1,1,1982,20,20,20,20,20,20,20,20,20,20
391107,1,1,1982,16,0,22,0,28,24,18,13,24,14
391108,1,1,1982,26,26,26,26,26,26,26,26,26,26
391108,2,1,1982,0,0,14,0,0,0,0,0,0,0
391108,3,1,1982,0,3,0,0,10,0,0,0,0,0
391109,1,1,1982,23,23,23,23,23,23,23,23,23,23
391110,1,1,1982,0,0,0,0,0,0,0,0,0,0
391111,1,1,1982,0,0,0,0,0,0,0,0,0,0
391111,2,1,1982,0,0,0,0,17,0,0,11,16,0
391112,1,1,1982,10,18,17,11,16,16,22,15,14,15
391113,1,1,1982,12,32,19,24,24,15,17,33,14,17
391114,1,1,1982,0,0,0,0,0,0,0,0,0,0
391114,2,1,1982,8,0,0,0,0,0,0,0,0,0
391115,1,1,1982,16,28,21,7,8,7,14,45,0,20
391116,1,1,1982,0,0,0,0,0,0,0,0,0,0
391116,2,1,1982,0,0,0,0,0,0,0,0,0,0
391117,1,1,1982,15,20,12,22,14,9,18,24,6,14
391117,2,1,1982,12,41,31,37,22,13,25,18,21,34
391117,3,1,1982,21,12,4,30,15,17,19,20,19,22
391118,0,1,1982,0,0,0,0,0,0,0,12,0,0
391118,1,1,1982,20,5,21,14,6,16,17,43,18,11
391119,1,1,1982,12,13,5,5,15,8,15,11,11,13
391120,0,1,1982,0,0,0,17,0,0,0,0,0,0
391120,1,1,1982,0,0,0,0,0,17,0,0,0,0
391121,1,1,1982,0,19,0,0,0,0,0,0,0,0
391121,2,1,1982,0,20,0,0,24,0,8,0,0,0
391121,3,1,1982,0,0,0,0,0,0,0,0,0,0
391122,1,1,1982,36,36,36,36,36,36,36,36,36,36
391122,2,1,1982,0,0,0,0,0,15,0,0,0,0
391123,1,1,1982,11,11,11,11,11,11,11,11,11,11
391124,1,1,1982,7,3,17,28,12,18,10,18,13,13
391125,1,1,1982,24,24,24,24,24,24,24,24,24,24
391126,0,1,1982,0,0,0,0,0,0,0,0,0,0
391126,1,1,1982,16,0,0,0,0,0,0,0,0,0
391127,1,1,1982,0,0,0,0,0,0,25,0,0,0
391127,2,1,1982,0,0,0,0,0,0,0,19,0,11
391128,1,1,1982,0,0,6,0,0,0,0,0,0,0
391129,1,1,1982,0,0,0,0,0,0,0,0,0,0
391129,2,1,1982,0,0,0,0,0,0,0,0,0,0
391130,1,1,1982,0,0,7,0,22,0,0,0,0,0
391131,1,1,1982,0,0,0,0,0,0,0,0,0,0
391131,2,1,1982,0,0,0,0,0,0,0,0,0,0
391131,3,1,1982,0,0,0,0,0,0,0,0,0,0
391132,1,1,1982,0,0,0,18,10,0,0,0,0,0
391133,1,1,1982,20,20,20,20,20,20,20,20,20,20
391134,1,1,1982,0,0,0,0,0,0,0,0,0,0
391134,2,1,1982,0,0,0,0,0,0,0,0,0,0
391135,1,1,1982,24,24,24,24,24,24,24,24,24,24
391136,1,1,1982,0,0,0,0,22,0,0,0,0,0
391137,1,1,1982,0,0,0,0,0,0,0,0,0,0
391137,2,1,1982,0,0,19,0,0,0,0,0,0,0
391138,1,1,1982,0,0,0,0,0,0,0,0,0,0
391139,1,1,1982,0,0,17,0,0,0,0,0,0,0
391139,2,1,1982,0,0,0,0,0,0,0,0,0,0
391140,1,1,1982,0,0,0,0,0,0,17,0,0,24
391140,2,1,1982,9,9,9,9,9,9,9,9,9,9
391141,1,1,1982,0,2,6,0,0,0,0,0,0,0
391142,0,1,1982,0,0,21,22,0,3,0,0,0,0
391142,1,1,1982,0,0,0,0,0,0,0,0,0,0
391143,1,1,1982,0,19,0,15,0,11,28,19,0,9
391144,1,1,1982,10,10,10,10,10,10,10,10,10,10
391144,2,1,1982,0,0,0,0,0,0,0,0,0,0
391145,1,1,1982,14,17,22,11,12,22,28,25,20,34
391146,1,1,1982,12,12,12,12,12,12,12,12,12,12
391147,1,1,1982,19,19,19,19,19,19,19,19,19,19
391148,0,1,1982,23,23,23,23,23,23,23,23,23,23
391148,1,1,1982,14,30,12,12,13,14,17,18,16,20
391149,1,1,1982,0,0,0,0,0,0,0,0,0,0
391149,2,1,1982,0,0,0,0,0,0,0,0,0,0
391150,1,1,1982,0,0,0,0,0,0,0,0,0,0
391150,2,1,1982,0,0,0,0,0,0,0,0,0,0
391151,1,1,1982,0,0,0,0,0,0,0,0,0,0
391151,2,1,1982,0,0,0,0,0,22,0,0,0,0
391152,0,1,1982,0,0,0,0,0,0,4,0,0,0
391152,1,1,1982,10,10,10,10,10,10,10,10,10,10
391153,1,1,1982,4,0,0,0,0,0,0,0,0,0
391153,2,1,1982,0,0,0,0,0,0,0,0,0,0
391154,1,1,1982,32,21,16,26,27,14,11,30,12,34
391154,2,1,1982,0,0,5,0,0,0,0,0,0,0
391155,0,1,1982,0,0,0,0,0,0,0,0,0,0
391155,1,1,1982,0,0,0,9,0,0,0,0,0,0