ST_CASE,VEH_NO,PER_NO,YEAR,P1,P2,P3,P4,P5,P6,P7,P8,P9,P10
391156,1,1,1982,5,25,0,37,24,10,23,25,17,21
391157,1,1,1982,0,0,0,0,0,0,0,0,0,0
391157,2,1,1982,0,0,0,0,0,0,0,0,0,0
391157,3,1,1982,0,0,0,0,0,0,0,0,0,0
391158,1,1,1982,0,0,0,0,0,0,0,0,0,0
391158,2,1,1982,26,26,26,26,26,26,26,26,26,26
391159,1,1,1982,14,14,14,14,14,14,14,14,14,14
391160,1,1,1982,0,0,0,25,16,0,9,0,0,0
391161,1,1,1982,15,15,15,15,15,15,15,15,15,15
391162,0,1,1982,29,28,25,14,31,19,17,24,33,27
391162,0,2,1982,0,8,0,7,0,0,0,0,0,0
391162,0,3,1982,0,0,0,19,0,0,0,0,0,0
391162,0,4,1982,26,0,24,15,33,20,0,0,0,0
391162,1,1,1982,0,0,0,0,0,0,15,0,0,0
391163,1,1,1982,7,27,8,9,23,19,14,21,11,28
391164,1,1,1982,0,8,0,0,0,0,0,0,0,0
391164,2,1,1982,9,18,13,13,11,27,10,5,17,0
391165,0,1,1982,0,0,0,0,0,0,0,0,0,0
391165,1,1,1982,0,0,0,0,0,0,0,0,0,0
391166,1,1,1982,0,0,7,0,0,0,0,0,0,0
391166,2,1,1982,0,0,0,0,0,0,0,0,0,0
391167,1,1,1982,0,0,15,0,0,0,0,0,0,0
391168,1,1,1982,0,0,0,0,0,0,0,0,0,0
391169,1,1,1982,12,12,12,12,12,12,12,12,12,12
391170,1,1,1982,0,16,10,0,36,19,19,0,0,13
391171,1,1,1982,15,0,0,0,0,0,0,0,0,0
391171,2,1,1982,0,0,0,0,0,0,0,0,0,0
391172,1,1,1982,13,12,0,7,7,13,0,22,20,0
391173,1,1,1982,15,11,7,11,17,19,12,13,14,25
391174,1,1,1982,0,0,0,0,0,0,0,0,0,0
391174,2,1,1982,7,7,7,7,7,7,7,7,7,7
391175,1,1,1982,0,0,0,0,0,0,0,0,0,0
391175,2,1,1982,0,0,0,17,21,0,0,0,0,0
391176,1,1,1982,0,0,0,0,0,0,0,0,0,0
391177,1,1,1982,24,24,24,24,24,24,24,24,24,24
391177,2,1,1982,16,16,16,16,16,16,16,16,16,16
391177,3,1,1982,0,0,0,0,0,0,0,0,0,0
391178,1,1,1982,11,11,11,11,11,11,11,11,11,11
391178,2,1,1982,7,18,34,19,22,17,18,6,32,17
391179,1,1,1982,0,0,0,0,0,0,0,0,0,0
391179,2,1,1982,0,0,0,0,0,0,0,0,0,0
391180,1,1,1982,0,0,0,0,19,16,0,0,0,0
391180,2,1,1982,18,23,0,11,26,19,20,15,16,19
391181,1,1,1982,18,18,18,18,18,18,18,18,18,18
391182,1,1,1982,0,0,0,0,0,0,0,0,0,0
391182,2,1,1982,0,0,0,0,0,0,0,0,0,0
391183,1,1,1982,0,0,0,0,0,0,0,0,0,0
391183,2,1,1982,0,0,0,0,0,0,0,0,0,0
391184,0,1,1982,20,20,20,20,20,20,20,20,20,20
391184,1,1,1982,0,0,0,4,0,0,0,0,0,7
391185,1,1,1982,25,25,25,25,25,25,25,25,25,25
391186,1,1,1982,17,16,11,21,6,9,8,18,17,13
391186,2,1,1982,18,18,18,18,18,18,18,18,18,18
391187,1,1,1982,0,0,0,0,0,0,0,0,0,0
391187,2,1,1982,0,0,0,0,0,0,0,0,0,0
391188,0,1,1982,18,0,0,0,0,0,0,0,0,17
391188,1,1,1982,0,0,0,0,0,0,7,0,0,0
391188,2,1,1982,0,0,0,0,0,0,0,0,0,0
391189,1,1,1982,0,0,0,0,0,0,0,0,0,0
391189,2,1,1982,5,5,5,5,5,5,5,5,5,5
391190,1,1,1982,0,0,0,0,0,0,0,0,0,0
391190,2,1,1982,0,0,0,0,0,0,0,0,0,0
391191,0,1,1982,0,0,0,0,0,0,0,0,0,0
391191,1,1,1982,14,14,14,14,14,14,14,14,14,14
391192,1,1,1982,0,0,0,0,0,0,0,0,0,0
391193,1,1,1982,16,16,16,16,16,16,16,16,16,16
391193,2,1,1982,15,19,4,29,11,11,8,12,11,18
391194,1,1,1982,0,0,0,0,0,0,0,0,17,0
391194,2,1,1982,28,8,30,7,22,20,17,10,7,14
391195,1,1,1982,29,7,15,21,22,12,20,18,17,26
391196,1,1,1982,16,22,0,15,14,18,19,4,11,18
391197,0,1,1982,0,41,0,0,13,0,25,12,24,18
391197,1,1,1982,0,0,0,0,0,0,11,0,6,0
391198,1,1,1982,0,0,0,8,0,0,0,7,24,0
391198,2,1,1982,20,20,20,20,20,20,20,20,20,20
391199,1,1,1982,4,4,4,4,4,4,4,4,4,4
391200,1,1,1982,0,0,16,0,0,0,9,0,18,15
391201,1,1,1982,20,20,20,20,20,20,20,20,20,20
391202,1,1,1982,0,0,0,0,0,0,0,0,0,0
391203,0,1,1982,17,24,4,0,17,17,7,0,0,0
391203,1,1,1982,20,14,34,0,19,14,0,0,47,0
391204,1,1,1982,9,9,0,12,13,8,3,4,13,18
391204,2,1,1982,6,0,0,0,0,0,0,0,0,0
391205,1,1,1982,0,0,0,0,0,0,0,0,17,0
391205,2,1,1982,0,0,0,0,0,0,0,0,0,0
391206,1,1,1982,0,0,0,0,8,0,0,0,0,0
391206,2,1,1982,1,1,1,1,1,1,1,1,1,1
391207,1,1,1982,0,0,0,0,0,0,0,0,0,0
391207,2,1,1982,26,18,16,16,0,15,0,0,16,19
391208,1,1,1982,0,0,0,0,0,0,19,0,0,0
391209,1,1,1982,0,0,0,0,0,0,0,0,0,0
391211,1,1,1982,6,6,6,6,6,6,6,6,6,6
391212,1,1,1982,0,0,0,0,0,0,0,0,0,0
391212,2,1,1982,0,0,0,0,0,0,0,0,0,0
391213,1,1,1982,14,0,20,0,0,0,0,0,0,0
391213,2,1,1982,0,16,0,0,0,0,0,0,0,0
391214,1,1,1982,21,21,21,21,21,21,21,21,21,21
391214,2,1,1982,0,0,0,0,0,0,0,0,0,0
391215,1,1,1982,0,0,0,13,0,0,18,26,9,0
391216,1,1,1982,18,18,18,18,18,18,18,18,18,18
391216,2,1,1982,13,18,13,22,13,12,13,0,11,3
391217,1,1,1982,0,0,0,25,19,0,0,0,0,0
391218,1,1,1982,0,0,5,0,0,0,0,0,0,0
391218,2,1,1982,0,0,0,0,0,0,0,0,0,0
391219,0,1,1982,0,13,9,0,0,0,8,0,0,0
391219,1,1,1982,13,13,13,13,13,13,13,13,13,13
391220,1,1,1982,25,25,25,25,25,25,25,25,25,25
391221,1,1,1982,0,18,0,0,0,15,0,26,0,9
391221,2,1,1982,0,6,0,0,0,0,0,0,0,0
391222,0,1,1982,0,0,27,12,0,0,0,15,21,0
391222,1,1,1982,0,0,0,0,0,0,0,0,0,0
391223,0,1,1982,0,0,0,0,0,0,0,0,0,0
391223,1,1,1982,0,0,0,0,0,0,0,0,0,0
391224,0,1,1982,37,27,13,18,23,16,18,18,22,15
391224,1,1,1982,0,0,0,0,0,0,0,0,0,0
391225,1,1,1982,0,0,0,0,0,0,0,0,11,0
391225,2,1,1982,6,0,0,0,0,0,0,0,0,0
391226,1,1,1982,0,0,0,0,0,0,18,0,17,0
391226,2,1,1982,0,0,0,0,0,0,0,0,0,0
391227,1,1,1982,0,0,0,0,8,0,0,24,11,0
391228,0,1,1982,0,0,0,0,0,0,0,0,0,0
391228,1,1,1982,0,0,0,0,0,0,0,0,0,0
391229,1,1,1982,0,13,0,0,0,0,0,0,0,19
391230,1,1,1982,29,14,0,10,14,0,0,0,0,20
391231,0,1,1982,0,0,0,0,0,0,0,0,0,0
391231,1,1,1982,0,0,27,9,0,0,0,0,0,16
391232,0,1,1982,4,12,11,25,23,30,20,56,14,8
391232,1,1,1982,0,0,0,0,0,0,0,0,0,0
391233,1,1,1982,0,0,0,0,0,13,0,0,0,32
391234,1,1,1982,0,0,0,0,0,0,0,0,0,0
391235,1,1,1982,0,19,17,17,20,18,14,27,21,20
391236,1,1,1982,0,0,0,0,0,0,0,14,0,0
391236,2,1,1982,0,0,0,0,0,0,0,0,0,0
391237,0,1,1982,0,0,0,0,0,0,0,0,0,0
391237,1,1,1982,0,0,0,28,0,0,0,8,0,0
391238,1,1,1982,26,20,20,13,14,10,21,23,42,0
391239,1,1,1982,11,11,11,11,11,11,11,11,11,11
391240,1,1,1982,23,23,23,23,23,23,23,23,23,23
391241,1,1,1982,0,0,0,0,0,0,0,0,0,0
391241,2,1,1982,0,0,0,0,0,0,0,0,0,0
391242,1,1,1982,28,11,14,2,26,12,7,7,11,7
391243,1,1,1982,0,0,0,0,0,0,0,0,0,0
391243,2,1,1982,12,12,12,12,12,12,12,12,12,12
391244,0,3,1982,27,0,4,14,7,0,26,15,0,14
391244,0,4,1982,0,0,14,19,24,0,7,0,0,18
391244,0,5,1982,11,0,0,0,18,0,6,5,25,0
391244,1,1,1982,21,21,21,21,21,21,21,21,21,21
391245,1,1,1982,12,12,12,12,12,12,12,12,12,12
391246,0,1,1982,33,33,33,33,33,33,33,33,33,33
391246,1,1,1982,0,0,0,0,0,0,0,0,0,0
391247,1,1,1982,21,21,21,21,21,21,21,21,21,21
391248,1,1,1982,0,0,0,15,0,0,0,0,0,0
391248,2,1,1982,0,0,0,0,0,0,0,0,0,0
391249,1,1,1982,16,6,14,20,26,35,12,17,21,15
391249,2,1,1982,0,0,0,0,0,0,0,0,26,0
391250,0,1,1982,0,0,0,0,0,0,0,0,0,0
391250,1,1,1982,0,0,0,0,0,0,0,0,0,0
391251,1,1,1982,29,0,0,14,15,18,9,0,26,13
391252,1,1,1982,23,23,23,23,23,23,23,23,23,23
391253,1,1,1982,0,12,0,0,16,6,0,0,14,9
391254,0,1,1982,0,0,0,0,0,17,0,0,0,0
391254,1,1,1982,0,0,0,0,0,0,0,0,0,0
391255,1,1,1982,29,29,29,29,29,29,29,29,29,29
391255,2,1,1982,0,0,0,0,0,0,0,0,0,0
391256,1,1,1982,19,19,19,19,19,19,19,19,19,19
391257,0,1,1982,23,23,23,23,23,23,23,23,23,23
391257,1,1,1982,4,4,4,4,4,4,4,4,4,4
391258,0,1,1982,0,0,0,0,0,0,0,0,16,0
391259,1,1,1982,28,28,28,28,28,28,28,28,28,28
391260,1,1,1982,0,0,0,0,0,0,0,0,0,0
391260,2,1,1982,39,16,35,20,24,15,37,0,13,29
391261,1,1,1982,10,10,10,10,10,10,10,10,10,10
391262,0,1,1982,0,0,0,0,0,0,0,0,0,0
391262,1,1,1982,0,0,0,0,0,0,0,0,0,0
391263,1,1,1982,24,24,24,24,24,24,24,24,24,24
391264,1,1,1982,22,0,13,0,35,0,0,0,0,0
391264,2,1,1982,21,21,21,21,21,21,21,21,21,21
391265,1,1,1982,13,13,13,13,13,13,13,13,13,13
391265,2,1,1982,0,0,0,9,0,10,32,0,0,0
391266,1,1,1982,0,0,0,0,0,0,0,0,0,0
391266,2,1,1982,0,0,0,0,0,0,0,0,0,0
391267,1,1,1982,0,13,17,0,0,0,4,19,6,31
391268,1,1,1982,0,0,0,0,0,0,0,0,0,0
391268,2,1,1982,0,0,0,0,0,0,0,0,0,0
391269,1,1,1982,15,18,22,16,28,29,18,25,16,12
391270,1,1,1982,27,4,15,12,10,0,20,16,12,0
391271,1,1,1982,15,15,15,15,15,15,15,15,15,15
391272,1,1,1982,23,23,23,23,23,23,23,23,23,23
391273,0,1,1982,0,0,17,0,0,0,16,0,33,0
391273,1,1,1982,0,0,17,0,11,15,15,0,0,0
391273,2,1,1982,0,0,0,0,0,0,0,0,0,0
391274,1,1,1982,38,38,38,38,38,38,38,38,38,38
391275,1,1,1982,32,32,32,32,32,32,32,32,32,32
391276,1,1,1982,19,19,19,19,19,19,19,19,19,19
391277,1,1,1982,23,23,23,23,23,23,23,23,23,23
391278,1,1,1982,0,0,0,0,0,0,0,0,0,0
391278,2,1,1982,0,0,0,0,15,0,0,0,0,0
391278,3,1,1982,0,0,0,0,0,0,0,0,0,0
391279,1,1,1982,0,0,34,0,13,0,15,0,0,0
391280,1,1,1982,0,4,0,0,0,0,0,0,0,0
391280,2,1,1982,31,31,31,31,31,31,31,31,31,31
391281,1,1,1982,5,5,5,5,5,5,5,5,5,5
391281,2,1,1982,0,0,0,0,0,0,0,0,0,0
391282,0,1,1982,0,0,0,0,0,0,0,0,0,0
391282,1,1,1982,0,0,0,12,0,11,0,0,0,0
391283,1,1,1982,12,12,13,28,31,6,11,16,17,16
391284,0,1,1982,8,8,8,8,8,8,8,8,8,8
391284,1,1,1982,12,12,12,12,12,12,12,12,12,12
391285,1,1,1982,21,21,21,21,21,21,21,21,21,21
391286,1,1,1982,0,0,0,0,0,0,0,0,0,0
391286,2,1,1982,0,0,0,0,0,0,0,0,0,0
391287,1,1,1982,0,0,0,0,4,0,0,0,0,20
391287,2,1,1982,0,0,0,0,0,0,0,0,0,0
391287,3,1,1982,0,0,0,0,0,0,0,0,0,0
391288,1,1,1982,0,0,11,12,0,13,19,18,12,0
391288,2,1,1982,0,0,0,0,0,0,0,0,0,0
391289,0,1,1982,0,0,0,0,0,0,0,0,0,0
391289,1,1,1982,0,0,0,0,0,0,0,0,0,0
391290,1,1,1982,0,0,0,0,0,5,0,0,0,0
391291,0,1,1982,0,0,0,0,0,0,0,0,0,0
391291,1,1,1982,0,0,0,0,0,0,0,0,0,0
391292,1,1,1982,0,0,0,0,0,0,0,0,0,0
391293,0,1,1982,0,0,0,0,0,0,0,0,0,0
391293,1,1,1982,24,24,24,24,24,24,24,24,24,24
391294,0,1,1982,25,24,0,0,11,11,17,11,0,5
391294,1,1,1982,18,11,14,21,0,17,6,26,23,18
391295,1,1,1982,31,16,10,13,12,10,5,8,22,22
391296,1,1,1982,9,19,31,14,18,12,10,8,16,17
391297,1,1,1982,17,0,0,0,13,0,0,0,0,4
391297,2,1,1982,0,23,0,0,0,17,0,0,0,0
391298,0,1,1982,0,0,0,0,0,0,0,0,0,0
391298,0,2,1982,0,0,0,0,0,0,0,0,0,0
391298,1,1,1982,0,0,0,0,3,0,0,0,0,0
391298,2,1,1982,0,0,0,0,0,14,0,0,0,14
391299,1,1,1982,0,0,18,0,0,0,0,0,0,0
391300,1,1,1982,0,0,0,0,0,0,0,0,0,0
391300,2,1,1982,0,0,0,0,0,0,0,0,0,0
391300,3,1,1982,0,0,0,0,0,0,0,0,0,0
391301,1,1,1982,16,9,15,24,19,21,23,14,16,26
391302,0,1,1982,0,0,0,0,0,0,0,0,0,0
391302,1,1,1982,0,0,0,11,0,0,0,0,0,0
391303,1,1,1982,0,0,0,18,0,0,0,0,0,0
391304,1,1,1982,15,15,15,15,15,15,15,15,15,15
391305,1,1,1982,0,0,0,0,0,0,0,0,0,0
391305,2,1,1982,0,0,0,0,0,0,0,0,0,0
391306,0,1,1982,0,0,0,0,0,0,0,0,0,0
391306,1,1,1982,8,20,25,20,28,0,24,7,20,19
391307,1,1,1982,22,17,25,10,17,22,23,8,22,16
391309,1,1,1982,0,0,0,0,0,0,0,0,0,0
391309,2,1,1982,0,0,0,0,0,6,0,0,0,0
391310,1,1,1982,0,0,5,0,0,0,0,0,0,0
391310,2,1,1982,0,0,0,0,0,9,0,0,0,0
391311,1,1,1982,0,0,0,0,0,0,0,0,0,0
391311,2,1,1982,19,0,18,14,8,11,27,15,7,8
391312,0,1,1982,15,15,15,15,15,15,15,15,15,15
391312,1,1,1982,17,20,9,11,19,20,16,13,4,14
391313,0,1,1982,0,0,0,0,0,0,0,0,0,0
391313,1,1,1982,0,0,0,0,0,0,0,0,0,6
391314,1,1,1982,0,0,0,0,0,0,0,0,0,0
391314,2,1,1982,0,0,0,0,0,7,0,0,0,13
391315,0,1,1982,16,16,16,16,16,16,16,16,16,16
391315,1,1,1982,0,0,0,0,22,0,0,0,0,0
391315,2,1,1982,0,0,0,16,0,0,0,0,0,26
391316,1,1,1982,24,20,17,14,27,0,7,0,27,25
391317,1,1,1982,0,0,28,0,0,14,0,0,0,0
391318,1,1,1982,14,14,14,14,14,14,14,14,14,14
391319,1,1,1982,38,20,13,0,18,13,24,22,18,3
391320,1,1,1982,0,0,0,0,0,0,0,0,0,0
391321,1,1,1982,31,31,31,31,31,31,31,31,31,31
391322,1,1,1982,32,4,17,17,19,12,30,37,14,12
391323,1,1,1982,0,0,0,0,0,0,0,0,0,0
391323,2,1,1982,0,9,0,0,0,0,0,0,0,0
391324,1,1,1982,24,24,24,24,24,24,24,24,24,24
391325,0,1,1982,0,0,0,0,0,0,0,0,0,0
391326,0,1,1982,0,0,0,0,0,0,20,0,7,0
391326,1,1,1982,23,23,23,23,23,23,23,23,23,23
391327,1,1,1982,29,29,29,29,29,29,29,29,29,29
391328,1,1,1982,22,22,22,22,22,22,22,22,22,22
391328,2,1,1982,0,0,0,0,0,0,0,0,0,0
391329,1,1,1982,12,12,12,12,12,12,12,12,12,12
391330,1,1,1982,0,0,0,0,0,0,0,0,0,0
391330,2,1,1982,0,0,0,0,0,0,0,0,5,0
391331,1,1,1982,23,0,0,0,0,13,32,0,23,0
391332,0,1,1982,0,0,0,0,0,0,10,10,0,0
391332,1,1,1982,11,0,21,11,17,4,13,3,19,11
391333,1,1,1982,2,2,2,2,2,2,2,2,2,2
391334,0,1,1982,0,0,0,0,0,0,0,0,0,19
391335,1,1,1982,21,17,12,24,18,17,25,14,30,34
391336,1,1,1982,20,0,23,22,6,8,10,0,19,10
391337,1,1,1982,9,11,19,19,15,15,23,0,19,19
391337,2,1,1982,0,0,0,0,0,0,0,0,0,0
391338,0,1,1982,0,0,6,0,0,0,5,0,0,0
391338,1,1,1982,39,39,39,39,39,39,39,39,39,39
391339,1,1,1982,12,12,12,12,12,12,12,12,12,12
391340,1,1,1982,0,0,0,0,0,0,0,0,0,0
391340,2,1,1982,0,20,20,12,0,0,0,0,0,16
391341,0,1,1982,31,15,0,19,18,35,35,0,11,0
391341,1,1,1982,0,0,10,4,0,11,0,0,0,17
391341,2,1,1982,0,22,11,0,5,15,0,12,0,0
391342,1,1,1982,5,5,5,5,5,5,5,5,5,5
391343,1,1,1982,27,23,0,0,22,0,11,12,28,18
391344,1,1,1982,12,12,12,12,12,12,12,12,12,12
391345,0,1,1982,31,31,31,31,31,31,31,31,31,31
391345,1,1,1982,0,0,0,0,0,0,0,0,0,0
391346,0,1,1982,14,14,14,14,14,14,14,14,14,14
391346,1,1,1982,14,4,16,20,19,17,29,7,23,16
391347,0,1,1982,19,19,19,19,19,19,19,19,19,19
391347,1,1,1982,11,11,11,11,11,11,11,11,11,11
391348,1,1,1982,0,0,0,0,0,0,0,0,0,0
391348,2,1,1982,0,0,0,0,0,0,0,0,0,0
391349,1,1,1982,15,15,15,15,15,15,15,15,15,15
391350,1,1,1982,0,0,0,0,0,0,0,0,0,0
391350,2,1,1982,0,0,0,0,0,0,0,0,0,10
391351,1,1,1982,0,0,0,0,0,0,0,0,0,0
391351,2,1,1982,0,0,17,0,0,0,0,0,6,0
391352,0,1,1982,0,0,0,0,0,0,0,0,0,0
391352,1,1,1982,0,11,0,0,0,0,0,0,0,0
391353,1,1,1982,0,0,0,0,0,0,0,0,0,0
391354,1,1,1982,20,20,9,15,6,17,26,28,17,15
391354,2,1,1982,11,11,11,11,11,11,11,11,11,11
391355,1,1,1982,17,17,17,17,17,17,17,17,17,17
391356,1,1,1982,16,24,8,21,20,13,0,35,5,17
391357,1,1,1982,22,25,39,13,17,18,24,8,26,19
391357,2,1,1982,0,0,0,0,0,0,0,0,0,0
391358,1,1,1982,0,0,0,0,0,0,0,0,0,0
391358,2,1,1982,0,0,0,0,6,4,0,0,0,0
391359,1,1,1982,0,0,0,0,0,0,0,0,0,0
391359,2,1,1982,0,0,0,0,0,0,0,0,0,0
391360,1,1,1982,0,0,0,0,0,0,0,18,0,0
391360,2,1,1982,0,0,0,0,0,0,0,0,0,0
391361,1,1,1982,11,12,10,11,3,27,12,17,10,17
391361,2,1,1982,21,21,21,21,21,21,21,21,21,21
391362,1,1,1982,0,0,0,0,0,0,0,0,0,0
391362,2,1,1982,0,0,0,0,0,0,0,0,0,0
391363,1,1,1982,18,18,18,18,18,18,18,18,18,18
391364,1,1,1982,19,19,19,19,19,19,19,19,19,19
391365,1,1,1982,25,25,25,25,25,25,25,25,25,25
391366,1,1,1982,0,0,0,0,0,0,11,0,0,0
391366,2,1,1982,0,0,0,0,0,0,0,0,0,0
391367,0,1,1982,0,0,0,0,0,0,0,0,0,0
391367,1,1,1982,0,0,0,0,0,0,0,0,0,0
391368,1,1,1982,0,21,0,6,0,14,0,17,0,0
391369,1,1,1982,0,0,0,0,0,0,0,0,0,0
391369,2,1,1982,14,27,16,0,19,28,8,30,15,13
391370,1,1,1982,23,23,23,23,23,23,23,23,23,23
391371,1,1,1982,23,23,23,23,23,23,23,23,23,23
391371,2,1,1982,14,12,26,16,14,7,0,17,34,4
391372,1,1,1982,0,6,0,0,0,0,0,0,0,0
391372,2,1,1982,0,0,0,0,0,0,0,0,0,0
391373,1,1,1982,0,0,0,0,0,0,0,0,0,0
391373,2,1,1982,0,0,0,0,0,0,0,29,0,0
391374,1,1,1982,0,0,0,0,0,0,0,0,0,0
391375,1,1,1982,20,20,20,20,20,20,20,20,20,20
391376,1,1,1982,0,0,0,0,0,0,7,0,0,0
391376,2,1,1982,15,14,18,12,17,18,11,9,37,12
391377,0,1,1982,26,26,26,26,26,26,26,26,26,26
391377,1,1,1982,8,8,8,8,8,8,8,8,8,8
391378,1,1,1982,21,21,21,21,21,21,21,21,21,21
391379,1,1,1982,28,0,18,21,14,29,28,21,17,21
391380,0,1,1982,0,0,15,0,0,5,0,0,0,0
391380,1,1,1982,0,0,0,0,0,0,0,0,0,0
391381,1,1,1982,20,20,20,20,20,20,20,20,20,20
391382,1,1,1982,0,0,0,0,0,0,0,0,0,0
391383,1,1,1982,24,24,24,24,24,24,24,24,24,24
391383,2,1,1982,0,0,0,0,0,0,0,0,0,0
391384,0,1,1982,0,0,0,0,0,0,0,0,0,0
391384,1,1,1982,0,0,0,0,0,0,0,0,8,0
391386,0,1,1982,0,0,0,0,0,0,0,0,0,0
391386,1,1,1982,0,0,0,0,0,0,0,0,0,0
391387,0,1,1982,28,28,28,28,28,28,28,28,28,28
391387,1,1,1982,0,0,0,0,0,0,0,0,0,0
391388,1,1,1982,11,0,18,0,0,0,11,0,16,0
391388,2,1,1982,0,0,0,0,0,0,0,0,0,0
391389,0,1,1982,17,17,17,17,17,17,17,17,17,17
391389,1,1,1982,0,0,0,0,0,0,0,0,0,0
391390,0,1,1982,0,0,0,0,0,0,0,0,0,0
391390,1,1,1982,0,8,6,16,22,17,17,16,24,20
391391,1,1,1982,20,20,20,20,20,20,20,20,20,20
391392,1,1,1982,13,13,13,13,13,13,13,13,13,13
391393,1,1,1982,9,19,0,7,8,22,10,11,10,17
391393,2,1,1982,0,0,0,0,0,0,0,0,13,0
391394,1,1,1982,11,11,11,11,11,11,11,11,11,11
391395,1,1,1982,0,0,0,4,0,0,0,0,0,0
391395,2,1,1982,0,0,0,0,0,0,0,0,0,0
391396,0,1,1982,0,0,0,0,0,0,0,0,0,0
391396,1,1,1982,0,0,0,0,0,0,0,0,0,0
391397,1,1,1982,0,0,0,0,0,0,0,0,0,0
391398,1,1,1982,0,0,0,0,0,0,8,0,0,0
391398,2,1,1982,0,0,0,0,0,0,0,16,0,0
391399,1,1,1982,14,14,14,14,14,14,14,14,14,14
391400,0,1,1982,12,0,0,0,0,19,24,17,22,0
391400,1,1,1982,25,25,25,25,25,25,25,25,25,25
391401,1,1,1982,0,0,0,0,0,0,0,0,0,0
391401,2,1,1982,0,0,0,0,0,0,0,0,0,0
391402,1,1,1982,17,25,10,12,19,13,12,11,0,13
391403,1,1,1982,0,0,0,0,0,0,0,0,0,0
391403,2,1,1982,0,0,0,0,0,0,0,0,0,0
391404,0,1,1982,0,0,24,18,0,28,6,6,26,0
391404,0,2,1982,17,13,5,3,0,0,19,0,35,2
391404,1,1,1982,0,0,0,0,0,0,0,0,0,0
391405,1,1,1982,30,30,30,30,30,30,30,30,30,30
391406,1,1,1982,12,24,26,18,14,30,0,0,25,21
391407,1,1,1982,0,0,0,0,0,0,0,0,0,0
391407,2,1,1982,14,3,11,11,2,11,17,12,27,22
391408,0,1,1982,30,30,30,30,30,30,30,30,30,30
391408,1,1,1982,30,0,0,26,0,0,7,0,0,26
391409,1,1,1982,23,13,15,22,27,27,29,18,26,18
391410,1,1,1982,19,4,21,19,19,21,16,22,4,17
391411,1,1,1982,0,9,0,0,0,0,0,0,0,0
391411,2,1,1982,0,0,0,0,0,0,0,0,0,0
391412,0,1,1982,0,0,0,0,0,0,0,0,0,0
391412,1,1,1982,0,0,0,0,0,0,0,0,0,0
391413,1,1,1982,0,0,0,25,0,0,0,30,39,0
391413,2,1,1982,0,0,0,0,0,0,0,0,0,0
391413,3,1,1982,0,0,0,0,0,0,14,0,0,0
391414,0,1,1982,0,31,0,17,14,0,10,0,0,0
391414,1,1,1982,0,0,15,3,21,26,0,0,23,0
391415,1,1,1982,0,0,0,0,0,0,0,0,0,0
391415,2,1,1982,0,0,0,0,16,0,0,18,14,0
391416,1,1,1982,0,0,0,0,0,0,0,0,21,0
391417,1,1,1982,18,14,24,33,23,13,30,25,20,24
391418,0,1,1982,31,0,0,0,0,11,23,0,28,0
391418,1,1,1982,17,10,19,9,0,0,6,10,17,14
391419,1,1,1982,8,25,0,34,0,29,30,16,29,12
391420,0,1,1982,10,37,16,0,0,15,5,11,0,14
391420,0,2,1982,18,0,0,0,0,20,0,14,9,0
391420,1,1,1982,17,17,17,17,17,17,17,17,17,17
391421,1,1,1982,0,0,4,0,11,0,0,0,0,0
391421,2,1,1982,0,0,0,0,0,0,0,0,0,0
391421,3,1,1982,0,0,0,0,0,0,0,0,0,0
391422,1,1,1982,0,0,0,0,0,0,0,0,9,9
391423,1,1,1982,0,0,0,0,0,0,0,0,0,0
391423,2,1,1982,16,16,16,16,16,16,16,16,16,16
391424,1,1,1982,23,18,21,21,15,3,32,16,18,30
391425,1,1,1982,12,19,0,0,0,0,0,0,0,0
391425,2,1,1982,11,11,11,11,11,11,11,11,11,11
391426,1,1,1982,0,0,0,12,0,3,9,22,13,18
391427,0,1,1982,37,16,7,39,28,17,22,15,23,26
391427,1,1,1982,10,0,15,0,0,0,0,0,0,0
391428,1,1,1982,23,31,15,13,20,19,21,8,19,10
391429,1,1,1982,0,0,0,0,0,8,0,0,0,0
391430,1,1,1982,0,0,0,0,0,0,0,0,0,0
391430,2,1,1982,0,12,0,13,25,0,13,0,0,0
391431,1,1,1982,0,0,0,0,0,0,0,0,0,0
391431,2,1,1982,0,0,0,0,0,0,0,0,0,0
391432,1,1,1982,0,0,0,0,0,0,3,0,13,6
391433,1,1,1982,28,28,28,28,28,28,28,28,28,28
391433,2,1,1982,0,0,0,0,0,0,0,0,0,0
391434,1,1,1982,6,0,21,0,0,0,0,16,0,0
391435,1,1,1982,6,0,0,15,11,0,7,10,0,21
391436,1,1,1982,5,0,0,0,0,0,0,0,13,6
391437,1,1,1982,0,13,0,17,0,0,0,29,19,15
391438,1,1,1982,0,0,0,0,5,0,0,0,0,13
391438,2,1,1982,11,8,24,20,17,17,22,19,29,0
391439,1,1,1982,0,0,0,0,9,0,0,0,0,0
391439,2,1,1982,0,0,0,0,0,0,0,0,0,0
391440,1,1,1982,0,0,0,19,0,0,0,0,0,13
391441,1,1,1982,19,19,21,32,13,20,14,13,12,26
391442,1,1,1982,0,0,0,0,0,0,0,0,0,0
391442,2,1,1982,11,16,0,0,0,0,0,0,0,0