ST_CASE,VEH_NO,PER_NO,YEAR,P1,P2,P3,P4,P5,P6,P7,P8,P9,P10
391443,1,1,1982,0,0,0,0,0,0,0,0,0,0
391443,2,1,1982,0,0,0,0,0,0,0,0,0,0
391444,0,1,1982,0,0,0,0,0,0,0,0,0,0
391444,1,1,1982,0,0,0,0,0,0,0,0,0,0
391445,1,1,1982,0,0,0,0,0,0,0,0,0,0
391445,2,1,1982,0,0,0,12,0,0,0,0,0,0
391446,0,1,1982,0,0,5,0,16,10,0,19,0,23
391446,1,1,1982,0,0,0,0,0,0,0,20,0,11
391447,1,1,1982,9,28,0,0,0,0,9,0,0,0
391448,1,1,1982,0,0,0,0,0,0,0,0,0,0
391448,2,1,1982,0,0,0,0,0,0,0,0,0,0
391449,1,1,1982,0,0,0,0,0,0,0,0,0,0
391449,2,1,1982,0,0,0,0,0,0,0,0,0,0
391449,3,1,1982,0,0,0,0,0,0,0,0,0,0
391450,1,1,1982,0,26,0,0,0,0,0,0,0,0
391450,2,1,1982,0,0,0,0,0,0,0,0,0,0
391451,1,1,1982,23,14,12,33,20,20,13,21,15,8
391451,2,1,1982,0,0,0,0,0,0,0,0,29,0
391452,0,1,1982,9,0,11,11,26,0,0,0,24,0
391452,1,1,1982,0,0,0,0,0,0,0,0,0,0
391452,2,1,1982,0,0,0,0,0,0,0,0,0,0
391453,1,1,1982,7,7,7,7,7,7,7,7,7,7
391454,1,1,1982,0,0,0,0,0,9,0,0,0,0
391454,2,1,1982,0,0,14,0,0,0,0,0,0,0
391455,1,1,1982,20,0,38,0,24,10,22,19,0,19
391456,1,1,1982,0,0,0,0,22,0,0,0,0,0
391457,0,1,1982,0,0,0,9,10,0,0,0,0,18
391457,1,1,1982,8,13,21,2,0,0,0,15,9,0
391459,1,1,1982,0,0,0,0,0,0,0,0,0,0
391460,1,1,1982,9,9,9,9,9,9,9,9,9,9
400001,1,1,1982,7,12,8,25,12,0,11,9,9,12
400001,2,1,1982,26,14,10,20,10,13,23,12,15,14
400002,1,1,1982,34,34,34,34,34,34,34,34,34,34
400003,1,1,1982,0,10,13,6,15,5,2,17,17,0
400003,2,1,1982,0,0,0,0,0,0,0,0,0,0
400004,1,1,1982,12,25,23,30,13,23,34,10,13,25
400005,1,1,1982,0,0,0,0,0,0,0,0,0,0
400005,2,1,1982,0,0,0,0,0,0,0,0,0,0
400005,3,1,1982,0,0,0,0,0,0,0,0,0,0
400005,4,1,1982,0,0,0,0,0,0,0,0,0,0
400005,5,1,1982,0,0,0,0,0,0,0,0,0,0
400006,1,1,1982,19,0,17,18,13,16,10,0,0,0
400006,2,1,1982,0,0,0,0,0,0,0,0,0,0
400007,0,1,1982,36,36,36,36,36,36,36,36,36,36
400007,1,1,1982,9,12,11,7,10,17,10,13,30,16
400008,1,1,1982,0,0,0,0,0,0,0,0,0,0
400009,1,1,1982,17,0,0,5,0,0,0,0,15,19
400010,1,1,1982,0,0,0,0,0,0,0,0,0,0
400010,2,1,1982,0,0,0,0,0,0,0,0,0,0
400011,1,1,1982,19,19,19,19,19,19,19,19,19,19
400012,1,1,1982,13,13,13,13,13,13,13,13,13,13
400013,1,1,1982,0,0,13,0,0,0,0,3,11,0
400014,1,1,1982,0,0,0,0,0,0,0,0,0,0
400015,1,1,1982,6,6,6,6,6,6,6,6,6,6
400016,1,1,1982,0,0,0,0,0,0,0,0,0,0
400016,2,1,1982,0,0,0,0,0,0,0,0,0,0
400017,1,1,1982,0,0,0,0,0,0,0,0,0,0
400017,2,1,1982,0,0,0,0,0,0,0,0,0,0
400018,1,1,1982,0,0,0,0,0,0,0,0,0,0
400018,2,2,1982,5,6,0,0,0,0,0,0,3,0
400019,1,1,1982,17,17,17,17,17,17,17,17,17,17
400019,2,1,1982,0,0,0,0,0,0,0,0,0,0
400020,1,1,1982,0,0,0,0,0,0,0,0,0,0
400021,1,1,1982,19,19,19,19,19,19,19,19,19,19
400021,2,1,1982,16,29,9,0,0,0,0,0,0,24
400022,1,1,1982,0,0,0,0,0,0,0,0,0,0
400022,2,1,1982,0,0,0,0,0,0,0,0,0,0
400023,1,1,1982,0,0,0,0,0,0,0,16,0,0
400023,2,1,1982,0,0,0,0,0,0,0,0,0,0
400024,1,1,1982,22,22,22,22,22,22,22,22,22,22
400025,1,1,1982,0,0,0,0,0,0,0,0,0,0
400026,1,1,1982,20,3,20,15,18,23,19,7,0,16
400027,1,1,1982,52,52,52,52,52,52,52,52,52,52
400028,1,1,1982,14,14,14,14,14,14,14,14,14,14
400028,2,1,1982,0,0,0,0,0,0,0,0,0,0
400029,1,1,1982,0,0,0,0,0,0,0,0,0,0
400029,2,1,1982,0,0,0,0,0,0,0,0,0,0
400030,1,1,1982,0,0,0,0,0,0,0,0,0,0
400030,2,1,1982,0,0,7,0,0,7,0,0,0,0
400031,1,1,1982,0,0,0,0,0,0,0,0,0,0
400032,1,1,1982,19,19,19,19,19,19,19,19,19,19
400032,2,1,1982,0,0,0,0,0,0,0,13,0,0
400033,1,1,1982,0,0,0,0,0,0,0,0,0,0
400033,2,1,1982,0,0,0,9,0,0,0,5,0,0
400034,1,1,1982,33,33,33,33,33,33,33,33,33,33
400035,1,1,1982,21,21,21,21,21,21,21,21,21,21
400035,2,1,1982,0,0,0,0,0,0,0,0,0,0
400036,1,1,1982,0,0,0,0,0,5,3,0,0,0
400036,2,1,1982,0,0,0,0,0,0,0,0,0,0
400037,1,1,1982,0,0,0,0,0,0,0,0,0,0
400038,0,1,1982,24,24,24,24,24,24,24,24,24,24
400038,1,1,1982,0,0,0,0,0,0,0,0,0,0
400039,1,1,1982,0,0,0,22,16,0,10,31,23,0
400040,1,1,1982,2,2,2,2,2,2,2,2,2,2
400041,1,1,1982,0,0,0,0,0,0,0,0,0,0
400041,2,1,1982,0,0,0,0,0,0,0,0,0,0
400042,1,1,1982,25,25,25,25,25,25,25,25,25,25
400043,1,1,1982,18,15,0,15,0,9,0,0,0,0
400043,2,1,1982,0,0,0,0,0,0,0,0,0,0
400044,1,1,1982,13,13,13,13,13,13,13,13,13,13
400045,1,1,1982,17,4,5,6,34,11,0,0,0,0
400045,2,1,1982,0,0,0,0,0,0,0,0,0,0
400046,1,1,1982,0,0,0,0,0,0,0,0,0,0
400046,2,1,1982,0,0,22,0,0,0,0,0,0,0
400047,1,1,1982,0,0,0,0,0,0,0,0,0,0
400047,2,1,1982,0,0,0,0,0,0,0,0,0,0
400048,1,1,1982,0,0,0,0,0,0,0,0,0,0
400049,0,1,1982,0,0,0,0,0,14,0,0,0,0
400049,1,1,1982,0,0,0,0,0,0,0,0,0,0
400050,1,1,1982,16,16,16,16,16,16,16,16,16,16
400051,1,1,1982,17,17,17,17,17,17,17,17,17,17
400051,2,1,1982,0,0,0,0,0,0,9,0,0,0
400052,1,1,1982,0,0,0,0,0,0,0,0,0,0
400052,2,1,1982,26,26,26,26,26,26,26,26,26,26
400053,0,1,1982,33,33,33,33,33,33,33,33,33,33
400053,1,1,1982,0,0,0,0,0,0,0,0,0,0
400054,1,1,1982,0,19,14,21,9,0,0,0,22,0
400055,1,1,1982,0,0,0,0,0,0,0,0,0,0
400056,1,1,1982,0,0,0,0,0,0,0,0,0,0
400056,2,1,1982,0,0,0,0,0,0,0,0,0,0
400057,1,1,1982,0,0,0,0,0,0,0,0,0,0
400057,2,1,1982,0,0,0,19,0,0,0,0,0,20
400058,1,1,1982,0,0,0,0,0,0,0,0,0,0
400058,2,1,1982,0,0,0,0,0,0,0,0,0,0
400059,1,1,1982,0,0,0,0,0,0,0,0,0,0
400060,1,1,1982,0,0,0,0,0,0,0,0,0,0
400060,2,1,1982,0,0,0,0,0,0,0,0,0,0
400061,1,1,1982,22,28,13,36,22,25,8,28,41,23
400062,1,1,1982,24,24,24,24,24,24,24,24,24,24
400062,2,1,1982,0,0,0,0,0,0,0,0,0,0
400063,0,1,1982,25,25,25,25,25,25,25,25,25,25
400063,1,1,1982,0,0,0,0,0,0,0,0,0,9
400064,1,1,1982,0,0,0,0,0,0,0,0,0,12
400064,2,1,1982,0,0,0,0,0,0,0,0,0,0
400065,0,1,1982,0,0,0,0,0,0,0,0,0,0
400065,1,1,1982,0,0,0,0,15,0,29,0,25,15
400066,1,1,1982,0,0,0,0,0,0,0,0,0,0
400066,2,1,1982,0,12,0,0,0,0,0,0,0,0
400067,1,1,1982,4,0,0,0,0,0,0,0,0,0
400068,1,1,1982,24,29,9,32,26,10,34,21,16,27
400068,2,1,1982,0,0,0,0,0,0,0,6,0,0
400069,1,1,1982,14,14,14,14,14,14,14,14,14,14
400070,1,1,1982,0,0,0,0,0,0,0,0,0,0
400070,2,1,1982,0,0,0,0,0,0,0,0,0,0
400071,1,1,1982,0,0,0,0,0,14,0,0,0,0
400071,2,1,1982,0,0,0,0,0,0,0,0,0,0
400072,0,1,1982,0,0,0,0,0,0,0,0,0,0
400072,1,1,1982,0,0,0,0,0,0,0,0,0,0
400073,1,1,1982,10,10,10,10,10,10,10,10,10,10
400074,0,1,1982,0,0,0,0,0,0,0,0,0,0
400075,1,1,1982,0,0,0,0,0,0,0,0,0,0
400075,2,1,1982,0,0,0,0,0,0,0,0,0,0
400075,3,1,1982,0,0,2,0,0,0,0,0,0,0
400076,1,1,1982,4,0,0,0,0,0,19,0,0,0
400076,2,1,1982,0,6,11,23,0,0,0,0,0,0
400077,1,1,1982,19,19,19,19,19,19,19,19,19,19
400078,1,1,1982,17,17,17,17,17,17,17,17,17,17
400078,2,1,1982,6,0,0,0,0,0,0,13,0,0
400079,1,1,1982,0,0,6,0,0,0,43,15,0,24
400079,2,1,1982,0,0,0,0,0,0,0,0,0,0
400079,3,1,1982,0,0,0,0,0,0,0,0,0,0
400080,1,1,1982,0,0,0,0,0,0,0,0,0,0
400081,1,1,1982,26,16,10,10,0,15,0,0,0,3
400081,2,1,1982,0,0,0,0,0,0,0,0,0,0
400082,1,1,1982,20,20,20,20,20,20,20,20,20,20
400082,2,1,1982,0,0,0,0,0,0,0,0,0,0
400082,3,1,1982,0,0,0,0,0,0,0,0,0,0
400083,1,1,1982,0,0,0,0,0,0,0,0,0,0
400084,1,1,1982,0,0,0,0,0,0,0,0,0,0
400085,1,1,1982,20,22,29,19,23,30,8,23,24,17
400086,1,1,1982,0,0,0,0,0,0,0,0,0,0
400087,1,1,1982,0,0,0,0,0,11,0,0,0,0
400087,2,1,1982,5,0,0,0,0,0,0,0,0,0
400087,3,1,1982,0,0,0,0,0,0,0,0,0,0
400087,4,1,1982,0,0,0,0,0,0,0,0,0,0
400088,1,1,1982,0,0,0,0,0,0,0,0,0,0
400088,2,1,1982,0,0,9,0,0,0,0,0,0,0
400089,1,1,1982,19,18,15,20,0,13,5,0,3,16
400089,2,1,1982,0,15,0,0,0,0,0,0,0,0
400090,1,1,1982,21,21,21,21,21,21,21,21,21,21
400091,1,1,1982,24,24,24,24,24,24,24,24,24,24
400092,1,1,1982,21,21,21,21,21,21,21,21,21,21
400092,2,1,1982,0,0,0,0,0,0,0,0,0,0
400093,1,1,1982,0,0,0,0,0,0,0,0,0,0
400094,1,1,1982,8,8,0,7,35,14,14,28,18,13
400094,2,1,1982,0,0,0,0,0,0,0,0,0,0
400095,1,1,1982,0,0,0,0,0,0,0,10,0,9
400095,2,2,1982,0,0,0,0,0,0,0,0,0,0
400096,1,1,1982,0,0,0,0,0,0,0,0,0,0
400096,2,1,1982,0,0,0,0,0,0,0,0,0,0
400097,0,1,1982,0,0,0,0,0,0,20,0,21,0
400097,1,1,1982,0,3,0,0,0,0,0,0,0,0
400097,2,1,1982,0,0,0,0,0,0,0,0,0,0
400098,1,1,1982,18,18,18,18,18,18,18,18,18,18
400099,1,1,1982,19,19,19,19,19,19,19,19,19,19
400100,1,1,1982,4,4,4,4,4,4,4,4,4,4
400100,2,1,1982,11,11,21,14,18,6,0,18,18,21
400101,1,1,1982,0,0,0,0,0,0,0,0,0,0
400102,1,1,1982,24,0,0,0,0,0,0,0,0,0
400102,2,1,1982,0,0,0,0,0,0,0,0,0,0
400103,1,1,1982,0,19,0,0,4,0,8,0,0,0
400104,0,1,1982,0,0,0,14,21,0,0,25,0,0
400104,1,1,1982,0,0,0,0,0,0,0,0,0,0
400105,0,1,1982,23,23,23,23,23,23,23,23,23,23
400105,1,1,1982,0,0,7,26,12,0,0,0,0,0
400106,0,1,1982,0,0,0,0,0,0,0,0,0,0
400106,1,1,1982,0,0,0,0,0,0,0,0,0,0
400107,1,1,1982,17,24,39,25,4,23,11,14,19,28
400108,1,1,1982,0,0,0,0,0,0,0,0,0,0
400108,2,1,1982,13,6,8,14,10,0,38,0,0,16
400109,1,1,1982,8,18,0,4,10,8,13,12,16,23
400110,1,1,1982,21,21,21,21,21,21,21,21,21,21
400110,2,1,1982,11,0,0,0,0,0,0,0,0,0
400111,1,1,1982,0,0,0,0,0,0,0,0,0,0
400111,2,1,1982,0,0,0,0,0,0,0,0,0,0
400112,1,1,1982,17,17,17,17,17,17,17,17,17,17
400113,1,1,1982,8,8,8,8,8,8,8,8,8,8
400114,1,1,1982,32,29,20,22,4,7,17,17,24,9
400114,2,1,1982,0,21,0,0,0,0,0,0,0,14
400115,1,1,1982,2,2,2,2,2,2,2,2,2,2
400116,1,1,1982,14,29,15,21,0,0,23,26,10,13
400117,1,1,1982,0,0,0,0,0,0,0,0,0,0
400118,1,1,1982,18,18,18,18,18,18,18,18,18,18
400119,1,1,1982,5,28,12,12,18,30,9,12,16,21
400119,2,1,1982,0,12,0,0,0,11,0,0,12,7
400120,1,1,1982,22,17,5,13,23,15,4,20,14,0
400120,2,1,1982,0,0,0,0,0,0,0,0,0,0
400121,1,1,1982,4,4,4,4,4,4,4,4,4,4
400122,1,1,1982,15,15,15,15,15,15,15,15,15,15
400123,1,1,1982,27,27,27,27,27,27,27,27,27,27
400124,1,1,1982,0,41,27,20,13,9,20,14,10,8
400125,1,1,1982,9,8,17,10,17,15,14,21,19,15
400126,1,1,1982,28,28,28,28,28,28,28,28,28,28
400127,0,1,1982,0,0,0,0,0,0,0,0,0,0
400127,1,1,1982,0,0,0,0,0,0,0,0,0,0
400128,1,1,1982,20,0,15,13,0,27,0,6,0,0
400128,2,1,1982,0,0,0,0,0,0,0,0,0,0
400129,0,1,1982,29,29,29,29,29,29,29,29,29,29
400129,1,1,1982,0,0,0,0,0,0,0,0,0,0
400130,1,1,1982,26,26,26,26,26,26,26,26,26,26
400130,2,1,1982,0,0,0,0,0,0,0,0,0,0
400130,3,1,1982,0,0,0,0,0,0,0,0,0,0
400131,1,1,1982,0,0,0,0,0,0,0,0,0,0
400131,2,1,1982,0,0,0,0,0,0,0,0,0,0
400132,0,1,1982,14,14,14,14,14,14,14,14,14,14
400132,1,1,1982,0,0,6,20,17,0,24,14,27,0
400133,0,1,1982,0,0,0,0,0,0,0,0,0,0
400133,1,1,1982,24,0,22,15,0,14,0,0,0,0
400134,1,1,1982,0,0,0,0,0,0,0,0,0,0
400135,1,1,1982,0,0,0,0,0,0,0,0,0,0
400135,2,1,1982,0,0,0,0,0,0,0,0,0,0
400136,1,1,1982,8,8,8,8,8,8,8,8,8,8
400136,2,1,1982,8,11,0,14,17,6,4,4,17,3
400137,1,1,1982,20,20,20,20,20,20,20,20,20,20
400137,2,1,1982,0,0,0,0,0,16,17,0,0,0
400138,1,1,1982,0,0,0,0,0,0,0,0,0,0
400138,2,1,1982,0,0,0,24,0,0,0,0,11,0
400139,1,1,1982,0,0,0,0,0,0,0,0,0,0
400140,1,1,1982,0,0,0,0,0,0,0,0,0,0
400140,2,1,1982,0,0,0,0,0,0,0,0,0,0
400141,1,1,1982,0,0,0,0,0,0,0,0,0,0
400141,2,1,1982,0,0,0,0,0,0,0,0,0,0
400142,1,1,1982,0,0,0,0,0,0,0,0,0,0
400143,1,1,1982,0,0,0,0,0,0,0,0,0,0
400143,2,1,1982,0,0,0,0,0,0,0,0,0,0
400144,1,1,1982,25,25,25,25,25,25,25,25,25,25
400144,2,1,1982,0,0,0,0,0,0,0,0,0,0
400145,1,1,1982,5,17,16,19,16,7,30,11,20,15
400145,2,1,1982,0,0,0,0,0,0,0,0,0,0
400146,1,1,1982,0,0,4,0,0,0,0,9,16,0
400146,2,1,1982,0,0,0,0,0,0,0,0,0,0
400147,1,1,1982,23,27,22,17,19,28,29,27,10,14
400148,1,1,1982,0,0,0,0,0,0,0,0,0,0
400149,1,1,1982,18,25,34,29,27,28,19,18,25,19
400150,0,1,1982,0,0,0,0,0,0,0,0,0,0
400150,1,1,1982,15,13,25,24,7,12,10,23,6,4
400151,1,1,1982,0,17,0,0,0,0,0,0,0,0
400151,2,1,1982,0,0,0,0,0,0,0,0,10,0
400152,1,1,1982,16,16,16,16,16,16,16,16,16,16
400153,1,1,1982,20,20,20,20,20,20,20,20,20,20
400154,1,1,1982,21,21,21,21,21,21,21,21,21,21
400155,1,1,1982,2,2,2,2,2,2,2,2,2,2
400156,1,1,1982,0,0,0,0,0,0,0,0,0,0
400156,2,1,1982,0,0,0,0,0,0,0,0,0,0
400157,0,1,1982,0,0,0,0,0,0,0,0,0,0
400157,1,1,1982,0,0,0,0,0,0,0,0,0,0
400158,1,1,1982,15,12,20,18,28,13,22,24,6,27
400158,2,1,1982,0,0,0,0,0,0,0,3,0,0
400159,1,1,1982,13,13,13,13,13,13,13,13,13,13
400159,2,1,1982,20,12,0,0,0,0,0,0,0,0
400160,1,1,1982,0,0,0,0,0,0,0,0,5,0
400160,2,1,1982,0,0,0,0,0,0,0,0,0,0
400160,3,1,1982,0,19,0,19,20,0,0,0,17,0
400161,1,1,1982,20,20,20,20,20,20,20,20,20,20
400162,1,1,1982,0,0,0,0,0,0,0,0,0,0
400162,2,1,1982,0,0,0,0,0,0,0,0,0,0
400163,1,1,1982,0,0,0,0,0,0,0,0,0,0
400163,2,1,1982,0,0,0,0,2,0,0,0,0,0
400164,1,1,1982,0,24,16,32,20,12,28,7,20,9
400165,1,1,1982,0,0,0,0,0,0,0,0,0,0
400166,1,1,1982,23,23,23,23,23,23,23,23,23,23
400168,1,1,1982,13,13,12,18,22,7,24,37,0,4
400168,2,1,1982,0,0,0,0,0,0,0,0,0,0
400169,1,1,1982,4,4,4,4,4,4,4,4,4,4
400170,0,1,1982,31,31,31,31,31,31,31,31,31,31
400170,0,2,1982,0,0,0,0,0,0,0,0,0,0
400170,1,1,1982,9,9,9,9,9,9,9,9,9,9
400171,1,1,1982,0,0,0,0,0,0,0,0,0,0
400172,1,1,1982,13,19,5,17,7,7,14,19,8,12
400173,1,1,1982,0,0,0,0,0,0,0,0,0,0
400173,2,1,1982,0,0,0,0,0,0,0,0,0,0
400174,1,1,1982,0,0,0,0,0,0,0,0,0,0
400174,2,1,1982,0,13,0,0,0,0,0,0,14,0
400175,1,1,1982,18,18,18,18,18,18,18,18,18,18
400176,1,1,1982,30,0,16,0,0,0,0,37,0,11
400177,1,1,1982,6,6,6,6,6,6,6,6,6,6
400178,1,1,1982,26,26,26,26,26,26,26,26,26,26
400179,0,1,1982,11,11,11,11,11,11,11,11,11,11
400179,1,1,1982,0,0,0,0,0,0,0,0,0,5
400180,1,1,1982,17,17,17,17,17,17,17,17,17,17
400182,1,1,1982,16,16,16,16,16,16,16,16,16,16
400183,1,1,1982,8,43,22,20,32,11,14,15,8,14
400183,2,1,1982,0,0,0,0,0,0,0,0,0,0
400184,1,1,1982,0,0,0,0,0,0,9,0,0,0
400184,2,1,1982,0,0,0,0,0,0,28,0,0,0
400185,1,1,1982,26,9,19,16,17,15,25,9,24,15
400186,1,1,1982,22,22,22,22,22,22,22,22,22,22
400186,2,1,1982,0,0,0,0,0,0,0,0,0,0
400187,1,1,1982,0,0,0,0,0,0,0,0,0,0
400188,0,1,1982,0,0,0,0,0,0,0,0,0,0
400188,1,1,1982,0,0,0,0,0,0,0,0,0,0
400189,1,1,1982,2,2,2,2,2,2,2,2,2,2
400189,2,1,1982,0,17,0,0,0,0,0,0,0,0
400190,0,1,1982,14,0,0,23,7,15,26,17,24,4
400190,1,1,1982,0,0,0,0,0,0,0,0,0,0
400191,1,1,1982,13,0,5,19,14,20,0,20,0,16
400192,0,1,1982,0,27,28,18,0,22,20,12,14,26
400192,1,1,1982,14,0,22,0,0,11,0,5,18,29
400193,1,1,1982,17,17,17,17,17,17,17,17,17,17
400193,2,1,1982,0,0,0,0,0,0,0,0,0,0
400194,1,1,1982,21,21,21,21,21,21,21,21,21,21
400194,2,1,1982,0,0,0,0,0,0,0,0,0,0
400195,1,1,1982,5,5,5,5,5,5,5,5,5,5
400196,1,1,1982,8,8,8,8,8,8,8,8,8,8
400197,1,1,1982,0,0,0,0,0,0,0,0,0,0
400197,2,1,1982,0,0,0,9,0,0,0,0,0,0
400198,1,1,1982,0,0,0,9,0,0,0,0,0,0
400198,2,1,1982,0,0,0,0,0,0,0,0,0,0
400199,1,1,1982,0,0,0,0,0,0,0,0,0,0
400199,2,1,1982,0,0,0,0,0,0,0,0,0,0
400200,1,1,1982,0,0,0,0,0,0,0,0,0,0
400200,2,1,1982,0,0,0,0,0,0,0,0,0,0
400201,1,1,1982,0,0,0,0,0,0,0,0,0,0
400201,2,1,1982,0,0,6,0,0,0,0,0,0,0
400202,1,1,1982,18,18,18,18,18,18,18,18,18,18
400202,2,1,1982,0,0,0,0,0,0,0,0,0,0
400203,1,1,1982,0,0,0,0,8,0,0,0,0,0
400203,2,1,1982,0,0,0,0,0,0,0,0,0,0
400203,3,1,1982,0,0,0,0,0,0,0,0,0,0
400204,1,1,1982,0,0,0,0,0,0,0,0,0,0
400204,2,1,1982,0,0,0,0,0,0,0,0,0,0
400205,1,1,1982,0,9,0,0,0,0,0,0,0,0
400205,2,1,1982,0,0,0,13,0,0,0,12,0,0
400206,1,1,1982,6,6,6,6,6,6,6,6,6,6
400207,1,1,1982,3,14,21,4,25,21,18,8,10,9
400208,1,1,1982,12,12,12,12,12,12,12,12,12,12
400209,0,1,1982,5,5,5,5,5,5,5,5,5,5
400209,1,1,1982,27,0,0,0,5,0,0,0,12,24
400210,1,1,1982,0,0,0,0,0,0,0,0,0,0
400210,2,1,1982,0,0,0,0,0,0,0,0,0,0
400211,1,1,1982,16,16,16,16,16,16,16,16,16,16
400212,1,1,1982,26,0,18,27,23,17,15,19,31,23
400213,1,1,1982,0,12,0,0,0,0,0,0,0,0
400214,1,1,1982,0,0,0,0,0,0,0,0,0,0
400214,2,1,1982,21,21,21,21,21,21,21,21,21,21
400215,1,1,1982,0,0,0,0,0,0,0,0,0,0
400215,2,1,1982,0,0,0,0,0,0,0,0,0,0
400216,1,1,1982,0,0,0,0,0,0,0,0,0,0
400216,2,1,1982,0,0,0,0,0,0,0,0,0,0
400217,1,1,1982,24,24,24,24,24,24,24,24,24,24
400218,1,1,1982,0,0,0,0,0,0,0,0,0,0
400218,2,1,1982,0,0,0,0,0,0,0,12,0,0
400219,1,1,1982,0,0,0,0,17,0,0,5,0,0
400220,1,1,1982,26,26,26,26,26,26,26,26,26,26
400220,2,1,1982,0,0,0,7,0,0,0,0,0,3
400221,1,1,1982,0,0,0,0,0,0,0,0,0,0
400221,2,1,1982,18,18,18,18,18,18,18,18,18,18
400222,1,1,1982,13,13,13,13,13,13,13,13,13,13
400223,0,1,1982,0,0,0,0,0,0,0,0,0,0
400223,1,1,1982,0,0,0,0,0,0,0,0,0,0
400224,1,1,1982,0,0,0,0,3,0,0,0,0,0
400224,2,1,1982,0,0,0,0,0,0,0,0,0,0
400225,1,1,1982,0,0,0,0,0,0,0,0,0,0
400225,2,1,1982,16,19,14,0,18,0,18,21,9,0
400226,0,1,1982,22,22,22,22,22,22,22,22,22,22
400226,0,2,1982,33,33,33,33,33,33,33,33,33,33
400226,1,1,1982,0,0,0,0,4,24,0,0,17,0
400228,1,1,1982,12,12,12,12,12,12,12,12,12,12
400229,0,1,1982,4,4,4,4,4,4,4,4,4,4
400229,1,1,1982,31,31,31,31,31,31,31,31,31,31
400230,1,1,1982,11,11,11,11,11,11,11,11,11,11
400231,1,1,1982,11,22,15,14,13,0,25,12,8,13
400231,2,1,1982,0,0,0,0,0,0,0,0,0,0
400232,1,1,1982,6,20,0,0,0,0,0,0,0,0
400232,2,1,1982,0,20,4,0,11,8,19,5,24,0
400233,1,1,1982,10,10,10,10,10,10,10,10,10,10
400233,2,1,1982,28,28,28,28,28,28,28,28,28,28
400234,1,1,1982,11,11,11,11,11,11,11,11,11,11
400235,1,1,1982,15,15,15,15,15,15,15,15,15,15
400236,1,1,1982,18,25,3,15,11,23,15,8,12,19
400237,1,1,1982,2,2,2,2,2,2,2,2,2,2
400237,2,1,1982,0,0,0,0,0,0,0,0,0,0
400238,1,1,1982,0,0,0,0,0,0,0,0,0,0
400239,1,1,1982,17,17,17,17,17,17,17,17,17,17
400240,0,1,1982,0,0,0,0,0,0,0,0,0,0
400240,1,1,1982,0,8,0,8,0,0,0,0,0,0
400241,1,1,1982,14,14,14,14,14,14,14,14,14,14
400241,2,1,1982,0,0,0,0,0,0,0,0,0,0
400242,1,1,1982,0,0,0,0,0,0,0,0,0,0
400242,2,1,1982,0,0,0,0,0,0,0,0,0,0
400242,3,1,1982,0,0,0,0,15,0,13,0,0,0
400243,1,1,1982,26,26,26,26,26,26,26,26,26,26
400243,2,1,1982,0,0,0,0,0,0,0,0,0,0
400243,3,1,1982,0,11,7,0,0,0,0,13,0,0
400244,1,1,1982,0,0,0,0,0,0,0,0,0,0
400244,2,1,1982,0,0,0,0,0,0,0,0,0,0
400245,0,1,1982,7,7,7,7,7,7,7,7,7,7
400245,1,1,1982,25,25,25,25,25,25,25,25,25,25
400246,1,1,1982,0,0,0,0,0,0,0,0,0,0
400246,2,1,1982,0,0,0,0,0,0,0,0,0,0
400247,1,1,1982,17,17,17,17,17,17,17,17,17,17
400247,2,1,1982,0,0,0,0,0,0,0,0,0,0
400248,1,1,1982,16,16,16,16,16,16,16,16,16,16
400249,0,1,1982,25,25,25,25,25,25,25,25,25,25
400249,1,1,1982,11,3,7,13,0,9,0,0,19,7
400250,1,1,1982,0,0,0,0,0,0,0,0,0,0
400250,2,1,1982,0,0,0,0,0,0,0,0,0,0
400251,1,1,1982,0,0,0,0,0,0,0,0,0,0
400251,2,1,1982,0,0,0,0,0,0,0,0,0,0
400251,3,1,1982,0,0,0,0,0,0,0,0,0,0
400252,1,1,1982,16,11,19,20,18,13,27,20,23,15
400253,1,1,1982,0,0,0,0,0,0,0,0,0,0
400254,1,1,1982,16,28,19,15,9,17,18,18,14,11
400255,1,1,1982,0,0,0,0,0,0,0,0,0,0
400255,2,1,1982,0,0,0,0,0,0,0,0,0,0
400256,1,1,1982,23,23,23,23,23,23,23,23,23,23
400257,1,1,1982,0,0,0,14,0,0,0,0,0,0
400257,2,1,1982,0,0,0,19,0,0,0,0,0,0
400258,0,1,1982,16,8,26,7,13,16,22,7,16,23
400258,1,1,1982,0,0,0,0,0,0,0,0,0,0
400259,1,1,1982,0,0,0,0,0,0,0,0,0,0
400260,1,1,1982,0,0,0,0,0,0,0,0,0,0
400261,1,1,1982,15,15,15,15,15,15,15,15,15,15
400262,1,1,1982,13,22,0,26,22,13,15,8,28,12
400263,1,1,1982,14,26,29,18,7,10,15,0,18,16
400263,2,1,1982,0,0,0,0,0,0,0,0,0,0
400264,1,1,1982,13,13,13,13,13,13,13,13,13,13
400264,2,1,1982,11,23,16,10,14,35,4,4,11,15
400265,1,1,1982,0,0,0,0,0,0,0,0,0,0
400265,2,1,1982,36,11,9,17,8,13,7,43,32,13
400266,1,1,1982,24,24,24,24,24,24,24,24,24,24
400267,1,1,1982,15,31,0,0,17,0,0,0,0,6
400268,1,1,1982,16,0,0,0,0,0,0,0,0,0
400268,2,1,1982,16,16,16,22,11,23,26,11,35,25
400269,0,1,1982,0,0,0,0,0,0,0,0,0,0
400269,1,1,1982,0,0,0,0,0,0,0,0,0,0
400270,0,1,1982,0,0,0,0,0,0,0,0,0,0