ST_CASE,VEH_NO,PER_NO,YEAR,P1,P2,P3,P4,P5,P6,P7,P8,P9,P10
400542,1,1,1982,0,0,0,0,0,0,0,0,0,0
400543,1,1,1982,0,0,0,0,0,0,0,0,0,0
400543,2,1,1982,0,0,0,0,0,0,0,0,0,0
400544,1,1,1982,16,16,16,16,16,16,16,16,16,16
400545,1,1,1982,0,0,0,0,0,0,0,0,0,0
400546,1,1,1982,0,0,0,0,0,14,0,11,0,0
400547,1,1,1982,26,26,26,26,26,26,26,26,26,26
400548,0,1,1982,13,0,0,16,0,0,0,13,25,0
400548,1,1,1982,0,0,0,0,0,0,0,0,0,0
400549,1,1,1982,4,0,8,20,0,14,6,7,15,35
400550,1,1,1982,38,38,38,38,38,38,38,38,38,38
400551,0,1,1982,0,0,0,0,0,0,0,0,0,0
400551,1,1,1982,0,0,0,0,0,0,18,0,0,0
400552,1,1,1982,0,0,0,0,0,0,0,0,0,0
400553,1,1,1982,25,25,25,25,25,25,25,25,25,25
400553,2,1,1982,0,0,0,0,0,0,0,0,0,0
400554,1,1,1982,0,0,0,0,0,0,0,0,0,0
400554,2,1,1982,0,0,0,0,0,0,0,0,0,0
400555,1,1,1982,0,0,0,0,0,0,0,0,0,0
400556,1,1,1982,0,0,0,0,0,0,0,0,0,15
400557,1,1,1982,2,2,2,2,2,2,2,2,2,2
400558,1,1,1982,0,0,0,0,0,0,0,0,0,0
400558,2,1,1982,0,0,0,0,0,0,0,0,0,0
400558,3,1,1982,0,0,0,0,0,0,0,0,0,0
400559,0,1,1982,0,16,0,0,0,23,19,0,0,0
400559,0,2,1982,0,20,0,0,0,0,0,0,0,0
400559,1,1,1982,22,22,22,22,22,22,22,22,22,22
400560,0,1,1982,11,12,36,17,36,25,28,42,17,28
400560,1,1,1982,0,0,0,0,0,0,0,0,10,0
400561,0,1,1982,0,0,0,0,0,0,0,0,0,0
400561,1,1,1982,0,0,0,0,0,0,0,0,0,0
400562,1,1,1982,5,15,20,15,13,14,10,17,10,8
400563,1,1,1982,11,0,25,11,7,11,8,2,9,16
400564,1,1,1982,30,24,21,13,33,26,18,21,29,19
400565,1,1,1982,0,0,0,0,0,0,0,0,0,0
400565,2,1,1982,0,0,0,0,0,0,0,0,0,0
400566,1,1,1982,4,12,9,26,21,11,4,11,23,14
400566,2,1,1982,0,0,0,0,0,0,0,0,0,0
400567,1,1,1982,23,23,23,23,23,23,23,23,23,23
400568,1,1,1982,0,0,0,0,0,0,0,0,0,0
400568,2,1,1982,5,2,0,7,0,5,13,23,0,17
400568,3,1,1982,0,0,0,0,0,0,0,0,0,0
400569,1,1,1982,6,0,2,0,0,0,9,0,0,0
400570,1,1,1982,26,26,26,26,26,26,26,26,26,26
400571,1,1,1982,34,17,22,13,3,0,17,0,0,0
400572,1,1,1982,0,7,16,16,17,18,6,34,11,8
400573,1,1,1982,8,9,9,12,23,22,13,30,14,15
400574,1,1,1982,0,0,0,0,0,0,0,0,0,0
400574,2,1,1982,0,0,0,0,0,0,0,0,0,0
400575,1,1,1982,0,0,0,0,0,0,0,0,0,0
400575,2,1,1982,0,0,0,0,0,0,0,0,0,0
400576,1,1,1982,0,0,0,0,0,0,0,20,0,10
400576,2,1,1982,0,0,0,0,0,0,0,0,0,0
400577,1,1,1982,0,0,0,0,0,0,0,0,0,0
400577,2,1,1982,0,0,0,0,0,0,0,0,0,0
400577,3,1,1982,0,0,0,0,0,0,0,0,0,0
400578,0,1,1982,0,0,0,0,0,0,0,0,0,0
400578,1,1,1982,16,0,0,0,0,0,0,0,0,0
400579,1,1,1982,0,8,0,0,0,0,16,0,0,23
400580,1,1,1982,0,0,0,0,0,0,0,0,0,0
400581,1,1,1982,0,0,0,0,0,0,0,0,0,0
400582,1,1,1982,18,12,9,19,20,26,10,14,17,11
400583,1,1,1982,0,0,16,0,0,0,0,0,0,0
400583,2,1,1982,0,0,0,0,0,0,0,0,0,0
400584,1,1,1982,0,0,0,0,0,0,0,0,0,0
400585,1,1,1982,0,0,0,0,0,0,0,0,0,0
400585,2,1,1982,0,0,0,0,0,0,0,0,0,0
400586,1,1,1982,22,22,22,22,22,22,22,22,22,22
400587,1,1,1982,27,27,27,27,27,27,27,27,27,27
400588,1,1,1982,0,0,7,0,0,0,0,0,0,0
400589,1,1,1982,31,31,31,31,31,31,31,31,31,31
400590,1,1,1982,24,24,24,24,24,24,24,24,24,24
400591,1,1,1982,26,26,26,26,26,26,26,26,26,26
400592,0,1,1982,0,0,0,0,0,0,0,0,0,0
400592,1,1,1982,0,3,5,0,6,44,0,18,10,12
400593,1,1,1982,15,0,0,0,0,0,0,0,0,0
400593,2,1,1982,0,0,5,0,0,0,0,0,0,0
400593,3,1,1982,0,4,0,0,0,0,0,0,0,13
400594,1,1,1982,0,0,0,0,0,0,0,0,0,0
400594,2,1,1982,0,0,0,0,0,0,0,0,0,0
400595,1,1,1982,20,20,20,20,20,20,20,20,20,20
400596,1,1,1982,27,27,27,27,27,27,27,27,27,27
400596,2,1,1982,0,0,0,0,0,0,0,0,0,0
400597,1,1,1982,9,7,16,20,14,28,8,14,22,24
400597,2,1,1982,14,14,14,14,14,14,14,14,14,14
400598,1,1,1982,8,8,8,8,8,8,8,8,8,8
400598,2,1,1982,0,0,0,0,0,0,0,0,0,0
400599,1,1,1982,0,0,0,0,0,0,0,0,0,0
400599,2,1,1982,0,0,0,0,0,0,0,0,0,0
400600,1,1,1982,4,9,0,17,14,17,34,19,5,0
400601,1,1,1982,0,0,8,0,18,16,21,25,14,16
400601,2,1,1982,0,0,0,0,0,0,0,21,0,0
400602,1,1,1982,0,0,0,0,0,0,0,0,0,0
400602,2,1,1982,0,0,0,0,0,26,0,0,0,0
400603,1,1,1982,20,20,20,20,20,20,20,20,20,20
400603,2,1,1982,0,0,0,0,4,0,0,0,0,0
400604,1,1,1982,13,13,13,13,13,13,13,13,13,13
400604,2,1,1982,0,0,12,0,0,0,0,0,0,0
400605,1,1,1982,25,25,25,25,25,25,25,25,25,25
400606,1,1,1982,21,21,21,21,21,21,21,21,21,21
400606,2,1,1982,3,3,3,3,3,3,3,3,3,3
400606,3,1,1982,0,0,0,0,0,0,15,0,0,0
400607,0,1,1982,0,0,0,0,0,0,16,0,0,0
400607,1,1,1982,0,0,0,0,0,0,0,0,0,0
400608,0,1,1982,22,22,22,22,22,22,22,22,22,22
400608,1,1,1982,0,0,0,0,0,0,0,0,0,0
400609,0,1,1982,0,0,0,0,0,0,0,0,0,0
400609,1,1,1982,0,0,0,0,0,0,23,0,0,0
400610,1,1,1982,0,0,0,0,0,0,0,0,0,0
400610,2,1,1982,0,0,0,0,0,0,0,0,0,0
400611,1,1,1982,3,13,15,11,13,8,22,5,12,10
400611,2,1,1982,0,0,0,0,0,0,0,0,0,0
400612,1,1,1982,0,29,17,0,0,0,0,0,0,0
400613,1,1,1982,0,7,0,0,0,0,6,0,0,0
400613,2,1,1982,0,0,0,0,0,0,0,0,0,0
400614,0,1,1982,0,0,13,21,0,20,10,0,0,0
400614,1,1,1982,28,28,28,28,28,28,28,28,28,28
400615,1,1,1982,0,0,0,0,0,0,0,0,0,0
400616,1,1,1982,12,12,12,12,12,12,12,12,12,12
400616,2,1,1982,0,0,0,0,0,0,0,0,0,0
400617,1,1,1982,26,16,12,0,5,25,13,12,13,11
400617,2,1,1982,0,0,0,0,0,0,0,0,0,0
400618,1,1,1982,6,11,23,8,6,12,20,13,8,23
400618,2,1,1982,25,25,25,25,25,25,25,25,25,25
400619,1,1,1982,0,0,0,0,0,0,0,0,0,0
400619,2,1,1982,0,0,0,0,0,0,0,0,0,0
400620,0,1,1982,19,19,19,19,19,19,19,19,19,19
400620,1,1,1982,0,0,3,0,0,0,10,15,0,24
400621,1,1,1982,0,0,0,0,0,0,0,0,0,0
400621,2,1,1982,0,0,0,0,0,0,0,0,12,6
400622,1,1,1982,22,12,23,12,29,10,18,27,32,15
400622,2,1,1982,0,0,0,0,0,0,0,0,0,0
400623,1,1,1982,21,21,21,21,21,21,21,21,21,21
400624,1,1,1982,8,12,3,15,0,9,5,11,4,7
400624,2,1,1982,23,23,23,23,23,23,23,23,23,23
400625,0,1,1982,0,0,0,0,0,0,0,0,0,0
400625,1,1,1982,0,0,0,0,0,0,0,0,0,0
400626,1,1,1982,12,12,12,12,12,12,12,12,12,12
400627,0,1,1982,0,0,0,0,0,0,0,0,0,0
400627,1,1,1982,0,0,0,0,0,0,0,0,2,0
400628,1,1,1982,5,5,5,5,5,5,5,5,5,5
400628,2,1,1982,0,0,0,7,0,0,0,0,0,0
400629,1,1,1982,14,14,14,14,14,14,14,14,14,14
400630,1,1,1982,0,0,2,0,0,17,0,0,0,8
400631,1,1,1982,15,16,11,11,17,16,30,25,16,27
400632,1,1,1982,34,34,34,34,34,34,34,34,34,34
400632,2,1,1982,0,0,0,0,0,0,0,0,0,0
400633,1,1,1982,30,30,30,30,30,30,30,30,30,30
400634,1,1,1982,4,4,4,4,4,4,4,4,4,4
400634,2,1,1982,0,0,0,0,0,0,0,0,0,0
400635,1,1,1982,0,0,0,2,0,0,0,0,0,0
400635,2,1,1982,14,12,20,28,13,12,6,25,14,10
400636,1,1,1982,14,0,28,33,22,0,0,0,0,0
400636,2,1,1982,19,0,0,0,0,10,22,0,0,0
400637,1,1,1982,27,26,20,40,28,18,12,18,0,16
400637,2,1,1982,35,15,10,10,17,16,8,20,12,31
400638,1,1,1982,21,21,21,21,21,21,21,21,21,21
400638,2,1,1982,0,0,0,0,0,0,0,0,0,0
400639,1,1,1982,5,5,5,5,5,5,5,5,5,5
400639,2,1,1982,0,0,23,0,0,0,22,0,0,0
400639,3,1,1982,0,7,0,0,11,0,16,0,0,0
400640,1,1,1982,0,0,0,19,0,0,0,0,0,0
400641,1,1,1982,0,4,0,0,0,0,16,0,8,0
400641,2,1,1982,0,0,0,0,0,0,0,0,0,0
400642,1,1,1982,0,0,0,0,0,0,0,0,0,0
400642,2,1,1982,0,0,0,0,21,0,0,0,0,0
400643,1,1,1982,19,19,19,19,19,19,19,19,19,19
400643,2,1,1982,0,0,0,0,0,9,0,6,0,0
400644,1,1,1982,24,24,24,24,24,24,24,24,24,24
400644,2,1,1982,0,0,0,0,0,0,0,0,0,0
400645,1,1,1982,15,27,26,39,7,19,22,26,7,24
400646,1,1,1982,0,0,13,0,0,0,0,0,0,0
400646,2,1,1982,0,0,0,0,0,0,0,0,0,0
400647,1,1,1982,32,18,0,29,17,9,11,30,10,14
400648,1,1,1982,0,25,26,14,13,13,27,14,12,17
400649,1,1,1982,0,0,0,0,0,0,0,0,0,0
400649,2,1,1982,0,0,0,0,0,0,0,0,0,0
400650,1,1,1982,0,0,0,0,17,0,0,0,0,0
400651,1,1,1982,0,0,0,0,0,0,0,5,0,0
400651,2,1,1982,0,0,0,0,0,0,0,0,0,0
400652,1,1,1982,28,8,16,9,0,30,3,12,24,5
400652,2,1,1982,0,0,0,0,0,0,0,0,0,0
400652,3,1,1982,0,0,0,0,0,0,0,0,0,0
400652,4,1,1982,0,0,0,0,0,0,16,7,6,26
400653,1,1,1982,3,3,3,3,3,3,3,3,3,3
400654,1,1,1982,0,0,13,0,0,0,0,0,0,0
400655,1,1,1982,0,0,31,8,0,0,0,20,0,0
400655,2,1,1982,19,0,18,16,8,0,0,0,0,18
400656,1,1,1982,13,13,13,13,13,13,13,13,13,13
400657,1,1,1982,0,21,0,0,0,0,0,0,0,0
400657,2,1,1982,0,0,0,0,0,0,0,0,0,0
400657,3,1,1982,0,0,0,0,0,0,0,0,0,0
400657,4,1,1982,0,0,0,0,0,0,0,0,0,0
400657,5,1,1982,0,6,0,0,0,0,0,0,0,0
400658,1,1,1982,18,18,18,18,18,18,18,18,18,18
400659,0,1,1982,24,24,24,24,24,24,24,24,24,24
400659,1,1,1982,0,0,0,0,0,0,10,0,0,0
400660,1,1,1982,0,0,0,0,0,0,0,0,0,0
400661,1,1,1982,0,0,0,0,0,0,0,0,0,0
400661,2,1,1982,0,0,0,0,0,0,0,0,0,0
400662,1,1,1982,27,27,27,27,27,27,27,27,27,27
400663,1,1,1982,17,17,17,17,17,17,17,17,17,17
400663,2,1,1982,0,0,0,0,0,0,0,0,0,0
400664,1,1,1982,21,6,12,25,4,21,23,16,21,19
400664,2,2,1982,2,2,2,2,2,2,2,2,2,2
400665,1,1,1982,19,19,19,19,19,19,19,19,19,19
400666,0,1,1982,0,0,0,0,0,0,0,0,0,0
400666,1,1,1982,0,0,0,7,0,0,0,0,0,0
400667,0,1,1982,0,0,0,0,0,0,0,0,0,0
400667,1,1,1982,26,26,26,26,26,26,26,26,26,26
400668,1,1,1982,0,16,14,0,0,65,0,51,0,0
400669,1,1,1982,21,7,0,10,14,18,0,17,26,23
400669,2,1,1982,0,0,0,0,0,0,0,0,0,0
400670,1,1,1982,0,20,0,12,0,13,10,0,17,0
400671,1,1,1982,0,0,0,0,0,0,0,0,0,0
400671,2,1,1982,0,0,0,0,0,0,2,0,0,6
400672,1,1,1982,0,0,0,0,0,0,0,0,0,0
400672,2,1,1982,0,0,0,0,0,0,0,0,0,0
400673,0,1,1982,0,34,0,19,0,15,0,0,13,17
400673,1,1,1982,14,14,12,19,19,22,10,23,10,9
400674,1,1,1982,17,17,17,17,17,17,17,17,17,17
400675,1,1,1982,0,0,0,0,0,0,0,0,0,0
400675,2,1,1982,0,0,0,0,0,0,0,0,0,0
400676,1,1,1982,0,0,0,0,0,0,0,0,0,0
400677,1,1,1982,17,13,0,8,0,0,0,0,0,0
400677,2,1,1982,0,0,0,0,0,0,0,0,0,0
400678,1,1,1982,1,1,1,1,1,1,1,1,1,1
400678,2,1,1982,24,24,24,24,24,24,24,24,24,24
400679,1,1,1982,0,0,0,0,12,0,0,0,12,0
400679,2,1,1982,0,0,0,0,0,0,0,0,0,0
400680,1,1,1982,0,0,0,0,0,0,0,0,0,0
400681,1,1,1982,9,0,0,0,4,0,0,27,0,0
400682,0,1,1982,0,0,0,0,0,0,0,0,0,0
400682,1,1,1982,0,0,0,0,0,0,0,0,0,0
400683,0,1,1982,25,25,25,25,25,25,25,25,25,25
400683,1,1,1982,8,8,8,8,8,8,8,8,8,8
400684,1,1,1982,17,17,17,17,17,17,17,17,17,17
400685,1,1,1982,0,0,0,0,0,0,0,0,0,0
400685,2,1,1982,22,22,22,22,22,22,22,22,22,22
400686,1,1,1982,11,31,21,4,23,25,31,12,17,39
400687,1,1,1982,20,28,14,8,37,0,7,0,12,29
400687,2,1,1982,0,0,0,0,0,0,0,0,0,0
400688,1,1,1982,0,0,0,0,0,0,0,0,18,8
400689,1,1,1982,33,33,33,33,33,33,33,33,33,33
400690,1,1,1982,12,0,0,0,0,14,0,0,0,8
400690,2,1,1982,0,0,0,0,0,0,0,0,0,0
400691,1,1,1982,0,0,0,0,0,0,0,0,0,0
400691,2,1,1982,0,0,0,0,11,0,0,0,0,0
400692,1,1,1982,0,0,0,0,0,0,17,0,0,6
400692,2,1,1982,0,0,0,0,0,0,0,0,0,0
400693,1,1,1982,0,0,0,0,0,0,0,0,0,0
400693,2,1,1982,0,0,0,0,0,18,0,0,0,0
400694,1,1,1982,11,26,22,22,33,13,16,23,0,11
400694,2,1,1982,22,11,13,14,25,16,18,18,23,14
400695,1,1,1982,11,11,11,11,11,11,11,11,11,11
400696,1,1,1982,8,5,10,12,25,10,5,8,18,28
400697,1,1,1982,0,0,0,0,0,0,0,0,13,0
400698,1,1,1982,0,0,0,0,0,0,0,0,0,0
400698,2,1,1982,0,0,0,0,0,0,0,0,0,0
400699,1,1,1982,5,3,18,12,17,10,9,12,21,22
400700,1,1,1982,0,0,0,0,0,0,0,0,0,0
400701,1,1,1982,6,23,10,23,22,8,9,12,14,0
400701,2,1,1982,0,0,0,0,0,0,0,0,0,0
400702,1,1,1982,0,0,0,0,0,0,0,0,0,0
400703,1,1,1982,15,18,18,4,32,26,24,28,29,21
400704,1,1,1982,14,0,9,0,0,24,11,13,5,15
400704,2,1,1982,0,0,0,0,0,0,0,10,0,0
400705,0,1,1982,19,19,19,19,19,19,19,19,19,19
400705,1,1,1982,0,0,0,0,0,0,20,0,0,0
400706,1,1,1982,0,0,0,0,0,0,0,0,0,0
400706,2,1,1982,4,4,4,4,4,4,4,4,4,4
400707,1,1,1982,0,0,0,0,0,0,0,0,0,0
400708,1,1,1982,0,0,0,0,0,0,0,0,0,0
400709,1,1,1982,30,19,20,22,20,23,14,18,11,5
400710,1,1,1982,26,13,12,8,18,22,14,20,5,15
400710,2,1,1982,0,0,0,0,0,0,0,0,0,0
400711,1,1,1982,27,27,27,27,27,27,27,27,27,27
400712,0,1,1982,0,0,0,0,0,0,0,0,0,0
400712,0,2,1982,0,0,0,0,0,0,0,0,0,0
400712,1,1,1982,17,17,15,13,18,12,22,12,11,5
400713,1,1,1982,0,0,0,0,0,0,0,0,0,0
400713,2,1,1982,0,0,0,0,0,0,0,0,0,0
400714,1,1,1982,0,0,0,0,13,0,10,0,0,0
400714,2,1,1982,0,0,0,0,0,0,0,0,0,0
400715,1,1,1982,6,6,6,6,6,6,6,6,6,6
400716,1,1,1982,0,0,0,0,0,0,0,0,0,0
400717,1,1,1982,12,19,5,4,10,13,33,16,12,8
400717,2,1,1982,24,24,24,24,24,24,24,24,24,24
400718,1,1,1982,7,7,7,7,7,7,7,7,7,7
400719,1,1,1982,0,0,0,0,0,0,0,0,0,0
400720,1,1,1982,0,0,0,0,17,0,0,0,0,0
400720,2,1,1982,0,0,0,0,0,0,0,0,0,0
400721,1,1,1982,0,0,20,0,0,0,0,0,0,16
400721,2,1,1982,0,0,0,0,0,0,0,0,0,0
400722,0,1,1982,40,40,40,40,40,40,40,40,40,40
400722,1,1,1982,26,0,5,12,28,0,2,14,0,38
400723,1,1,1982,0,0,0,0,0,0,0,0,0,0
400724,0,1,1982,0,0,0,0,0,0,0,0,0,0
400724,1,1,1982,0,0,0,0,0,0,33,0,0,0
400725,1,1,1982,0,0,0,0,0,0,0,0,0,0
400725,2,1,1982,0,0,0,0,0,0,0,0,0,0
400726,1,1,1982,0,8,0,0,0,0,0,0,0,0
400726,2,1,1982,0,0,0,0,0,0,0,0,0,0
400727,1,1,1982,0,0,0,0,0,0,0,0,0,0
400727,2,1,1982,0,0,0,0,0,0,0,0,0,0
400728,1,1,1982,0,6,15,14,27,17,0,22,9,13
400728,2,1,1982,0,0,0,0,0,0,0,4,0,0
400729,1,1,1982,0,0,0,0,0,0,0,0,0,0
400730,1,1,1982,21,21,21,21,21,21,21,21,21,21
400731,1,1,1982,15,15,15,15,15,15,15,15,15,15
400732,1,1,1982,17,17,17,17,17,17,17,17,17,17
400733,1,1,1982,0,0,0,0,0,0,0,0,0,0
400734,1,1,1982,0,0,0,0,0,0,0,0,0,0
400734,2,1,1982,0,0,0,0,0,0,0,0,0,0
400735,1,1,1982,26,26,26,26,26,26,26,26,26,26
400736,1,1,1982,0,0,0,0,0,0,0,0,0,0
400736,2,1,1982,0,0,9,0,0,0,0,0,0,0
400737,1,1,1982,0,0,0,0,0,0,0,0,0,0
400738,1,1,1982,27,27,27,27,27,27,27,27,27,27
400739,0,1,1982,27,27,27,27,27,27,27,27,27,27
400739,1,1,1982,14,24,3,34,28,17,12,21,28,0
400740,1,1,1982,0,0,0,0,0,0,0,0,0,0
400740,2,1,1982,0,0,0,0,0,0,0,0,0,0
400741,1,1,1982,33,33,33,33,33,33,33,33,33,33
400742,1,1,1982,28,28,28,28,28,28,28,28,28,28
400742,2,1,1982,0,0,0,0,0,0,0,0,0,3
400742,3,1,1982,0,0,0,0,0,0,0,0,0,7
400743,1,1,1982,0,0,0,0,0,0,0,0,0,0
400743,2,1,1982,0,0,0,0,0,0,0,0,0,0
400744,0,1,1982,0,0,0,0,0,0,0,0,0,0
400744,1,1,1982,0,0,0,14,0,0,0,0,0,0
400744,2,1,1982,0,0,5,0,0,7,0,0,0,12
400745,0,1,1982,0,0,0,0,0,0,0,0,0,0
400745,1,1,1982,0,0,16,14,0,0,0,0,0,0
400746,1,1,1982,0,0,0,0,0,0,0,0,0,0
400746,2,1,1982,0,0,0,0,0,0,0,0,0,0
400747,1,1,1982,4,0,0,0,0,23,17,17,19,15
400747,2,1,1982,0,0,0,0,0,0,0,0,0,0
400748,1,1,1982,0,0,0,0,0,0,0,0,0,0
400749,1,1,1982,0,0,0,0,0,0,10,0,0,0
400749,2,1,1982,0,0,0,0,0,0,0,0,5,0
400750,1,1,1982,24,24,24,24,24,24,24,24,24,24
400751,0,1,1982,24,20,19,0,14,16,11,14,21,8
400751,1,1,1982,0,0,17,0,0,0,0,0,0,0
400752,1,1,1982,0,20,7,27,0,12,22,14,12,18
400753,0,1,1982,0,0,0,0,0,10,0,0,0,0
400753,1,1,1982,0,0,0,0,0,0,0,0,0,0
400754,1,1,1982,0,0,0,0,27,0,0,0,0,0
400755,1,2,1982,0,0,0,0,0,0,0,0,0,0
400756,1,1,1982,14,26,14,15,23,8,12,10,6,20
400756,2,1,1982,23,23,23,23,23,23,23,23,23,23
400757,1,1,1982,14,10,20,10,23,11,26,15,4,7
400757,2,1,1982,0,0,0,0,0,19,0,16,0,0
400758,1,1,1982,14,16,17,7,14,35,17,17,16,19
400759,1,1,1982,29,29,29,29,29,29,29,29,29,29
400760,1,1,1982,20,20,20,20,20,20,20,20,20,20
400760,2,1,1982,0,0,0,0,0,0,0,0,0,0
400761,1,1,1982,21,21,21,21,21,21,21,21,21,21
400762,1,1,1982,0,0,0,0,0,0,0,0,0,0
400763,1,1,1982,6,0,0,0,0,0,0,0,0,0
400763,2,1,1982,0,0,0,0,0,0,0,0,0,0
400764,1,1,1982,0,22,17,0,47,45,23,0,0,25
400765,1,1,1982,0,0,0,0,0,0,0,0,0,0
400765,2,1,1982,0,0,0,0,0,0,0,0,0,0
400766,0,1,1982,6,6,6,6,6,6,6,6,6,6
400766,1,1,1982,0,0,0,0,0,0,0,0,0,0
400767,1,1,1982,28,28,28,28,28,28,28,28,28,28
400768,0,1,1982,2,2,2,2,2,2,2,2,2,2
400768,1,1,1982,0,0,0,0,0,0,0,0,0,0
400769,1,1,1982,0,14,0,0,0,0,0,0,0,0
400769,2,1,1982,0,0,0,0,0,0,0,0,0,0
400770,1,1,1982,23,23,23,23,23,23,23,23,23,23
400770,2,1,1982,0,0,0,0,0,0,0,0,0,0
400771,1,1,1982,0,0,0,0,0,0,0,0,0,0
400771,2,1,1982,0,0,0,0,0,0,0,0,0,0
400772,1,1,1982,7,11,25,14,8,16,10,12,5,25
400773,1,1,1982,0,0,0,0,0,0,0,0,0,0
400773,2,1,1982,0,0,0,0,0,0,0,0,0,0
400774,1,1,1982,5,8,12,19,0,0,7,13,0,17
400774,2,1,1982,0,14,0,0,0,0,0,0,0,0
400775,1,1,1982,0,0,0,0,0,0,0,0,0,0
400776,1,1,1982,0,7,9,17,0,14,18,6,9,0
400776,2,1,1982,0,0,0,0,0,0,0,0,0,0
400776,3,1,1982,0,0,0,0,0,0,0,0,0,23
400777,1,1,1982,19,19,19,19,19,19,19,19,19,19
400778,1,1,1982,29,19,8,10,16,20,12,0,11,21
400779,1,5,1982,0,0,0,0,0,0,0,0,0,0
400780,1,1,1982,11,11,11,11,11,11,11,11,11,11
400781,1,1,1982,17,20,19,0,22,22,11,14,16,16
400781,2,1,1982,0,0,0,0,0,0,0,0,0,0
400782,1,1,1982,0,0,0,0,0,0,0,0,0,0
400783,1,1,1982,8,8,8,8,8,8,8,8,8,8
400783,2,1,1982,0,0,13,0,0,0,0,0,0,16
400784,1,1,1982,0,0,0,0,0,0,0,0,0,0
400785,1,1,1982,12,42,11,19,16,25,16,17,26,15
400785,2,1,1982,8,22,0,17,7,15,15,3,0,15
400786,1,1,1982,0,0,0,0,0,0,0,0,0,0
400787,1,1,1982,0,0,0,0,0,0,0,0,0,0
400787,2,1,1982,0,0,0,0,0,12,0,0,0,0
400788,1,1,1982,0,0,0,0,0,0,0,0,0,0
400788,2,1,1982,0,0,0,0,0,0,0,0,0,0
400789,1,1,1982,25,25,25,25,25,25,25,25,25,25
400790,1,1,1982,0,0,0,0,0,0,0,8,0,0
400790,2,1,1982,0,0,0,0,0,0,0,0,0,0
400791,1,1,1982,17,17,17,17,17,17,17,17,17,17
400792,1,1,1982,0,0,0,0,0,0,0,0,0,0
400792,2,1,1982,0,7,10,0,0,0,13,6,25,13
400792,3,1,1982,0,0,0,0,0,0,0,0,0,0
400793,1,1,1982,0,0,0,0,0,0,0,0,0,0
400793,2,1,1982,0,0,0,0,0,0,0,0,0,0
400794,1,1,1982,11,11,11,11,11,11,11,11,11,11
400795,1,1,1982,0,0,0,0,0,0,0,0,0,0
400795,2,1,1982,16,19,14,9,18,16,6,18,17,21
400796,1,1,1982,23,23,23,23,23,23,23,23,23,23
400797,1,1,1982,11,22,28,16,0,8,12,10,19,0
400797,2,1,1982,0,0,0,0,0,0,0,0,0,0
400797,3,1,1982,0,0,0,0,0,0,0,0,0,0
400797,4,1,1982,0,0,0,0,0,0,0,0,0,0
400798,1,1,1982,14,26,12,19,28,20,17,17,5,15
400799,1,1,1982,0,0,0,0,0,0,0,0,0,0
400799,2,1,1982,0,0,0,0,0,0,0,0,0,0
400800,1,1,1982,18,23,16,9,14,0,7,12,14,16
400801,1,1,1982,7,0,12,30,0,0,30,25,0,0
400801,2,1,1982,21,12,15,20,5,20,11,25,10,19
400802,1,1,1982,0,0,4,6,0,0,0,0,0,0
400802,2,1,1982,0,0,0,28,0,0,0,0,0,14
400803,1,1,1982,0,9,4,0,0,0,19,0,0,11
400804,1,1,1982,0,0,0,0,0,0,0,0,0,0
400804,2,1,1982,0,0,2,0,0,0,0,0,0,0
400804,3,1,1982,0,0,0,0,0,0,0,0,0,0
400805,1,1,1982,18,18,18,18,18,18,18,18,18,18
400806,1,1,1982,14,14,14,14,14,14,14,14,14,14
400807,1,1,1982,8,8,8,8,8,8,8,8,8,8
400808,1,1,1982,2,2,2,2,2,2,2,2,2,2
400809,1,1,1982,6,0,10,19,19,17,23,20,28,21
400810,1,1,1982,0,0,0,0,0,0,0,0,0,0
400810,2,1,1982,0,0,0,0,0,0,0,0,0,0
400811,1,1,1982,4,4,4,4,4,4,4,4,4,4
400811,2,1,1982,0,0,0,0,0,0,0,0,0,0
400812,1,1,1982,26,26,26,26,26,26,26,26,26,26
400813,1,1,1982,21,21,21,21,21,21,21,21,21,21
400813,2,1,1982,0,0,0,0,0,0,0,0,0,0
400814,0,1,1982,0,0,0,0,0,0,0,0,0,0
400814,1,1,1982,0,0,0,24,0,0,0,21,0,7
400815,1,1,1982,0,0,0,22,0,19,0,0,0,0
400815,2,1,1982,0,0,0,0,0,0,0,0,0,0
400816,1,1,1982,0,0,0,0,0,0,0,0,0,0
400817,1,1,1982,0,28,16,15,33,16,26,20,19,30
400818,1,1,1982,14,14,14,14,14,14,14,14,14,14
400819,0,1,1982,18,18,18,18,18,18,18,18,18,18
400819,1,1,1982,0,26,21,26,0,0,0,8,0,0
400820,1,1,1982,4,4,4,4,4,4,4,4,4,4
400820,2,1,1982,0,0,16,19,0,0,0,20,0,0
400821,1,1,1982,0,0,0,0,0,0,0,0,0,0
400821,2,1,1982,0,0,0,0,0,0,0,0,0,0
400822,1,1,1982,10,10,10,10,10,10,10,10,10,10
400822,2,1,1982,0,0,0,0,0,0,0,0,0,0
400823,1,1,1982,14,20,14,36,0,22,13,16,18,13
400824,1,1,1982,0,12,8,7,12,6,10,13,12,17
400824,2,1,1982,0,0,0,0,0,0,0,0,0,0
400825,1,1,1982,12,12,12,12,12,12,12,12,12,12
400826,1,1,1982,0,0,0,0,0,0,0,0,0,0
400827,1,1,1982,24,24,24,24,24,24,24,24,24,24
400828,1,1,1982,23,23,23,23,23,23,23,23,23,23
400829,1,1,1982,0,0,0,0,0,0,0,0,0,0