ST_CASE,VEH_NO,PER_NO,YEAR,P1,P2,P3,P4,P5,P6,P7,P8,P9,P10
410186,6,1,1982,0,0,0,0,0,0,0,0,0,0
410186,7,1,1982,3,0,0,0,0,0,22,0,0,0
410187,1,1,1982,5,8,0,0,0,0,10,0,0,4
410187,2,1,1982,0,0,0,0,0,0,0,0,0,0
410188,1,1,1982,11,11,11,11,11,11,11,11,11,11
410189,1,1,1982,0,22,25,17,14,0,17,7,0,0
410190,1,1,1982,21,21,21,21,21,21,21,21,21,21
410191,1,1,1982,0,0,0,0,0,0,0,0,0,0
410191,2,1,1982,0,0,0,0,0,0,0,0,0,0
410192,1,1,1982,0,0,0,0,0,0,0,0,0,0
410192,2,1,1982,0,24,0,0,34,18,0,27,25,0
410192,3,1,1982,10,0,0,0,8,0,0,0,19,0
410193,1,1,1982,15,15,15,15,15,15,15,15,15,15
410194,1,1,1982,0,0,0,0,0,0,0,0,0,0
410195,1,1,1982,0,0,0,0,7,0,0,0,0,0
410196,0,1,1982,0,0,0,0,0,0,0,0,0,0
410196,0,2,1982,0,0,7,0,0,19,15,0,4,13
410196,1,1,1982,0,0,0,0,0,0,0,0,0,0
410197,1,1,1982,0,0,0,0,0,0,0,0,0,0
410197,2,1,1982,0,0,0,0,0,0,0,0,0,0
410198,1,1,1982,14,14,14,14,14,14,14,14,14,14
410198,2,1,1982,1,1,1,1,1,1,1,1,1,1
410199,1,1,1982,0,0,0,0,0,0,0,0,0,0
410200,1,1,1982,18,18,18,18,18,18,18,18,18,18
410201,1,1,1982,17,0,15,13,0,0,0,0,15,0
410201,2,1,1982,10,0,0,16,15,9,0,20,29,0
410202,1,1,1982,5,5,5,5,5,5,5,5,5,5
410203,1,1,1982,25,25,25,25,25,25,25,25,25,25
410204,1,1,1982,5,5,5,5,5,5,5,5,5,5
410204,2,1,1982,24,24,24,24,24,24,24,24,24,24
410205,1,1,1982,17,17,17,17,17,17,17,17,17,17
410206,1,1,1982,12,12,12,12,12,12,12,12,12,12
410207,1,1,1982,0,0,9,0,0,0,16,0,0,8
410207,2,1,1982,0,0,0,0,0,0,0,0,0,0
410208,1,1,1982,0,0,0,0,0,0,0,0,0,0
410209,0,1,1982,0,0,0,0,0,0,0,0,0,0
410209,1,1,1982,15,7,0,0,0,0,0,0,0,0
410210,1,1,1982,0,0,0,0,0,0,0,0,0,0
410211,1,1,1982,7,7,7,7,7,7,7,7,7,7
410211,2,1,1982,0,0,0,0,0,0,21,0,0,0
410211,3,1,1982,0,0,0,0,0,0,12,0,0,0
410211,4,1,1982,0,0,0,0,0,0,0,0,0,0
410212,1,1,1982,0,0,0,0,0,0,0,0,0,0
410212,2,1,1982,0,0,0,0,0,0,0,0,0,0
410213,1,1,1982,15,15,15,15,15,15,15,15,15,15
410214,1,1,1982,12,12,12,12,12,12,12,12,12,12
410214,2,1,1982,0,0,0,0,0,0,0,0,29,0
410215,1,1,1982,5,5,5,5,5,5,5,5,5,5
410216,1,1,1982,1,1,1,1,1,1,1,1,1,1
410217,1,1,1982,24,24,24,24,24,24,24,24,24,24
410218,1,1,1982,0,0,0,0,0,0,0,0,0,0
410219,1,1,1982,26,26,26,26,26,26,26,26,26,26
410219,2,1,1982,0,8,0,0,0,0,0,0,0,0
410220,1,1,1982,19,19,19,19,19,19,19,19,19,19
410221,1,1,1982,0,0,0,0,18,0,0,6,0,17
410221,2,1,1982,0,0,0,0,0,0,0,0,0,0
410222,1,1,1982,18,18,18,18,18,18,18,18,18,18
410223,1,1,1982,24,24,24,24,24,24,24,24,24,24
410224,1,1,1982,11,11,11,11,11,11,11,11,11,11
410224,2,1,1982,0,0,0,0,0,0,0,0,0,0
410224,3,1,1982,18,0,0,0,0,0,0,0,0,0
410225,1,1,1982,0,0,0,0,0,0,0,0,0,0
410226,1,1,1982,0,0,0,0,0,0,0,0,0,0
410227,1,1,1982,0,0,0,0,0,0,0,0,0,19
410228,1,1,1982,13,13,13,13,13,13,13,13,13,13
410229,1,1,1982,18,18,18,18,18,18,18,18,18,18
410230,1,1,1982,0,23,0,0,0,0,0,0,0,0
410231,1,1,1982,33,33,33,33,33,33,33,33,33,33
410232,1,1,1982,0,0,0,0,0,0,0,0,0,0
410232,2,1,1982,0,0,0,0,0,0,0,0,0,0
410234,1,1,1982,19,19,19,19,19,19,19,19,19,19
410235,1,1,1982,18,18,18,18,18,18,18,18,18,18
410236,0,1,1982,0,0,0,0,0,0,0,0,0,0
410236,1,1,1982,0,26,19,0,0,8,0,14,21,12
410237,1,1,1982,6,6,6,6,6,6,6,6,6,6
410238,1,1,1982,12,12,12,12,12,12,12,12,12,12
410239,1,2,1982,20,0,10,0,14,22,0,8,8,0
410240,1,1,1982,24,24,24,24,24,24,24,24,24,24
410241,1,1,1982,0,0,0,0,0,14,0,18,0,0
410241,2,1,1982,0,0,13,0,0,0,17,0,0,20
410242,1,1,1982,20,20,20,20,20,20,20,20,20,20
410242,2,1,1982,0,0,0,0,0,0,0,0,0,0
410243,1,1,1982,15,15,15,15,15,15,15,15,15,15
410244,1,1,1982,0,0,0,0,0,0,0,0,0,0
410245,1,1,1982,0,0,0,0,0,0,0,0,0,0
410246,1,1,1982,0,0,0,0,1,0,0,0,0,0
410246,2,1,1982,0,0,0,0,0,0,0,0,0,0
410248,1,1,1982,15,0,12,6,18,11,11,14,0,13
410248,2,1,1982,0,15,0,0,0,0,0,14,0,0
410249,0,1,1982,0,0,0,0,0,0,0,0,0,0
410249,1,1,1982,0,0,0,0,14,0,0,0,0,0
410250,1,1,1982,29,29,29,29,29,29,29,29,29,29
410250,2,1,1982,0,0,0,0,0,0,0,0,0,0
410250,3,1,1982,21,0,0,13,0,16,20,11,0,20
410251,0,1,1982,12,19,0,14,36,35,22,13,13,28
410251,1,1,1982,14,20,0,0,18,18,22,0,0,20
410252,1,1,1982,10,10,10,10,10,10,10,10,10,10
410252,2,1,1982,0,0,0,0,13,0,0,0,0,0
410253,1,1,1982,24,24,24,24,24,24,24,24,24,24
410254,1,1,1982,0,0,0,0,0,0,0,0,0,0
410255,1,1,1982,26,26,26,26,26,26,26,26,26,26
410256,1,1,1982,22,22,22,22,22,22,22,22,22,22
410257,1,1,1982,0,0,16,0,7,12,0,0,17,18
410257,2,1,1982,11,11,11,11,11,11,11,11,11,11
410258,0,1,1982,30,30,30,30,30,30,30,30,30,30
410258,1,1,1982,23,23,23,23,23,23,23,23,23,23
410259,0,1,1982,0,0,0,0,0,0,21,0,0,0
410259,1,1,1982,0,0,0,0,0,0,0,0,0,0
410260,1,1,1982,0,0,0,0,0,0,0,0,0,0
410260,2,1,1982,0,0,0,0,0,0,0,0,0,0
410261,1,1,1982,18,18,18,18,18,18,18,18,18,18
410262,1,1,1982,0,0,0,0,0,0,0,0,0,0
410262,2,1,1982,21,21,21,21,21,21,21,21,21,21
410263,1,1,1982,8,9,7,15,2,8,0,17,12,8
410264,1,1,1982,12,12,12,12,12,12,12,12,12,12
410265,1,1,1982,17,0,0,0,0,0,0,0,0,0
410265,2,1,1982,0,0,0,0,0,0,0,0,0,0
410265,3,1,1982,0,0,0,0,0,0,0,0,0,0
410267,1,1,1982,19,19,19,19,19,19,19,19,19,19
410267,2,1,1982,0,0,0,0,0,0,0,0,0,0
410268,1,1,1982,14,14,14,14,14,14,14,14,14,14
410269,1,1,1982,0,0,0,0,0,0,0,0,0,0
410270,1,1,1982,20,20,20,20,20,20,20,20,20,20
410271,1,1,1982,0,0,0,0,0,0,0,0,0,0
410271,2,1,1982,0,0,0,0,0,0,0,0,0,0
410272,1,1,1982,14,14,14,14,14,14,14,14,14,14
410272,2,1,1982,0,17,15,6,20,5,0,8,16,13
410273,1,1,1982,0,0,0,0,0,0,0,0,0,0
410274,1,1,1982,0,0,0,0,0,0,0,0,0,0
410274,2,1,1982,0,0,0,0,0,0,0,0,0,0
410275,0,1,1982,11,11,11,11,11,11,11,11,11,11
410275,1,1,1982,10,0,19,0,0,8,0,0,0,17
410276,1,1,1982,0,0,0,0,0,0,0,0,0,0
410277,1,1,1982,0,0,0,0,0,0,0,0,0,0
410278,1,1,1982,17,17,17,17,17,17,17,17,17,17
410279,1,1,1982,0,0,0,0,0,0,0,0,0,0
410279,2,1,1982,9,5,0,0,29,0,16,0,0,18
410280,1,1,1982,22,22,22,22,22,22,22,22,22,22
410280,2,1,1982,0,0,0,0,0,0,0,0,0,0
410281,1,1,1982,9,9,9,9,9,9,9,9,9,9
410282,0,1,1982,0,0,0,0,0,0,0,0,0,0
410282,1,1,1982,0,0,0,0,0,0,0,0,0,0
410283,1,1,1982,0,0,0,8,0,0,0,0,0,0
410283,2,1,1982,0,0,0,0,0,0,0,0,0,0
410284,1,1,1982,0,0,0,0,10,0,0,0,0,0
410285,1,1,1982,14,14,14,14,14,14,14,14,14,14
410286,1,1,1982,16,16,16,16,16,16,16,16,16,16
410287,1,1,1982,0,0,0,0,0,0,0,0,0,0
410287,2,1,1982,0,0,0,0,0,0,0,0,0,0
410288,1,1,1982,8,0,0,0,0,0,0,0,18,16
410288,2,1,1982,0,0,0,15,0,4,18,0,0,20
410289,1,1,1982,0,0,0,0,0,0,0,0,0,0
410291,1,1,1982,16,16,16,16,16,16,16,16,16,16
410292,0,1,1982,0,0,0,0,0,0,0,0,0,0
410292,1,1,1982,0,19,20,0,28,10,0,25,0,14
410293,0,1,1982,0,0,0,0,0,0,0,0,0,0
410293,1,1,1982,0,0,26,0,0,0,0,0,0,0
410294,1,1,1982,15,15,15,15,15,15,15,15,15,15
410295,1,1,1982,9,9,9,9,9,9,9,9,9,9
410296,1,1,1982,21,16,0,15,3,0,0,14,10,0
410297,1,1,1982,21,21,21,21,21,21,21,21,21,21
410298,1,1,1982,3,3,3,3,3,3,3,3,3,3
410298,2,1,1982,0,7,0,0,0,0,0,0,12,0
410300,1,1,1982,19,19,19,19,19,19,19,19,19,19
410300,2,1,1982,4,0,0,0,10,12,13,5,0,15
410300,3,1,1982,0,12,0,0,0,7,0,0,0,0
410301,1,1,1982,27,27,27,27,27,27,27,27,27,27
410301,2,1,1982,0,0,0,0,0,0,0,5,0,0
410302,1,1,1982,0,0,0,0,0,0,0,0,0,0
410302,2,1,1982,0,0,0,0,0,0,0,0,0,0
410302,3,1,1982,0,0,0,0,9,0,14,0,0,0
410303,0,1,1982,0,0,0,0,0,0,0,0,0,0
410304,1,1,1982,34,34,34,34,34,34,34,34,34,34
410305,1,1,1982,0,0,0,0,0,0,0,0,0,0
410305,2,1,1982,0,0,0,0,0,0,0,0,0,0
410305,3,1,1982,17,0,0,0,15,0,0,0,11,0
410306,1,1,1982,9,9,9,9,9,9,9,9,9,9
410307,1,1,1982,0,20,9,15,20,13,19,23,26,25
410308,1,1,1982,18,18,18,18,18,18,18,18,18,18
410309,1,1,1982,4,4,4,4,4,4,4,4,4,4
410310,1,1,1982,15,15,15,15,15,15,15,15,15,15
410310,2,1,1982,0,0,0,0,35,0,0,0,0,15
410311,1,1,1982,14,14,14,14,14,14,14,14,14,14
410312,0,1,1982,0,0,0,0,0,0,35,0,0,14
410312,1,1,1982,0,0,0,0,0,0,0,0,20,0
410313,1,1,1982,0,0,0,0,4,0,0,0,0,0
410314,1,1,1982,10,16,15,11,0,8,10,10,6,0
410315,1,1,1982,16,16,16,16,16,16,16,16,16,16
410316,1,1,1982,19,19,19,19,19,19,19,19,19,19
410317,1,1,1982,14,14,14,14,14,14,14,14,14,14
410318,0,1,1982,0,0,0,0,0,0,0,0,0,0
410318,1,1,1982,0,11,0,0,0,0,0,0,0,0
410319,1,1,1982,30,30,30,30,30,30,30,30,30,30
410320,1,1,1982,26,26,26,26,26,26,26,26,26,26
410320,2,1,1982,0,0,20,0,0,0,0,0,11,0
410321,1,1,1982,0,0,0,0,0,0,0,0,0,0
410322,1,1,1982,15,15,15,15,15,15,15,15,15,15
410323,1,1,1982,0,0,0,0,0,0,0,0,0,0
410323,2,1,1982,5,17,0,0,0,0,13,0,0,10
410324,1,1,1982,0,0,0,0,0,0,0,0,0,0
410325,0,1,1982,0,0,0,0,0,0,0,0,0,0
410325,1,1,1982,17,0,15,28,0,0,0,0,0,0
410326,0,1,1982,0,0,0,0,0,0,0,0,0,0
410326,1,1,1982,21,0,0,0,30,0,0,7,0,15
410327,1,1,1982,13,12,12,18,9,11,29,18,0,20
410328,1,1,1982,17,17,17,17,17,17,17,17,17,17
410328,2,1,1982,0,0,0,0,0,0,0,0,0,0
410329,1,1,1982,20,20,20,20,20,20,20,20,20,20
410330,1,1,1982,0,0,10,0,0,0,0,21,0,0
410331,1,1,1982,24,24,24,24,24,24,24,24,24,24
410332,1,1,1982,15,15,15,15,15,15,15,15,15,15
410333,1,1,1982,12,12,12,12,12,12,12,12,12,12
410334,1,1,1982,0,0,0,0,0,0,0,0,0,0
410335,1,1,1982,19,19,19,19,19,19,19,19,19,19
410336,1,1,1982,15,15,15,15,15,15,15,15,15,15
410337,1,1,1982,0,0,0,0,0,0,0,0,0,0
410337,2,1,1982,0,0,0,0,0,0,0,0,0,0
410338,1,1,1982,2,2,2,2,2,2,2,2,2,2
410338,2,1,1982,0,8,0,0,0,0,0,0,0,0
410339,1,1,1982,22,14,11,24,0,29,0,14,0,0
410340,1,1,1982,25,25,25,25,25,25,25,25,25,25
410341,1,1,1982,0,0,0,7,0,0,0,15,0,0
410341,2,1,1982,20,20,20,20,20,20,20,20,20,20
410342,0,1,1982,23,23,23,23,23,23,23,23,23,23
410342,1,1,1982,0,0,21,0,18,19,19,4,0,26
410343,1,1,1982,5,5,5,5,5,5,5,5,5,5
410344,1,1,1982,0,0,0,0,0,0,0,0,0,0
410344,2,1,1982,0,0,0,0,0,0,0,0,0,0
410345,1,1,1982,8,8,8,8,8,8,8,8,8,8
410345,2,1,1982,0,0,0,0,0,0,0,0,0,0
410346,1,1,1982,0,12,0,0,0,0,0,0,0,0
410347,1,1,1982,19,19,19,19,19,19,19,19,19,19
410348,1,1,1982,22,22,22,22,22,22,22,22,22,22
410349,1,1,1982,6,30,24,0,24,0,14,22,5,23
410350,1,1,1982,9,9,9,9,9,9,9,9,9,9
410351,1,1,1982,13,13,13,13,13,13,13,13,13,13
410352,1,1,1982,16,16,16,16,16,16,16,16,16,16
410353,1,1,1982,11,0,5,17,0,0,0,0,0,37
410354,1,1,1982,5,5,5,5,5,5,5,5,5,5
410355,1,1,1982,0,11,0,0,0,13,0,0,0,0
410355,2,1,1982,0,13,0,9,12,0,0,0,25,16
410355,3,1,1982,0,0,0,10,14,0,11,0,8,0
410356,1,1,1982,16,16,16,16,16,16,16,16,16,16
410356,2,1,1982,20,27,0,0,10,4,11,0,0,0
410356,3,1,1982,4,4,4,4,4,4,4,4,4,4
410357,1,1,1982,16,16,16,16,16,16,16,16,16,16
410358,1,1,1982,13,0,0,0,0,0,0,17,0,14
410359,1,1,1982,24,24,24,24,24,24,24,24,24,24
410359,2,1,1982,24,24,24,24,24,24,24,24,24,24
410360,1,1,1982,18,18,18,18,18,18,18,18,18,18
410361,1,1,1982,0,0,0,0,0,0,0,0,0,0
410361,2,1,1982,0,0,0,0,0,0,0,0,0,0
410362,1,1,1982,0,0,0,0,0,0,0,0,0,0
410363,0,1,1982,0,0,0,0,0,0,0,0,0,0
410363,1,1,1982,6,6,6,6,6,6,6,6,6,6
410364,1,1,1982,21,21,21,21,21,21,21,21,21,21
410364,2,1,1982,23,16,0,16,11,0,0,0,6,0
410365,0,1,1982,35,35,35,35,35,35,35,35,35,35
410365,1,1,1982,0,0,0,0,0,0,0,0,0,0
410366,1,1,1982,0,0,0,0,0,0,0,0,0,0
410366,2,1,1982,0,0,0,0,0,0,0,0,0,0
410367,1,1,1982,5,5,5,5,5,5,5,5,5,5
410367,2,1,1982,0,16,0,0,0,0,0,0,0,7
410368,1,1,1982,15,15,15,15,15,15,15,15,15,15
410369,0,1,1982,0,0,0,0,0,0,0,0,0,0
410369,1,1,1982,0,10,0,0,0,0,0,21,0,0
410369,2,1,1982,0,0,0,11,0,0,0,0,0,0
410369,3,1,1982,0,0,0,23,0,14,11,0,26,0
410370,1,1,1982,15,15,15,15,15,15,15,15,15,15
410371,1,1,1982,0,0,0,0,0,0,0,0,0,0
410371,2,1,1982,21,21,21,21,21,21,21,21,21,21
410372,1,1,1982,19,19,19,19,19,19,19,19,19,19
410373,1,1,1982,0,0,0,0,0,0,0,0,0,0
410374,1,1,1982,0,0,5,0,0,0,0,0,0,0
410374,2,1,1982,4,4,4,4,4,4,4,4,4,4
410375,1,1,1982,13,13,13,13,13,13,13,13,13,13
410376,0,1,1982,34,34,34,34,34,34,34,34,34,34
410376,1,1,1982,0,0,0,0,14,0,0,10,0,24
410377,1,1,1982,0,16,0,0,19,13,21,9,0,0
410377,2,1,1982,0,8,0,0,14,0,0,0,0,0
410377,3,1,1982,0,0,0,0,0,0,0,0,0,0
410378,0,1,1982,21,0,11,0,0,19,0,6,0,0
410378,1,1,1982,0,0,0,0,0,0,0,0,0,0
410378,2,1,1982,0,0,6,5,0,25,0,0,17,4
410379,1,1,1982,21,21,21,21,21,21,21,21,21,21
410380,1,1,1982,9,9,9,9,9,9,9,9,9,9
410381,1,1,1982,0,0,0,0,0,0,0,0,0,0
410382,1,1,1982,0,0,14,0,0,20,0,9,0,0
410383,1,1,1982,0,37,0,6,0,0,0,0,0,0
410384,1,1,1982,0,0,0,0,0,0,0,0,0,0
410384,2,1,1982,0,0,0,0,0,0,0,0,0,0
410385,1,1,1982,0,0,15,0,0,7,0,0,0,0
410386,0,1,1982,0,0,0,0,0,0,0,0,0,0
410386,0,2,1982,13,25,16,0,0,0,0,0,0,11
410386,1,1,1982,0,0,0,0,0,0,0,0,0,0
410387,1,1,1982,0,0,0,0,0,0,0,0,0,0
410387,2,1,1982,0,6,10,17,0,0,0,3,0,15
410387,3,1,1982,0,0,0,0,0,0,11,0,8,0
410389,0,1,1982,0,0,0,0,0,0,0,0,0,0
410389,1,1,1982,0,0,0,0,0,0,0,0,0,0
410390,0,1,1982,0,0,0,0,0,0,0,0,0,0
410390,1,1,1982,0,0,0,0,0,0,0,0,0,0
410391,1,1,1982,0,0,0,0,0,0,0,0,0,0
410391,2,1,1982,0,0,0,13,0,16,18,0,16,0
410392,1,1,1982,24,24,24,24,24,24,24,24,24,24
410392,2,1,1982,5,0,10,0,19,0,0,0,13,0
410393,1,1,1982,30,30,30,30,30,30,30,30,30,30
410393,2,1,1982,0,0,0,0,0,0,0,0,0,0
410394,1,1,1982,23,23,23,23,23,23,23,23,23,23
410395,1,1,1982,0,0,0,0,0,0,0,0,0,0
410395,2,1,1982,0,0,0,0,3,0,0,0,0,0
410396,1,1,1982,8,8,8,8,8,8,8,8,8,8
410397,1,1,1982,20,20,20,20,20,20,20,20,20,20
410397,2,1,1982,0,0,0,0,0,0,0,0,0,0
410398,1,1,1982,14,0,3,3,1,0,8,0,0,0
410398,2,1,1982,28,28,28,28,28,28,28,28,28,28
410399,0,1,1982,0,0,0,0,0,0,0,0,0,0
410399,1,1,1982,0,0,0,9,8,0,0,0,0,0
410400,1,1,1982,13,13,13,13,13,13,13,13,13,13
410400,2,1,1982,0,0,0,0,0,0,0,0,0,0
410401,1,1,1982,4,4,4,4,4,4,4,4,4,4
410401,2,1,1982,0,0,0,0,18,0,0,6,0,0
410402,1,1,1982,0,0,0,0,0,0,0,0,0,0
410402,2,1,1982,0,0,21,15,0,0,0,0,0,0
410403,1,1,1982,0,0,0,0,0,0,0,0,0,0
410404,1,1,1982,0,0,0,0,0,0,0,0,0,0
410405,0,1,1982,0,0,0,0,0,0,0,0,0,0
410405,1,1,1982,0,0,0,0,0,0,0,0,0,0
410406,1,1,1982,12,12,12,12,12,12,12,12,12,12
410407,1,1,1982,0,0,0,0,0,0,0,0,0,0
410407,2,1,1982,0,0,0,0,0,0,0,0,0,0
410408,1,1,1982,18,18,18,18,18,18,18,18,18,18
410409,1,1,1982,0,0,0,0,0,0,0,0,0,0
410409,2,1,1982,18,18,18,18,18,18,18,18,18,18
410410,1,1,1982,16,16,16,16,16,16,16,16,16,16
410411,1,1,1982,0,0,0,0,0,0,0,0,0,0
410412,0,1,1982,0,0,0,0,0,0,0,0,0,0
410412,1,1,1982,0,0,0,0,0,24,0,15,7,0
410413,1,1,1982,0,0,0,0,0,0,0,0,0,0
410414,1,1,1982,0,0,0,0,0,0,0,0,0,0
410414,2,1,1982,0,7,0,0,0,0,12,0,0,0
410414,3,1,1982,0,36,0,11,0,0,0,13,0,13
410415,1,1,1982,0,0,0,0,0,0,0,0,0,0
410416,1,1,1982,16,16,16,16,16,16,16,16,16,16
410416,2,1,1982,0,0,0,0,0,0,0,0,0,0
410417,0,1,1982,0,0,0,0,0,0,0,0,0,0
410417,1,1,1982,24,13,19,17,20,12,1,16,14,8
410418,1,1,1982,0,0,0,0,0,0,0,0,0,0
410419,1,1,1982,0,0,0,11,0,6,0,0,0,0
410420,1,1,1982,26,26,26,26,26,26,26,26,26,26
410421,1,1,1982,0,0,0,0,0,0,0,0,0,0
410422,1,1,1982,0,0,0,0,0,0,0,0,0,0
410422,2,1,1982,0,0,0,0,0,0,0,0,0,0
410423,1,1,1982,0,0,0,0,0,0,0,0,0,0
410423,2,1,1982,0,0,0,0,0,0,0,0,0,0
410424,1,1,1982,0,0,0,0,0,0,0,0,0,0
410424,2,1,1982,0,0,0,0,0,0,0,0,0,0
410425,0,1,1982,18,18,18,18,18,18,18,18,18,18
410425,1,1,1982,22,29,23,0,32,7,0,0,0,35
410426,1,1,1982,15,15,15,15,15,15,15,15,15,15
410427,1,1,1982,10,10,10,10,10,10,10,10,10,10
410428,0,1,1982,31,31,31,31,31,31,31,31,31,31
410428,1,1,1982,0,0,0,0,0,0,38,0,16,0
410429,1,1,1982,0,0,0,0,0,0,0,0,0,0
410430,0,1,1982,0,24,0,0,0,0,0,0,0,0
410430,1,1,1982,0,0,0,0,0,0,0,0,0,0
410431,1,1,1982,19,19,19,19,19,19,19,19,19,19
410432,1,1,1982,13,13,13,13,13,13,13,13,13,13
410432,2,1,1982,0,0,0,0,2,20,0,0,0,0
410433,1,1,1982,0,0,0,0,0,0,0,0,0,0
410434,1,1,1982,0,0,0,0,0,0,0,0,0,0
410434,2,1,1982,0,0,0,0,0,0,0,0,0,0
410434,3,1,1982,0,0,0,0,0,0,0,0,0,0
410434,4,1,1982,0,0,0,0,0,0,0,0,0,0
410435,0,1,1982,0,0,0,0,0,9,0,0,0,0
410435,1,1,1982,0,0,0,6,0,0,0,0,0,0
410436,1,1,1982,26,26,26,26,26,26,26,26,26,26
410436,2,1,1982,0,0,0,0,0,0,0,0,0,0
410437,0,1,1982,29,29,29,29,29,29,29,29,29,29
410437,1,1,1982,12,0,0,0,0,10,0,6,0,0
410438,1,1,1982,2,2,2,2,2,2,2,2,2,2
410438,2,1,1982,0,0,0,0,0,0,0,0,0,0
410439,1,1,1982,0,0,3,0,0,0,0,0,0,19
410439,2,1,1982,0,0,0,0,14,0,27,0,0,0
410440,1,1,1982,10,10,10,10,10,10,10,10,10,10
410440,2,1,1982,0,17,0,15,0,0,13,0,14,11
410441,1,1,1982,0,0,0,0,0,0,0,0,0,0
410441,2,1,1982,0,0,0,0,0,0,0,0,0,0
410442,1,1,1982,0,0,0,0,0,0,8,0,22,0
410443,1,1,1982,0,0,0,0,0,0,0,0,0,0
410444,1,1,1982,0,0,0,0,0,0,0,0,0,0
410445,1,1,1982,0,0,0,0,0,0,0,0,0,0
410446,1,1,1982,0,0,0,0,0,0,0,0,0,0
410447,1,1,1982,24,24,24,24,24,24,24,24,24,24
410448,1,1,1982,0,0,0,0,0,0,20,0,0,10
410449,1,1,1982,7,24,0,28,35,50,9,0,0,11
410450,0,1,1982,0,0,0,0,0,0,0,0,0,0
410450,1,1,1982,0,0,0,0,12,0,0,0,0,0
410451,1,1,1982,0,0,0,0,0,0,0,0,0,0
410451,2,1,1982,0,0,0,6,0,0,0,0,0,0
410452,1,1,1982,14,18,21,12,18,28,5,0,15,8
410453,1,1,1982,0,0,0,0,0,0,0,0,0,0
410454,0,1,1982,18,18,18,18,18,18,18,18,18,18
410454,1,1,1982,0,12,16,0,0,9,0,0,0,19
410455,0,1,1982,28,28,28,28,28,28,28,28,28,28
410455,1,1,1982,12,18,11,15,0,15,16,0,0,24
410456,1,1,1982,19,19,19,19,19,19,19,19,19,19
410456,2,1,1982,0,0,0,0,0,0,0,0,2,0
410457,0,1,1982,0,0,0,0,0,0,0,0,0,0
410457,1,1,1982,0,6,5,0,0,28,0,0,0,0
410458,0,1,1982,0,0,0,0,0,0,0,0,0,0
410458,1,1,1982,0,12,0,0,6,0,0,35,0,18
410459,0,1,1982,0,0,0,0,0,0,0,0,0,0
410459,1,1,1982,0,13,0,0,19,15,0,0,0,0
410460,1,1,1982,26,26,26,26,26,26,26,26,26,26
410461,1,1,1982,5,5,5,5,5,5,5,5,5,5
410462,1,1,1982,0,12,0,0,0,0,0,0,0,0
410462,2,1,1982,0,0,0,0,0,11,0,0,35,0
410463,0,1,1982,0,0,0,0,0,0,0,0,0,0
410463,1,1,1982,0,0,0,0,0,0,0,0,0,0
410464,1,1,1982,14,14,14,14,14,14,14,14,14,14
410464,2,1,1982,0,0,0,0,0,0,0,0,0,0
410465,1,1,1982,0,0,16,0,14,0,0,0,0,18
410465,2,1,1982,0,0,0,15,0,0,0,20,0,0
410466,0,1,1982,43,43,43,43,43,43,43,43,43,43
410466,1,1,1982,0,0,0,0,0,0,0,0,0,0
410467,1,1,1982,0,0,0,0,0,0,0,0,0,0
410467,2,1,1982,0,0,0,6,0,0,0,0,0,9
410468,1,1,1982,0,0,0,0,0,0,0,0,0,0
410468,2,1,1982,0,0,0,0,18,0,0,0,0,0
410469,1,1,1982,0,0,0,0,0,0,17,0,0,12
410469,2,1,1982,0,0,0,0,0,0,0,0,0,0
410469,3,1,1982,0,7,0,0,0,11,0,0,0,22
410470,1,1,1982,0,0,0,0,0,0,0,0,0,0
410470,2,1,1982,9,0,0,0,0,0,0,0,0,4
410471,1,1,1982,0,0,13,0,0,0,19,0,18,0
410471,2,1,1982,0,0,0,0,0,15,9,0,0,0
410472,1,1,1982,0,0,0,0,16,0,0,0,0,0
410472,2,1,1982,8,0,0,0,0,0,0,0,0,0
410472,3,1,1982,0,0,0,0,0,0,0,0,0,0
410473,1,1,1982,15,15,15,15,15,15,15,15,15,15
410473,2,1,1982,0,0,0,0,0,0,0,0,0,0
410474,1,1,1982,21,21,21,21,21,21,21,21,21,21
410475,0,1,1982,31,31,31,31,31,31,31,31,31,31
410475,1,1,1982,21,21,21,21,21,21,21,21,21,21
410476,1,1,1982,11,19,10,6,0,14,22,14,12,20
420001,0,1,1982,0,21,25,20,0,14,0,27,14,24
420001,1,1,1982,0,20,21,0,25,0,16,0,2,0
420002,1,1,1982,0,0,34,18,0,0,9,28,0,22
420002,2,1,1982,0,3,13,0,13,0,0,8,0,0
420003,1,1,1982,17,17,17,17,17,17,17,17,17,17
420004,1,1,1982,13,11,23,0,25,24,15,8,14,15
420004,2,1,1982,4,10,15,15,6,10,11,5,17,0
420005,1,1,1982,24,24,24,24,24,24,24,24,24,24
420005,2,1,1982,23,23,23,23,23,23,23,23,23,23
420006,1,1,1982,5,0,0,20,0,10,0,0,0,0
420006,2,1,1982,0,0,0,0,0,0,0,0,0,0
420007,0,1,1982,0,0,0,0,0,0,0,7,18,0
420007,1,1,1982,0,11,0,15,6,13,26,0,2,13
420008,1,1,1982,0,0,0,0,0,15,0,0,0,29
420009,1,1,1982,5,5,5,5,5,5,5,5,5,5