ST_CASE,VEH_NO,PER_NO,YEAR,P1,P2,P3,P4,P5,P6,P7,P8,P9,P10
420286,2,1,1982,0,8,0,0,0,0,0,0,0,0
420286,3,1,1982,0,0,0,0,0,0,13,0,16,0
420287,0,1,1982,0,0,0,0,0,0,0,0,0,0
420287,1,1,1982,0,0,0,0,11,0,0,0,0,0
420288,1,1,1982,0,8,0,9,0,0,0,0,0,0
420288,2,1,1982,0,0,0,0,0,0,0,0,0,0
420289,1,1,1982,0,0,0,0,0,0,0,0,0,0
420290,1,1,1982,19,19,19,19,19,19,19,19,19,19
420290,2,1,1982,0,0,0,6,0,0,0,0,0,24
420291,1,1,1982,0,0,0,0,0,0,0,0,0,0
420292,0,1,1982,8,32,29,0,15,25,10,0,0,0
420292,1,1,1982,27,27,27,27,27,27,27,27,27,27
420293,1,1,1982,12,0,0,7,14,21,3,0,15,17
420294,1,1,1982,24,24,24,24,24,24,24,24,24,24
420295,1,1,1982,0,0,0,0,0,0,0,0,0,0
420296,1,1,1982,38,38,38,38,38,38,38,38,38,38
420297,1,1,1982,0,0,0,0,0,0,0,0,0,0
420297,2,1,1982,0,0,0,0,0,0,0,0,0,17
420297,3,1,1982,0,0,0,0,0,0,0,0,0,0
420297,4,1,1982,0,0,0,0,0,0,0,0,0,0
420297,5,1,1982,6,0,0,0,0,0,0,0,0,0
420298,1,1,1982,21,23,15,15,23,0,23,14,8,24
420299,1,1,1982,9,14,8,0,0,0,14,0,14,0
420299,2,1,1982,0,0,12,0,0,7,0,0,0,0
420300,1,1,1982,0,0,0,0,0,0,0,0,0,0
420300,2,1,1982,0,0,0,0,0,0,0,0,0,0
420301,1,1,1982,4,4,4,4,4,4,4,4,4,4
420301,2,1,1982,0,0,0,0,0,0,0,0,0,0
420302,1,1,1982,23,23,23,23,23,23,23,23,23,23
420302,2,1,1982,16,0,7,0,20,12,0,0,0,0
420303,1,1,1982,19,0,0,0,0,0,0,0,0,0
420303,2,1,1982,19,0,0,0,0,0,34,0,0,0
420304,1,1,1982,0,0,0,0,0,0,0,0,0,0
420304,2,1,1982,8,0,0,0,0,0,0,0,0,19
420305,0,1,1982,0,0,0,0,0,0,0,0,0,0
420305,1,1,1982,0,0,0,5,14,20,0,0,14,0
420306,1,1,1982,0,10,22,22,17,9,23,13,0,16
420306,2,1,1982,2,2,2,2,2,2,2,2,2,2
420306,3,1,1982,0,0,0,10,0,0,0,0,11,7
420307,1,1,1982,14,14,14,14,14,14,14,14,14,14
420308,1,1,1982,16,16,16,16,16,16,16,16,16,16
420309,1,1,1982,0,0,0,0,0,0,0,0,0,0
420310,1,1,1982,28,28,28,28,28,28,28,28,28,28
420310,2,1,1982,0,0,0,0,0,0,0,0,0,0
420311,1,1,1982,19,19,19,19,19,19,19,19,19,19
420311,2,1,1982,9,14,12,0,0,0,0,0,14,0
420312,0,1,1982,0,0,0,0,0,0,0,0,0,0
420312,1,1,1982,0,0,0,6,0,10,0,0,0,0
420313,1,1,1982,8,0,0,0,0,0,0,6,0,13
420313,2,1,1982,0,0,0,0,0,0,0,0,0,0
420314,1,1,1982,0,0,0,0,0,0,0,0,0,0
420314,2,1,1982,0,0,0,0,0,0,0,0,0,0
420315,0,1,1982,0,0,0,0,0,0,0,0,0,0
420315,1,1,1982,0,0,0,0,0,0,0,0,0,0
420316,1,1,1982,0,0,0,0,0,0,0,0,0,0
420317,1,1,1982,0,0,0,0,0,0,0,0,0,0
420317,2,1,1982,0,0,0,0,0,0,0,0,0,0
420317,3,1,1982,0,0,0,0,0,0,0,0,0,0
420318,1,1,1982,0,8,0,0,0,0,22,0,0,0
420318,2,1,1982,0,0,0,0,0,0,0,0,0,0
420319,1,1,1982,0,18,0,0,7,0,21,0,0,0
420319,2,1,1982,0,15,0,0,16,0,0,36,9,7
420319,3,1,1982,0,14,0,0,0,0,0,0,0,0
420320,1,1,1982,6,0,0,18,12,0,0,16,0,6
420320,2,1,1982,18,0,15,0,0,4,3,0,0,0
420321,1,1,1982,0,0,0,0,0,0,0,0,0,0
420321,2,1,1982,0,0,0,0,0,0,0,0,0,0
420321,3,1,1982,27,0,0,0,0,0,0,17,0,0
420322,0,1,1982,0,0,0,0,0,0,0,0,0,0
420322,1,1,1982,26,15,13,13,7,0,0,6,0,0
420323,1,1,1982,0,0,0,0,0,0,10,24,0,18
420323,2,1,1982,21,21,21,21,21,21,21,21,21,21
420324,1,1,1982,22,22,22,22,22,22,22,22,22,22
420324,2,1,1982,0,0,0,0,0,0,0,11,0,0
420325,0,1,1982,0,0,0,0,0,0,0,0,0,0
420325,1,1,1982,0,0,0,0,0,0,0,0,0,0
420326,1,1,1982,0,0,0,0,0,0,0,0,0,0
420326,2,1,1982,0,0,38,13,0,0,0,0,0,0
420327,1,1,1982,0,0,0,0,0,0,0,0,0,0
420328,1,1,1982,0,0,0,0,0,0,0,0,0,0
420330,1,1,1982,0,0,0,4,0,0,0,0,0,0
420330,2,1,1982,0,0,0,0,0,0,0,0,0,0
420330,3,1,1982,0,0,0,0,0,0,0,0,0,0
420330,4,1,1982,0,0,0,0,0,0,0,0,0,0
420330,5,1,1982,0,0,0,0,0,0,0,5,0,6
420331,1,1,1982,10,10,10,10,10,10,10,10,10,10
420332,1,1,1982,23,12,13,11,7,29,8,20,24,13
420332,2,1,1982,18,0,0,6,12,16,9,3,0,0
420333,1,1,1982,8,14,30,34,34,21,23,21,25,16
420334,0,1,1982,0,0,0,0,0,0,0,0,0,0
420334,1,1,1982,14,0,0,0,0,0,0,0,13,0
420335,0,1,1982,0,36,27,18,18,12,17,10,34,18
420335,1,1,1982,17,0,0,0,14,0,0,19,0,0
420336,1,1,1982,0,0,0,0,0,0,0,0,0,0
420336,2,1,1982,0,0,0,0,0,0,0,0,0,0
420336,3,1,1982,0,10,0,0,0,0,14,8,0,0
420337,1,1,1982,17,17,17,17,17,17,17,17,17,17
420338,1,1,1982,0,19,0,0,0,9,0,0,0,0
420338,2,1,1982,0,0,0,0,0,0,0,0,0,0
420338,3,1,1982,0,0,0,0,0,0,0,0,0,0
420339,1,1,1982,25,25,25,25,25,25,25,25,25,25
420340,1,1,1982,0,0,8,18,19,0,5,13,0,0
420340,2,1,1982,21,20,5,22,11,0,0,0,8,11
420341,0,1,1982,29,29,29,29,29,29,29,29,29,29
420341,1,1,1982,0,0,0,18,0,0,12,0,0,0
420342,1,1,1982,16,16,16,16,16,16,16,16,16,16
420342,2,1,1982,0,0,0,23,0,0,0,0,0,0
420343,1,1,1982,0,15,0,15,23,0,11,17,0,26
420344,1,1,1982,0,0,0,0,0,0,0,0,0,0
420344,2,1,1982,0,0,0,0,0,0,15,0,0,7
420345,1,1,1982,0,17,8,24,17,17,16,10,12,0
420346,1,1,1982,19,15,20,29,10,18,13,11,14,26
420347,1,1,1982,0,0,0,0,0,0,0,0,0,0
420347,2,1,1982,15,9,0,0,0,12,0,0,11,0
420348,1,1,1982,0,0,0,0,0,0,0,0,0,0
420348,2,1,1982,0,0,0,0,0,0,0,0,0,0
420349,0,1,1982,16,25,25,24,20,12,0,14,17,27
420349,1,1,1982,10,20,0,23,0,0,12,13,0,18
420350,1,1,1982,10,0,5,0,14,0,0,0,23,26
420351,1,1,1982,0,0,0,0,0,0,0,0,0,0
420351,2,1,1982,0,0,0,0,0,0,0,0,0,0
420352,1,1,1982,0,0,0,0,0,0,0,0,0,0
420353,1,1,1982,23,23,23,23,23,23,23,23,23,23
420354,1,1,1982,13,13,13,13,13,13,13,13,13,13
420355,0,1,1982,16,16,16,16,16,16,16,16,16,16
420355,1,1,1982,0,0,8,11,9,0,15,0,17,0
420356,1,1,1982,0,0,0,0,0,0,0,0,0,0
420356,2,1,1982,5,13,14,0,0,0,0,0,0,0
420357,1,1,1982,22,22,22,22,22,22,22,22,22,22
420358,1,1,1982,0,0,25,0,9,13,0,0,9,0
420358,2,1,1982,10,0,23,0,16,0,13,18,0,0
420359,1,1,1982,0,0,0,0,0,0,0,0,0,0
420359,2,1,1982,0,0,0,0,0,0,0,0,8,0
420360,1,1,1982,0,0,0,0,0,9,0,0,0,0
420360,2,1,1982,2,0,0,0,24,16,0,0,0,5
420361,1,1,1982,0,0,0,0,0,0,0,0,0,0
420362,1,1,1982,0,0,0,0,0,0,0,0,0,0
420363,0,1,1982,0,0,0,0,0,0,0,0,0,0
420363,1,1,1982,0,0,0,0,0,0,0,0,0,0
420364,1,1,1982,19,19,19,19,19,19,19,19,19,19
420365,1,1,1982,0,0,16,0,14,0,8,0,0,20
420365,2,1,1982,0,8,27,8,13,0,13,0,0,19
420366,1,1,1982,13,13,13,13,13,13,13,13,13,13
420367,1,1,1982,24,17,16,12,18,16,12,0,0,12
420367,2,1,1982,0,9,0,0,0,0,0,4,18,0
420368,0,1,1982,22,0,6,0,1,17,15,0,8,20
420368,1,1,1982,15,15,15,15,15,15,15,15,15,15
420369,1,1,1982,7,7,7,7,7,7,7,7,7,7
420370,1,1,1982,18,18,18,18,18,18,18,18,18,18
420370,2,1,1982,0,0,0,0,21,0,0,0,0,0
420371,1,1,1982,0,0,0,0,0,0,0,0,0,0
420371,2,1,1982,0,0,0,0,0,0,0,0,0,0
420372,1,1,1982,0,0,0,0,0,0,0,0,0,0
420372,2,1,1982,0,0,3,14,14,0,0,0,0,12
420372,3,1,1982,9,14,0,0,9,0,0,8,0,13
420373,1,1,1982,19,0,19,0,17,29,26,15,0,14
420373,2,1,1982,0,0,0,13,10,0,0,0,0,0
420374,1,1,1982,0,0,0,0,0,0,0,0,0,0
420374,2,1,1982,0,0,0,0,0,0,0,0,0,0
420375,1,1,1982,0,0,0,0,9,0,0,0,0,0
420375,2,1,1982,0,0,0,0,0,0,0,0,0,0
420376,1,1,1982,7,0,12,6,0,0,0,0,5,37
420376,2,1,1982,0,0,0,11,7,0,0,18,0,0
420377,1,1,1982,0,16,0,0,15,0,0,0,0,0
420377,2,1,1982,0,0,0,0,0,0,0,0,0,16
420378,1,1,1982,17,17,17,17,17,17,17,17,17,17
420379,1,1,1982,18,18,18,18,18,18,18,18,18,18
420379,2,1,1982,0,0,0,0,0,0,0,0,0,0
420380,1,1,1982,26,26,26,26,26,26,26,26,26,26
420381,1,1,1982,23,23,23,23,23,23,23,23,23,23
420381,2,1,1982,0,11,4,0,0,0,5,12,0,11
420382,1,1,1982,0,0,0,0,0,0,0,0,0,0
420382,2,1,1982,0,0,0,0,0,0,0,4,0,0
420383,1,1,1982,0,0,0,0,0,0,0,0,0,0
420383,2,1,1982,19,9,22,0,8,0,0,11,9,20
420384,1,1,1982,0,14,15,0,0,0,0,0,0,0
420384,2,1,1982,0,15,0,0,0,0,0,4,0,0
420385,1,1,1982,0,0,0,0,0,0,0,0,0,0
420386,1,1,1982,0,0,0,0,0,0,0,0,0,0
420387,1,1,1982,0,0,0,16,0,0,0,0,0,0
420387,2,1,1982,0,0,0,0,0,0,0,0,0,0
420388,0,1,1982,13,13,13,13,13,13,13,13,13,13
420388,1,1,1982,0,0,4,0,15,0,7,4,13,0
420389,1,1,1982,9,14,21,0,20,32,19,5,19,8
420390,1,1,1982,21,21,21,21,21,21,21,21,21,21
420391,1,1,1982,0,0,0,0,0,0,0,0,0,0
420392,1,1,1982,23,23,23,23,23,23,23,23,23,23
420393,1,1,1982,0,0,0,0,0,0,0,0,0,0
420393,2,1,1982,22,19,0,24,0,0,24,10,0,6
420394,1,1,1982,0,0,0,0,0,0,0,0,0,0
420394,2,1,1982,0,26,0,0,0,4,0,0,0,0
420395,1,1,1982,11,19,13,0,23,0,16,0,0,0
420395,2,1,1982,0,9,17,0,8,8,0,14,10,12
420396,0,1,1982,18,18,18,18,18,18,18,18,18,18
420396,1,1,1982,0,0,0,0,0,0,0,0,0,0
420397,1,1,1982,14,0,0,0,25,21,24,7,0,0
420398,1,1,1982,17,17,17,17,17,17,17,17,17,17
420398,2,1,1982,0,0,0,0,11,0,0,0,0,7
420399,1,1,1982,16,0,0,0,0,16,20,15,20,20
420400,1,1,1982,19,19,19,19,19,19,19,19,19,19
420401,1,1,1982,11,12,0,15,18,19,21,5,0,11
420402,1,1,1982,0,0,0,0,0,0,0,0,0,0
420402,2,1,1982,10,0,9,23,0,9,11,16,16,0
420403,1,1,1982,0,19,19,7,20,15,29,27,27,20
420404,1,1,1982,0,0,0,0,0,0,0,0,0,12
420404,2,1,1982,0,0,0,0,0,0,0,0,0,0
420405,1,1,1982,17,17,17,17,17,17,17,17,17,17
420406,1,1,1982,0,0,0,0,0,0,0,0,0,12
420406,2,1,1982,0,0,0,0,0,0,0,0,0,0
420407,1,1,1982,27,27,27,27,27,27,27,27,27,27
420407,2,1,1982,0,5,0,11,0,0,0,13,15,0
420408,1,1,1982,0,0,0,0,0,0,0,0,0,0
420408,2,1,1982,0,14,0,0,0,16,0,0,0,0
420409,1,1,1982,0,33,0,28,30,13,0,0,18,0
420410,1,1,1982,0,0,0,0,0,0,0,0,0,0
420410,2,1,1982,0,0,2,0,0,0,0,0,0,0
420411,0,1,1982,10,10,10,10,10,10,10,10,10,10
420411,1,1,1982,0,0,0,0,0,0,0,0,22,0
420412,1,1,1982,13,23,6,30,17,0,26,16,14,26
420413,1,1,1982,15,15,15,15,15,15,15,15,15,15
420414,1,1,1982,0,0,18,0,0,0,0,0,0,0
420414,2,1,1982,0,0,0,0,0,0,0,0,0,0
420415,1,1,1982,19,19,26,18,36,16,27,29,13,41
420416,1,1,1982,14,14,14,14,14,14,14,14,14,14
420416,2,1,1982,12,3,17,3,8,0,0,0,0,0
420417,1,1,1982,11,17,16,12,8,24,9,7,14,12
420418,1,1,1982,21,21,21,21,21,21,21,21,21,21
420419,1,1,1982,19,19,19,19,19,19,19,19,19,19
420420,1,1,1982,16,16,16,16,16,16,16,16,16,16
420421,0,1,1982,0,25,16,18,17,11,19,0,23,29
420421,1,1,1982,24,4,0,20,0,0,0,0,24,15
420422,1,1,1982,0,0,0,0,0,0,0,0,0,0
420422,2,1,1982,0,0,6,0,0,0,0,0,0,10
420423,1,1,1982,0,14,0,9,0,0,0,0,0,0
420423,2,1,1982,0,13,0,0,16,0,0,18,8,0
420424,0,1,1982,0,16,30,21,0,19,32,0,21,0
420424,1,1,1982,0,0,21,2,10,0,0,0,12,0
420425,1,1,1982,0,0,0,0,0,0,0,0,0,0
420425,2,1,1982,0,0,0,0,0,0,0,11,0,0
420426,1,1,1982,11,14,0,0,0,0,0,0,0,0
420426,2,1,1982,14,10,0,8,0,0,0,0,0,0
420426,3,1,1982,0,0,0,0,0,0,14,13,0,0
420427,1,1,1982,16,0,0,29,0,0,0,0,0,17
420428,0,1,1982,0,0,0,21,0,0,0,0,0,13
420428,1,1,1982,0,0,9,0,0,0,0,0,0,0
420429,1,1,1982,0,23,0,0,25,7,0,5,0,9
420429,2,1,1982,0,0,0,0,0,0,0,0,0,0
420430,1,1,1982,24,24,24,24,24,24,24,24,24,24
420431,1,1,1982,0,20,11,0,0,10,0,36,16,26
420432,1,1,1982,22,22,22,22,22,22,22,22,22,22
420433,1,1,1982,12,12,12,12,12,12,12,12,12,12
420434,0,1,1982,0,16,0,15,0,7,26,32,0,6
420434,1,1,1982,0,19,0,12,0,0,0,8,0,0
420435,1,1,1982,11,10,16,21,15,7,0,0,0,7
420435,2,1,1982,0,0,0,0,0,0,14,0,0,0
420436,1,1,1982,0,0,0,0,3,0,0,0,21,0
420437,1,1,1982,0,0,0,0,0,0,0,0,14,0
420438,1,1,1982,0,7,25,0,31,0,0,21,0,0
420439,1,1,1982,18,18,18,18,18,18,18,18,18,18
420440,1,1,1982,10,10,10,10,10,10,10,10,10,10
420441,1,1,1982,14,26,31,31,19,21,18,20,22,14
420442,0,1,1982,0,0,0,0,0,0,0,0,0,0
420442,1,1,1982,0,0,4,11,6,14,0,8,0,17
420443,1,1,1982,26,0,0,2,0,11,17,0,0,17
420443,2,1,1982,6,13,0,0,18,11,11,10,0,0
420444,0,1,1982,21,27,18,0,27,0,0,0,0,0
420444,1,1,1982,0,0,0,0,16,0,0,0,10,0
420445,1,1,1982,20,20,20,20,20,20,20,20,20,20
420445,2,1,1982,0,0,0,0,0,0,0,0,0,0
420446,1,1,1982,10,10,10,10,10,10,10,10,10,10
420446,2,1,1982,0,0,0,0,0,0,0,0,0,0
420447,1,1,1982,14,11,36,0,16,4,14,15,0,5
420448,0,1,1982,0,0,0,0,0,0,0,0,0,0
420448,1,1,1982,0,0,17,0,0,0,0,14,0,0
420449,1,1,1982,0,0,0,0,0,0,11,0,7,0
420449,2,1,1982,0,0,0,0,0,0,0,0,0,0
420449,3,1,1982,0,0,0,0,20,0,0,0,0,6
420449,4,1,1982,0,14,16,0,0,0,12,0,0,0
420450,1,1,1982,23,23,23,23,23,23,23,23,23,23
420451,1,1,1982,18,18,18,18,18,18,18,18,18,18
420451,2,1,1982,13,0,0,8,0,0,0,0,0,8
420452,0,1,1982,8,0,25,15,12,10,9,15,12,0
420452,1,1,1982,0,0,11,13,0,9,0,21,17,30
420453,0,1,1982,0,0,0,0,0,0,0,0,0,0
420453,1,1,1982,0,0,0,16,16,20,0,12,19,0
420454,1,1,1982,17,17,17,17,17,17,17,17,17,17
420454,2,1,1982,4,4,4,4,4,4,4,4,4,4
420455,1,1,1982,0,22,12,10,16,15,25,11,6,21
420456,1,1,1982,0,0,0,0,0,0,0,0,0,0
420456,2,1,1982,0,0,20,0,0,8,0,13,0,17
420457,1,1,1982,0,0,0,0,0,0,0,0,0,0
420457,2,1,1982,0,0,0,0,0,19,0,0,0,0
420457,3,1,1982,0,0,0,0,0,6,0,0,0,21
420458,1,1,1982,0,0,0,0,0,0,0,0,0,0
420459,1,1,1982,12,12,12,12,12,12,12,12,12,12
420459,2,1,1982,0,8,0,0,0,0,17,0,0,12
420460,1,1,1982,0,0,0,0,0,0,0,0,0,0
420460,2,1,1982,5,11,14,28,12,13,20,32,26,18
420461,1,1,1982,18,0,0,0,19,0,0,0,0,0
420461,2,1,1982,0,0,0,0,0,0,14,0,0,0
420463,0,1,1982,15,15,15,15,15,15,15,15,15,15
420463,1,1,1982,0,0,0,0,0,0,0,0,0,0
420464,1,1,1982,0,0,0,0,0,0,0,0,0,0
420464,2,1,1982,0,0,0,0,0,0,0,0,0,0
420464,3,1,1982,0,0,0,0,0,0,0,0,0,0
420465,1,1,1982,20,20,20,20,20,20,20,20,20,20
420466,1,1,1982,0,0,0,0,0,0,0,0,4,0
420467,1,1,1982,0,0,0,0,0,0,0,0,16,0
420468,1,1,1982,0,0,0,0,17,0,0,13,0,8
420468,2,1,1982,0,0,12,0,0,11,0,20,0,0
420469,0,1,1982,0,0,0,0,0,0,0,0,0,0
420469,1,1,1982,0,0,2,0,0,15,13,0,0,0
420470,1,1,1982,19,19,19,19,19,19,19,19,19,19
420471,1,1,1982,20,20,20,20,20,20,20,20,20,20
420472,1,1,1982,17,17,17,17,17,17,17,17,17,17
420473,1,1,1982,27,27,27,27,27,27,27,27,27,27
420474,1,1,1982,29,29,29,29,29,29,29,29,29,29
420475,1,1,1982,19,19,19,19,19,19,19,19,19,19
420475,2,1,1982,0,0,20,23,22,24,0,15,6,0
420476,1,1,1982,17,17,17,17,17,17,17,17,17,17
420476,2,1,1982,0,0,6,0,0,0,0,2,0,0
420477,1,1,1982,10,10,10,10,10,10,10,10,10,10
420478,1,1,1982,20,20,20,20,20,20,20,20,20,20
420479,1,1,1982,0,0,0,0,19,0,0,14,14,0
420479,2,1,1982,11,0,0,0,19,0,5,8,0,0
420480,1,1,1982,19,19,19,19,19,19,19,19,19,19
420481,1,1,1982,13,13,13,13,13,13,13,13,13,13
420482,1,1,1982,16,12,21,0,5,0,0,7,19,18
420483,1,1,1982,0,0,0,0,0,0,0,0,0,0
420484,1,1,1982,24,24,24,24,24,24,24,24,24,24
420484,2,1,1982,0,8,0,0,0,0,0,0,15,0
420485,1,1,1982,12,12,12,12,12,12,12,12,12,12
420486,1,1,1982,17,17,17,17,17,17,17,17,17,17
420487,1,1,1982,0,0,0,0,0,0,0,0,0,0
420487,2,1,1982,13,18,0,29,16,13,0,0,14,9
420488,0,1,1982,9,9,9,9,9,9,9,9,9,9
420488,1,1,1982,10,0,32,6,2,0,12,9,20,14
420489,1,1,1982,0,21,11,17,16,23,18,26,17,8
420490,0,1,1982,33,0,37,25,15,22,36,15,18,2
420490,0,2,1982,21,19,0,15,19,0,0,24,0,0
420490,0,3,1982,21,21,7,20,26,44,0,25,0,11
420490,1,1,1982,0,0,0,0,0,0,0,0,0,0
420491,1,1,1982,6,18,0,0,16,0,22,0,9,15
420492,1,1,1982,16,16,16,16,16,16,16,16,16,16
420493,1,1,1982,0,0,0,6,15,12,0,0,0,31
420493,2,1,1982,0,0,0,0,0,0,0,0,0,0
420494,1,1,1982,0,0,29,0,17,0,0,16,0,10
420495,0,1,1982,0,0,0,0,0,0,0,0,0,0
420495,1,1,1982,0,0,0,0,0,0,0,0,5,0
420496,1,1,1982,16,27,13,12,35,11,22,21,0,12
420497,1,1,1982,0,0,0,0,0,8,0,0,0,0
420497,2,1,1982,4,0,0,0,0,0,0,0,16,0
420498,1,1,1982,10,10,10,10,10,10,10,10,10,10
420499,0,1,1982,0,0,0,0,0,0,0,0,0,0
420499,0,2,1982,6,0,6,0,11,12,6,17,0,16
420499,0,3,1982,20,0,37,0,23,3,11,16,0,11
420499,1,1,1982,21,11,13,0,20,17,0,0,0,11
420500,1,1,1982,33,33,33,33,33,33,33,33,33,33
420501,0,1,1982,12,12,12,12,12,12,12,12,12,12
420501,1,1,1982,0,9,16,0,0,0,0,0,11,20
420502,1,1,1982,0,0,6,5,0,10,0,0,0,0
420502,2,1,1982,9,0,0,0,24,0,19,0,19,13
420503,1,1,1982,0,0,0,0,0,0,0,0,0,0
420503,2,1,1982,8,0,0,0,0,0,15,0,0,0
420503,3,1,1982,0,9,0,0,0,0,0,0,0,0
420504,0,1,1982,3,3,3,3,3,3,3,3,3,3
420504,1,1,1982,0,0,0,0,0,0,0,0,0,0
420505,1,1,1982,22,22,22,22,22,22,22,22,22,22
420506,1,1,1982,0,0,0,0,0,0,0,0,0,0
420507,1,1,1982,17,0,15,31,0,23,0,20,16,7
420508,1,1,1982,17,17,17,17,17,17,17,17,17,17
420508,2,1,1982,16,0,0,0,0,0,15,15,0,0
420509,1,1,1982,0,0,0,0,0,0,0,0,0,0
420510,0,1,1982,0,0,0,0,0,0,0,0,0,0
420510,1,1,1982,14,18,0,0,0,0,0,0,0,0
420511,0,1,1982,15,11,0,11,15,17,49,16,23,39
420511,0,2,1982,0,0,15,0,15,0,0,18,0,17
420511,1,1,1982,0,0,10,0,23,18,10,0,7,0
420512,0,1,1982,0,0,0,0,0,0,0,0,0,0
420512,1,1,1982,0,0,0,0,0,0,0,0,0,29
420513,1,1,1982,0,0,19,21,16,0,21,21,25,0
420514,1,1,1982,0,0,0,0,0,28,33,19,37,22
420514,2,1,1982,0,0,0,0,0,0,0,0,11,0
420515,0,1,1982,0,0,0,0,0,0,30,0,0,0
420515,1,1,1982,3,22,0,0,13,0,10,0,7,10
420516,0,1,1982,0,0,0,0,0,0,0,14,0,0
420516,1,1,1982,0,0,0,0,0,8,0,0,0,0
420517,0,1,1982,0,0,0,0,0,0,0,0,0,0
420517,1,1,1982,19,13,0,0,0,0,0,14,0,0
420517,2,1,1982,0,11,19,0,8,0,0,0,0,0
420518,0,1,1982,32,0,17,20,15,0,0,0,9,15
420518,1,1,1982,0,0,7,0,16,0,15,0,0,0
420519,1,1,1982,0,5,13,26,38,4,0,0,31,0
420519,2,1,1982,0,0,0,0,0,0,0,0,0,0
420520,0,1,1982,0,27,0,0,0,0,17,29,18,12
420520,1,1,1982,0,0,0,0,0,0,0,0,0,16
420521,1,1,1982,22,0,14,0,21,0,26,0,17,0
420522,1,1,1982,16,0,0,0,0,22,27,0,0,0
420523,1,1,1982,0,0,0,13,0,0,0,0,0,20
420523,2,1,1982,24,0,0,0,0,0,0,0,15,0
420524,0,1,1982,30,30,30,30,30,30,30,30,30,30
420524,1,1,1982,0,0,0,11,25,0,0,12,0,19
420525,1,1,1982,0,0,0,0,0,0,0,0,0,0
420525,2,1,1982,0,0,0,0,0,0,0,0,0,0
420526,1,1,1982,25,25,25,25,25,25,25,25,25,25
420526,2,1,1982,0,0,0,2,24,0,0,0,0,0
420527,1,1,1982,22,22,22,22,22,22,22,22,22,22
420528,0,1,1982,17,0,23,0,0,0,0,12,9,11
420528,1,1,1982,6,6,6,6,6,6,6,6,6,6
420529,1,1,1982,24,18,0,0,0,14,3,20,11,0
420530,1,1,1982,25,25,25,25,25,25,25,25,25,25
420530,2,1,1982,25,0,26,0,21,0,0,11,21,0
420531,1,1,1982,18,18,18,18,18,18,18,18,18,18
420532,1,1,1982,22,26,16,32,20,13,17,9,0,6
420532,2,1,1982,14,0,0,13,0,12,22,21,0,0
420533,1,1,1982,28,28,28,28,28,28,28,28,28,28
420534,1,1,1982,19,0,0,0,0,0,17,0,0,20
420535,1,1,1982,15,15,15,15,15,15,15,15,15,15
420536,1,1,1982,0,0,0,0,0,0,0,0,0,0
420537,1,1,1982,0,0,3,0,0,0,8,0,0,20
420537,2,1,1982,0,0,25,15,14,0,0,0,0,0
420538,1,1,1982,21,0,0,0,0,0,0,0,0,17
420538,2,1,1982,0,0,0,0,0,7,0,10,25,19
420539,1,1,1982,0,23,9,18,22,16,13,19,17,3
420540,1,1,1982,20,20,20,20,20,20,20,20,20,20
420541,1,1,1982,0,0,27,0,27,0,0,32,16,14
420542,1,1,1982,0,0,0,0,0,0,0,0,0,0
420542,2,1,1982,0,0,0,0,0,0,0,0,0,0
420543,1,1,1982,32,13,21,0,23,0,23,26,0,0
420543,2,1,1982,0,0,0,0,3,0,6,24,11,12
420544,1,1,1982,31,31,31,31,31,31,31,31,31,31
420544,2,1,1982,0,0,23,2,0,0,0,0,0,0
420545,1,1,1982,18,24,28,11,18,17,13,39,21,24
420546,1,1,1982,0,0,0,0,0,0,0,0,0,0
420546,2,1,1982,10,0,0,0,15,0,0,0,15,0
420547,1,1,1982,20,0,0,15,27,0,7,0,0,14
420548,1,1,1982,0,0,11,0,0,12,0,0,0,8
420548,2,1,1982,0,0,0,0,0,0,0,2,0,0
420549,1,1,1982,0,0,0,0,0,0,0,0,0,0
420549,2,1,1982,0,0,0,0,0,0,0,0,0,0
420549,3,1,1982,0,19,0,12,0,0,0,0,0,0
420550,1,1,1982,0,0,0,0,5,0,0,0,0,0
420551,1,1,1982,24,21,22,21,16,38,12,8,20,0
420552,1,1,1982,6,6,6,6,6,6,6,6,6,6
420553,1,1,1982,13,13,13,13,13,13,13,13,13,13
420553,2,1,1982,7,0,7,0,0,7,0,0,0,0
420554,1,1,1982,24,24,24,24,24,24,24,24,24,24
420555,0,1,1982,0,0,0,0,0,0,0,0,0,0
420555,1,1,1982,0,7,0,0,5,0,0,0,0,0
420556,0,1,1982,33,50,0,0,25,0,0,0,25,0
420556,1,1,1982,0,0,0,0,17,0,0,0,0,0
420557,0,1,1982,0,0,0,0,0,0,0,0,0,0
420557,1,1,1982,0,0,9,0,0,0,0,0,0,0
420558,1,1,1982,17,31,17,18,22,20,25,11,0,0
420559,0,1,1982,0,0,0,0,0,0,0,0,0,0
420559,1,1,1982,0,0,0,0,0,0,0,0,0,0
420561,1,1,1982,0,0,0,0,0,0,0,0,0,0
420561,2,1,1982,0,0,0,0,0,0,0,0,0,0
420562,1,1,1982,0,0,8,6,12,5,5,15,0,0
420562,2,1,1982,5,7,13,24,21,0,13,24,12,0