ST_CASE,VEH_NO,PER_NO,YEAR,P1,P2,P3,P4,P5,P6,P7,P8,P9,P10
420563,0,1,1982,0,0,0,0,0,0,0,0,0,0
420563,1,1,1982,0,0,0,0,0,0,0,0,0,0
420564,0,1,1982,0,0,0,0,0,0,0,0,0,0
420564,1,1,1982,0,0,7,0,0,0,0,0,0,0
420565,1,1,1982,5,5,5,5,5,5,5,5,5,5
420565,2,1,1982,0,0,0,0,0,0,0,0,0,0
420566,1,1,1982,0,0,0,0,0,0,0,0,0,0
420566,2,1,1982,0,0,0,0,0,0,0,0,0,0
420567,0,1,1982,0,0,0,0,0,0,0,0,0,0
420567,1,1,1982,19,0,0,0,0,0,0,0,0,8
420568,1,1,1982,18,0,20,0,12,17,25,0,0,9
420568,2,1,1982,0,10,0,0,0,0,0,0,0,0
420569,1,1,1982,14,14,14,14,14,14,14,14,14,14
420569,2,1,1982,0,0,0,0,0,0,0,0,0,0
420570,0,1,1982,0,0,0,0,0,19,0,0,0,0
420570,1,1,1982,0,0,0,0,0,0,0,0,0,0
420571,0,1,1982,0,0,0,0,0,0,0,0,0,0
420571,1,1,1982,0,0,0,0,0,0,0,0,0,0
420572,1,1,1982,0,0,0,0,0,0,0,0,0,0
420572,2,1,1982,18,0,18,0,0,0,0,0,0,0
420572,3,1,1982,10,0,22,0,0,0,0,13,15,13
420573,1,1,1982,0,0,0,0,0,0,0,0,0,0
420573,2,1,1982,0,0,0,0,0,0,0,0,0,0
420574,1,1,1982,20,20,20,20,20,20,20,20,20,20
420575,1,1,1982,23,23,23,23,23,23,23,23,23,23
420576,1,1,1982,5,0,9,0,16,18,0,0,0,0
420576,2,1,1982,0,0,29,18,11,18,0,0,0,21
420577,1,1,1982,0,0,0,0,9,0,0,0,10,0
420577,2,1,1982,0,0,0,0,0,0,0,0,0,0
420577,3,1,1982,0,0,0,10,0,0,9,0,4,0
420578,0,1,1982,27,27,27,27,27,27,27,27,27,27
420578,1,1,1982,0,0,0,0,0,0,0,0,19,0
420579,1,1,1982,6,0,0,0,15,0,19,0,0,14
420579,2,1,1982,0,0,8,0,0,0,15,0,0,13
420580,1,1,1982,27,27,27,27,27,27,27,27,27,27
420581,0,1,1982,0,11,19,0,0,0,31,15,0,9
420581,1,1,1982,15,15,0,0,0,16,0,0,16,23
420585,1,1,1982,28,15,20,19,11,21,21,27,35,16
420586,1,1,1982,0,0,10,0,0,0,0,0,0,0
420586,2,1,1982,0,0,0,10,0,0,9,0,3,0
420587,1,1,1982,16,16,16,16,16,16,16,16,16,16
420588,1,1,1982,0,5,6,14,7,0,0,25,6,0
420589,1,1,1982,0,10,15,0,18,0,0,0,19,8
420590,1,1,1982,0,0,0,0,0,0,0,0,0,0
420591,1,1,1982,0,9,0,0,8,0,0,0,0,0
420591,2,1,1982,0,0,0,0,0,0,0,0,0,0
420592,1,1,1982,3,3,3,3,3,3,3,3,3,3
420592,2,1,1982,0,0,0,0,0,6,0,0,0,0
420593,1,1,1982,0,0,0,8,0,0,0,0,0,0
420593,2,1,1982,0,13,0,0,0,0,0,0,0,0
420593,3,1,1982,0,0,0,0,7,0,0,0,0,0
420593,4,1,1982,0,0,0,0,0,0,0,0,0,0
420593,5,1,1982,0,0,0,0,0,9,31,16,0,0
420594,1,1,1982,24,24,24,24,24,24,24,24,24,24
420595,1,1,1982,12,12,12,12,12,12,12,12,12,12
420595,2,1,1982,0,0,0,0,0,0,0,0,0,0
420596,1,1,1982,28,28,28,28,28,28,28,28,28,28
420596,2,1,1982,0,0,0,0,0,0,0,0,0,0
420597,1,1,1982,0,0,0,0,0,0,0,0,0,0
420597,2,1,1982,0,0,0,0,0,0,0,0,0,0
420598,1,1,1982,10,0,12,0,0,0,0,0,0,0
420598,2,1,1982,0,0,0,0,12,8,9,0,16,17
420598,3,1,1982,0,0,0,0,0,0,0,0,0,0
420599,1,1,1982,0,20,0,0,0,0,15,0,0,0
420599,2,1,1982,0,0,0,0,0,0,0,0,0,0
420600,0,1,1982,35,0,0,23,0,0,0,0,0,0
420600,1,1,1982,0,0,0,9,0,13,21,0,0,0
420601,0,1,1982,0,0,0,0,0,0,0,0,0,0
420601,1,1,1982,10,0,0,6,21,0,0,0,0,0
420602,1,1,1982,0,0,0,12,0,0,8,0,0,0
420602,2,1,1982,0,0,0,0,0,0,0,0,0,20
420603,0,1,1982,0,0,0,0,0,0,0,0,0,0
420603,1,1,1982,0,0,0,0,0,0,14,11,18,0
420604,1,1,1982,0,0,0,0,0,0,0,0,0,0
420605,1,1,1982,5,5,5,5,5,5,5,5,5,5
420605,2,1,1982,0,0,0,0,16,0,0,27,0,0
420606,1,1,1982,0,0,0,0,0,0,0,0,0,0
420607,1,1,1982,0,0,0,0,0,0,0,0,0,0
420607,2,1,1982,0,0,0,0,0,0,0,0,0,0
420608,0,1,1982,13,28,30,0,22,24,28,14,9,32
420608,1,1,1982,0,0,0,0,0,0,0,0,0,0
420610,1,1,1982,27,27,27,27,27,27,27,27,27,27
420610,2,1,1982,0,0,0,0,0,0,0,0,0,0
420610,3,1,1982,0,0,0,0,0,8,0,0,0,0
420611,0,1,1982,19,19,19,19,19,19,19,19,19,19
420611,1,1,1982,22,0,0,0,0,0,16,0,0,9
420612,1,1,1982,0,0,6,0,0,0,0,0,0,0
420612,2,1,1982,0,0,0,0,0,0,0,0,21,0
420613,1,1,1982,0,0,0,0,0,0,0,0,0,0
420613,2,1,1982,0,4,13,25,0,0,0,0,0,11
420614,1,1,1982,0,0,0,15,11,5,0,0,0,0
420614,2,1,1982,0,0,0,0,0,0,0,0,0,0
420615,1,1,1982,9,0,21,9,8,20,3,0,21,7
420615,2,1,1982,0,0,0,12,0,0,0,0,0,0
420616,1,1,1982,0,12,22,10,14,10,22,0,13,0
420616,2,1,1982,10,0,25,0,11,17,0,0,8,0
420617,1,1,1982,26,9,17,14,29,19,15,17,17,13
420618,1,1,1982,24,24,24,24,24,24,24,24,24,24
420619,1,1,1982,0,0,0,0,0,0,0,0,0,0
420619,2,1,1982,0,0,0,0,0,0,0,0,17,0
420620,1,1,1982,30,30,30,30,30,30,30,30,30,30
420621,0,1,1982,0,0,0,23,0,9,0,0,17,0
420621,1,1,1982,23,0,0,12,0,0,10,0,0,0
420622,1,1,1982,0,0,0,24,22,10,7,19,0,10
420623,1,1,1982,18,0,20,16,9,11,15,27,19,0
420624,1,1,1982,0,0,0,0,0,0,0,0,0,0
420625,1,1,1982,27,0,0,36,29,18,28,27,0,18
420625,2,1,1982,0,0,0,0,0,0,0,0,0,8
420626,1,1,1982,9,9,9,9,9,9,9,9,9,9
420627,1,1,1982,17,5,16,24,12,0,7,28,16,9
420628,0,1,1982,0,0,0,0,0,0,0,0,36,0
420628,1,1,1982,0,22,15,0,0,0,0,0,0,0
420629,1,1,1982,0,0,0,20,0,0,0,0,0,0
420630,1,1,1982,17,17,17,17,17,17,17,17,17,17
420631,1,1,1982,1,1,1,1,1,1,1,1,1,1
420632,0,1,1982,0,0,0,0,15,23,24,0,0,0
420632,1,1,1982,0,9,31,10,21,20,13,11,14,0
420633,1,1,1982,16,0,0,0,8,19,8,16,17,31
420634,1,1,1982,12,12,12,12,12,12,12,12,12,12
420634,2,1,1982,0,0,0,0,17,16,0,0,0,0
420635,1,1,1982,0,0,0,0,15,0,0,0,0,0
420635,2,1,1982,0,0,0,0,0,0,0,0,6,0
420636,1,1,1982,24,0,28,0,16,0,10,7,19,0
420637,1,1,1982,0,0,0,0,0,0,0,0,0,0
420638,1,1,1982,0,0,0,0,0,0,0,0,0,0
420639,1,1,1982,20,20,20,20,20,20,20,20,20,20
420639,2,1,1982,0,0,15,15,12,0,0,23,0,0
420640,1,1,1982,6,6,6,6,6,6,6,6,6,6
420640,2,1,1982,0,0,0,0,0,19,29,0,0,28
420641,1,1,1982,9,0,0,0,0,26,0,0,0,5
420641,2,1,1982,15,0,0,0,0,0,0,0,0,0
420642,0,1,1982,21,17,24,22,0,18,17,26,0,10
420642,1,1,1982,59,59,59,59,59,59,59,59,59,59
420643,1,1,1982,0,0,0,0,0,20,0,13,0,8
420644,1,1,1982,24,24,24,24,24,24,24,24,24,24
420645,0,1,1982,0,0,0,0,0,0,0,0,0,0
420645,1,1,1982,0,0,0,27,0,0,0,0,0,0
420646,0,1,1982,0,0,0,40,0,0,0,5,0,0
420646,1,1,1982,0,0,0,12,0,0,0,0,15,0
420647,1,1,1982,0,0,0,0,0,0,0,0,0,0
420647,2,1,1982,0,0,0,0,0,0,4,14,0,0
420647,3,1,1982,0,7,0,0,0,0,0,0,0,0
420647,4,1,1982,0,0,0,0,0,9,7,10,0,0
420648,1,1,1982,0,0,0,0,0,0,0,0,0,0
420649,0,1,1982,0,0,16,0,0,0,0,0,0,0
420649,1,1,1982,32,13,0,0,12,0,0,0,0,0
420650,1,1,1982,9,9,9,9,9,9,9,9,9,9
420651,1,1,1982,0,0,0,0,0,0,0,0,0,0
420652,1,1,1982,22,22,22,22,22,22,22,22,22,22
420652,2,1,1982,6,16,20,0,10,15,5,8,0,22
420653,1,1,1982,16,16,16,16,16,16,16,16,16,16
420653,2,1,1982,0,0,0,32,0,0,11,0,27,0
420654,1,1,1982,26,26,26,26,26,26,26,26,26,26
420655,1,1,1982,15,15,25,7,0,17,0,11,39,16
420656,1,1,1982,0,0,0,0,0,0,0,0,0,0
420656,2,1,1982,0,0,0,0,0,0,0,0,0,0
420656,3,1,1982,0,0,0,0,0,0,0,0,0,0
420657,0,1,1982,20,20,20,20,20,20,20,20,20,20
420657,1,1,1982,9,9,9,9,9,9,9,9,9,9
420658,1,1,1982,20,20,20,20,20,20,20,20,20,20
420659,1,1,1982,0,19,0,16,39,0,0,0,0,0
420659,2,1,1982,0,0,9,16,0,0,0,0,0,0
420660,1,1,1982,27,27,27,27,27,27,27,27,27,27
420660,2,1,1982,11,11,11,11,11,11,11,11,11,11
420661,1,1,1982,10,10,10,10,10,10,10,10,10,10
420662,1,1,1982,0,0,3,0,0,0,0,0,0,0
420662,2,1,1982,0,0,0,0,0,0,0,0,0,0
420663,1,1,1982,13,13,13,13,13,13,13,13,13,13
420664,1,1,1982,0,0,0,0,0,0,0,0,0,0
420664,2,1,1982,0,0,0,0,0,0,0,12,0,0
420664,3,1,1982,0,0,0,0,0,0,0,0,0,0
420664,4,1,1982,0,0,0,0,0,0,0,0,0,0
420665,1,1,1982,24,21,17,0,16,26,18,12,23,12
420666,1,1,1982,28,28,28,28,28,28,28,28,28,28
420666,2,1,1982,0,0,0,0,0,0,0,0,0,0
420666,3,1,1982,0,0,0,0,0,0,8,0,0,0
420667,1,1,1982,0,4,0,10,0,11,0,0,0,0
420667,2,1,1982,0,0,0,0,0,0,0,0,0,0
420668,1,1,1982,22,22,22,22,22,22,22,22,22,22
420669,1,1,1982,0,0,0,15,0,12,0,0,0,0
420669,2,1,1982,0,0,0,0,0,0,0,0,0,0
420670,1,1,1982,10,0,29,78,0,0,0,20,23,0
420671,1,1,1982,0,0,0,0,0,0,0,0,0,0
420671,2,1,1982,0,0,0,0,0,0,0,0,2,0
420672,1,1,1982,16,16,16,16,16,16,16,16,16,16
420673,1,1,1982,26,0,0,0,3,0,0,9,0,0
420674,1,1,1982,0,0,0,0,0,0,0,0,0,0
420674,2,1,1982,0,0,0,0,0,0,0,0,0,0
420675,1,1,1982,10,10,10,10,10,10,10,10,10,10
420675,2,1,1982,0,0,0,0,0,0,0,0,0,0
420676,1,1,1982,0,0,17,7,0,0,0,17,32,9
420677,1,1,1982,0,0,0,0,0,0,0,0,0,0
420678,1,1,1982,20,20,20,20,20,20,20,20,20,20
420679,1,1,1982,0,0,0,0,0,0,0,0,0,0
420680,1,1,1982,0,0,0,0,0,0,0,0,0,0
420681,1,1,1982,0,0,0,0,0,0,0,23,0,0
420682,1,1,1982,0,0,0,0,0,0,0,0,0,0
420683,0,1,1982,0,0,0,0,0,0,0,0,0,0
420683,1,1,1982,0,0,0,0,0,0,0,0,0,0
420684,1,1,1982,0,0,0,0,0,17,0,0,0,0
420684,2,1,1982,0,11,0,0,0,0,0,10,0,0
420684,3,1,1982,0,24,0,10,0,16,0,0,13,0
420684,4,1,1982,0,0,0,0,0,0,0,0,0,0
420686,1,1,1982,7,0,22,20,20,15,25,20,16,0
420686,2,1,1982,22,22,14,0,14,0,0,0,9,6
420687,1,1,1982,14,14,14,14,14,14,14,14,14,14
420688,1,1,1982,0,0,0,0,19,0,0,0,0,26
420688,2,1,1982,0,0,0,13,0,0,0,0,0,0
420688,3,1,1982,0,0,0,0,0,11,0,0,14,0
420689,1,1,1982,0,0,0,0,0,0,13,0,0,17
420689,2,1,1982,0,0,0,0,17,0,0,0,20,0
420689,3,1,1982,0,0,0,0,0,0,0,0,0,0
420690,0,1,1982,0,23,0,0,0,0,0,0,16,0
420690,1,1,1982,0,0,0,0,0,0,0,0,9,0
420691,0,1,1982,0,0,0,0,0,0,0,0,0,0
420691,1,1,1982,0,0,0,0,0,0,0,0,0,0
420692,0,1,1982,0,0,0,0,0,0,0,0,0,0
420692,0,2,1982,0,0,0,0,0,0,0,30,0,8
420692,0,3,1982,0,0,0,0,0,0,0,0,0,0
420692,0,4,1982,0,0,0,0,0,0,0,0,0,0
420692,0,5,1982,10,8,0,0,0,19,0,33,0,0
420692,1,1,1982,7,0,0,0,0,0,0,0,0,0
420693,1,1,1982,0,0,0,0,0,0,0,0,0,0
420694,1,1,1982,0,25,0,15,31,0,0,0,0,0
420694,2,1,1982,0,0,0,0,0,0,0,0,0,8
420695,1,1,1982,0,0,0,23,0,0,15,0,17,0
420695,2,1,1982,17,0,0,0,0,0,18,0,0,0
420696,1,1,1982,0,0,0,0,0,0,0,0,0,0
420696,2,1,1982,0,0,0,0,0,0,0,0,0,0
420697,1,1,1982,0,13,5,0,23,20,0,17,13,0
420697,2,1,1982,0,0,3,11,0,10,0,0,0,0
420698,1,1,1982,0,0,0,26,0,25,21,0,28,20
420699,1,1,1982,0,0,0,0,0,0,0,0,0,0
420699,2,1,1982,2,0,15,0,0,0,0,0,0,0
420700,0,1,1982,30,2,16,19,0,33,3,17,26,0
420700,1,1,1982,18,31,24,0,0,16,13,11,0,16
420701,1,1,1982,20,20,20,20,20,20,20,20,20,20
420702,1,1,1982,0,0,0,9,0,0,0,0,0,0
420702,2,1,1982,0,0,0,0,0,0,0,0,0,0
420703,1,1,1982,0,0,0,0,0,10,4,4,17,22
420703,2,1,1982,4,0,14,0,0,0,0,0,10,0
420704,1,1,1982,0,0,0,0,0,0,18,0,0,0
420704,2,1,1982,0,4,0,0,0,0,0,0,13,0
420705,1,1,1982,0,0,0,0,0,11,14,0,0,17
420705,2,1,1982,0,0,0,0,0,0,0,0,0,0
420706,1,1,1982,0,0,0,0,0,0,0,0,0,0
420706,2,1,1982,0,0,3,0,0,0,0,0,0,0
420707,1,1,1982,0,19,7,0,0,0,0,0,0,0
420708,1,1,1982,0,0,0,0,0,21,16,11,0,0
420708,2,1,1982,0,20,0,0,0,19,28,0,23,7
420709,0,1,1982,25,15,0,0,34,0,13,25,0,22
420709,0,2,1982,24,25,23,37,0,23,0,0,0,29
420709,1,1,1982,0,0,10,0,0,0,0,0,0,0
420710,1,1,1982,0,0,0,0,0,0,0,0,0,0
420710,2,1,1982,0,0,0,0,0,0,7,0,0,0
420711,1,1,1982,0,0,0,0,0,0,0,0,0,0
420712,1,1,1982,0,0,0,0,0,0,0,0,0,0
420712,2,1,1982,0,0,0,0,0,0,0,0,0,0
420713,0,1,1982,20,20,20,20,20,20,20,20,20,20
420713,0,2,1982,14,14,14,14,14,14,14,14,14,14
420713,1,1,1982,24,23,0,0,23,19,0,0,25,9
420714,0,1,1982,16,0,0,0,0,0,0,0,0,0
420714,1,1,1982,0,0,0,0,0,10,0,0,0,0
420715,0,1,1982,0,0,0,0,0,0,0,0,0,0
420715,1,1,1982,0,0,20,0,0,0,0,0,0,0
420716,1,1,1982,4,32,23,0,18,0,0,0,14,19
420716,2,1,1982,0,21,0,11,0,0,0,22,13,16
420717,0,1,1982,0,0,0,0,0,0,0,0,0,0
420717,1,1,1982,21,24,0,11,0,0,0,0,0,11
420718,1,1,1982,0,0,0,0,19,0,0,0,0,0
420718,2,1,1982,0,0,0,0,0,0,0,0,0,0
420719,1,1,1982,0,0,0,0,0,0,0,0,0,0
420719,2,1,1982,0,16,0,0,0,0,0,0,0,0
420720,1,1,1982,0,0,0,0,4,13,19,0,19,0
420720,2,1,1982,0,0,0,0,19,0,0,0,0,0
420721,1,1,1982,24,6,12,11,0,11,14,6,0,0
420722,1,1,1982,0,0,0,0,9,0,0,0,28,15
420723,1,1,1982,0,0,10,0,25,0,0,0,0,9
420723,2,1,1982,0,0,0,0,10,16,0,0,17,5
420724,1,1,1982,11,11,11,11,11,11,11,11,11,11
420725,1,1,1982,23,23,23,23,23,23,23,23,23,23
420726,1,1,1982,0,0,0,0,0,0,0,0,0,0
420726,2,1,1982,0,0,0,0,0,0,0,0,0,0
420727,1,1,1982,11,0,8,0,24,14,10,0,4,21
420727,2,1,1982,0,0,0,0,0,0,0,0,0,0
420728,1,1,1982,14,14,14,14,14,14,14,14,14,14
420729,1,1,1982,19,19,19,19,19,19,19,19,19,19
420730,1,1,1982,0,0,0,0,0,0,0,0,0,0
420730,2,1,1982,0,0,0,0,0,0,0,0,0,0
420731,1,1,1982,0,0,0,0,0,0,0,0,0,0
420732,1,1,1982,0,0,0,0,0,0,0,0,0,0
420732,2,1,1982,7,0,0,0,0,0,0,0,0,0
420733,1,1,1982,12,12,12,12,12,12,12,12,12,12
420733,2,1,1982,0,0,0,0,12,0,0,14,21,3
420734,1,1,1982,29,13,27,22,0,17,21,5,24,17
420735,1,1,1982,15,18,20,10,27,19,0,0,21,6
420736,1,1,1982,36,36,36,36,36,36,36,36,36,36
420736,2,1,1982,0,0,0,0,0,5,0,0,0,0
420737,1,1,1982,14,14,14,14,14,14,14,14,14,14
420738,0,1,1982,13,13,13,13,13,13,13,13,13,13
420738,1,1,1982,0,0,0,0,0,0,0,0,0,0
420739,1,1,1982,11,11,11,11,11,11,11,11,11,11
420740,1,1,1982,0,0,0,0,0,0,0,25,24,0
420740,2,1,1982,0,0,0,0,0,0,10,0,0,0
420740,3,1,1982,0,0,0,0,0,0,0,0,0,0
420741,1,1,1982,13,13,13,13,13,13,13,13,13,13
420742,1,1,1982,0,8,0,0,0,0,0,0,0,0
420743,1,1,1982,0,15,0,19,5,0,0,0,0,6
420743,2,1,1982,0,0,12,0,21,10,0,0,0,0
420744,1,1,1982,0,13,0,5,0,0,0,0,0,0
420745,0,1,1982,21,21,21,21,21,21,21,21,21,21
420745,1,1,1982,0,0,0,0,0,0,0,0,0,0
420746,1,1,1982,23,23,23,23,23,23,23,23,23,23
420747,1,1,1982,0,0,0,0,0,0,0,0,0,0
420748,1,1,1982,17,17,17,17,17,17,17,17,17,17
420748,2,1,1982,0,0,0,0,0,0,0,0,0,0
420749,1,1,1982,7,7,7,7,7,7,7,7,7,7
420749,2,1,1982,17,17,17,17,17,17,17,17,17,17
420750,1,1,1982,15,15,15,15,15,15,15,15,15,15
420751,1,1,1982,0,0,0,0,0,0,0,0,0,0
420752,1,1,1982,0,0,0,0,0,0,0,0,33,0
420753,0,1,1982,0,0,0,0,0,0,0,0,0,0
420753,1,1,1982,16,0,0,0,0,0,0,0,0,0
420754,1,1,1982,11,11,11,11,11,11,11,11,11,11
420755,1,1,1982,0,28,0,42,12,20,24,0,17,25
420756,0,1,1982,17,17,17,17,17,17,17,17,17,17
420756,1,1,1982,0,0,0,14,0,16,0,0,0,31
420757,1,1,1982,0,0,0,10,29,0,16,0,0,10
420757,2,1,1982,0,0,0,0,0,0,0,0,0,0
420758,1,1,1982,9,22,0,31,12,0,21,18,22,10
420759,1,1,1982,34,0,0,15,0,8,0,23,19,0
420760,1,1,1982,5,5,5,5,5,5,5,5,5,5
420761,0,1,1982,27,17,34,31,9,9,0,33,13,5
420761,1,1,1982,23,0,22,0,0,9,0,4,24,0
420762,1,1,1982,0,0,0,0,0,0,0,0,0,0
420762,2,1,1982,0,0,6,0,0,12,4,0,0,0
420763,0,1,1982,25,25,25,25,25,25,25,25,25,25
420763,1,1,1982,0,0,0,0,0,0,15,0,0,0
420764,1,1,1982,19,10,5,20,29,9,0,24,14,13
420765,1,1,1982,0,0,0,0,0,0,0,0,0,0
420765,2,1,1982,0,10,0,0,0,0,0,0,0,0
420765,3,1,1982,0,0,0,0,0,0,0,0,0,0
420766,0,1,1982,30,30,30,30,30,30,30,30,30,30
420766,1,1,1982,0,0,0,0,0,21,0,0,0,0
420767,1,1,1982,0,0,0,0,0,0,0,0,0,0
420767,2,1,1982,0,0,0,0,0,0,0,7,0,0
420767,3,1,1982,0,17,0,0,0,0,0,0,0,0
420767,4,1,1982,0,12,13,0,17,11,0,0,0,13
420768,1,1,1982,0,0,0,0,0,0,0,0,0,0
420768,2,1,1982,8,0,0,0,0,0,20,12,0,0
420769,0,1,1982,0,0,0,0,0,0,0,0,0,0
420769,1,1,1982,0,0,0,0,18,0,0,0,0,16
420770,1,1,1982,15,15,15,15,15,15,15,15,15,15
420770,2,1,1982,0,14,0,0,0,15,10,0,11,15
420771,1,1,1982,0,0,0,0,0,0,0,0,0,0
420771,2,1,1982,0,0,0,0,0,0,0,0,0,0
420772,1,1,1982,0,0,6,0,0,0,12,0,26,5
420773,1,1,1982,24,24,24,24,24,24,24,24,24,24
420773,2,1,1982,0,9,0,0,0,0,0,0,0,0
420774,1,1,1982,0,0,11,0,0,15,0,0,0,0
420774,2,1,1982,0,0,0,19,3,0,29,15,0,0
420775,1,1,1982,0,34,18,0,0,0,9,0,6,11
420775,2,1,1982,12,0,10,9,14,13,0,29,25,0
420776,1,1,1982,0,0,0,0,0,0,0,0,0,0
420777,1,1,1982,9,9,9,9,9,9,9,9,9,9
420778,1,1,1982,0,0,0,0,0,0,0,0,0,0
420779,1,1,1982,0,0,0,0,0,0,0,0,0,0
420779,2,1,1982,0,0,19,0,0,32,2,0,0,8
420780,1,1,1982,0,0,0,0,0,0,0,0,0,0
420781,1,1,1982,0,0,0,0,0,0,0,0,0,0
420781,2,1,1982,5,5,5,5,5,5,5,5,5,5
420782,1,1,1982,8,8,8,8,8,8,8,8,8,8
420782,2,1,1982,0,20,6,10,28,15,17,29,0,0
420783,1,1,1982,18,18,18,18,18,18,18,18,18,18
420784,1,1,1982,36,36,36,36,36,36,36,36,36,36
420785,1,1,1982,0,13,20,21,10,12,18,4,20,0
420786,1,1,1982,0,0,0,0,0,0,0,0,0,12
420786,2,1,1982,0,0,0,0,0,0,0,0,0,0
420787,1,1,1982,0,0,0,0,0,0,0,0,0,0
420787,2,1,1982,0,7,0,9,0,0,7,0,0,0
420788,1,1,1982,0,0,0,0,0,0,0,0,0,0
420788,2,1,1982,19,0,0,0,0,0,0,0,0,0
420789,1,1,1982,0,0,0,0,0,0,0,0,0,0
420790,1,1,1982,17,17,17,17,17,17,17,17,17,17
420791,1,1,1982,0,0,0,0,0,0,0,0,0,0
420791,2,1,1982,0,0,0,0,0,0,0,0,0,0
420791,3,1,1982,0,31,16,0,0,0,0,0,16,0
420792,1,1,1982,19,19,19,19,19,19,19,19,19,19
420793,1,1,1982,24,24,24,24,24,24,24,24,24,24
420794,1,1,1982,18,0,15,20,0,19,20,0,28,15
420795,0,1,1982,0,0,0,0,0,0,0,0,0,0
420795,1,1,1982,0,17,19,0,0,0,17,0,0,0
420796,0,1,1982,22,22,22,22,22,22,22,22,22,22
420796,1,1,1982,12,0,19,18,0,27,0,24,0,0
420797,1,1,1982,0,0,0,14,0,0,0,0,0,0
420797,2,1,1982,0,0,0,0,0,0,0,0,0,0
420798,1,1,1982,0,0,0,0,0,0,0,0,0,0
420799,1,1,1982,5,5,5,5,5,5,5,5,5,5
420800,1,1,1982,0,0,0,0,0,0,0,0,0,0
420800,2,1,1982,0,0,0,0,0,0,0,0,0,0
420800,3,1,1982,0,0,0,0,0,0,0,0,0,0
420800,4,1,1982,0,0,0,0,0,0,0,0,0,0
420801,1,1,1982,3,0,0,0,22,0,0,0,0,0
420801,2,1,1982,0,0,19,0,0,0,0,0,0,0
420802,1,1,1982,12,12,12,12,12,12,12,12,12,12
420802,2,1,1982,0,0,0,0,0,0,11,0,18,0
420802,3,1,1982,0,0,15,22,22,0,0,18,9,0
420802,4,1,1982,6,0,0,0,6,10,0,9,11,0
420803,0,1,1982,0,0,0,0,0,0,0,0,0,0
420803,1,1,1982,0,0,0,21,3,0,0,0,0,0
420804,1,1,1982,18,18,18,18,18,18,18,18,18,18
420805,1,1,1982,0,0,12,11,7,39,0,30,24,0
420806,1,1,1982,0,0,0,0,0,0,0,0,0,0
420806,2,1,1982,0,0,0,0,11,0,0,0,0,0
420807,1,1,1982,0,0,0,0,0,0,0,0,0,0
420807,2,1,1982,0,0,0,0,0,0,0,0,0,0
420807,3,1,1982,0,0,0,0,0,12,0,0,0,0
420808,1,1,1982,0,0,0,0,0,0,0,0,0,0
420808,2,1,1982,10,0,0,7,8,11,4,0,0,0
420809,1,1,1982,15,15,15,15,15,15,15,15,15,15
420810,1,1,1982,0,0,0,0,0,0,0,11,5,0
420810,2,1,1982,0,0,0,0,0,0,0,0,0,0
420811,0,1,1982,0,0,0,0,0,0,0,0,0,0
420811,0,2,1982,14,0,5,0,0,0,0,0,0,0
420811,0,3,1982,41,0,15,26,25,23,25,0,21,0
420811,1,1,1982,6,6,6,6,6,6,6,6,6,6
420812,1,1,1982,13,13,13,13,13,13,13,13,13,13
420813,0,1,1982,0,0,0,0,0,0,0,0,0,0
420813,1,1,1982,0,0,0,0,0,0,0,0,0,0
420814,1,1,1982,16,16,16,16,16,16,16,16,16,16
420814,2,1,1982,12,0,24,0,0,11,9,16,8,0
420815,0,1,1982,0,0,0,0,0,0,0,0,0,0
420815,1,1,1982,0,26,0,0,0,26,0,0,0,18
420816,1,1,1982,13,13,13,13,13,13,13,13,13,13
420817,1,1,1982,0,26,0,20,0,31,0,29,32,0
420818,1,1,1982,0,0,6,25,23,11,0,14,25,12
420818,2,1,1982,0,23,0,0,8,11,13,0,14,7
420819,1,1,1982,19,19,19,19,19,19,19,19,19,19
420820,1,1,1982,5,5,5,5,5,5,5,5,5,5
420821,1,1,1982,0,21,0,0,20,0,12,28,3,38
420822,1,1,1982,7,7,7,7,7,7,7,7,7,7
420823,0,1,1982,0,0,0,0,0,0,0,0,0,0
420823,0,2,1982,0,15,0,0,16,0,0,15,0,14
420823,1,1,1982,0,0,0,0,0,0,0,0,0,0
420824,1,1,1982,27,30,12,20,13,7,18,0,13,13
420825,0,1,1982,0,0,0,0,0,0,0,0,0,0
420825,1,1,1982,0,0,0,4,0,0,0,0,0,0
420826,1,1,1982,8,8,8,8,8,8,8,8,8,8
420826,2,1,1982,0,0,5,3,0,8,0,0,0,0
420827,1,1,1982,1,1,1,1,1,1,1,1,1,1
420827,2,1,1982,0,0,26,0,0,0,0,0,17,0
420828,1,1,1982,6,0,0,0,10,0,16,22,0,0
420829,1,1,1982,13,13,13,13,13,13,13,13,13,13
420830,1,1,1982,0,0,0,0,0,0,0,0,0,0
420830,2,1,1982,0,0,0,0,0,0,0,0,0,0
420831,1,1,1982,0,0,0,0,0,0,0,0,0,0
420831,2,1,1982,0,0,0,0,0,0,0,0,0,0
420832,1,1,1982,0,0,0,6,22,17,5,0,0,17
420832,2,1,1982,0,0,0,15,0,0,0,0,0,0
420833,1,1,1982,0,0,0,0,0,0,0,0,0,0
420833,2,1,1982,0,0,0,0,3,0,4,10,16,0
420834,1,1,1982,0,0,0,0,0,0,0,7,0,0
420834,2,1,1982,0,0,0,0,0,0,0,0,0,0
420835,0,1,1982,0,0,0,0,0,0,0,11,0,0
420835,1,1,1982,4,0,0,4,0,0,0,0,0,0
420836,0,1,1982,0,0,0,0,0,0,0,0,0,0
420836,1,1,1982,0,0,29,0,0,0,0,0,0,0
420837,0,1,1982,22,0,6,0,0,13,29,0,0,0
420837,1,1,1982,0,0,0,0,0,0,0,0,0,0
420838,1,1,1982,0,0,0,0,0,0,0,0,0,0