ST_CASE,VEH_NO,PER_NO,YEAR,P1,P2,P3,P4,P5,P6,P7,P8,P9,P10
420838,2,1,1982,0,0,16,13,0,0,0,0,0,0
420839,1,1,1982,0,0,0,0,0,0,0,0,0,0
420840,1,1,1982,0,0,0,0,0,0,0,0,0,0
420841,1,1,1982,0,0,0,0,0,0,0,0,0,0
420841,2,1,1982,0,0,0,0,0,0,0,0,0,0
420842,1,1,1982,13,0,13,41,0,11,0,34,18,10
420843,0,1,1982,0,33,32,0,0,0,11,12,0,0
420843,1,1,1982,0,0,26,17,24,0,0,20,0,0
420844,1,1,1982,0,0,0,0,0,0,0,0,0,0
420845,1,1,1982,8,0,0,29,23,0,16,0,0,18
420845,2,1,1982,0,0,0,20,0,18,0,15,7,19
420846,1,1,1982,20,20,20,20,20,20,20,20,20,20
420847,1,1,1982,0,0,0,0,0,0,0,0,0,0
420847,2,1,1982,14,14,14,14,14,14,14,14,14,14
420848,1,1,1982,0,0,0,0,0,0,0,0,0,0
420848,2,1,1982,0,0,0,0,0,0,0,6,0,0
420849,1,1,1982,32,32,6,18,9,0,0,0,24,0
420850,1,1,1982,13,12,0,10,14,0,16,0,17,0
420850,2,1,1982,13,0,16,0,0,18,0,0,0,12
420851,0,1,1982,13,13,13,13,13,13,13,13,13,13
420851,1,1,1982,0,0,0,0,0,0,0,0,0,0
420852,1,1,1982,0,0,0,0,0,14,18,23,9,20
420853,1,1,1982,24,18,0,0,0,0,0,11,0,14
420854,1,1,1982,0,0,0,0,0,0,0,0,0,0
420855,1,1,1982,0,0,0,0,0,0,0,0,0,0
420856,1,1,1982,13,13,13,13,13,13,13,13,13,13
420857,1,1,1982,21,21,21,21,21,21,21,21,21,21
420858,1,1,1982,5,5,5,5,5,5,5,5,5,5
420859,1,1,1982,12,12,12,12,12,12,12,12,12,12
420860,1,1,1982,0,0,0,0,0,0,0,0,0,0
420861,1,1,1982,0,0,0,0,0,0,0,0,0,0
420861,2,1,1982,0,0,0,0,20,0,0,0,0,0
420862,1,1,1982,0,0,0,0,0,0,0,0,0,0
420863,1,1,1982,0,7,0,24,7,0,8,16,24,10
420864,0,1,1982,18,18,18,18,18,18,18,18,18,18
420864,1,1,1982,0,0,0,0,0,0,0,7,0,0
420865,1,1,1982,0,0,0,0,0,0,0,0,0,0
420865,2,1,1982,0,0,0,6,0,0,0,23,0,0
420866,1,1,1982,7,7,7,7,7,7,7,7,7,7
420867,1,1,1982,7,22,6,5,12,7,0,27,0,13
420867,2,1,1982,0,0,13,0,14,0,12,16,9,0
420868,1,1,1982,0,3,0,0,0,0,0,0,9,0
420868,2,1,1982,0,0,0,0,0,0,0,0,0,0
420869,1,1,1982,15,15,15,15,15,15,15,15,15,15
420870,1,1,1982,12,12,12,12,12,12,12,12,12,12
420871,1,1,1982,0,0,0,0,0,0,0,0,0,0
420872,1,1,1982,0,0,0,0,0,0,0,0,0,0
420873,1,1,1982,29,29,29,29,29,29,29,29,29,29
420874,1,1,1982,8,8,8,8,8,8,8,8,8,8
420875,1,1,1982,26,26,26,26,26,26,26,26,26,26
420876,1,1,1982,0,0,0,0,0,0,0,0,0,0
420877,1,1,1982,8,0,36,5,0,0,0,0,17,0
420877,2,1,1982,0,0,0,0,0,0,0,0,0,0
420878,1,1,1982,0,0,9,0,0,0,0,21,0,0
420878,2,1,1982,0,0,0,0,0,12,13,0,0,0
420879,1,1,1982,17,0,10,17,13,0,11,15,9,0
420879,2,1,1982,11,11,11,11,11,11,11,11,11,11
420879,3,1,1982,18,14,19,0,0,0,0,14,0,0
420879,4,1,1982,32,14,0,0,0,0,13,0,0,0
420880,1,1,1982,13,13,13,13,13,13,13,13,13,13
420881,1,1,1982,18,0,0,18,0,5,0,0,10,17
420881,2,1,1982,0,0,0,0,0,9,0,0,0,7
420882,1,1,1982,4,4,4,4,4,4,4,4,4,4
420883,1,1,1982,12,12,12,12,12,12,12,12,12,12
420884,0,1,1982,22,22,22,22,22,22,22,22,22,22
420884,1,1,1982,9,0,0,0,0,0,3,0,0,0
420885,1,1,1982,26,26,26,26,26,26,26,26,26,26
420886,0,1,1982,15,0,0,0,0,14,14,0,13,13
420886,1,1,1982,0,0,0,0,0,0,0,0,0,0
420887,1,1,1982,33,33,33,33,33,33,33,33,33,33
420888,1,1,1982,0,0,0,0,0,0,0,0,16,11
420888,2,1,1982,0,9,0,14,0,0,0,0,0,0
420889,1,1,1982,0,0,0,0,0,0,19,0,0,0
420889,2,1,1982,0,0,0,0,0,0,0,0,0,0
420890,1,1,1982,22,22,22,22,22,22,22,22,22,22
420891,1,1,1982,0,0,0,0,0,0,0,0,9,0
420891,2,1,1982,0,0,0,0,0,0,0,0,0,0
420892,1,1,1982,0,0,0,0,0,0,0,0,0,0
420892,2,1,1982,0,0,0,0,0,0,0,0,0,0
420893,1,1,1982,21,21,21,21,21,21,21,21,21,21
420894,1,1,1982,0,0,0,0,0,14,0,18,0,0
420894,2,1,1982,0,0,0,0,0,0,0,0,0,0
420894,3,1,1982,13,0,4,0,7,14,0,6,16,0
420895,1,1,1982,24,24,24,24,24,24,24,24,24,24
420896,1,1,1982,8,16,5,15,0,0,0,21,22,12
420897,1,1,1982,0,0,0,0,0,0,0,0,0,0
420897,2,1,1982,10,10,10,10,10,10,10,10,10,10
420898,1,1,1982,15,11,25,0,3,24,22,21,36,10
420899,1,1,1982,0,0,0,0,0,0,0,15,0,0
420899,2,1,1982,0,0,0,0,25,0,0,32,23,0
420900,1,1,1982,0,0,0,0,0,0,0,0,0,0
420901,1,1,1982,0,0,0,0,50,0,0,0,0,0
420902,0,1,1982,4,16,0,0,12,0,0,0,0,0
420902,1,1,1982,0,14,5,28,0,0,18,7,0,11
420903,1,1,1982,0,0,0,0,0,0,0,0,0,0
420904,1,1,1982,25,25,25,25,25,25,25,25,25,25
420904,2,1,1982,5,5,5,5,5,5,5,5,5,5
420905,1,1,1982,29,29,29,29,29,29,29,29,29,29
420906,0,1,1982,29,29,29,29,29,29,29,29,29,29
420906,1,1,1982,16,0,0,8,0,0,11,0,7,0
420907,1,1,1982,16,16,16,16,16,16,16,16,16,16
420908,1,1,1982,0,0,0,0,0,0,0,0,0,0
420908,2,1,1982,0,0,0,0,0,0,0,0,0,0
420909,1,1,1982,15,15,15,15,15,15,15,15,15,15
420910,0,1,1982,0,0,0,0,0,0,0,0,0,0
420910,1,1,1982,0,0,4,0,0,0,0,8,0,0
420910,2,1,1982,0,0,8,7,0,0,0,0,0,0
420910,3,1,1982,0,0,0,0,15,0,15,0,0,0
420911,0,1,1982,0,0,0,0,0,0,0,0,0,0
420911,1,1,1982,15,0,0,0,0,0,12,0,0,0
420912,1,1,1982,0,0,6,0,0,0,0,0,29,0
420912,2,1,1982,0,0,0,27,0,18,0,0,6,0
420913,1,1,1982,22,22,22,22,22,22,22,22,22,22
420914,1,1,1982,0,0,0,8,13,0,0,0,0,0
420914,2,1,1982,0,0,14,0,26,0,0,18,0,0
420915,0,1,1982,0,0,0,0,0,0,0,0,0,0
420915,1,1,1982,17,17,17,17,17,17,17,17,17,17
420916,1,1,1982,26,26,26,26,26,26,26,26,26,26
420916,2,1,1982,0,10,11,11,17,18,0,8,13,12
420917,1,1,1982,0,0,0,0,0,0,0,20,0,0
420917,2,1,1982,0,0,0,0,0,18,0,0,0,0
420918,1,1,1982,28,22,23,0,15,0,36,14,15,0
420919,1,1,1982,0,10,0,0,0,0,0,0,28,0
420919,2,1,1982,0,0,5,16,13,0,0,21,7,0
420920,1,1,1982,0,0,0,0,0,0,0,0,0,0
420920,2,1,1982,0,0,0,0,0,0,0,0,0,0
420921,0,1,1982,15,40,34,31,0,41,19,29,0,0
420921,1,1,1982,37,4,0,9,13,0,0,4,0,18
420922,1,1,1982,11,12,20,0,16,13,0,17,20,0
420923,1,1,1982,14,14,14,14,14,14,14,14,14,14
420923,2,1,1982,8,0,0,0,15,0,0,8,6,0
420924,1,1,1982,0,0,0,0,0,0,0,0,0,0
420924,2,1,1982,0,0,0,0,0,0,0,10,0,0
420925,1,1,1982,0,25,0,20,16,23,23,0,0,8
420926,1,1,1982,0,0,0,0,0,0,0,0,0,0
420926,2,1,1982,0,0,0,0,0,0,0,0,0,0
420927,1,1,1982,11,11,11,11,11,11,11,11,11,11
420927,2,1,1982,6,19,0,0,0,0,0,0,0,20
420928,1,1,1982,23,23,23,23,23,23,23,23,23,23
420928,2,1,1982,0,0,0,0,0,0,0,0,0,0
420929,1,1,1982,13,13,13,13,13,13,13,13,13,13
420930,1,1,1982,10,30,30,20,0,18,33,25,17,10
420931,1,1,1982,18,19,0,0,0,10,0,0,0,25
420931,2,1,1982,0,0,0,0,0,0,0,0,0,0
420932,1,1,1982,0,0,0,0,0,0,0,0,0,0
420932,2,1,1982,0,0,0,0,0,0,0,0,0,0
420933,1,1,1982,0,0,35,23,0,0,8,15,0,0
420933,2,1,1982,0,0,11,0,9,0,0,0,6,0
420934,1,1,1982,24,24,24,24,24,24,24,24,24,24
420934,2,1,1982,0,0,0,0,0,0,0,0,0,0
420935,0,1,1982,0,0,0,0,0,0,0,0,0,0
420935,1,1,1982,0,0,0,0,0,22,0,0,0,13
420936,1,1,1982,0,0,0,0,0,0,0,0,0,0
420936,2,1,1982,0,0,0,16,0,18,23,12,21,0
420937,1,1,1982,25,25,25,25,25,25,25,25,25,25
420938,0,1,1982,0,0,0,0,0,0,0,25,0,0
420938,1,1,1982,0,0,0,0,0,0,0,0,0,0
420939,1,1,1982,12,12,12,12,12,12,12,12,12,12
420940,1,1,1982,13,0,14,25,0,0,0,0,0,0
420940,2,1,1982,0,0,0,0,11,0,0,0,0,0
420941,1,1,1982,0,8,9,18,0,0,19,7,22,0
420941,2,1,1982,4,4,4,4,4,4,4,4,4,4
420942,1,1,1982,0,0,0,0,0,0,0,0,0,0
420943,1,1,1982,0,0,0,0,0,0,0,0,0,0
420943,2,1,1982,0,0,0,0,0,24,0,0,0,0
420944,1,1,1982,12,20,9,0,19,17,0,6,9,0
420945,1,1,1982,0,0,0,0,0,0,0,0,0,0
420945,2,1,1982,17,28,13,0,8,14,25,0,15,0
420946,0,1,1982,0,0,0,0,0,0,0,0,0,0
420946,1,1,1982,0,0,0,0,0,0,0,0,0,0
420947,1,1,1982,0,0,0,0,0,0,0,0,0,0
420947,2,1,1982,0,0,0,0,0,0,0,0,0,0
420948,0,1,1982,0,0,0,0,0,0,0,0,0,0
420948,1,1,1982,4,0,0,18,14,11,0,6,0,0
420949,1,1,1982,16,16,16,16,16,16,16,16,16,16
420949,2,1,1982,0,9,25,0,11,13,0,0,15,0
420950,1,1,1982,13,13,13,13,13,13,13,13,13,13
420950,2,1,1982,0,0,0,8,0,0,0,0,0,0
420951,0,1,1982,0,0,0,0,0,0,0,0,0,0
420951,1,1,1982,0,0,0,10,0,0,0,0,26,0
420952,0,1,1982,0,0,0,0,0,0,0,0,0,0
420952,1,1,1982,0,0,0,0,0,0,0,23,0,0
420953,0,1,1982,0,0,0,0,0,0,0,0,0,0
420953,0,2,1982,0,0,11,0,0,9,0,0,0,0
420953,1,1,1982,0,0,0,0,0,12,0,0,12,0
420953,2,1,1982,0,0,0,15,0,13,0,0,0,20
420954,1,1,1982,26,26,26,26,26,26,26,26,26,26
420955,1,1,1982,15,15,0,12,13,0,30,6,13,18
420955,2,1,1982,16,0,0,0,0,10,0,3,0,0
420956,1,1,1982,12,12,12,12,12,12,12,12,12,12
420957,1,1,1982,0,0,0,0,0,0,0,0,0,0
420957,2,1,1982,0,0,0,0,0,0,0,0,0,0
420958,1,1,1982,16,2,29,22,16,23,27,24,0,30
420959,0,1,1982,11,35,18,0,30,20,43,2,30,25
420959,1,1,1982,0,0,11,29,11,13,0,22,22,0
420960,0,1,1982,24,24,24,24,24,24,24,24,24,24
420960,1,1,1982,0,0,0,0,0,0,0,5,11,19
420961,1,1,1982,5,5,5,5,5,5,5,5,5,5
420961,2,1,1982,9,9,9,9,9,9,9,9,9,9
420962,1,1,1982,27,27,27,27,27,27,27,27,27,27
420963,1,1,1982,5,0,0,0,0,0,0,0,19,15
420963,2,1,1982,16,0,0,0,0,0,0,0,0,0
420963,3,1,1982,0,0,0,0,0,0,0,0,0,0
420964,1,1,1982,6,6,6,6,6,6,6,6,6,6
420964,2,1,1982,0,0,0,0,0,0,0,0,0,0
420964,3,1,1982,18,0,0,6,0,0,13,0,0,0
420965,1,1,1982,9,9,9,9,9,9,9,9,9,9
420966,1,1,1982,22,22,0,17,15,0,0,0,6,8
420967,1,1,1982,0,0,0,0,0,0,0,0,0,0
420967,2,1,1982,0,0,0,0,0,0,0,0,0,0
420968,1,1,1982,14,0,0,0,0,0,0,0,16,0
420968,2,1,1982,0,0,0,0,0,0,0,0,0,0
420969,1,1,1982,20,20,20,20,20,20,20,20,20,20
420970,1,1,1982,10,10,10,10,10,10,10,10,10,10
420970,2,1,1982,0,0,0,5,0,0,0,0,0,0
420971,0,1,1982,0,0,0,0,0,0,0,0,0,0
420971,1,1,1982,0,20,0,0,0,17,9,15,0,0
420972,1,1,1982,0,0,0,0,0,0,23,0,0,0
420973,1,1,1982,19,19,19,19,19,19,19,19,19,19
420974,0,1,1982,0,0,16,0,0,12,0,0,0,0
420974,1,1,1982,0,0,12,0,10,10,14,0,0,7
420975,1,1,1982,0,0,0,0,0,0,0,0,0,0
420976,1,1,1982,25,20,19,7,15,10,6,14,11,8
420977,0,1,1982,26,27,0,21,0,0,17,0,17,0
420977,1,1,1982,0,0,12,22,0,0,15,10,15,12
420978,1,1,1982,21,21,21,21,21,21,21,21,21,21
420978,2,1,1982,11,0,0,0,15,0,15,0,0,15
420979,1,1,1982,0,0,0,0,0,0,0,0,0,0
420979,2,1,1982,36,0,0,0,0,0,0,0,17,30
420979,3,1,1982,0,0,0,0,0,0,0,0,0,0
420980,0,1,1982,31,31,31,31,31,31,31,31,31,31
420980,1,1,1982,0,0,0,0,0,0,0,0,0,0
420981,1,1,1982,0,10,0,7,13,0,0,0,23,0
420981,2,1,1982,0,0,0,0,0,0,0,0,0,0
420982,1,1,1982,9,9,9,9,9,9,9,9,9,9
420982,2,1,1982,0,0,13,0,24,19,0,0,0,0
420983,1,1,1982,0,0,0,0,0,0,0,0,0,0
420984,1,1,1982,11,11,11,11,11,11,11,11,11,11
420985,1,1,1982,0,0,11,0,0,9,0,7,0,21
420986,1,1,1982,25,25,25,25,25,25,25,25,25,25
420987,1,1,1982,0,0,0,0,0,0,12,0,0,0
420988,1,1,1982,22,22,22,22,22,22,22,22,22,22
420989,1,1,1982,0,0,0,0,0,0,0,0,0,0
420990,1,1,1982,11,11,11,11,11,11,11,11,11,11
420991,1,1,1982,25,10,7,26,9,28,25,15,17,16
420992,1,1,1982,16,20,0,11,0,0,19,0,0,24
420993,1,1,1982,19,19,19,19,19,19,19,19,19,19
420994,1,1,1982,0,0,0,0,0,0,0,0,0,0
420994,2,1,1982,0,0,0,0,0,0,0,0,0,0
420995,1,1,1982,12,12,12,12,12,12,12,12,12,12
420995,2,1,1982,0,22,0,0,4,16,0,0,0,0
420996,1,1,1982,0,0,0,0,0,0,0,0,0,0
420997,1,1,1982,32,32,32,32,32,32,32,32,32,32
420998,1,1,1982,15,19,20,20,20,8,15,10,21,15
420998,2,1,1982,7,8,0,5,14,11,9,10,12,12
420999,1,1,1982,11,11,11,11,11,11,11,11,11,11
421000,1,1,1982,17,17,17,17,17,17,17,17,17,17
421001,1,1,1982,0,0,0,0,0,0,0,0,0,0
421002,1,1,1982,9,9,9,9,9,9,9,9,9,9
421002,2,1,1982,0,0,0,0,0,0,0,0,0,0
421003,1,1,1982,22,22,22,22,22,22,22,22,22,22
421004,1,1,1982,8,8,8,8,8,8,8,8,8,8
421005,1,1,1982,14,14,14,14,14,14,14,14,14,14
421006,1,1,1982,27,27,27,27,27,27,27,27,27,27
421006,2,1,1982,0,0,0,0,0,0,0,0,0,0
421006,3,1,1982,0,0,0,0,0,0,0,0,0,0
421006,4,1,1982,17,15,6,0,0,0,5,0,14,0
421007,1,1,1982,9,9,9,9,9,9,9,9,9,9
421007,2,1,1982,0,0,0,0,24,14,14,0,0,0
421008,1,1,1982,10,7,0,0,0,0,0,0,6,7
421009,0,1,1982,5,5,5,5,5,5,5,5,5,5
421009,1,1,1982,0,0,25,9,0,0,0,18,22,16
421010,1,1,1982,18,18,18,18,18,18,18,18,18,18
421010,2,1,1982,0,0,0,0,0,0,0,0,0,0
421011,1,1,1982,0,12,7,0,18,7,0,0,0,0
421011,2,1,1982,0,0,0,0,0,0,0,0,7,0
421012,1,1,1982,17,17,17,17,17,17,17,17,17,17
421013,0,1,1982,0,0,0,0,0,0,0,0,0,0
421013,1,1,1982,0,0,0,0,24,0,0,17,19,0
421015,1,1,1982,11,0,0,6,0,0,0,9,0,5
421015,2,1,1982,0,8,0,8,11,18,0,0,14,0
421016,0,1,1982,0,0,0,0,0,8,0,17,0,0
421016,1,1,1982,0,0,0,0,0,0,0,0,0,0
421017,0,1,1982,0,0,0,0,0,0,0,0,0,0
421017,0,2,1982,0,0,0,0,0,0,0,0,0,0
421017,1,1,1982,23,0,0,15,0,0,22,0,0,13
421018,1,1,1982,0,0,23,16,0,8,36,12,24,0
421019,1,1,1982,27,27,27,27,27,27,27,27,27,27
421019,2,1,1982,12,0,4,0,0,0,0,7,0,10
421020,1,1,1982,0,1,14,0,18,18,0,9,19,13
421020,2,1,1982,0,0,0,0,0,0,0,0,0,0
421021,1,1,1982,0,0,0,0,0,0,0,0,0,0
421021,2,1,1982,14,0,0,0,0,0,0,0,0,0
421022,1,1,1982,0,22,24,0,28,9,15,0,31,23
421023,1,1,1982,0,0,0,15,0,0,0,0,9,0
421023,2,1,1982,0,0,0,0,18,0,0,0,0,0
421024,1,1,1982,0,30,0,27,0,0,18,0,0,0
421025,0,1,1982,7,7,7,7,7,7,7,7,7,7
421025,1,1,1982,12,11,3,0,0,0,0,0,0,11
421026,1,1,1982,23,23,23,23,23,23,23,23,23,23
421027,1,1,1982,16,16,16,16,16,16,16,16,16,16
421027,2,1,1982,0,0,11,0,0,0,12,0,0,0
421028,1,1,1982,25,25,25,25,25,25,25,25,25,25
421028,2,1,1982,19,0,0,7,0,0,23,0,22,0
421029,0,1,1982,0,0,0,0,0,0,0,0,0,0
421029,1,1,1982,0,0,0,0,0,0,0,0,8,0
421030,1,1,1982,7,0,0,0,0,0,0,0,14,31
421030,2,1,1982,0,0,0,0,0,0,0,0,0,0
421031,1,1,1982,0,0,0,0,15,9,0,0,0,0
421032,1,1,1982,20,17,20,19,17,17,22,23,32,13
421033,1,1,1982,18,18,18,18,18,18,18,18,18,18
421034,0,1,1982,24,24,24,24,24,24,24,24,24,24
421034,1,1,1982,11,0,0,13,5,25,0,41,17,13
421035,0,1,1982,0,0,0,0,0,0,0,0,0,0
421035,1,1,1982,0,10,7,0,0,0,0,0,0,0
421035,2,1,1982,0,0,0,0,0,0,0,0,0,0
421036,1,1,1982,22,22,22,22,22,22,22,22,22,22
421037,1,1,1982,9,9,9,9,9,9,9,9,9,9
421038,0,1,1982,0,0,0,0,0,0,0,0,0,0
421038,0,2,1982,0,0,0,0,0,0,0,0,0,0
421038,1,1,1982,0,0,0,0,0,0,0,0,0,0
421039,0,1,1982,0,0,0,0,0,0,0,0,0,0
421039,1,1,1982,0,0,0,0,0,0,0,0,6,0
421040,1,1,1982,22,22,22,22,22,22,22,22,22,22
421040,2,1,1982,0,0,30,0,0,0,0,0,0,0
421041,0,1,1982,24,10,23,0,9,14,0,0,23,0
421041,1,1,1982,0,0,12,0,10,0,7,0,0,18
421042,1,1,1982,39,0,5,0,3,0,0,7,0,0
421042,2,1,1982,5,0,0,0,0,3,0,0,0,0
421043,1,1,1982,0,0,0,0,0,0,0,0,0,0
421043,2,1,1982,0,0,0,0,0,11,0,0,0,0
421044,1,1,1982,0,0,0,0,0,0,0,0,0,0
421045,1,1,1982,15,15,15,15,15,15,15,15,15,15
421046,0,1,1982,0,0,0,0,0,0,0,0,0,0
421046,1,1,1982,0,3,0,25,2,0,0,0,0,0
421047,1,1,1982,23,23,23,23,23,23,23,23,23,23
421047,2,1,1982,0,0,0,0,0,0,0,0,0,0
421048,1,1,1982,6,6,6,6,6,6,6,6,6,6
421048,2,1,1982,13,0,11,16,0,0,0,0,0,0
421049,1,1,1982,17,0,17,0,17,22,0,12,11,12
421050,1,1,1982,31,31,31,31,31,31,31,31,31,31
421050,2,1,1982,0,0,0,0,0,0,0,0,0,0
421051,1,1,1982,0,13,0,9,17,0,21,12,0,27
421051,2,1,1982,0,12,0,0,0,4,0,0,0,0
421052,0,1,1982,26,26,26,26,26,26,26,26,26,26
421052,1,1,1982,0,0,0,0,0,0,0,0,0,0
421053,1,1,1982,10,10,10,10,10,10,10,10,10,10
421054,1,1,1982,0,0,18,16,27,14,8,28,20,24
421055,0,1,1982,0,0,0,0,0,0,0,0,0,0
421055,1,1,1982,24,0,0,0,0,11,0,0,0,0
421056,1,1,1982,0,0,0,0,0,0,0,0,0,0
421057,1,1,1982,21,21,21,21,21,21,21,21,21,21
421057,2,1,1982,0,10,4,8,20,0,0,5,0,13
421058,0,1,1982,34,34,34,34,34,34,34,34,34,34
421058,1,1,1982,0,0,0,0,0,15,0,0,0,11
421059,1,1,1982,0,0,0,0,0,0,0,0,0,0
421059,2,1,1982,0,0,0,0,0,0,0,0,0,0
421060,1,1,1982,23,23,23,23,23,23,23,23,23,23
421061,1,1,1982,0,0,0,0,0,0,0,0,0,0
421063,1,1,1982,0,0,0,0,0,7,0,8,0,14
421063,2,1,1982,0,0,0,7,0,0,0,0,3,0
421064,1,1,1982,4,13,0,0,11,0,25,0,29,0
421064,2,1,1982,0,0,0,19,0,0,0,0,18,0
421065,1,1,1982,12,12,12,12,12,12,12,12,12,12
421066,1,1,1982,0,0,0,0,0,0,0,0,0,0
421067,1,1,1982,0,18,0,19,16,0,0,0,0,0
421067,2,1,1982,0,0,0,0,0,0,0,0,0,0
421068,0,1,1982,0,0,0,0,0,0,0,0,0,0
421068,1,1,1982,0,0,5,0,0,32,10,0,14,22
421069,1,1,1982,0,0,0,0,0,0,0,0,0,0
421070,1,1,1982,19,19,19,19,19,19,19,19,19,19
421071,1,1,1982,19,19,19,19,19,19,19,19,19,19
421071,2,1,1982,6,6,6,6,6,6,6,6,6,6
421072,1,1,1982,15,15,15,15,15,15,15,15,15,15
421072,2,1,1982,0,24,0,16,0,21,26,18,25,0
421073,1,1,1982,0,0,0,0,0,0,0,0,0,0
421073,2,1,1982,0,0,0,0,0,0,0,0,0,0
421074,1,1,1982,16,16,16,16,16,16,16,16,16,16
421075,1,1,1982,25,25,25,25,25,25,25,25,25,25
421076,1,1,1982,13,13,13,13,13,13,13,13,13,13
421077,1,1,1982,0,0,0,0,0,0,0,0,0,0
421077,2,1,1982,6,0,8,0,0,17,11,27,17,16
421078,1,1,1982,19,19,19,19,19,19,19,19,19,19
421078,2,1,1982,0,0,0,0,0,0,0,0,0,0
421079,1,1,1982,0,0,0,0,0,0,0,15,0,0
421079,2,1,1982,0,0,0,0,0,0,0,0,0,0
421080,1,1,1982,24,24,24,24,24,24,24,24,24,24
421080,2,1,1982,0,0,10,0,0,0,9,0,0,0
421081,0,1,1982,17,17,17,17,17,17,17,17,17,17
421081,1,1,1982,0,16,0,7,0,17,0,0,0,0
421082,0,1,1982,28,0,25,0,9,0,0,0,0,9
421082,1,1,1982,18,0,15,12,0,7,0,0,0,0
421083,0,1,1982,17,17,17,17,17,17,17,17,17,17
421083,1,1,1982,29,20,0,8,14,0,0,0,15,0
421084,1,1,1982,0,0,0,0,0,0,0,0,0,0
421085,1,1,1982,20,0,0,0,17,16,0,7,0,0
421086,1,1,1982,0,0,0,0,0,0,0,0,0,0
421087,1,1,1982,8,8,8,8,8,8,8,8,8,8
421089,1,1,1982,0,0,0,0,0,0,0,0,0,0
421089,2,1,1982,0,0,0,0,0,0,0,0,0,0
421090,0,1,1982,0,0,0,0,0,0,0,0,0,0
421090,1,1,1982,0,0,0,0,0,0,0,9,17,0
421091,1,1,1982,17,17,17,17,17,17,17,17,17,17
421092,1,1,1982,0,0,0,0,0,0,0,0,0,0
421092,2,1,1982,5,0,0,0,0,0,0,25,0,0
421093,0,1,1982,0,0,0,0,0,0,0,0,0,0
421093,1,1,1982,0,27,0,0,0,13,0,0,0,0
421094,1,1,1982,7,7,7,7,7,7,7,7,7,7
421094,2,1,1982,0,0,0,0,0,18,0,0,0,0
421095,1,1,1982,0,0,0,0,0,0,0,0,0,0
421095,2,1,1982,0,0,0,17,23,10,0,9,0,8
421096,0,1,1982,0,0,0,0,0,0,0,0,0,0
421096,1,1,1982,0,0,0,0,0,0,0,0,0,0
421097,1,1,1982,0,0,0,0,0,0,0,0,0,0
421098,1,1,1982,16,16,16,16,16,16,16,16,16,16
421099,1,1,1982,22,0,20,0,38,18,0,0,22,0
421100,0,1,1982,0,0,0,0,0,0,0,0,0,0
421100,1,1,1982,0,0,0,0,0,0,0,0,0,0
421101,1,1,1982,0,0,8,0,25,0,0,0,8,0
421101,2,1,1982,0,0,0,0,0,0,0,0,0,0
421102,1,1,1982,0,0,0,0,0,0,0,0,0,0
421103,1,1,1982,0,0,4,17,0,0,0,0,0,0
421103,2,1,1982,0,10,0,0,0,0,11,0,0,0
421104,1,1,1982,26,26,26,26,26,26,26,26,26,26
421104,2,1,1982,0,0,5,0,0,0,0,0,0,0
421105,1,1,1982,0,24,3,25,0,20,0,0,0,0
421105,2,1,1982,0,12,0,0,0,0,5,0,0,21
421106,1,1,1982,0,0,0,0,0,0,6,0,0,0
421106,2,1,1982,0,0,0,0,0,0,0,0,0,0
421107,1,1,1982,0,0,0,0,0,0,0,0,0,0
421107,2,1,1982,0,0,0,0,0,0,0,0,0,0
421108,1,1,1982,26,26,26,26,26,26,26,26,26,26
421109,0,1,1982,29,40,0,0,0,29,0,0,0,0
421109,1,1,1982,0,0,0,0,0,0,0,0,0,0
421110,1,1,1982,18,18,18,18,18,18,18,18,18,18
421111,0,1,1982,0,0,0,0,0,0,0,0,0,0
421111,1,1,1982,18,32,0,20,0,10,11,35,11,18
421112,1,1,1982,11,11,11,11,11,11,11,11,11,11
421113,0,1,1982,0,0,0,0,0,0,0,0,0,0
421113,1,1,1982,0,0,22,0,0,14,0,0,4,0
421114,1,1,1982,0,0,0,0,0,0,0,0,0,0
421115,1,1,1982,8,8,8,8,8,8,8,8,8,8
421117,0,1,1982,0,0,0,0,0,0,0,0,0,0
421117,1,1,1982,0,0,30,0,6,17,0,0,0,0
421118,0,1,1982,18,18,18,18,18,18,18,18,18,18
421118,1,1,1982,0,0,0,0,0,0,0,0,0,0
421119,0,1,1982,0,0,0,0,0,0,0,0,17,0
421119,1,1,1982,0,0,0,0,0,0,0,0,0,0
421120,1,1,1982,12,12,12,12,12,12,12,12,12,12
421120,2,1,1982,0,0,0,0,0,0,0,0,0,0
421121,0,1,1982,0,0,0,0,0,0,0,0,0,0
421121,1,1,1982,0,13,0,0,0,0,0,0,14,0
421122,1,1,1982,22,21,12,17,16,26,30,19,16,12
421123,1,1,1982,0,0,0,0,0,0,0,0,0,0
421124,1,1,1982,16,16,16,16,16,16,16,16,16,16
421125,1,1,1982,19,19,19,19,19,19,19,19,19,19
421126,1,1,1982,0,0,0,27,0,41,0,21,0,0
421126,2,1,1982,0,23,0,0,12,18,11,0,11,31
421127,1,1,1982,9,9,9,9,9,9,9,9,9,9
421127,2,1,1982,0,0,0,0,0,0,0,0,0,0
421128,1,1,1982,0,0,0,0,0,0,0,0,0,0
421129,1,1,1982,23,19,0,0,3,6,24,6,9,0