ST_CASE,VEH_NO,PER_NO,YEAR,P1,P2,P3,P4,P5,P6,P7,P8,P9,P10
421130,1,1,1982,0,0,30,0,20,0,17,0,0,0
421131,1,1,1982,0,21,0,24,0,0,0,15,16,0
421132,1,1,1982,0,0,0,0,0,0,0,0,0,0
421133,1,1,1982,16,0,15,28,12,15,15,16,0,25
421133,2,1,1982,10,8,14,0,0,0,0,12,0,21
421134,1,1,1982,0,0,0,16,8,0,17,8,0,0
421134,2,1,1982,0,0,0,8,0,0,0,0,0,0
421135,1,1,1982,0,0,0,0,0,0,0,0,0,0
421136,1,1,1982,29,21,0,0,0,3,0,0,0,8
421136,2,1,1982,6,6,6,6,6,6,6,6,6,6
421137,1,1,1982,0,0,0,0,0,0,0,0,0,0
421137,2,1,1982,0,0,0,0,0,0,0,0,0,0
421138,1,1,1982,0,0,0,0,0,0,0,0,0,0
421139,0,1,1982,0,0,0,0,0,0,0,0,0,0
421139,1,1,1982,0,0,0,0,0,0,0,15,0,0
421140,1,1,1982,0,6,0,0,5,0,13,14,0,0
421140,2,1,1982,10,6,0,27,0,33,0,0,0,0
421141,1,1,1982,0,0,0,0,0,0,0,0,0,9
421141,2,1,1982,0,0,0,0,0,0,0,0,0,0
421141,3,1,1982,0,0,0,0,0,0,0,0,0,0
421142,1,1,1982,11,11,11,11,11,11,11,11,11,11
421142,2,1,1982,2,0,0,0,0,0,0,0,0,0
421143,1,1,1982,0,0,0,0,0,0,0,0,0,0
421144,1,1,1982,19,0,0,12,0,0,0,0,0,0
421144,2,1,1982,0,0,0,0,0,0,0,0,0,0
421145,1,1,1982,0,10,5,0,0,0,0,13,0,0
421146,1,1,1982,30,30,30,30,30,30,30,30,30,30
421146,2,1,1982,9,0,17,0,19,0,16,13,9,0
421147,0,1,1982,37,37,37,37,37,37,37,37,37,37
421147,1,1,1982,0,0,12,9,0,15,22,23,0,0
421148,1,1,1982,22,23,11,0,0,10,16,15,14,5
421148,2,1,1982,5,5,5,5,5,5,5,5,5,5
421149,1,1,1982,0,0,0,0,0,0,0,0,0,0
421149,2,1,1982,3,0,11,0,0,0,0,0,0,0
421149,3,1,1982,16,0,14,0,0,10,0,0,0,0
421150,0,1,1982,15,9,0,5,0,0,0,0,0,0
421150,0,2,1982,0,0,14,0,0,0,9,22,0,0
421150,1,1,1982,0,0,0,0,0,0,0,0,0,0
421151,1,1,1982,9,9,9,9,9,9,9,9,9,9
421152,0,1,1982,0,0,0,0,0,0,0,0,0,0
421153,0,1,1982,19,19,19,19,19,19,19,19,19,19
421153,1,1,1982,0,14,0,0,0,0,15,0,26,0
421154,1,1,1982,13,13,13,13,13,13,13,13,13,13
421154,2,1,1982,0,0,0,0,0,0,0,0,0,0
421155,0,1,1982,0,0,25,0,0,0,4,10,22,0
421155,1,1,1982,0,0,0,0,0,0,0,0,0,0
421156,1,1,1982,0,0,0,0,0,0,0,0,0,0
421157,1,1,1982,32,32,32,32,32,32,32,32,32,32
421157,2,1,1982,15,0,0,0,0,0,0,17,0,0
421158,1,1,1982,14,14,14,14,14,14,14,14,14,14
421159,1,1,1982,0,14,7,0,24,15,0,0,10,0
421160,1,1,1982,24,24,24,24,24,24,24,24,24,24
421161,1,1,1982,0,7,0,10,0,0,0,0,11,11
421161,2,1,1982,0,0,5,0,0,0,5,0,0,0
421162,1,1,1982,5,5,5,5,5,5,5,5,5,5
421162,2,1,1982,6,0,8,10,0,0,11,2,0,0
421163,1,1,1982,18,16,0,0,0,17,0,0,0,0
421163,2,1,1982,0,13,0,0,0,0,0,0,0,0
421164,1,1,1982,0,0,15,0,0,0,0,0,0,0
421164,2,1,1982,0,0,0,0,0,0,0,0,0,0
421165,1,1,1982,0,0,0,0,0,0,0,0,0,0
421165,2,1,1982,0,0,0,0,0,0,0,9,0,0
421165,3,1,1982,0,0,0,0,0,0,0,0,0,0
421166,0,1,1982,24,24,24,24,24,24,24,24,24,24
421166,1,1,1982,20,13,0,0,15,0,26,0,0,13
421167,1,1,1982,14,14,14,14,14,14,14,14,14,14
421168,1,1,1982,0,0,0,14,13,0,0,0,0,12
421169,1,1,1982,21,21,21,21,21,21,21,21,21,21
421169,2,1,1982,16,7,15,0,0,6,22,0,0,0
421170,1,1,1982,8,0,24,0,20,13,0,23,11,0
421170,2,1,1982,0,0,0,0,7,4,0,0,0,0
421170,3,1,1982,0,0,0,0,0,0,0,0,20,20
421170,4,1,1982,0,0,0,0,0,0,0,0,0,0
421171,1,1,1982,17,17,17,17,17,17,17,17,17,17
421171,2,1,1982,0,0,0,0,0,0,0,0,0,0
421171,3,1,1982,0,0,0,0,0,0,0,0,0,0
421172,1,1,1982,20,20,20,20,20,20,20,20,20,20
421172,2,1,1982,18,20,17,4,17,12,0,26,0,0
421173,1,1,1982,0,0,0,15,0,0,0,0,0,0
421173,2,1,1982,0,0,0,0,0,0,0,0,0,0
421175,1,1,1982,0,0,0,0,0,0,0,0,0,0
421175,2,1,1982,0,0,0,0,0,0,0,0,0,0
421176,0,1,1982,0,0,0,0,0,0,0,0,0,0
421176,1,1,1982,0,0,0,0,0,0,0,0,0,0
421177,1,1,1982,15,15,15,15,15,15,15,15,15,15
421178,1,1,1982,11,11,11,11,11,11,11,11,11,11
421179,1,1,1982,13,15,20,8,0,8,10,7,10,12
421180,1,1,1982,0,0,0,0,0,0,0,0,0,0
421180,2,1,1982,0,0,0,0,0,0,0,0,0,0
421181,0,1,1982,9,9,9,9,9,9,9,9,9,9
421181,1,1,1982,26,0,0,0,0,17,0,0,0,20
421182,1,1,1982,18,18,18,18,18,18,18,18,18,18
421183,1,1,1982,22,22,22,22,22,22,22,22,22,22
421185,0,1,1982,0,0,0,0,0,0,0,0,0,0
421185,1,1,1982,0,0,0,0,0,0,0,0,0,0
421186,1,1,1982,0,0,6,0,0,9,0,0,0,0
421186,2,1,1982,0,0,0,0,0,0,0,0,0,0
421187,1,1,1982,0,0,0,0,0,0,0,0,0,0
421187,2,1,1982,0,0,0,0,0,0,0,0,0,0
421188,1,1,1982,17,17,17,17,17,17,17,17,17,17
421189,0,1,1982,0,15,30,9,20,19,12,22,23,14
421189,1,1,1982,0,18,0,0,4,9,0,0,20,0
421190,1,1,1982,0,0,0,0,0,0,0,0,0,0
421190,2,1,1982,0,0,0,0,0,0,0,0,0,0
421192,1,1,1982,0,0,0,0,19,35,0,0,0,19
421193,1,1,1982,9,9,9,9,9,9,9,9,9,9
421194,0,1,1982,0,0,0,0,0,0,0,0,0,0
421194,1,1,1982,0,0,0,0,0,0,0,0,0,0
421195,0,1,1982,0,21,28,18,15,11,0,0,0,8
421195,1,1,1982,17,0,17,0,0,14,0,21,0,8
421196,1,1,1982,0,22,0,0,14,0,0,0,0,0
421196,2,1,1982,0,0,0,0,0,0,0,0,0,0
421197,1,1,1982,10,0,21,0,14,0,0,9,12,20
421198,1,1,1982,19,19,19,19,19,19,19,19,19,19
421199,1,1,1982,18,18,18,18,18,18,18,18,18,18
421200,0,1,1982,0,0,0,0,0,0,0,0,0,0
421200,1,1,1982,0,0,0,19,0,11,14,0,25,10
421201,1,1,1982,0,0,0,0,0,0,0,0,0,0
421201,2,1,1982,0,0,0,0,0,0,0,0,0,0
421202,1,1,1982,0,0,0,0,0,0,0,0,0,0
421203,1,1,1982,0,3,8,0,10,0,0,12,0,0
421204,0,1,1982,0,0,0,0,0,0,0,0,0,0
421204,1,1,1982,0,0,0,0,0,0,0,0,0,0
421205,1,1,1982,0,0,0,0,0,0,0,0,0,0
421205,2,1,1982,13,13,13,13,13,13,13,13,13,13
421206,1,1,1982,0,11,13,17,7,7,0,9,0,0
421207,1,1,1982,0,0,0,0,0,0,0,0,0,0
421207,2,1,1982,0,0,0,0,0,0,0,0,0,0
421207,3,1,1982,0,18,0,0,0,12,10,0,0,0
421208,1,1,1982,18,18,18,18,18,18,18,18,18,18
421209,1,1,1982,10,10,10,10,10,10,10,10,10,10
421210,1,1,1982,0,0,0,0,0,0,0,0,0,0
421210,2,1,1982,26,0,0,11,0,0,0,7,0,0
421211,1,1,1982,0,13,0,0,0,22,0,0,12,0
421211,2,1,1982,0,0,0,0,0,0,0,0,0,0
421212,1,1,1982,0,0,0,0,0,0,0,0,0,0
421212,2,1,1982,0,0,0,0,0,0,0,0,0,0
421213,1,1,1982,19,8,10,0,27,16,0,15,0,9
421213,2,1,1982,0,0,0,0,3,10,3,0,0,0
421214,0,1,1982,0,0,0,0,0,0,0,0,0,0
421214,1,1,1982,10,0,0,27,0,29,0,0,10,0
421215,1,1,1982,16,25,0,0,0,10,15,19,0,14
421215,2,1,1982,18,0,0,0,0,14,0,10,0,10
421216,1,1,1982,0,0,0,0,0,0,0,0,0,0
421217,1,1,1982,10,0,12,17,0,0,12,7,10,0
421218,0,1,1982,6,11,0,13,11,0,0,0,21,0
421218,1,1,1982,0,0,0,19,29,0,15,0,0,0
421219,0,1,1982,0,0,0,0,0,0,0,0,0,0
421219,1,1,1982,0,0,0,0,22,0,0,10,0,0
421220,0,1,1982,0,24,14,26,0,0,17,0,26,0
421220,1,1,1982,0,0,0,0,0,0,0,0,0,0
421221,1,1,1982,0,0,6,0,0,0,0,0,0,15
421221,2,1,1982,0,0,0,0,0,0,0,0,0,0
421222,0,1,1982,0,0,0,0,0,0,0,0,0,0
421222,1,1,1982,0,0,0,0,0,0,0,0,0,15
421223,0,1,1982,0,0,0,0,0,0,12,0,0,0
421223,1,1,1982,0,0,0,0,21,0,0,0,12,10
421223,2,1,1982,0,0,15,0,14,0,0,0,0,27
421224,1,1,1982,33,19,19,5,0,0,0,13,14,6
421225,1,1,1982,0,0,0,0,0,0,0,0,20,0
421226,1,1,1982,24,24,24,24,24,24,24,24,24,24
421226,2,1,1982,0,0,0,0,0,0,13,0,0,26
421226,3,1,1982,0,0,4,3,0,8,0,0,0,0
421227,0,1,1982,0,0,0,0,0,0,0,0,0,0
421227,1,1,1982,19,0,7,0,0,0,0,0,21,0
421228,1,1,1982,0,0,0,0,0,0,0,0,0,0
421229,0,1,1982,25,25,25,25,25,25,25,25,25,25
421229,1,1,1982,0,13,0,0,0,0,14,15,8,15
421230,1,1,1982,0,0,0,0,0,0,0,0,0,0
421231,1,1,1982,2,2,2,2,2,2,2,2,2,2
421231,2,1,1982,8,8,8,8,8,8,8,8,8,8
421232,1,1,1982,15,0,0,29,21,0,36,23,0,7
421232,2,1,1982,0,0,0,0,0,0,0,0,0,0
421233,1,1,1982,19,19,19,19,19,19,19,19,19,19
421234,1,1,1982,24,24,24,24,24,24,24,24,24,24
421235,1,1,1982,14,0,0,0,0,17,30,11,23,19
421236,1,1,1982,18,18,18,18,18,18,18,18,18,18
421237,0,1,1982,0,0,7,0,15,0,25,0,0,0
421237,1,1,1982,0,0,17,0,0,0,0,0,0,17
421238,1,1,1982,0,0,0,0,0,0,0,0,12,6
421238,2,1,1982,15,0,0,0,0,0,0,5,0,0
421238,3,1,1982,0,0,0,0,0,0,0,0,0,0
421239,1,1,1982,21,0,7,0,14,0,0,0,0,0
421240,1,1,1982,13,13,13,13,13,13,13,13,13,13
421240,2,1,1982,0,0,0,9,0,0,0,0,0,12
421241,1,1,1982,10,10,10,10,10,10,10,10,10,10
421242,1,1,1982,0,0,0,0,0,0,0,0,0,0
421242,2,1,1982,0,19,0,0,0,0,4,0,0,0
421243,1,1,1982,22,22,22,22,22,22,22,22,22,22
421244,1,1,1982,0,0,0,0,0,0,0,0,0,0
421244,2,1,1982,0,0,0,0,0,0,9,0,0,0
421245,1,1,1982,0,0,0,0,0,0,0,0,0,0
421245,2,1,1982,0,0,0,0,0,0,0,0,0,0
421246,1,1,1982,0,0,0,0,0,0,0,0,12,0
421246,2,1,1982,0,0,0,0,0,0,0,0,0,0
421247,1,1,1982,10,10,10,10,10,10,10,10,10,10
421248,1,1,1982,16,16,16,16,16,16,16,16,16,16
421248,2,1,1982,5,5,5,5,5,5,5,5,5,5
421248,3,1,1982,0,0,12,0,15,0,0,0,0,12
421249,1,1,1982,24,24,5,10,0,27,10,6,19,17
421249,2,1,1982,0,0,0,0,0,0,4,0,0,11
421250,1,1,1982,0,0,0,0,0,0,0,0,0,0
421250,2,1,1982,0,12,0,0,0,0,0,0,0,0
421250,3,1,1982,0,0,0,0,0,0,0,0,0,0
421251,1,1,1982,15,27,22,0,17,11,0,37,0,24
421252,1,1,1982,0,23,13,0,0,33,0,0,0,0
421252,2,1,1982,0,0,0,0,0,0,0,0,0,0
421253,1,1,1982,0,0,0,0,0,0,0,0,0,0
421253,2,1,1982,0,0,0,0,0,0,0,0,0,0
421254,1,1,1982,14,14,14,14,14,14,14,14,14,14
421254,2,1,1982,0,0,0,0,0,0,0,0,0,0
421255,1,1,1982,0,0,0,0,0,0,0,0,0,0
421255,2,1,1982,0,0,0,0,0,0,0,0,0,0
421256,1,1,1982,21,21,21,21,21,21,21,21,21,21
421257,0,1,1982,0,0,0,0,0,0,0,0,0,0
421257,1,1,1982,11,18,0,29,23,0,3,23,17,11
421258,0,1,1982,25,25,25,25,25,25,25,25,25,25
421258,1,1,1982,0,10,0,7,0,0,0,0,7,0
421259,0,1,1982,0,0,0,12,0,27,0,11,0,0
421259,1,1,1982,0,0,0,0,0,0,0,5,12,0
421260,0,1,1982,0,0,0,0,0,0,0,0,0,0
421260,1,1,1982,0,0,15,0,0,0,0,0,0,0
421261,1,1,1982,22,22,22,22,22,22,22,22,22,22
421261,2,1,1982,0,9,0,0,0,15,0,0,0,0
421262,1,1,1982,28,28,28,28,28,28,28,28,28,28
421263,1,1,1982,33,33,33,33,33,33,33,33,33,33
421264,1,1,1982,1,1,1,1,1,1,1,1,1,1
421265,1,1,1982,14,14,14,14,14,14,14,14,14,14
421266,1,1,1982,0,0,0,0,0,0,0,0,0,0
421267,0,1,1982,0,0,0,0,0,0,0,0,0,0
421267,1,1,1982,0,0,0,0,0,0,0,0,0,0
421268,1,1,1982,12,0,0,0,0,0,0,0,5,26
421268,2,1,1982,0,0,0,0,0,0,0,0,0,0
421269,1,1,1982,20,20,20,20,20,20,20,20,20,20
421270,1,1,1982,10,10,10,10,10,10,10,10,10,10
421271,1,1,1982,0,17,0,15,18,0,0,0,6,0
421272,0,1,1982,0,0,0,0,0,0,0,0,0,0
421272,1,1,1982,15,0,0,0,14,11,0,0,0,7
421273,0,1,1982,0,0,0,0,0,0,22,0,0,0
421273,1,1,1982,0,0,0,0,0,0,21,0,0,11
421274,1,1,1982,0,0,0,0,18,0,0,0,0,0
421274,2,1,1982,0,4,0,0,13,0,0,0,0,0
421275,0,1,1982,18,18,18,18,18,18,18,18,18,18
421275,1,1,1982,5,0,23,0,23,0,27,21,10,9
421276,1,1,1982,0,0,0,0,0,0,11,0,0,0
421276,2,1,1982,0,0,0,0,0,0,0,0,0,27
421277,1,1,1982,0,0,0,0,0,0,0,0,0,0
421277,2,1,1982,0,0,0,0,0,20,0,0,0,0
421277,3,1,1982,13,0,0,0,0,0,0,0,17,0
421279,1,1,1982,16,16,16,16,16,16,16,16,16,16
421280,0,1,1982,0,0,0,0,0,0,0,0,0,0
421280,1,1,1982,0,0,0,11,0,0,0,7,13,9
421281,1,1,1982,16,16,16,16,16,16,16,16,16,16
421281,2,1,1982,0,0,0,0,0,0,0,0,0,0
421282,1,1,1982,9,3,0,11,9,0,0,13,0,0
421282,2,1,1982,0,0,0,0,0,0,0,0,11,20
421283,0,1,1982,0,0,24,51,0,0,0,0,24,0
421283,1,1,1982,29,0,0,0,0,0,0,0,0,22
421284,1,1,1982,12,12,12,12,12,12,12,12,12,12
421285,1,1,1982,0,0,0,0,0,0,0,0,0,0
421286,1,1,1982,19,19,19,19,19,19,19,19,19,19
421286,2,1,1982,0,0,0,0,20,0,0,12,14,11
421287,1,1,1982,28,28,28,28,28,28,28,28,28,28
421288,1,1,1982,0,23,0,10,0,15,0,13,0,0
421288,2,1,1982,0,0,0,0,0,0,0,0,0,0
421289,1,1,1982,24,24,24,24,24,24,24,24,24,24
421290,1,1,1982,0,0,0,0,0,0,0,0,0,0
421291,1,1,1982,10,20,0,14,12,0,10,11,13,27
421292,1,1,1982,0,0,0,0,0,13,0,22,0,0
421293,1,1,1982,0,0,0,13,0,0,16,0,0,0
421293,2,1,1982,0,0,0,0,0,0,0,0,0,0
421294,1,1,1982,5,5,5,5,5,5,5,5,5,5
421295,1,1,1982,0,0,0,0,0,0,0,0,0,0
421295,2,1,1982,0,0,0,6,0,0,0,0,0,0
421296,0,1,1982,0,0,0,0,0,0,0,0,0,0
421296,1,1,1982,0,0,0,0,0,0,0,0,0,0
421297,1,1,1982,4,0,0,0,0,0,0,0,0,0
421297,2,1,1982,0,0,0,0,0,0,0,0,5,0
421297,3,1,1982,0,0,0,0,0,0,0,0,0,0
421298,1,1,1982,16,0,8,0,0,0,14,0,0,0
421298,2,1,1982,0,0,17,0,0,0,0,0,0,27
421298,3,1,1982,0,0,29,0,0,0,0,10,0,0
421299,0,1,1982,14,22,7,24,0,25,17,24,14,15
421299,1,1,1982,30,24,14,21,0,0,0,0,7,7
421300,1,1,1982,0,0,0,0,0,0,0,0,0,0
421301,1,1,1982,0,0,0,0,0,0,0,0,0,0
421301,2,1,1982,0,0,0,0,0,0,0,0,0,3
421302,0,1,1982,0,13,0,0,0,0,0,0,0,23
421302,1,1,1982,0,0,0,0,0,0,0,0,0,0
421303,1,1,1982,24,24,24,24,24,24,24,24,24,24
421304,1,1,1982,23,23,23,23,23,23,23,23,23,23
421304,2,1,1982,0,0,0,0,0,0,0,0,0,0
421305,1,1,1982,12,12,12,12,12,12,12,12,12,12
421306,1,1,1982,2,0,13,18,0,8,18,0,0,32
421307,1,1,1982,6,6,6,6,6,6,6,6,6,6
421308,1,1,1982,20,11,10,14,21,11,0,15,4,28
421309,1,1,1982,0,0,0,0,0,0,0,0,0,0
421309,2,1,1982,0,5,0,0,0,20,0,12,0,0
421310,1,1,1982,40,40,40,40,40,40,40,40,40,40
421311,1,1,1982,18,18,18,18,18,18,18,18,18,18
421312,1,1,1982,12,12,12,12,12,12,12,12,12,12
421313,0,1,1982,0,0,0,0,0,0,0,0,0,0
421313,1,1,1982,0,0,0,0,0,0,0,0,0,0
421314,1,1,1982,15,0,0,9,0,0,0,0,0,0
421314,2,1,1982,0,0,0,0,0,0,0,0,0,0
421314,3,1,1982,0,0,0,0,0,0,0,0,0,0
421315,1,1,1982,0,0,0,0,0,0,0,0,0,0
421315,2,1,1982,0,0,0,0,0,0,0,0,0,0
421316,0,1,1982,0,0,0,0,0,0,0,0,0,0
421316,1,1,1982,34,29,24,18,14,33,0,0,18,0
421317,1,1,1982,26,26,26,26,26,26,26,26,26,26
421318,1,1,1982,11,11,11,11,11,11,11,11,11,11
421318,2,1,1982,0,7,8,20,22,15,2,31,7,0
421319,1,1,1982,18,0,16,0,21,0,0,7,11,0
421320,0,1,1982,0,0,0,0,0,0,0,0,0,0
421320,1,1,1982,0,15,0,13,14,20,0,0,0,5
421321,1,1,1982,0,0,0,0,0,0,0,0,0,0
421321,2,1,1982,0,0,0,0,0,0,0,0,0,0
421322,1,1,1982,12,12,12,12,12,12,12,12,12,12
421323,1,1,1982,20,18,0,0,10,11,19,10,15,16
421324,0,1,1982,0,0,0,0,0,0,0,0,0,0
421324,1,1,1982,0,0,0,0,0,0,0,0,11,0
421325,0,1,1982,38,13,0,0,29,17,42,33,26,15
421325,1,1,1982,9,10,12,0,0,0,6,0,0,16
421325,2,1,1982,24,26,19,11,23,10,0,5,3,0
421326,1,1,1982,5,0,0,0,0,0,0,0,0,0
421326,2,1,1982,3,19,0,0,0,0,0,0,0,13
421327,1,1,1982,17,17,17,17,17,17,17,17,17,17
421328,1,1,1982,0,0,0,0,0,0,0,0,0,0
421328,2,1,1982,0,0,4,0,0,0,0,0,0,0
421329,1,1,1982,0,0,0,0,0,0,0,0,0,0
421329,2,1,1982,12,0,0,0,0,0,0,0,0,0
421330,1,1,1982,26,26,26,26,26,26,26,26,26,26
421331,1,1,1982,0,0,0,0,17,0,0,0,15,0
421332,1,1,1982,31,31,31,31,31,31,31,31,31,31
421333,1,1,1982,3,16,0,0,0,39,0,0,0,0
421333,2,1,1982,0,0,0,0,0,0,0,0,0,0
421333,3,1,1982,0,0,0,0,0,0,0,0,0,0
421334,1,1,1982,10,10,10,10,10,10,10,10,10,10
421335,1,1,1982,10,10,10,10,10,10,10,10,10,10
421336,1,1,1982,0,0,0,0,0,0,0,0,0,0
421336,2,1,1982,0,0,0,14,25,14,0,29,13,0
421337,1,1,1982,18,18,18,18,18,18,18,18,18,18
421338,1,1,1982,0,9,0,0,0,0,0,0,0,0
421338,2,1,1982,0,0,0,0,0,0,0,0,0,0
421339,1,1,1982,20,20,20,20,20,20,20,20,20,20
421339,2,1,1982,0,0,0,0,0,0,0,0,0,0
421339,3,1,1982,0,16,0,22,0,0,0,0,0,13
421340,1,1,1982,11,11,11,11,11,11,11,11,11,11
421340,2,1,1982,0,0,15,0,0,0,0,11,0,0
421341,0,1,1982,6,6,6,6,6,6,6,6,6,6
421341,1,1,1982,0,0,13,11,18,22,10,20,9,13
421342,1,1,1982,0,0,0,0,0,0,0,0,0,0
421343,1,1,1982,25,25,25,25,25,25,25,25,25,25
421344,1,1,1982,0,0,0,0,0,0,0,0,0,0
421344,2,1,1982,20,20,20,20,20,20,20,20,20,20
421345,1,1,1982,0,0,0,0,0,0,0,0,0,0
421345,2,1,1982,0,0,4,0,0,0,14,0,0,12
421346,1,1,1982,0,0,0,0,0,0,0,0,0,0
421346,2,1,1982,0,0,0,0,0,0,0,0,0,0
421347,1,1,1982,11,11,11,11,11,11,11,11,11,11
421348,1,1,1982,16,16,16,16,16,16,16,16,16,16
421348,2,1,1982,7,0,17,2,0,0,0,9,0,13
421349,0,1,1982,0,29,0,0,0,18,0,18,0,0
421349,1,1,1982,19,0,0,0,0,0,0,0,0,5
421350,1,1,1982,17,17,17,17,17,17,17,17,17,17
421351,1,1,1982,0,0,0,0,0,0,0,0,0,0
421352,1,1,1982,20,20,20,20,20,20,20,20,20,20
421353,1,1,1982,0,0,0,0,0,0,0,0,0,0
421354,1,1,1982,20,20,20,20,20,20,20,20,20,20
421354,2,1,1982,0,8,0,21,18,22,6,0,19,0
421355,1,1,1982,0,0,0,0,0,0,0,0,0,0
421356,1,1,1982,21,21,21,21,21,21,21,21,21,21
421356,2,1,1982,12,12,12,12,12,12,12,12,12,12
421357,1,1,1982,14,0,19,0,32,0,0,0,18,0
421357,2,1,1982,0,0,0,0,0,22,0,17,8,0
421358,1,1,1982,0,0,0,0,0,0,0,0,0,0
421359,1,1,1982,0,0,0,0,0,0,0,0,0,0
421359,2,1,1982,0,5,0,0,0,0,7,12,26,0
421360,1,1,1982,10,10,10,10,10,10,10,10,10,10
421362,1,1,1982,0,0,0,0,0,0,0,0,0,0
421362,2,1,1982,8,0,0,20,7,0,16,13,0,0
421363,1,1,1982,18,18,18,18,18,18,18,18,18,18
421364,1,1,1982,0,0,0,0,0,0,0,0,0,0
421364,2,1,1982,0,0,0,7,0,0,0,0,0,0
421365,1,1,1982,0,0,0,0,0,0,0,0,0,0
421366,0,1,1982,14,30,27,0,19,10,4,17,26,0
421366,1,1,1982,0,0,13,0,0,0,2,0,0,14
421367,0,1,1982,0,0,0,0,0,0,0,0,0,0
421367,1,1,1982,16,0,0,0,0,0,0,0,0,0
421368,1,1,1982,0,0,23,0,11,31,0,0,0,0
421368,2,1,1982,0,0,0,0,0,0,0,0,0,0
421369,1,1,1982,19,0,0,0,0,0,0,21,0,0
421370,1,1,1982,0,0,0,0,0,0,0,0,0,0
421370,2,1,1982,0,0,0,0,0,0,24,11,0,0
421371,1,1,1982,18,18,18,18,18,18,18,18,18,18
421372,1,1,1982,0,0,12,0,0,8,0,0,3,0
421372,2,1,1982,22,22,22,22,22,22,22,22,22,22
421373,1,1,1982,0,0,0,0,0,0,0,0,0,0
421373,2,1,1982,32,0,0,9,17,0,0,0,0,0
421374,1,1,1982,8,21,6,0,0,0,23,10,0,0
421375,1,1,1982,0,0,27,0,0,0,0,0,0,0
421375,2,1,1982,0,0,0,0,0,0,0,0,0,0
421376,1,1,1982,21,21,21,21,21,21,21,21,21,21
421376,2,1,1982,17,17,17,17,17,17,17,17,17,17
421377,1,1,1982,0,0,0,0,0,0,0,0,0,0
421377,2,1,1982,0,0,0,0,0,0,0,0,0,0
421378,1,1,1982,18,18,18,18,18,18,18,18,18,18
421379,1,1,1982,0,0,15,0,29,0,0,21,12,9
421379,2,1,1982,8,13,0,0,10,0,0,0,0,6
421380,0,1,1982,0,0,0,0,0,0,0,0,0,0
421380,1,1,1982,0,13,0,0,9,0,0,0,0,0
421381,1,1,1982,18,18,18,18,18,18,18,18,18,18
421382,1,1,1982,24,24,24,24,24,24,24,24,24,24
421383,1,1,1982,0,10,0,13,0,0,0,0,0,14
421383,2,1,1982,14,0,0,7,0,0,0,0,0,0
421384,1,1,1982,26,26,26,26,26,26,26,26,26,26
421385,1,1,1982,11,0,14,12,13,23,29,0,0,28
421386,1,1,1982,0,0,26,0,0,15,0,0,10,15
421386,2,1,1982,27,27,27,27,27,27,27,27,27,27
421387,1,1,1982,14,14,14,14,14,14,14,14,14,14
421388,1,1,1982,26,26,26,26,26,26,26,26,26,26
421389,0,1,1982,0,0,0,0,0,0,0,0,0,0
421389,1,1,1982,16,6,0,0,0,0,0,0,0,0
421390,0,1,1982,0,0,0,0,0,0,0,0,0,0
421390,1,1,1982,0,11,8,0,0,0,0,0,3,10
421391,1,1,1982,0,0,0,5,0,0,16,14,0,0
421391,2,1,1982,0,0,0,0,0,0,0,0,0,0
421392,1,1,1982,22,0,0,0,0,11,0,0,16,0
421392,2,1,1982,0,0,0,0,0,0,0,0,0,0
421393,0,1,1982,0,0,9,21,11,0,0,0,0,18
421393,1,1,1982,0,0,0,2,0,0,4,15,5,15
421394,1,1,1982,0,0,0,0,0,4,0,0,0,0
421395,1,1,1982,0,0,0,0,0,0,0,0,0,0
421396,0,1,1982,0,0,0,0,0,0,0,0,0,0
421396,1,1,1982,17,0,0,0,0,0,0,0,0,0
421397,1,1,1982,0,0,0,0,0,0,0,0,0,0
421398,1,1,1982,0,13,0,0,16,0,0,0,0,0
421398,2,1,1982,0,0,0,17,0,24,0,18,0,0
421399,1,1,1982,0,6,0,0,0,0,0,7,0,0
421399,2,1,1982,0,0,0,0,0,0,0,0,0,0
421400,1,1,1982,0,5,0,0,12,0,18,0,16,0
421400,2,1,1982,0,0,0,14,19,0,0,0,11,0
421401,0,1,1982,0,20,8,0,0,0,0,13,0,0
421401,1,1,1982,0,0,7,11,0,0,0,0,0,20
421402,1,1,1982,0,0,0,0,0,0,0,0,0,0
421402,2,1,1982,0,0,0,0,0,0,0,0,0,0
421403,0,1,1982,4,27,0,0,0,6,13,23,0,0
421403,0,2,1982,0,0,0,0,0,0,0,0,0,0
421403,1,1,1982,9,0,0,0,2,0,0,21,0,0
421404,1,1,1982,0,15,0,0,8,0,23,0,10,0
421405,1,1,1982,6,9,18,35,9,17,4,32,18,18
421405,2,1,1982,0,0,26,0,13,9,4,12,0,19
421405,3,1,1982,0,0,0,0,0,0,0,0,0,0
421406,1,1,1982,10,0,0,0,0,0,0,0,0,7
421406,2,1,1982,0,0,0,0,0,0,0,0,0,0
421407,1,1,1982,19,0,0,0,8,13,0,13,13,0
421408,1,1,1982,0,0,0,0,0,0,0,0,0,0
421408,2,1,1982,0,0,0,0,0,0,5,0,0,0
421409,0,1,1982,0,0,0,0,0,0,0,0,0,0
421409,1,1,1982,0,0,0,0,0,0,0,0,0,0
421409,2,1,1982,0,0,6,0,0,11,5,0,0,0
421410,0,1,1982,0,0,0,0,0,0,0,0,0,0
421410,1,1,1982,0,0,0,5,0,13,0,0,0,0
421411,1,1,1982,24,14,0,0,0,18,0,26,0,12
421412,0,1,1982,0,0,0,0,0,0,0,0,0,0