ST_CASE,VEH_NO,PER_NO,YEAR,P1,P2,P3,P4,P5,P6,P7,P8,P9,P10
421412,1,1,1982,0,0,0,0,6,0,0,0,0,0
421413,1,1,1982,20,20,20,20,20,20,20,20,20,20
421413,2,1,1982,0,0,0,0,0,0,0,0,0,0
421414,1,1,1982,20,20,20,20,20,20,20,20,20,20
421415,0,1,1982,22,22,22,22,22,22,22,22,22,22
421415,1,1,1982,0,0,12,12,23,14,10,0,0,0
421416,1,1,1982,0,0,0,0,0,0,0,0,0,0
421416,2,1,1982,0,0,0,0,0,0,0,0,0,0
421416,3,1,1982,0,0,0,0,19,0,0,0,0,11
421417,1,1,1982,12,12,12,12,12,12,12,12,12,12
421417,2,1,1982,0,0,0,0,0,0,0,0,0,0
421418,0,1,1982,0,0,0,0,0,0,0,0,0,0
421418,1,1,1982,0,0,17,0,22,0,0,0,14,0
421419,1,1,1982,0,0,0,0,0,0,0,0,0,0
421419,2,1,1982,0,0,0,0,13,0,0,0,0,0
421420,1,1,1982,24,24,24,24,24,24,24,24,24,24
421420,2,1,1982,0,15,0,0,0,0,12,0,0,0
421421,1,1,1982,11,11,11,11,11,11,11,11,11,11
421422,1,1,1982,30,30,30,30,30,30,30,30,30,30
421424,1,1,1982,16,10,0,0,15,0,0,0,0,33
421424,2,1,1982,0,0,0,13,12,0,0,0,19,0
421425,0,1,1982,0,0,0,0,0,0,0,0,0,0
421425,1,1,1982,0,0,0,0,0,0,0,0,0,10
421426,1,1,1982,0,0,0,0,0,0,0,0,19,0
421426,2,1,1982,0,0,0,0,0,3,0,0,12,0
421427,1,1,1982,17,18,0,0,23,6,26,21,10,0
421427,2,1,1982,9,9,9,9,9,9,9,9,9,9
421427,3,1,1982,0,0,0,0,0,0,0,0,0,0
421427,4,1,1982,11,8,9,16,11,0,0,0,0,7
421428,1,1,1982,0,0,0,0,0,0,0,0,0,0
421428,2,1,1982,5,0,25,0,0,24,0,0,0,0
421429,0,1,1982,0,14,0,0,0,0,0,0,48,14
421429,1,1,1982,0,9,0,15,12,0,0,0,0,16
421430,1,1,1982,13,7,13,19,0,6,0,30,9,22
421431,1,1,1982,0,0,0,0,0,0,0,0,0,0
421431,2,1,1982,0,0,0,0,0,0,0,0,0,0
421432,1,1,1982,17,19,18,0,22,22,17,0,14,21
421432,2,1,1982,19,9,18,0,13,8,17,0,14,0
421433,1,1,1982,18,18,18,18,18,18,18,18,18,18
421434,0,1,1982,0,0,0,0,0,0,0,0,0,0
421434,1,1,1982,0,0,0,0,0,0,0,0,0,0
421436,1,1,1982,0,0,0,0,0,0,0,0,0,0
421437,0,1,1982,0,0,0,0,0,0,0,0,0,0
421437,0,2,1982,0,0,0,0,16,0,7,9,9,0
421437,1,1,1982,0,11,7,0,0,0,0,0,0,20
421438,1,1,1982,20,22,23,14,15,20,17,0,16,0
421438,2,1,1982,7,0,0,8,0,0,0,5,0,7
421439,1,1,1982,0,0,0,0,0,0,0,0,0,0
421440,1,1,1982,0,0,0,0,0,0,0,24,0,0
421441,1,1,1982,0,0,0,15,10,0,3,7,0,0
421441,2,1,1982,0,0,0,9,0,11,0,0,0,0
421442,0,1,1982,0,0,0,0,0,0,0,0,0,0
421442,1,1,1982,0,12,30,0,23,0,6,0,15,20
421443,1,1,1982,0,0,0,0,0,0,0,0,0,0
421443,2,1,1982,0,0,0,0,0,0,0,0,0,0
421444,1,1,1982,19,19,19,19,19,19,19,19,19,19
421445,1,1,1982,0,0,0,0,0,0,0,0,0,0
421446,1,1,1982,19,19,19,19,19,19,19,19,19,19
421447,1,1,1982,8,8,8,8,8,8,8,8,8,8
421448,1,1,1982,18,18,18,18,18,18,18,18,18,18
421448,2,1,1982,3,0,0,0,22,0,0,0,16,0
421449,1,1,1982,0,0,0,0,0,13,0,0,0,6
421450,0,1,1982,5,5,5,5,5,5,5,5,5,5
421450,0,2,1982,0,16,0,25,3,17,20,0,0,24
421450,1,1,1982,11,21,0,11,0,14,0,18,0,0
421451,1,1,1982,7,7,7,7,7,7,7,7,7,7
421452,1,1,1982,17,17,17,17,17,17,17,17,17,17
421452,2,1,1982,0,0,0,0,0,7,0,10,0,7
421453,1,1,1982,4,4,4,4,4,4,4,4,4,4
421454,1,1,1982,16,16,16,16,16,16,16,16,16,16
421455,1,1,1982,12,0,0,8,0,10,18,31,0,29
421455,2,1,1982,0,0,0,0,0,0,12,32,0,0
421456,1,1,1982,0,0,0,0,0,0,0,0,0,0
421457,0,1,1982,0,0,0,0,0,0,0,0,0,0
421457,1,1,1982,17,0,8,0,14,0,14,17,13,0
421458,1,1,1982,12,12,12,12,12,12,12,12,12,12
421458,2,1,1982,9,0,0,0,0,0,0,0,0,0
421458,3,1,1982,0,0,22,0,0,0,0,0,0,0
421459,1,1,1982,0,21,0,15,0,0,0,0,0,7
421460,0,1,1982,30,0,15,0,23,21,0,0,0,22
421460,1,1,1982,0,0,0,0,0,0,5,0,0,0
421461,1,1,1982,0,0,0,0,0,0,0,0,0,0
421461,2,1,1982,0,0,0,0,0,16,20,5,0,0
421462,0,1,1982,0,0,0,0,0,0,0,0,0,0
421462,1,1,1982,0,0,0,0,0,0,0,0,0,0
421463,1,1,1982,0,0,0,0,0,0,0,0,0,0
421463,2,1,1982,0,0,0,0,0,0,0,0,17,0
421464,1,1,1982,27,0,20,0,15,4,12,23,19,17
421465,1,1,1982,0,0,0,34,0,0,0,12,0,0
421465,2,1,1982,0,0,0,0,0,0,0,16,21,0
421466,1,1,1982,0,0,0,0,0,0,17,0,0,0
421466,2,1,1982,0,0,0,0,0,0,0,0,8,0
421467,1,1,1982,17,14,18,23,5,17,19,21,11,12
421468,0,1,1982,0,0,0,0,0,0,0,0,0,0
421468,1,1,1982,23,0,31,0,9,25,0,28,0,19
421469,0,1,1982,0,0,0,0,0,0,0,0,0,0
421469,1,1,1982,0,0,0,0,0,0,0,0,26,0
421470,1,1,1982,4,0,0,0,8,0,0,0,13,0
421470,2,1,1982,0,0,0,0,0,0,0,0,0,0
421472,1,1,1982,8,0,0,0,10,0,0,0,0,10
421472,2,1,1982,17,17,17,17,17,17,17,17,17,17
421473,1,1,1982,7,18,0,24,16,24,21,10,15,0
421473,2,1,1982,10,0,0,10,0,11,0,0,5,0
421474,1,1,1982,0,12,0,0,0,0,6,20,23,0
421474,2,1,1982,0,0,6,0,0,0,0,0,0,0
421475,0,1,1982,25,0,0,0,0,6,0,9,14,12
421475,1,1,1982,0,12,21,12,0,22,22,0,0,0
421476,1,1,1982,0,0,0,0,0,0,0,0,0,0
421476,2,1,1982,0,0,0,0,0,0,0,0,0,0
421477,1,1,1982,0,0,0,0,0,0,0,0,0,0
421477,2,1,1982,15,0,13,0,0,0,0,0,0,8
421478,1,1,1982,0,0,0,0,14,0,0,0,0,0
421478,2,1,1982,0,0,0,0,0,0,0,0,0,0
421478,3,1,1982,0,0,0,17,0,0,0,0,0,0
421479,1,1,1982,7,0,8,0,10,0,32,0,0,17
421479,2,1,1982,0,0,0,0,0,0,0,0,0,0
421480,1,1,1982,0,0,0,0,0,0,0,0,0,0
421481,1,1,1982,19,19,19,19,19,19,19,19,19,19
421481,2,1,1982,0,0,0,0,0,0,0,0,0,0
421482,0,1,1982,0,0,0,0,21,30,15,25,0,0
421482,1,1,1982,0,0,10,0,12,0,0,0,19,0
421483,1,1,1982,10,0,0,0,32,24,0,0,0,28
421483,2,1,1982,0,19,0,0,0,5,15,0,5,3
421484,1,1,1982,0,0,0,0,0,0,0,26,8,0
421485,1,1,1982,0,0,0,0,0,0,0,0,0,18
421485,2,1,1982,0,0,0,15,25,0,0,23,0,0
421486,1,1,1982,20,21,21,14,10,7,15,19,9,10
421487,1,1,1982,5,15,0,30,16,20,18,0,12,0
421487,2,1,1982,3,15,19,0,0,4,0,0,16,0
421488,1,1,1982,12,12,12,12,12,12,12,12,12,12
421489,1,1,1982,0,9,11,0,0,0,0,0,0,0
421489,2,1,1982,11,0,0,0,0,20,0,16,0,16
421490,1,1,1982,5,5,5,5,5,5,5,5,5,5
421490,2,1,1982,0,0,15,0,0,0,0,0,0,10
421491,1,1,1982,25,25,25,25,25,25,25,25,25,25
421492,1,1,1982,16,6,0,0,0,0,0,0,11,0
421493,1,1,1982,0,0,0,0,0,0,0,0,0,0
421493,2,1,1982,0,0,0,0,0,0,0,0,0,0
421494,1,1,1982,0,0,0,0,0,0,0,0,0,0
421494,2,1,1982,0,0,0,0,0,0,0,0,0,0
421495,1,1,1982,0,0,0,0,0,0,0,0,0,0
421495,2,1,1982,0,0,0,0,25,0,5,0,0,0
421495,3,1,1982,21,0,0,17,9,0,0,16,37,0
421496,1,1,1982,0,0,0,0,0,0,20,0,8,0
421496,2,1,1982,0,0,0,0,0,0,0,0,0,0
421497,1,1,1982,22,22,22,22,22,22,22,22,22,22
421498,0,1,1982,0,0,0,0,0,0,0,0,0,0
421498,1,1,1982,0,0,0,0,0,0,0,0,0,0
421498,2,1,1982,5,0,0,15,0,0,0,0,21,0
421500,1,1,1982,24,24,24,24,24,24,24,24,24,24
421501,1,1,1982,0,0,5,0,0,0,0,9,0,0
421501,2,1,1982,0,0,0,0,0,0,13,11,0,0
421502,0,1,1982,0,4,23,20,0,0,0,0,0,0
421502,1,1,1982,0,0,0,7,0,0,0,0,0,0
421503,0,1,1982,0,0,0,0,0,0,0,0,0,0
421503,1,1,1982,0,0,0,0,0,0,0,0,0,0
421504,1,1,1982,20,20,20,20,20,20,20,20,20,20
421504,2,1,1982,0,0,0,0,0,0,0,0,0,0
421505,1,1,1982,0,0,0,0,0,0,0,0,0,0
421505,2,1,1982,0,0,0,48,23,0,0,0,0,0
421505,3,1,1982,0,18,0,0,0,0,0,0,0,0
421506,1,1,1982,0,0,0,0,0,0,0,0,0,0
421506,2,1,1982,0,0,0,0,0,0,0,0,0,0
421507,1,1,1982,0,0,0,0,0,0,0,0,0,0
421507,2,1,1982,0,0,0,0,0,14,4,11,0,15
421508,1,1,1982,20,20,20,20,20,20,20,20,20,20
421509,1,1,1982,0,0,0,0,0,0,0,0,0,0
421509,2,1,1982,0,0,0,0,0,0,0,0,0,0
421510,1,1,1982,12,12,12,12,12,12,12,12,12,12
421511,1,1,1982,11,0,15,0,0,0,0,13,0,0
421512,1,1,1982,5,0,17,0,0,6,0,39,0,0
421513,0,1,1982,20,0,41,0,17,14,0,29,31,26
421513,1,1,1982,8,27,39,0,22,0,22,20,27,11
421514,0,1,1982,26,23,14,26,0,24,0,34,24,18
421514,1,1,1982,0,0,0,12,13,5,20,0,0,0
421514,2,1,1982,0,0,0,0,0,18,0,0,0,0
421514,3,1,1982,34,0,0,22,0,0,0,18,0,17
421515,1,1,1982,34,34,34,34,34,34,34,34,34,34
421515,2,1,1982,0,0,0,0,0,0,0,0,0,0
421516,1,1,1982,10,26,0,0,21,24,29,11,7,10
421517,1,1,1982,0,12,0,0,0,0,22,0,0,0
421517,2,1,1982,0,11,0,12,9,0,0,0,0,15
421518,1,1,1982,12,0,0,0,0,0,0,0,0,0
421518,2,1,1982,0,0,0,0,0,0,0,0,0,0
421519,1,1,1982,0,0,0,0,0,0,0,0,0,0
421520,1,1,1982,0,0,0,0,0,0,0,0,0,0
421520,2,1,1982,0,0,0,0,0,0,0,0,0,0
421521,1,1,1982,0,0,0,0,0,0,0,0,0,0
421521,2,1,1982,0,0,0,0,0,0,0,0,0,0
421522,1,1,1982,22,22,22,22,22,22,22,22,22,22
421523,1,1,1982,0,0,0,0,0,0,0,0,0,4
421524,1,1,1982,0,0,0,0,0,0,0,0,0,0
421525,0,1,1982,0,22,34,39,19,0,37,26,26,21
421525,1,1,1982,0,0,34,11,5,33,24,11,19,12
421526,1,1,1982,23,23,23,23,23,23,23,23,23,23
421526,2,1,1982,0,21,14,15,0,0,19,0,0,0
421527,1,1,1982,16,16,16,16,16,16,16,16,16,16
421528,1,1,1982,0,0,0,0,0,0,0,0,0,0
421528,2,1,1982,0,0,0,36,0,0,0,0,0,15
421529,1,1,1982,0,0,0,0,0,0,0,0,20,0
421529,2,1,1982,0,0,0,0,0,0,0,0,10,0
421530,1,1,1982,13,13,13,13,13,13,13,13,13,13
421531,1,1,1982,0,0,0,0,0,0,0,0,0,0
421531,2,1,1982,0,0,0,10,0,0,0,0,0,11
421532,1,1,1982,0,0,0,0,0,0,14,0,0,28
421533,0,1,1982,37,23,22,0,21,0,18,9,0,11
421533,1,1,1982,0,0,0,0,0,0,0,0,14,14
421534,1,1,1982,9,9,9,9,9,9,9,9,9,9
421535,1,1,1982,19,15,29,8,25,17,0,25,29,19
421536,1,1,1982,15,15,15,15,15,15,15,15,15,15
421536,2,1,1982,0,0,0,0,0,0,0,0,0,0
421537,1,1,1982,20,30,5,21,16,0,7,11,10,0
421538,1,1,1982,0,0,0,13,0,12,0,0,0,0
421538,2,1,1982,11,0,0,10,0,3,0,0,0,0
421539,1,1,1982,0,0,0,0,3,0,0,0,14,0
421539,2,1,1982,0,0,0,0,0,0,0,0,0,0
421539,3,1,1982,0,0,0,0,0,0,0,0,0,0
421540,1,1,1982,24,24,24,24,24,24,24,24,24,24
421541,0,1,1982,0,0,0,0,0,0,0,0,0,0
421541,1,1,1982,0,0,0,0,0,0,0,0,0,0
421542,1,1,1982,8,8,8,8,8,8,8,8,8,8
421543,1,1,1982,12,12,12,12,12,12,12,12,12,12
421544,1,1,1982,0,10,0,14,14,17,0,18,21,0
421544,2,1,1982,0,25,0,0,0,0,7,0,0,5
421545,1,1,1982,8,8,8,8,8,8,8,8,8,8
421546,1,1,1982,20,0,3,0,24,16,0,17,20,0
421546,2,1,1982,8,18,8,11,27,0,0,11,3,14
421547,0,1,1982,0,0,0,0,0,0,0,0,0,0
421547,1,1,1982,0,0,10,0,0,0,0,0,0,0
421548,1,1,1982,18,18,18,18,18,18,18,18,18,18
421549,1,1,1982,0,0,0,0,0,0,0,0,0,0
421549,2,1,1982,17,17,17,17,17,17,17,17,17,17
421550,1,1,1982,20,20,20,20,20,20,20,20,20,20
421550,2,1,1982,0,0,0,0,0,0,0,0,0,0
421551,0,1,1982,12,0,0,0,0,0,0,0,0,7
421551,1,1,1982,0,17,0,0,26,0,0,0,0,0
421552,1,1,1982,19,19,19,19,19,19,19,19,19,19
421553,1,1,1982,0,0,0,0,0,35,0,0,0,0
421553,2,1,1982,0,4,0,0,0,0,0,9,0,0
421553,3,1,1982,0,0,0,0,0,0,0,0,0,0
421554,0,1,1982,0,0,0,0,0,0,0,0,0,0
421554,1,1,1982,0,0,0,0,7,0,0,0,13,9
421555,1,1,1982,25,0,18,22,0,21,0,0,22,16
421556,1,1,1982,0,0,0,0,0,0,0,0,0,0
421556,2,1,1982,0,0,0,0,0,0,0,0,0,9
421557,1,1,1982,0,0,0,0,0,0,0,0,0,0
421557,2,1,1982,19,19,19,19,19,19,19,19,19,19
421558,1,1,1982,0,0,0,0,0,0,0,0,0,0
421558,2,1,1982,0,0,0,0,0,0,0,0,0,0
421559,1,1,1982,17,17,17,17,17,17,17,17,17,17
421559,2,1,1982,0,0,0,0,0,0,0,0,0,0
421560,1,1,1982,14,25,0,19,20,7,17,13,42,22
421561,1,1,1982,27,27,27,27,27,27,27,27,27,27
421562,1,1,1982,10,0,27,12,0,0,0,0,0,0
421563,1,1,1982,0,24,21,12,3,27,0,16,24,31
421563,2,1,1982,0,0,6,4,0,0,0,2,0,0
421564,0,1,1982,0,0,0,0,0,0,0,0,0,0
421564,1,1,1982,0,0,26,0,0,0,0,0,23,0
421565,1,1,1982,0,0,0,0,0,0,0,0,0,0
421565,2,1,1982,0,0,0,0,0,0,0,0,0,0
421566,1,1,1982,0,0,0,0,0,0,0,0,0,0
421567,1,1,1982,0,0,0,0,0,0,0,0,0,0
421567,2,1,1982,0,0,0,0,0,0,0,0,0,0
421568,1,1,1982,0,0,0,0,0,0,0,0,0,0
421568,2,1,1982,0,0,0,0,0,0,0,0,0,0
421568,3,1,1982,0,0,20,0,0,0,0,10,14,0
421569,0,1,1982,0,0,0,0,0,0,0,0,0,0
421569,1,1,1982,0,0,10,0,0,0,0,0,0,12
421570,1,1,1982,0,0,12,0,0,0,0,0,0,0
421570,2,1,1982,0,0,0,0,0,0,0,0,0,0
421571,0,1,1982,8,8,8,8,8,8,8,8,8,8
421571,1,1,1982,0,0,0,0,0,0,0,21,0,0
421572,1,1,1982,24,24,24,24,24,24,24,24,24,24
421573,0,1,1982,27,27,27,27,27,27,27,27,27,27
421573,1,1,1982,0,0,0,0,0,0,5,30,0,0
421574,1,1,1982,0,9,0,0,0,0,0,0,0,0
421574,2,1,1982,0,0,0,0,0,0,0,0,0,0
421575,1,1,1982,38,38,38,38,38,38,38,38,38,38
421576,1,1,1982,25,25,25,25,25,25,25,25,25,25
421577,0,1,1982,0,0,0,0,0,0,0,0,0,0
421577,1,1,1982,0,0,0,0,0,11,10,0,13,2
421578,1,1,1982,26,26,26,26,26,26,26,26,26,26
421579,0,1,1982,0,0,13,0,29,0,0,0,0,0
421579,1,1,1982,0,0,0,0,0,0,0,0,0,0
421580,1,1,1982,0,27,6,0,2,0,18,0,0,10
421580,2,1,1982,0,0,0,9,10,11,0,4,12,4
421581,1,1,1982,17,13,22,21,16,0,11,0,8,0
421582,0,1,1982,0,0,0,0,0,0,0,0,0,0
421582,0,2,1982,22,10,0,0,0,8,0,22,0,35
421582,1,1,1982,0,0,0,0,20,0,0,0,0,2
421583,0,1,1982,0,0,0,0,0,0,0,0,0,0
421583,1,1,1982,0,0,0,0,0,0,0,0,0,0
421584,1,1,1982,12,12,12,12,12,12,12,12,12,12
421585,0,1,1982,18,14,37,24,27,31,0,0,30,0
421585,1,1,1982,0,0,0,0,20,0,0,0,15,0
421586,0,1,1982,0,0,0,0,0,0,0,0,0,0
421586,0,2,1982,19,12,13,12,0,13,9,14,0,0
421586,1,1,1982,9,15,19,0,27,0,10,0,14,5
421587,1,1,1982,0,0,0,33,0,0,0,0,0,0
421588,1,1,1982,12,12,12,12,12,12,12,12,12,12
421589,1,1,1982,20,20,20,20,20,20,20,20,20,20
421589,2,1,1982,0,0,0,0,12,0,0,0,0,0
421590,1,1,1982,0,0,0,0,0,0,0,0,0,0
421590,2,1,1982,21,18,0,0,0,0,0,25,18,0
421591,0,1,1982,24,24,24,24,24,24,24,24,24,24
421591,1,1,1982,0,21,24,0,20,32,0,0,0,32
421592,1,1,1982,16,16,16,16,16,16,16,16,16,16
421592,2,1,1982,0,0,0,0,0,0,0,0,0,0
421592,3,1,1982,0,0,0,0,0,13,6,28,0,0
421593,1,1,1982,8,8,8,8,8,8,8,8,8,8
421593,2,1,1982,0,0,0,2,0,0,0,0,0,0
421594,1,1,1982,19,19,19,19,19,19,19,19,19,19
421594,2,1,1982,10,0,18,8,0,0,0,0,0,0
421595,1,1,1982,0,13,0,0,19,0,0,0,0,0
421595,2,1,1982,12,12,12,12,12,12,12,12,12,12
421595,3,1,1982,0,9,0,0,20,0,0,0,0,0
421596,1,1,1982,29,17,19,8,0,27,0,0,16,16
421597,1,1,1982,6,6,6,6,6,6,6,6,6,6
421598,0,1,1982,0,0,0,0,0,13,0,0,0,0
421598,1,1,1982,0,0,0,0,0,0,0,0,0,0
421599,1,1,1982,0,0,0,5,0,0,0,0,10,0
421600,0,1,1982,0,0,0,0,0,0,0,0,0,0
421600,1,1,1982,0,0,0,0,0,0,0,0,0,0
421601,1,1,1982,20,20,20,20,20,20,20,20,20,20
421601,2,1,1982,0,0,0,0,0,0,0,0,0,0
421602,1,1,1982,20,20,20,20,20,20,20,20,20,20
421602,2,1,1982,18,18,18,18,18,18,18,18,18,18
421603,0,1,1982,0,20,0,0,10,0,0,0,15,0
421603,1,1,1982,0,0,0,0,0,0,0,0,0,0
421604,0,1,1982,0,0,0,0,0,0,0,0,0,0
421604,1,1,1982,0,0,0,0,0,0,8,0,0,0
421605,0,1,1982,0,0,0,0,0,0,0,0,0,0
421605,1,1,1982,0,0,0,0,0,0,0,0,0,0
421605,2,1,1982,0,0,0,0,0,0,23,0,0,0
421606,1,1,1982,0,0,0,0,0,9,23,0,0,0
421606,2,1,1982,0,0,0,0,0,0,0,0,0,0
421607,1,1,1982,8,8,8,8,8,8,8,8,8,8
421607,2,1,1982,3,3,3,3,3,3,3,3,3,3
421607,3,1,1982,0,26,6,0,9,12,0,0,18,0
421608,0,1,1982,0,7,36,0,28,32,25,0,21,15
421608,1,1,1982,8,0,0,0,16,0,0,0,0,0
421609,1,1,1982,0,0,0,0,0,0,0,0,0,0
421609,2,1,1982,6,0,24,18,0,0,0,0,0,0
421610,0,1,1982,0,52,22,18,33,11,0,3,24,19
421610,1,1,1982,12,0,0,0,0,10,0,0,0,0
421611,1,1,1982,17,17,17,17,17,17,17,17,17,17
421612,1,1,1982,18,0,0,0,0,0,0,0,0,0
421612,2,1,1982,0,0,0,0,0,0,0,0,14,8
421613,0,1,1982,0,0,0,0,0,0,0,0,0,0
421613,1,1,1982,0,17,0,13,0,0,0,12,0,0
421614,0,1,1982,36,36,36,36,36,36,36,36,36,36
421614,1,1,1982,0,0,0,0,0,0,0,0,0,15
421615,1,1,1982,0,0,0,0,0,0,0,0,0,0
421616,1,1,1982,0,0,0,0,0,0,0,0,0,0
421617,0,1,1982,0,0,0,0,0,0,0,0,0,0
421617,1,1,1982,0,0,0,0,0,0,0,0,0,0
421618,0,1,1982,8,27,11,0,22,0,14,0,25,54
421618,1,1,1982,13,0,6,15,0,0,0,0,3,0
421618,2,1,1982,0,11,0,21,0,0,0,10,16,13
421619,0,1,1982,20,16,0,0,0,0,5,13,0,0
421619,1,1,1982,0,0,0,0,0,0,15,0,0,0
421621,1,1,1982,0,0,0,0,0,0,0,0,0,0
421621,2,1,1982,0,0,0,0,8,0,0,0,0,0
421621,3,1,1982,0,0,0,5,0,0,0,0,0,0
421622,0,1,1982,0,0,0,0,0,0,0,0,0,0
421622,1,1,1982,0,0,0,17,0,8,13,0,0,11
421623,1,1,1982,0,0,0,0,0,0,0,0,0,0
421623,2,1,1982,0,0,0,0,0,0,0,32,0,0
421624,1,1,1982,0,0,0,0,0,0,0,0,0,0
421625,1,1,1982,0,0,13,17,0,0,5,0,0,0
421626,1,1,1982,0,0,0,0,0,0,0,0,0,0
421626,2,1,1982,0,0,0,0,0,0,17,0,0,0
421627,1,1,1982,22,22,22,22,22,22,22,22,22,22
421627,2,1,1982,0,0,0,0,0,0,0,0,0,3
421629,0,1,1982,21,21,21,21,21,21,21,21,21,21
421629,1,1,1982,0,11,0,5,12,12,10,20,0,22
421630,1,1,1982,0,18,7,0,0,15,0,0,0,0
421630,2,1,1982,0,0,0,0,17,15,7,0,0,0
421631,1,1,1982,19,9,25,21,14,0,14,24,23,20
421632,1,1,1982,0,0,0,4,0,0,0,13,0,0
421633,1,1,1982,24,24,24,24,24,24,24,24,24,24
421635,1,1,1982,15,15,15,15,15,15,15,15,15,15
421636,1,1,1982,0,0,20,13,23,0,14,24,6,0
421636,2,1,1982,0,19,0,0,0,0,6,0,0,0
440002,1,1,1982,0,34,0,0,0,3,0,13,11,0
440003,1,1,1982,0,0,0,0,0,0,0,9,0,0
440003,2,1,1982,31,31,31,31,31,31,31,31,31,31
440004,0,1,1982,8,8,8,8,8,8,8,8,8,8
440004,1,1,1982,24,12,24,0,0,0,15,10,0,8
440006,0,1,1982,0,0,0,0,0,0,0,0,0,0
440006,1,1,1982,0,0,0,0,0,0,0,0,0,24
440009,1,1,1982,15,15,15,15,15,15,15,15,15,15
440009,2,1,1982,0,0,0,0,0,0,0,0,0,0
440010,0,1,1982,0,0,0,0,0,0,0,0,0,0
440010,1,1,1982,0,0,0,0,0,0,0,0,0,0
440011,0,1,1982,24,24,24,24,24,24,24,24,24,24
440011,1,1,1982,0,11,0,0,0,0,0,0,0,14
440012,0,1,1982,14,14,14,14,14,14,14,14,14,14
440012,1,1,1982,0,0,0,0,0,0,0,0,0,0
440014,1,1,1982,0,0,0,0,0,0,0,0,0,0
440015,0,1,1982,0,0,0,0,0,0,0,0,0,0
440015,1,1,1982,0,0,0,0,26,11,19,0,0,0
440016,0,1,1982,0,0,0,0,0,0,0,0,0,0
440016,1,1,1982,0,0,0,0,0,0,0,0,0,0
440017,1,1,1982,11,26,16,0,20,16,8,18,29,11
440018,1,1,1982,0,0,0,0,0,0,0,0,0,0
440018,2,1,1982,0,7,0,0,0,0,0,0,0,0
440019,1,1,1982,0,0,0,0,0,0,0,0,0,0
440019,2,1,1982,0,0,0,0,0,0,0,0,0,0
440020,1,1,1982,8,22,4,13,23,11,0,0,7,0
440021,1,1,1982,0,0,0,0,0,0,0,0,0,0
440022,1,1,1982,8,8,8,8,8,8,8,8,8,8
440023,1,1,1982,0,0,0,0,0,0,0,0,0,0
440023,2,1,1982,0,0,0,0,0,0,7,6,0,0
440024,0,1,1982,6,6,6,6,6,6,6,6,6,6
440024,1,1,1982,24,13,27,0,28,20,16,0,0,24
440025,1,1,1982,5,0,24,0,0,0,0,20,18,0
440026,1,1,1982,6,6,6,6,6,6,6,6,6,6
440026,2,1,1982,0,20,16,7,31,0,24,13,0,23
440026,3,1,1982,0,0,0,0,0,0,0,0,0,0
440027,1,1,1982,0,0,0,0,0,0,0,0,0,0
440028,1,1,1982,19,19,19,19,19,19,19,19,19,19
440029,0,1,1982,21,21,21,21,21,21,21,21,21,21
440029,1,1,1982,18,0,0,0,0,0,18,16,0,0
440030,1,1,1982,35,35,35,35,35,35,35,35,35,35
440030,2,1,1982,0,0,0,0,0,0,0,0,6,0
440031,1,1,1982,14,14,14,14,14,14,14,14,14,14
440032,1,1,1982,28,28,28,28,28,28,28,28,28,28
440033,1,1,1982,0,0,0,0,0,0,0,0,0,16
440033,2,1,1982,0,0,0,0,0,0,0,0,0,0
440034,1,1,1982,19,19,19,19,19,19,19,19,19,19
440035,1,1,1982,19,19,19,19,19,19,19,19,19,19
440035,2,1,1982,37,22,2,9,17,18,11,12,27,23
440036,1,1,1982,24,24,24,24,24,24,24,24,24,24
440037,1,1,1982,22,22,22,22,22,22,22,22,22,22
440038,1,1,1982,0,0,0,0,0,0,0,0,0,0
440038,2,1,1982,0,0,0,0,0,15,0,9,0,0
440039,1,1,1982,23,23,23,23,23,23,23,23,23,23
440040,0,1,1982,0,0,0,0,0,0,0,0,0,0
440040,1,1,1982,17,17,17,17,17,17,17,17,17,17
440041,1,1,1982,0,33,30,23,35,12,18,20,22,0
440042,1,1,1982,9,9,9,9,9,9,9,9,9,9
440043,0,1,1982,22,22,22,22,22,22,22,22,22,22
440043,1,1,1982,17,13,11,17,9,21,24,0,2,0
440044,1,1,1982,13,13,13,13,13,13,13,13,13,13
440045,0,1,1982,0,0,0,0,0,0,0,0,0,0
440045,1,1,1982,0,0,0,0,0,0,0,0,0,0
440046,1,1,1982,26,26,26,26,26,26,26,26,26,26
440047,1,1,1982,0,0,0,0,0,0,0,0,0,0
440047,2,1,1982,0,0,0,0,0,0,0,0,0,0
440048,1,1,1982,13,13,13,13,13,13,13,13,13,13
440048,2,1,1982,0,0,0,0,0,0,0,0,0,0
440049,1,1,1982,15,10,14,14,17,21,5,0,6,7
440049,2,1,1982,11,5,14,21,9,4,21,9,10,19
440050,0,1,1982,0,0,0,0,0,0,0,0,0,0
440050,0,2,1982,20,0,0,0,0,0,0,0,0,0
440050,1,1,1982,15,21,0,0,15,0,8,0,20,0
440051,1,1,1982,0,0,0,0,0,0,0,0,0,0
440052,1,1,1982,22,22,22,22,22,22,22,22,22,22
440052,2,1,1982,0,0,0,0,0,0,0,0,0,0
440053,0,1,1982,2,2,2,2,2,2,2,2,2,2
440053,1,1,1982,15,21,23,8,16,29,21,16,13,15
440054,1,1,1982,0,0,12,27,14,0,9,0,30,0
440055,1,1,1982,0,19,0,0,0,0,0,0,5,0
440055,2,1,1982,15,0,0,0,0,0,0,0,0,0
440056,0,1,1982,0,15,0,0,0,0,19,0,21,0
440056,1,1,1982,0,0,0,0,0,0,0,0,12,0