ST_CASE,VEH_NO,PER_NO,YEAR,P1,P2,P3,P4,P5,P6,P7,P8,P9,P10
440057,0,1,1982,7,7,7,7,7,7,7,7,7,7
440057,1,1,1982,0,14,0,0,0,0,17,9,33,0
440058,1,1,1982,0,0,0,0,0,0,0,0,0,0
440059,1,1,1982,30,30,30,30,30,30,30,30,30,30
440060,0,1,1982,0,0,0,0,0,0,0,0,0,0
440060,1,1,1982,0,0,0,0,0,0,0,0,0,0
440061,1,1,1982,6,20,18,0,4,17,12,9,27,0
440061,2,1,1982,0,0,0,0,0,0,0,0,0,0
440061,3,1,1982,0,0,0,0,0,0,0,0,0,0
440062,1,1,1982,23,23,23,23,23,23,23,23,23,23
440063,0,1,1982,0,12,0,0,0,15,0,0,0,0
440063,1,1,1982,0,0,0,0,0,0,0,0,0,0
440064,1,1,1982,0,0,0,0,0,0,0,0,0,0
440064,2,1,1982,0,0,0,0,0,0,0,0,0,0
440065,0,1,1982,9,0,0,0,23,8,0,15,0,9
440065,1,1,1982,0,0,0,0,0,0,0,0,0,0
440066,1,1,1982,31,31,31,31,31,31,31,31,31,31
440067,1,1,1982,0,0,0,0,0,0,0,0,0,0
440068,1,1,1982,22,22,22,22,22,22,22,22,22,22
440069,1,1,1982,9,9,9,9,9,9,9,9,9,9
440070,1,1,1982,37,37,37,37,37,37,37,37,37,37
440070,2,1,1982,0,0,0,0,4,0,0,0,0,0
440071,1,1,1982,17,17,0,21,10,21,18,4,14,0
440071,2,1,1982,7,7,7,7,7,7,7,7,7,7
440072,1,1,1982,0,0,0,0,13,0,0,0,0,0
440072,2,1,1982,0,0,0,0,0,0,0,0,0,0
440073,1,1,1982,0,0,0,0,0,0,0,0,0,0
440073,2,1,1982,0,0,0,0,0,0,0,0,0,0
440074,1,1,1982,12,12,12,12,12,12,12,12,12,12
440075,1,1,1982,29,0,18,19,13,15,22,24,12,36
440076,1,1,1982,17,17,17,17,17,17,17,17,17,17
440076,2,1,1982,0,0,8,19,9,0,0,0,14,18
440077,1,1,1982,10,16,12,22,28,0,9,11,14,18
440078,0,1,1982,0,0,0,0,0,0,0,0,0,0
440078,1,1,1982,0,0,0,30,0,0,0,0,0,0
440079,1,1,1982,21,11,32,0,16,11,14,9,17,7
440079,2,1,1982,0,2,0,0,0,0,0,0,0,0
440080,0,1,1982,17,16,17,16,0,6,0,33,15,0
440080,1,1,1982,26,0,0,10,0,0,25,0,9,8
440081,0,1,1982,0,0,0,0,0,0,0,0,0,0
440081,1,1,1982,0,0,0,0,0,0,0,0,0,0
440082,0,1,1982,0,0,0,0,0,0,0,0,0,0
440082,1,1,1982,0,0,0,0,0,0,0,0,0,0
440083,1,1,1982,4,16,9,0,0,11,0,27,10,4
440084,1,1,1982,25,0,0,9,0,27,0,0,20,0
440084,2,1,1982,0,0,0,0,0,0,0,0,0,0
440085,1,1,1982,9,9,9,9,9,9,9,9,9,9
440086,1,1,1982,16,16,16,16,16,16,16,16,16,16
440086,2,1,1982,0,0,0,0,0,0,0,0,0,0
440087,1,1,1982,13,15,6,26,14,25,0,10,13,25
440087,2,1,1982,0,0,0,0,0,0,0,0,0,0
440088,1,1,1982,4,8,30,21,40,5,8,24,20,17
440089,0,1,1982,0,0,0,0,0,0,0,0,0,0
440089,0,2,1982,0,17,0,0,0,0,0,0,0,0
440089,1,1,1982,8,8,8,8,8,8,8,8,8,8
440090,1,1,1982,0,17,12,0,16,14,0,0,0,11
440091,0,1,1982,0,0,0,0,0,0,0,0,0,0
440091,1,1,1982,0,0,0,0,0,0,0,0,0,0
440092,0,1,1982,18,18,18,18,18,18,18,18,18,18
440092,1,1,1982,0,17,21,0,10,10,0,10,16,0
440093,1,1,1982,0,0,0,0,0,0,0,0,0,0
440093,2,1,1982,14,21,11,16,27,6,0,0,18,22
440094,1,1,1982,24,24,24,24,24,24,24,24,24,24
440094,2,1,1982,0,0,14,0,0,0,0,0,0,0
440095,1,1,1982,5,5,5,5,5,5,5,5,5,5
440096,1,1,1982,17,17,17,17,17,17,17,17,17,17
440097,0,4,1982,0,0,0,0,18,0,0,19,0,0
440097,0,5,1982,4,24,0,0,0,6,0,20,0,0
440097,0,6,1982,0,14,0,0,0,0,0,8,9,12
440097,1,1,1982,18,2,17,11,29,9,13,4,11,40
440098,1,1,1982,19,19,19,19,19,19,19,19,19,19
440099,1,1,1982,2,2,2,2,2,2,2,2,2,2
440100,1,1,1982,0,0,0,0,0,0,0,0,0,0
440100,2,1,1982,0,0,0,0,0,0,0,0,0,0
440101,1,1,1982,14,14,14,14,14,14,14,14,14,14
440102,1,1,1982,0,0,0,0,0,0,0,0,0,0
450001,0,1,1982,30,0,22,30,6,19,24,18,0,18
450001,1,1,1982,0,0,0,0,0,0,0,0,0,0
450002,1,1,1982,19,12,15,0,10,16,7,9,27,10
450002,2,1,1982,0,0,0,7,16,15,0,0,11,0
450003,0,1,1982,26,26,26,26,26,26,26,26,26,26
450003,1,1,1982,0,0,0,0,0,0,0,0,0,0
450004,1,1,1982,25,25,25,25,25,25,25,25,25,25
450005,1,1,1982,20,20,20,20,20,20,20,20,20,20
450006,1,1,1982,0,0,0,0,0,0,0,0,0,0
450006,2,1,1982,0,0,0,0,0,0,0,0,0,0
450007,0,1,1982,0,0,0,0,0,0,0,0,0,0
450007,1,1,1982,0,0,0,0,0,0,0,0,0,0
450008,1,1,1982,8,0,0,0,0,0,0,0,0,0
450008,2,1,1982,0,0,0,0,0,0,0,0,0,0
450009,1,1,1982,11,30,6,0,4,5,0,13,6,10
450009,2,1,1982,0,0,0,0,0,0,2,0,0,12
450010,0,1,1982,0,0,0,0,0,0,0,0,0,0
450010,1,1,1982,31,6,17,2,8,29,13,10,10,0
450011,1,1,1982,19,19,19,19,19,19,19,19,19,19
450011,2,1,1982,12,4,16,12,16,25,26,18,16,25
450012,1,1,1982,0,7,6,21,30,7,16,4,26,17
450013,1,1,1982,0,0,21,0,31,0,0,0,0,0
450014,1,1,1982,16,16,16,16,16,16,16,16,16,16
450015,0,1,1982,5,6,0,0,0,0,3,18,15,0
450015,1,1,1982,0,0,0,0,0,0,1,2,0,16
450016,1,1,1982,0,0,0,14,0,0,0,0,0,0
450016,2,1,1982,0,0,0,0,0,0,0,0,0,0
450017,1,1,1982,0,0,0,0,0,0,0,0,0,0
450017,2,1,1982,16,16,16,16,16,16,16,16,16,16
450018,1,1,1982,0,0,0,0,0,0,0,0,0,0
450018,2,1,1982,21,10,16,14,9,18,21,18,14,10
450019,0,1,1982,34,34,34,34,34,34,34,34,34,34
450019,1,1,1982,13,10,29,9,25,15,21,10,10,12
450020,0,1,1982,0,19,6,10,16,26,24,17,21,33
450020,1,1,1982,0,0,0,0,0,0,0,0,0,0
450021,0,1,1982,40,30,11,21,0,18,0,0,19,0
450021,1,1,1982,0,15,0,14,0,0,0,7,0,0
450022,1,1,1982,11,4,20,14,17,21,4,10,20,14
450023,1,1,1982,0,0,0,0,0,0,0,0,0,0
450023,2,1,1982,0,0,0,20,7,0,0,0,0,21
450024,1,1,1982,20,20,20,20,20,20,20,20,20,20
450025,1,1,1982,0,0,0,0,0,0,0,0,0,0
450025,2,1,1982,17,12,16,20,22,14,10,15,11,17
450026,1,1,1982,0,0,0,0,0,0,0,0,0,0
450027,1,1,1982,0,0,0,0,0,0,0,0,0,0
450027,2,1,1982,0,0,0,0,0,0,0,0,0,0
450028,1,1,1982,26,26,26,26,26,26,26,26,26,26
450029,1,1,1982,12,12,12,12,12,12,12,12,12,12
450030,0,1,1982,0,0,0,0,0,0,0,0,0,0
450030,1,1,1982,0,0,0,0,0,0,0,0,0,0
450031,1,1,1982,5,0,0,0,0,0,0,0,0,12
450031,2,1,1982,17,16,12,20,11,14,18,8,7,7
450032,1,1,1982,12,13,27,16,19,30,17,13,17,15
450032,2,1,1982,0,0,0,0,0,0,0,0,0,0
450033,0,1,1982,15,0,5,0,16,19,13,0,20,0
450033,1,1,1982,0,0,0,0,0,0,0,0,0,0
450034,1,1,1982,0,0,0,0,0,0,0,0,0,0
450035,1,1,1982,0,0,0,0,0,0,0,0,0,0
450036,1,1,1982,0,0,0,0,0,0,0,0,0,0
450036,2,1,1982,0,0,0,0,0,0,0,0,0,0
450036,3,1,1982,0,0,0,0,0,0,0,0,0,0
450037,1,1,1982,0,0,0,0,0,0,0,0,0,0
450037,2,1,1982,27,14,22,9,24,9,15,19,5,7
450038,1,1,1982,0,0,0,0,0,0,0,0,0,0
450038,2,1,1982,0,0,0,0,0,0,0,0,0,0
450039,1,1,1982,0,0,0,0,0,0,0,0,0,0
450039,2,1,1982,0,0,0,0,0,0,0,0,0,0
450039,3,1,1982,0,0,0,0,0,0,0,0,0,0
450040,1,1,1982,9,9,9,9,9,9,9,9,9,9
450040,2,1,1982,38,38,38,38,38,38,38,38,38,38
450041,1,1,1982,23,23,23,23,23,23,23,23,23,23
450042,1,1,1982,0,0,13,0,0,0,0,26,0,0
450042,2,1,1982,0,9,16,24,14,0,17,12,0,18
450043,1,1,1982,24,24,24,24,24,24,24,24,24,24
450044,1,1,1982,22,34,9,15,38,26,20,20,23,10
450045,1,1,1982,18,18,18,18,18,18,18,18,18,18
450046,1,1,1982,22,22,22,22,22,22,22,22,22,22
450047,1,1,1982,19,10,4,17,22,9,15,20,5,19
450048,0,1,1982,0,0,0,0,0,0,0,0,0,0
450048,1,1,1982,0,0,0,0,0,0,0,0,0,0
450049,1,1,1982,6,6,6,6,6,6,6,6,6,6
450049,2,1,1982,23,26,16,12,24,18,14,14,14,0
450050,0,1,1982,0,0,0,0,0,0,0,0,0,0
450050,1,1,1982,0,22,0,0,0,0,0,0,0,0
450051,1,1,1982,0,0,0,0,0,0,0,0,0,0
450051,2,1,1982,0,0,0,0,0,0,0,0,0,0
450052,1,1,1982,29,31,14,29,20,18,0,19,14,18
450052,2,1,1982,0,9,0,0,0,0,0,0,0,0
450053,1,1,1982,20,20,20,20,20,20,20,20,20,20
450053,2,1,1982,0,0,0,0,0,0,0,0,0,21
450054,1,1,1982,0,0,0,0,0,5,0,0,4,0
450054,2,1,1982,0,0,0,0,0,0,0,0,0,0
450055,1,1,1982,30,22,25,20,4,15,16,12,21,4
450056,1,1,1982,32,32,32,32,32,32,32,32,32,32
450056,2,1,1982,0,0,0,0,0,0,0,0,0,0
450057,1,1,1982,0,12,10,38,6,9,38,19,18,15
450058,1,1,1982,0,0,0,0,0,0,0,0,0,0
450058,2,1,1982,0,0,0,0,0,0,0,0,0,0
450059,1,1,1982,0,0,0,0,0,0,0,0,0,0
450059,2,1,1982,27,14,6,6,23,10,19,6,16,12
450060,1,1,1982,22,15,10,25,14,5,12,11,6,18
450061,0,1,1982,0,6,0,0,0,0,0,0,0,0
450061,1,1,1982,5,25,8,0,26,14,0,0,10,8
450062,0,1,1982,0,0,0,0,0,0,0,0,0,0
450062,1,1,1982,13,0,11,14,5,10,19,27,10,16
450063,1,1,1982,0,0,0,0,0,0,0,0,0,0
450063,2,1,1982,0,0,0,0,0,0,0,0,0,0
450064,1,1,1982,0,0,0,0,0,0,0,0,0,0
450064,2,1,1982,0,0,0,0,0,0,0,0,0,0
450065,1,1,1982,0,0,0,0,0,0,0,0,0,0
450065,2,1,1982,14,0,0,0,0,0,0,0,0,0
450066,1,1,1982,0,0,0,0,0,0,0,0,0,0
450067,1,1,1982,15,8,12,0,31,26,0,0,13,12
450068,1,1,1982,36,20,15,7,18,16,11,0,11,0
450069,1,1,1982,17,15,15,13,26,14,26,22,5,26
450070,1,1,1982,0,0,0,0,0,0,0,0,0,0
450071,1,1,1982,0,0,0,0,0,0,0,0,0,0
450072,1,1,1982,0,0,0,0,0,0,0,0,0,0
450072,2,1,1982,30,30,30,30,30,30,30,30,30,30
450073,1,1,1982,17,13,0,12,17,15,0,20,19,23
450074,1,1,1982,0,0,0,0,0,0,0,0,0,0
450074,2,1,1982,17,0,15,6,17,10,0,16,15,13
450075,1,1,1982,0,0,0,0,0,0,0,0,0,0
450075,2,1,1982,18,8,20,14,0,13,11,0,11,13
450076,1,1,1982,0,0,0,0,0,0,0,0,0,0
450077,0,1,1982,26,22,18,26,15,16,35,26,0,15
450077,1,1,1982,0,8,0,0,0,0,0,0,0,0
450078,1,1,1982,11,22,19,39,14,18,15,37,18,22
450079,1,1,1982,6,6,6,6,6,6,6,6,6,6
450080,1,1,1982,16,16,16,16,16,16,16,16,16,16
450081,1,1,1982,15,15,15,15,15,15,15,15,15,15
450082,1,1,1982,30,30,30,30,30,30,30,30,30,30
450083,1,1,1982,0,0,0,0,0,0,0,0,0,0
450084,1,1,1982,0,0,0,0,0,0,0,0,0,0
450085,1,1,1982,23,12,18,21,16,17,22,10,10,10
450086,1,1,1982,0,0,0,0,0,0,0,0,0,0
450087,1,1,1982,20,23,26,18,26,25,16,22,16,0
450088,1,1,1982,18,17,24,25,20,16,16,22,21,17
450089,1,1,1982,32,10,23,23,17,10,23,14,11,10
450089,2,1,1982,18,14,17,13,0,11,26,20,15,21
450090,0,1,1982,4,4,4,4,4,4,4,4,4,4
450090,1,1,1982,0,0,0,0,0,0,0,0,0,0
450091,1,1,1982,0,36,0,23,23,15,13,18,13,4
450091,2,1,1982,12,31,8,10,8,0,17,0,0,13
450092,1,1,1982,5,8,26,10,17,11,13,12,12,20
450093,1,1,1982,14,14,14,14,14,14,14,14,14,14
450094,0,1,1982,0,0,0,0,0,0,0,0,0,0
450094,1,1,1982,8,0,0,0,0,0,0,0,0,0
450095,0,1,1982,0,0,0,0,0,0,0,0,0,0
450095,0,2,1982,0,0,0,0,0,0,0,0,0,0
450095,0,3,1982,0,0,0,0,0,0,0,0,0,0
450095,0,4,1982,0,0,0,0,17,0,0,11,0,0
450095,1,1,1982,0,0,0,0,0,0,0,0,0,0
450095,2,1,1982,0,0,0,0,0,0,0,5,0,0
450095,3,1,1982,0,0,0,0,0,0,0,0,0,0
450095,4,1,1982,0,0,0,0,0,0,0,0,0,0
450096,1,1,1982,18,18,18,18,18,18,18,18,18,18
450097,1,1,1982,0,0,0,0,0,0,0,0,0,0
450097,2,1,1982,0,0,0,0,0,0,0,0,0,0
450098,1,1,1982,0,0,0,0,0,0,0,0,0,0
450098,2,1,1982,0,0,0,0,0,0,0,0,0,0
450099,1,1,1982,2,2,2,2,2,2,2,2,2,2
450100,0,1,1982,30,22,13,16,46,24,26,13,21,26
450100,1,1,1982,0,0,24,0,8,12,0,0,0,0
450101,0,1,1982,25,18,20,28,29,30,19,15,20,17
450101,1,1,1982,0,4,0,0,0,0,0,0,0,0
450102,1,1,1982,0,0,0,0,0,0,0,0,0,0
450102,2,1,1982,5,17,0,14,0,26,19,0,0,0
450103,1,1,1982,13,9,15,0,0,29,4,30,21,16
450104,1,1,1982,32,32,32,32,32,32,32,32,32,32
450105,1,1,1982,0,0,0,0,0,0,0,0,0,0
450105,2,1,1982,0,0,0,0,0,0,0,0,0,0
450106,1,1,1982,0,0,0,0,0,0,0,0,0,0
450106,2,1,1982,0,0,0,0,0,0,0,0,0,0
450107,0,1,1982,3,3,3,3,3,3,3,3,3,3
450107,1,1,1982,0,0,0,0,0,0,0,0,0,0
450108,1,1,1982,0,0,0,0,0,0,0,0,0,0
450108,2,1,1982,15,15,15,15,15,15,15,15,15,15
450109,1,1,1982,17,17,17,17,17,17,17,17,17,17
450110,1,1,1982,0,0,0,0,0,0,0,0,0,0
450110,2,1,1982,10,6,5,0,11,11,21,23,6,0
450111,1,1,1982,0,0,0,0,0,0,0,0,0,0
450111,2,1,1982,0,0,0,0,0,0,0,0,0,0
450112,1,1,1982,0,0,6,0,0,0,0,0,0,0
450112,2,1,1982,0,0,0,0,0,0,0,0,0,0
450113,1,1,1982,0,14,10,22,11,8,8,23,27,19
450113,2,1,1982,0,8,0,0,0,0,0,0,0,0
450114,1,1,1982,0,9,20,16,19,14,18,17,22,20
450115,1,1,1982,0,0,0,0,0,0,0,0,0,0
450115,2,1,1982,0,0,0,12,0,0,0,0,0,0
450116,1,1,1982,24,34,28,19,9,19,8,25,2,7
450117,1,1,1982,0,0,0,0,0,0,0,0,5,0
450117,2,1,1982,0,0,0,0,0,0,0,0,0,0
450118,1,1,1982,19,20,28,24,13,0,4,32,0,27
450119,0,1,1982,14,21,16,0,28,28,33,22,0,12
450119,1,1,1982,0,0,0,6,0,0,0,0,0,0
450120,1,1,1982,0,0,0,0,0,0,0,0,0,0
450120,2,1,1982,0,10,0,0,0,0,0,0,10,0
450121,1,1,1982,9,30,13,23,0,0,11,16,18,0
450122,1,1,1982,19,5,11,0,17,16,16,16,0,0
450122,2,1,1982,18,15,19,26,21,17,14,10,8,7
450123,0,1,1982,0,0,0,0,0,0,0,0,0,0
450123,1,1,1982,0,0,0,0,0,0,0,0,0,0
450124,1,1,1982,0,0,0,8,0,0,0,0,0,0
450124,2,1,1982,0,0,0,0,0,0,0,0,0,0
450125,1,1,1982,44,10,16,0,10,10,33,26,16,25
450126,0,1,1982,15,15,15,15,15,15,15,15,15,15
450126,1,1,1982,1,1,1,1,1,1,1,1,1,1
450127,1,1,1982,34,34,34,34,34,34,34,34,34,34
450128,1,1,1982,0,0,0,18,0,0,6,0,0,0
450129,1,1,1982,4,23,12,8,11,10,16,16,0,15
450131,1,1,1982,15,15,15,15,15,15,15,15,15,15
450132,1,1,1982,24,24,24,24,24,24,24,24,24,24
450133,1,1,1982,25,25,25,25,25,25,25,25,25,25
450134,1,1,1982,0,0,0,0,0,0,0,0,0,0
450134,2,1,1982,0,0,0,0,0,0,0,0,0,0
450136,1,1,1982,0,7,19,18,0,0,29,0,22,3
450136,2,1,1982,0,0,0,0,0,0,0,0,0,5
450137,1,1,1982,0,0,0,0,0,0,0,0,0,0
450137,2,1,1982,0,0,0,0,0,0,0,0,0,0
450137,3,1,1982,7,20,21,21,10,18,10,12,6,9
450138,1,1,1982,14,0,11,0,15,27,15,0,0,0
450139,0,1,1982,3,3,3,3,3,3,3,3,3,3
450139,1,1,1982,0,10,20,11,10,8,11,11,17,16
450140,0,1,1982,17,17,17,17,17,17,17,17,17,17
450140,1,1,1982,0,0,0,0,0,0,0,0,0,0
450141,1,1,1982,0,0,0,0,0,0,0,0,0,0
450141,2,1,1982,0,0,0,0,0,0,0,0,0,0
450142,1,1,1982,0,0,0,0,0,0,0,0,0,0
450142,2,1,1982,23,15,11,13,10,8,17,20,0,9
450142,3,1,1982,16,0,0,17,14,10,0,0,0,15
450143,1,1,1982,23,8,16,8,13,31,17,21,17,14
450144,1,1,1982,8,8,8,8,8,8,8,8,8,8
450145,0,1,1982,27,27,27,27,27,27,27,27,27,27
450145,1,1,1982,0,18,0,0,0,22,0,0,0,7
450146,1,1,1982,0,0,0,0,0,0,0,0,0,0
450146,2,1,1982,0,0,0,0,0,0,0,0,0,0
450147,0,1,1982,0,0,0,0,0,0,0,0,0,0
450147,1,1,1982,0,0,0,0,0,0,0,0,0,0
450148,1,1,1982,0,0,0,0,0,0,0,2,0,0
450148,2,1,1982,0,0,0,0,0,0,0,0,0,0
450149,0,1,1982,26,0,0,20,0,42,0,16,0,0
450149,1,1,1982,0,0,0,0,0,9,0,0,0,0
450150,0,1,1982,37,37,37,37,37,37,37,37,37,37
450150,1,1,1982,0,0,0,0,0,0,12,0,0,0
450151,1,1,1982,0,0,0,0,0,0,0,0,0,0
450152,1,1,1982,0,0,0,0,0,0,0,0,0,0
450152,2,1,1982,0,0,0,0,0,0,0,0,0,0
450153,1,1,1982,11,11,21,10,21,22,38,11,12,19
450154,0,1,1982,26,26,26,26,26,26,26,26,26,26
450154,1,1,1982,0,0,0,0,0,0,0,0,5,0
450155,1,1,1982,29,29,29,29,29,29,29,29,29,29
450156,1,1,1982,19,21,32,20,20,18,27,18,13,12
450157,1,1,1982,17,23,29,29,17,14,6,14,9,21
450158,0,1,1982,13,13,13,13,13,13,13,13,13,13
450158,1,1,1982,0,0,0,0,0,0,0,0,0,0
450159,0,1,1982,0,13,0,0,4,0,0,0,0,0
450159,1,1,1982,0,0,0,0,0,0,0,0,0,0
450160,1,1,1982,0,0,11,0,0,0,0,0,0,0
450160,2,1,1982,0,0,0,0,0,0,0,0,0,0
450160,3,1,1982,0,0,0,0,0,0,0,0,0,0
450161,1,1,1982,0,0,0,0,0,0,0,0,0,0
450161,2,1,1982,0,0,0,0,0,0,0,0,0,0
450162,0,1,1982,34,34,34,34,34,34,34,34,34,34
450162,1,1,1982,0,0,0,0,0,0,0,0,0,0
450163,0,1,1982,0,0,0,0,0,0,0,38,0,0
450163,1,1,1982,0,0,0,0,0,0,0,0,0,0
450164,1,1,1982,0,0,0,0,0,0,0,0,1,0
450164,2,1,1982,30,30,30,30,30,30,30,30,30,30
450165,1,1,1982,17,24,18,11,12,14,30,29,13,20
450166,1,1,1982,0,0,0,0,0,0,0,0,0,0
450166,2,1,1982,22,7,17,19,13,21,28,20,21,0
450167,1,1,1982,27,27,27,27,27,27,27,27,27,27
450168,0,1,1982,9,37,22,5,12,31,34,28,7,12
450168,1,1,1982,0,0,0,0,0,0,0,0,0,0
450169,0,1,1982,0,0,0,0,0,0,3,0,39,0
450169,1,1,1982,0,0,0,0,0,0,0,0,0,0
450170,1,1,1982,19,13,6,18,18,7,15,6,15,17
450171,1,1,1982,0,0,0,0,0,0,0,0,0,0
450171,2,1,1982,0,0,0,0,0,0,0,0,0,0
450171,3,1,1982,0,0,0,0,9,0,0,5,0,0
450172,1,1,1982,0,0,0,0,0,0,0,0,0,0
450173,1,1,1982,11,28,19,38,0,17,28,24,10,26
450174,1,1,1982,18,18,18,18,18,18,18,18,18,18
450175,1,1,1982,16,26,21,11,24,14,14,17,13,19
450176,0,1,1982,14,13,27,22,26,4,25,8,10,34
450176,1,1,1982,0,0,0,0,0,0,0,0,0,0
450177,0,1,1982,0,0,1,0,7,0,0,0,0,14
450177,1,1,1982,18,14,10,9,7,17,6,28,19,15
450178,1,1,1982,0,0,0,0,0,0,0,0,0,0
450178,2,1,1982,0,0,0,0,0,0,0,0,0,0
450179,1,1,1982,11,0,0,0,0,0,0,0,0,0
450180,1,1,1982,0,0,0,0,0,0,0,0,0,0
450180,2,1,1982,0,0,0,0,0,0,0,0,0,0
450181,0,1,1982,0,0,0,0,0,0,0,0,0,0
450181,1,1,1982,0,0,16,0,0,0,0,0,0,0
450182,1,1,1982,0,0,0,0,0,0,0,0,0,0
450183,1,1,1982,0,0,0,0,0,0,0,0,0,0
450183,2,1,1982,0,11,3,0,0,0,0,0,0,0
450184,1,1,1982,27,27,27,27,27,27,27,27,27,27
450185,0,1,1982,0,0,0,0,0,0,0,0,0,0
450185,1,1,1982,0,0,0,0,0,0,0,0,0,0
450186,1,1,1982,27,21,13,11,18,24,8,13,27,36
450187,0,1,1982,35,35,35,35,35,35,35,35,35,35
450187,1,1,1982,0,0,14,20,0,0,0,0,0,0
450188,0,1,1982,0,0,0,0,0,0,0,0,0,0
450188,1,1,1982,0,0,0,0,0,0,0,0,0,0
450189,1,1,1982,0,0,0,0,8,0,0,0,0,0
450189,2,1,1982,15,17,13,14,0,27,12,34,29,22
450190,0,1,1982,26,26,26,26,26,26,26,26,26,26
450190,1,1,1982,0,0,0,0,9,0,0,0,0,0
450191,1,1,1982,21,21,21,21,21,21,21,21,21,21
450192,1,1,1982,11,18,22,16,0,22,16,0,12,17
450193,1,1,1982,20,20,20,20,20,20,20,20,20,20
450194,1,1,1982,22,27,7,5,19,18,11,29,0,15
450195,1,1,1982,0,0,0,14,27,0,0,0,0,0
450195,2,1,1982,32,13,40,28,27,9,40,7,20,25
450196,1,1,1982,0,9,5,0,0,0,0,0,0,0
450196,2,1,1982,0,0,0,0,0,0,17,0,0,0
450196,3,1,1982,0,0,0,0,0,0,0,0,0,0
450197,1,1,1982,0,0,0,0,0,0,0,0,18,0
450197,2,1,1982,0,21,0,6,0,0,0,0,0,0
450198,1,1,1982,27,0,0,28,0,24,10,13,21,25
450199,1,1,1982,0,0,0,0,0,0,0,0,0,0
450200,1,1,1982,0,0,0,0,0,0,0,0,0,0
450200,2,1,1982,0,0,0,0,0,0,0,0,0,9
450201,1,1,1982,0,0,0,0,0,0,0,0,0,0
450201,2,1,1982,6,5,19,0,14,11,20,15,13,20
450202,0,1,1982,33,33,33,33,33,33,33,33,33,33
450202,1,1,1982,0,0,0,0,11,0,0,0,0,0
450203,0,1,1982,0,0,0,0,0,0,0,0,0,0
450203,1,1,1982,0,0,0,0,10,0,0,0,0,0
450204,1,1,1982,6,6,6,6,6,6,6,6,6,6
450205,1,1,1982,0,31,9,18,15,0,17,12,18,0
450206,1,1,1982,0,0,22,0,21,0,0,0,16,0
450206,2,1,1982,23,10,0,36,8,14,15,15,9,11
450207,1,1,1982,0,0,0,0,0,0,0,17,0,0
450207,2,1,1982,6,0,17,0,0,4,0,0,0,0
450208,1,1,1982,0,0,0,0,0,28,0,0,0,0
450209,1,1,1982,0,0,0,0,0,0,0,0,0,0
450209,2,1,1982,0,0,0,0,0,0,0,0,0,0
450210,1,1,1982,11,0,0,0,13,0,0,0,0,0
450210,2,1,1982,21,21,21,21,21,21,21,21,21,21
450211,1,1,1982,0,0,0,0,0,0,0,0,0,0
450212,1,1,1982,15,3,26,22,15,20,28,32,12,14
450213,1,1,1982,0,15,0,0,6,0,0,11,0,0
450214,1,1,1982,0,0,0,0,0,13,0,0,0,0
450214,2,1,1982,18,34,0,11,23,31,4,28,22,0
450215,1,1,1982,0,0,0,0,0,0,0,0,0,0
450215,2,1,1982,29,29,29,29,29,29,29,29,29,29
450216,1,1,1982,22,4,0,12,26,22,12,22,20,26
450217,1,1,1982,32,32,32,32,32,32,32,32,32,32
450218,1,1,1982,0,0,0,0,0,0,0,0,0,0
450218,2,1,1982,0,0,0,0,0,0,0,0,0,0
450219,1,1,1982,0,0,0,0,0,0,0,0,0,0
450219,2,1,1982,0,0,0,0,0,0,0,0,0,0
450219,3,1,1982,0,0,0,0,0,0,0,0,0,0
450220,1,1,1982,0,0,31,9,7,16,0,0,0,0
450221,1,1,1982,28,28,28,28,28,28,28,28,28,28
450222,0,1,1982,0,0,0,0,0,0,0,0,17,0
450222,1,1,1982,0,0,0,0,0,0,0,0,0,0
450223,1,1,1982,14,30,7,8,23,14,13,5,24,24
450224,1,1,1982,9,0,24,10,11,29,10,25,20,3
450224,2,1,1982,14,14,14,14,14,14,14,14,14,14
450225,0,1,1982,40,13,33,31,9,19,7,21,25,18
450225,1,1,1982,0,0,0,0,0,4,0,0,0,0
450226,1,1,1982,0,0,0,0,0,0,0,0,0,0
450227,1,1,1982,26,0,13,15,0,17,27,25,0,31
450228,1,1,1982,25,25,25,25,25,25,25,25,25,25
450229,1,1,1982,31,15,22,10,25,5,16,19,0,7
450230,1,1,1982,16,25,6,9,26,12,12,16,9,26
450230,2,1,1982,20,14,24,7,0,0,9,26,0,20
450231,1,1,1982,20,12,23,9,23,18,23,21,37,21
450232,1,1,1982,15,19,20,14,15,33,20,19,18,16
450233,1,1,1982,0,0,0,0,0,0,0,0,0,0
450233,2,1,1982,0,0,0,0,0,0,0,0,0,0
450233,3,1,1982,0,0,0,0,0,0,0,0,0,0
450234,1,1,1982,0,0,0,0,0,0,0,0,0,0
450234,2,1,1982,0,0,0,0,0,0,0,0,0,24
450235,1,1,1982,0,0,0,20,19,0,0,35,0,37
450235,2,1,1982,0,0,0,0,0,0,0,0,0,0
450236,1,1,1982,37,24,9,0,11,0,20,8,8,25
450236,2,1,1982,0,0,0,0,0,0,0,0,0,0
450237,1,1,1982,0,0,0,0,0,0,0,0,0,0
450237,2,1,1982,0,16,4,10,21,6,15,9,16,12
450238,1,1,1982,0,0,0,0,0,0,13,0,0,0