ST_CASE,VEH_NO,PER_NO,YEAR,P1,P2,P3,P4,P5,P6,P7,P8,P9,P10
450238,2,1,1982,0,0,0,0,0,0,0,0,0,0
450239,1,1,1982,13,0,30,0,14,0,22,0,22,22
450240,1,1,1982,0,0,0,0,13,0,0,0,0,0
450240,2,1,1982,0,0,0,0,0,0,0,0,0,0
450241,1,1,1982,5,9,11,26,24,28,8,0,0,0
450243,1,1,1982,18,18,18,18,18,18,18,18,18,18
450244,1,1,1982,31,31,31,31,31,31,31,31,31,31
450245,0,1,1982,0,0,0,0,0,0,0,0,10,0
450245,1,1,1982,0,0,0,0,0,0,0,0,0,0
450246,1,1,1982,0,0,0,0,0,0,0,0,0,0
450246,2,1,1982,0,0,0,0,0,0,0,0,0,0
450247,1,1,1982,22,22,22,22,22,22,22,22,22,22
450248,1,1,1982,18,18,18,18,18,18,18,18,18,18
450249,1,1,1982,13,28,27,8,31,9,0,25,25,26
450250,1,1,1982,7,7,7,7,7,7,7,7,7,7
450251,1,1,1982,8,0,0,0,0,0,0,18,18,0
450252,0,1,1982,6,20,0,0,16,19,4,18,0,14
450252,1,1,1982,10,0,0,0,0,0,0,0,0,0
450253,1,1,1982,0,0,0,0,0,0,0,0,0,0
450253,2,1,1982,0,0,0,0,0,16,0,0,0,0
450254,1,1,1982,18,18,18,18,18,18,18,18,18,18
450255,1,1,1982,0,0,0,0,0,0,0,0,0,0
450256,1,1,1982,0,0,0,0,0,0,0,0,0,0
450256,2,1,1982,0,0,0,0,0,25,0,0,25,0
450257,1,1,1982,0,0,0,0,0,0,0,0,0,0
450257,2,1,1982,0,0,0,0,0,0,0,0,0,0
450258,1,1,1982,0,0,12,0,0,0,0,0,0,16
450259,1,1,1982,25,25,25,25,25,25,25,25,25,25
450260,0,1,1982,13,13,13,13,13,13,13,13,13,13
450260,1,1,1982,0,0,27,22,0,16,0,12,0,16
450261,1,1,1982,0,0,13,4,0,0,0,0,0,0
450261,2,1,1982,17,16,21,13,12,9,14,27,9,11
450262,0,1,1982,23,23,23,23,23,23,23,23,23,23
450262,1,1,1982,0,0,0,0,0,0,0,0,0,0
450263,1,1,1982,10,10,10,10,10,10,10,10,10,10
450264,0,1,1982,21,26,14,32,39,18,12,13,27,11
450264,1,1,1982,6,19,22,0,16,11,11,0,26,6
450265,1,1,1982,14,14,14,14,14,14,14,14,14,14
450265,2,1,1982,0,0,0,0,0,0,0,0,0,0
450266,1,1,1982,25,25,25,25,25,25,25,25,25,25
450267,1,1,1982,0,0,0,0,0,0,0,0,0,0
450267,2,1,1982,6,0,0,0,0,0,0,0,0,0
450268,1,1,1982,0,0,0,0,0,0,0,0,0,0
450268,2,1,1982,13,13,13,13,13,13,13,13,13,13
450269,1,1,1982,31,31,31,31,31,31,31,31,31,31
450270,0,1,1982,26,26,26,26,26,26,26,26,26,26
450270,1,1,1982,0,0,0,0,0,0,19,0,0,23
450271,1,1,1982,19,13,28,13,14,24,0,10,12,0
450272,0,1,1982,0,0,0,0,0,0,0,0,0,0
450272,1,1,1982,0,0,0,0,0,0,0,0,16,0
450273,0,1,1982,29,7,0,7,7,29,28,17,13,36
450273,1,1,1982,0,16,0,0,0,0,0,0,19,0
450274,1,1,1982,0,0,21,0,0,0,9,0,0,0
450275,0,1,1982,0,0,0,0,0,21,0,0,6,0
450275,1,1,1982,0,0,0,0,0,0,0,0,0,0
450276,1,1,1982,0,0,0,0,0,0,0,0,0,0
450276,2,1,1982,0,0,0,0,0,0,0,0,0,0
450277,1,1,1982,27,9,22,13,20,0,17,16,19,20
450278,1,1,1982,9,11,19,14,12,21,6,7,7,20
450279,1,1,1982,30,30,30,30,30,30,30,30,30,30
450280,1,1,1982,11,11,11,11,11,11,11,11,11,11
450281,0,1,1982,0,0,0,0,0,0,0,0,0,0
450281,0,2,1982,0,0,0,0,0,0,0,0,0,0
450281,1,1,1982,0,0,0,0,0,0,0,0,0,0
450282,1,1,1982,0,13,8,8,0,0,11,0,18,0
450282,2,1,1982,0,0,0,0,0,0,0,0,0,0
450283,1,1,1982,0,0,0,0,0,0,0,0,0,0
450284,1,1,1982,22,0,0,0,8,0,0,21,0,0
450285,1,1,1982,14,0,23,0,0,29,24,0,0,21
450286,1,1,1982,22,18,20,22,10,7,15,11,14,6
450287,1,1,1982,0,0,0,17,0,0,0,0,0,0
450287,2,1,1982,0,0,0,0,0,0,3,6,0,0
450288,1,1,1982,0,15,0,0,0,0,0,0,0,0
450289,0,1,1982,19,19,19,19,19,19,19,19,19,19
450289,1,1,1982,0,21,0,0,0,0,0,0,10,0
450290,1,1,1982,0,0,0,0,0,0,0,0,0,0
450290,2,1,1982,0,0,0,0,0,0,0,0,0,0
450291,1,1,1982,0,0,0,0,0,0,0,0,14,0
450292,1,1,1982,0,0,0,0,0,0,0,0,0,0
450293,1,1,1982,0,0,0,0,0,0,0,0,0,0
450293,2,1,1982,0,0,0,0,0,0,0,0,0,0
450294,1,1,1982,0,0,0,0,0,0,0,0,0,0
450294,2,1,1982,0,0,0,0,0,0,0,0,0,0
450295,1,1,1982,0,0,0,17,0,0,19,0,27,0
450295,2,1,1982,0,0,8,0,0,0,0,0,0,0
450296,1,1,1982,0,0,0,0,0,0,0,0,0,0
450296,2,1,1982,0,0,0,0,0,0,0,0,0,0
450297,0,1,1982,29,29,29,29,29,29,29,29,29,29
450297,1,1,1982,0,0,0,0,0,0,0,0,0,0
450298,1,1,1982,9,9,9,9,9,9,9,9,9,9
450299,1,1,1982,0,0,0,0,0,0,0,23,0,0
450299,2,1,1982,0,0,0,0,0,0,0,0,0,0
450300,0,1,1982,11,12,16,26,12,3,26,12,7,24
450300,1,1,1982,18,14,10,18,32,0,0,0,14,0
450301,1,1,1982,0,22,15,0,0,0,0,10,0,0
450302,1,1,1982,0,0,0,0,0,0,0,0,0,0
450302,2,1,1982,0,0,17,0,0,0,0,0,0,0
450303,1,1,1982,16,9,7,9,7,9,0,19,0,15
450304,0,1,1982,12,0,0,9,0,0,0,0,0,0
450304,1,1,1982,0,0,0,7,0,0,0,0,0,0
450305,1,1,1982,21,21,21,21,21,21,21,21,21,21
450305,2,1,1982,0,0,0,0,0,0,0,0,0,0
450305,3,1,1982,7,7,7,7,7,7,7,7,7,7
450306,0,1,1982,40,40,40,40,40,40,40,40,40,40
450306,1,1,1982,0,0,0,0,0,0,0,0,0,0
450307,0,1,1982,24,24,24,24,24,24,24,24,24,24
450307,1,1,1982,8,10,0,0,0,0,0,0,0,0
450308,1,1,1982,8,15,19,28,12,18,13,35,12,9
450309,0,1,1982,0,0,0,0,0,3,0,0,0,0
450309,1,1,1982,22,0,19,21,0,3,31,0,13,15
450310,1,1,1982,10,24,15,28,11,26,12,20,23,28
450311,1,1,1982,25,20,12,17,0,25,16,41,11,15
450312,0,1,1982,17,8,36,17,25,24,30,28,18,22
450312,1,1,1982,17,0,0,15,20,0,0,0,0,18
450313,0,1,1982,23,23,23,23,23,23,23,23,23,23
450313,1,1,1982,0,0,3,0,15,0,0,0,0,0
450314,1,1,1982,0,0,0,0,0,0,0,0,0,0
450314,2,1,1982,0,0,5,0,0,0,0,0,0,0
450315,1,1,1982,0,19,5,0,20,0,0,0,0,0
450316,0,1,1982,16,27,0,0,29,6,23,7,26,33
450316,1,1,1982,19,8,14,2,18,23,12,2,16,13
450317,0,1,1982,15,10,35,37,0,30,15,31,26,9
450317,1,1,1982,22,25,25,16,14,0,0,24,12,25
450318,0,1,1982,24,24,24,24,24,24,24,24,24,24
450318,1,1,1982,19,18,19,31,17,34,15,17,0,22
450319,0,1,1982,28,28,28,28,28,28,28,28,28,28
450319,1,1,1982,0,0,0,0,0,0,0,0,0,0
450320,1,1,1982,19,16,0,0,0,0,0,12,12,6
450321,1,1,1982,18,18,18,18,18,18,18,18,18,18
450322,1,1,1982,13,13,13,13,13,13,13,13,13,13
450322,2,1,1982,0,0,0,0,0,0,0,0,0,0
450323,0,1,1982,0,0,0,0,0,0,0,0,0,0
450323,1,1,1982,0,0,0,0,0,0,0,0,0,0
450324,1,1,1982,6,0,12,11,11,18,14,9,0,9
450325,1,1,1982,0,0,0,0,0,0,0,0,0,0
450325,2,1,1982,0,0,0,0,0,0,0,0,0,0
450326,0,1,1982,39,39,39,39,39,39,39,39,39,39
450326,1,1,1982,0,20,0,10,17,8,14,29,33,0
450327,1,1,1982,0,0,0,0,0,0,0,0,0,0
450327,2,1,1982,0,0,0,0,0,0,0,0,0,0
450328,0,1,1982,15,9,17,30,16,9,19,24,21,19
450328,1,1,1982,18,0,19,0,0,0,0,0,21,19
450329,1,1,1982,0,0,0,0,0,0,0,0,0,0
450330,0,1,1982,0,0,0,0,0,0,0,0,0,0
450330,1,1,1982,0,0,0,0,0,0,0,0,0,0
450331,1,1,1982,0,0,0,0,32,0,0,0,0,0
450331,2,1,1982,0,0,0,0,0,0,0,0,0,0
450332,1,1,1982,0,0,0,0,0,0,0,0,0,0
450332,2,1,1982,0,0,0,0,0,0,0,0,0,16
450333,1,1,1982,0,0,0,0,0,0,0,0,0,0
450334,1,1,1982,16,16,16,16,16,16,16,16,16,16
450335,1,1,1982,17,20,34,19,20,16,26,16,2,19
450336,1,1,1982,14,23,22,12,5,9,7,29,18,7
450337,1,1,1982,41,25,8,17,19,34,10,16,13,19
450338,1,1,1982,12,12,12,12,12,12,12,12,12,12
450339,1,1,1982,0,0,0,0,0,0,0,20,0,0
450339,2,1,1982,0,0,0,0,0,0,0,0,13,0
450340,1,1,1982,0,0,15,0,0,0,0,21,0,8
450341,1,1,1982,0,0,0,0,0,14,0,0,0,0
450341,2,1,1982,0,0,0,0,0,0,3,0,0,0
450342,1,1,1982,27,0,9,13,11,16,0,0,28,27
450342,2,1,1982,0,0,0,16,0,0,0,0,0,0
450343,1,1,1982,18,28,39,17,19,0,23,61,23,0
450344,1,1,1982,0,0,0,0,0,0,0,0,0,0
450344,2,1,1982,0,0,0,0,0,12,0,0,0,0
450345,1,1,1982,0,0,0,0,0,0,0,0,0,0
450346,1,1,1982,31,31,31,31,31,31,31,31,31,31
450347,0,1,1982,20,13,34,10,19,22,0,0,0,0
450347,1,1,1982,20,21,25,20,18,9,16,24,27,7
450348,0,1,1982,0,0,0,0,0,0,0,0,0,0
450348,1,1,1982,0,0,0,0,0,0,0,0,0,0
450349,1,1,1982,3,3,3,3,3,3,3,3,3,3
450350,0,1,1982,0,0,0,0,15,0,0,0,0,0
450350,1,1,1982,0,0,0,0,0,4,0,0,0,0
450351,1,1,1982,0,0,0,0,0,0,0,0,0,0
450351,2,1,1982,0,0,0,0,0,0,0,0,0,0
450352,0,1,1982,0,0,0,0,0,0,0,0,0,0
450352,1,1,1982,0,0,0,0,0,0,0,0,0,0
450353,1,1,1982,0,0,0,0,7,0,0,0,0,0
450354,0,1,1982,35,31,23,13,28,20,20,14,35,20
450354,1,1,1982,0,0,0,20,0,0,14,0,0,0
450355,1,1,1982,0,0,0,0,0,0,0,0,0,0
450355,2,1,1982,0,0,0,0,0,0,0,0,0,0
450356,0,1,1982,21,21,21,21,21,21,21,21,21,21
450356,1,1,1982,53,20,28,14,16,5,15,12,5,16
450357,1,1,1982,0,0,0,0,0,0,24,0,0,0
450358,1,1,1982,0,0,0,0,0,0,0,0,0,0
450358,2,1,1982,0,0,0,0,0,0,0,0,0,0
450359,1,1,1982,0,0,0,0,0,0,0,0,0,0
450359,2,1,1982,0,0,0,0,0,0,0,0,0,0
450360,1,1,1982,0,0,18,11,0,0,0,0,0,0
450361,1,1,1982,22,25,13,15,14,35,16,13,36,28
450362,1,1,1982,0,0,0,14,0,0,0,0,0,0
450362,2,1,1982,0,0,0,0,0,0,0,0,0,0
450363,0,1,1982,23,15,20,17,12,20,12,0,21,35
450363,1,1,1982,3,15,16,21,0,0,12,29,28,12
450364,1,1,1982,0,0,0,0,0,0,0,0,0,0
450365,0,1,1982,22,22,22,22,22,22,22,22,22,22
450365,1,1,1982,9,14,25,16,27,12,8,0,29,0
450366,0,1,1982,7,7,7,7,7,7,7,7,7,7
450366,1,1,1982,0,0,0,0,0,0,0,0,0,15
450367,0,1,1982,8,0,29,0,22,0,0,0,0,0
450367,1,1,1982,0,9,0,0,0,0,0,23,0,0
450368,1,1,1982,25,5,19,21,24,23,17,23,5,15
450369,0,1,1982,9,9,9,9,9,9,9,9,9,9
450369,1,1,1982,0,0,0,14,0,0,0,0,0,0
450370,1,1,1982,18,18,18,18,18,18,18,18,18,18
450371,1,1,1982,18,34,3,26,26,30,30,9,20,13
450372,1,1,1982,8,8,8,8,8,8,8,8,8,8
450373,0,1,1982,18,12,26,7,25,9,29,14,19,22
450373,1,1,1982,59,0,33,38,12,6,0,14,22,4
450374,0,1,1982,22,26,36,25,19,29,18,20,25,17
450374,1,1,1982,0,0,22,0,0,0,0,0,5,0
450375,1,1,1982,0,0,0,0,0,0,0,0,0,0
450376,1,1,1982,0,0,0,0,0,0,0,0,14,15
450376,2,1,1982,0,0,18,9,0,0,0,0,0,0
450377,1,1,1982,22,22,22,22,22,22,22,22,22,22
450378,1,1,1982,0,0,0,0,0,0,0,6,0,0
450379,1,1,1982,19,19,19,19,19,19,19,19,19,19
450380,0,1,1982,0,0,0,9,0,15,0,0,20,0
450380,1,1,1982,31,19,11,18,17,11,12,21,13,10
450381,1,1,1982,18,18,18,18,18,18,18,18,18,18
450381,2,1,1982,0,26,6,0,36,0,21,25,22,48
450382,1,1,1982,29,26,22,17,24,24,25,15,14,19
450383,0,1,1982,21,28,31,24,23,23,27,21,31,24
450383,1,1,1982,0,0,0,0,0,8,0,0,0,0
450384,1,1,1982,19,19,19,19,19,19,19,19,19,19
450385,1,1,1982,0,0,0,16,2,23,32,0,7,14
450385,2,1,1982,0,0,0,0,0,0,0,0,0,0
450386,1,1,1982,18,22,16,5,22,22,9,18,8,28
450386,2,1,1982,20,22,16,5,20,18,19,11,19,10
450387,1,1,1982,22,21,11,8,12,15,10,28,22,19
450387,2,1,1982,0,0,0,0,0,0,0,0,0,0
450388,1,1,1982,8,8,8,8,8,8,8,8,8,8
450389,1,1,1982,3,0,0,0,22,0,0,0,0,9
450389,2,1,1982,23,23,23,23,23,23,23,23,23,23
450390,1,1,1982,0,0,0,0,0,0,0,0,0,0
450390,2,1,1982,0,0,20,0,0,10,0,29,0,20
450391,1,1,1982,0,0,0,0,0,0,0,0,0,0
450391,2,1,1982,21,15,15,15,27,9,7,0,15,16
450392,1,1,1982,0,7,0,0,0,0,0,12,0,0
450392,2,1,1982,0,0,0,0,0,0,0,0,0,0
450393,1,1,1982,14,9,11,14,14,18,11,3,7,9
450394,0,1,1982,20,14,15,14,0,18,15,18,22,8
450394,1,1,1982,30,0,12,25,0,8,0,0,13,0
450395,0,1,1982,0,0,0,0,0,0,0,0,0,0
450395,1,1,1982,18,18,18,18,18,18,18,18,18,18
450396,1,1,1982,0,20,22,21,21,17,0,20,18,30
450397,1,1,1982,2,7,16,0,20,15,16,7,12,12
450398,0,1,1982,0,0,0,0,0,0,0,0,0,0
450398,1,1,1982,0,0,0,0,0,3,0,0,0,0
450401,1,1,1982,0,0,0,0,0,0,0,0,0,0
450401,2,1,1982,0,0,0,0,0,0,0,0,0,0
450401,3,1,1982,0,0,0,0,0,0,0,0,0,0
450402,1,1,1982,17,0,27,15,19,28,15,24,28,22
450403,1,1,1982,16,11,0,18,19,16,16,21,17,27
450404,1,1,1982,0,0,0,0,0,0,0,0,0,0
450405,1,1,1982,0,0,0,0,0,0,0,0,0,0
450406,1,1,1982,0,0,0,0,0,0,0,0,0,0
450406,2,1,1982,0,0,0,0,0,0,0,0,0,0
450407,1,1,1982,0,0,0,0,0,0,0,0,0,0
450407,2,1,1982,0,0,0,0,0,0,0,0,0,0
450408,0,1,1982,13,13,13,13,13,13,13,13,13,13
450408,1,1,1982,26,17,10,14,16,11,0,23,10,36
450409,1,1,1982,8,8,8,8,8,8,8,8,8,8
450410,1,1,1982,0,0,0,0,0,0,0,0,0,0
450411,1,1,1982,0,0,0,0,0,0,0,0,0,0
450411,2,1,1982,0,0,0,0,0,0,0,0,0,0
450412,1,1,1982,7,7,7,7,7,7,7,7,7,7
450413,1,1,1982,0,0,0,0,0,0,0,0,0,0
450413,2,1,1982,23,23,23,23,23,23,23,23,23,23
450414,1,1,1982,28,12,0,15,20,10,26,25,13,25
450415,0,1,1982,16,40,40,25,29,9,30,15,7,9
450415,1,1,1982,20,20,24,18,20,20,13,8,27,14
450416,1,1,1982,0,0,8,0,0,9,0,0,0,0
450416,2,1,1982,0,0,0,0,0,0,0,0,0,0
450417,1,1,1982,0,0,13,0,0,0,0,0,0,0
450417,2,1,1982,0,0,0,0,0,0,0,0,0,0
450418,1,1,1982,17,17,17,17,17,17,17,17,17,17
450419,1,1,1982,15,15,15,15,15,15,15,15,15,15
450420,1,1,1982,0,0,0,0,0,16,0,0,0,0
450420,2,1,1982,0,10,4,0,7,14,0,6,0,16
450421,1,1,1982,0,0,0,0,0,0,0,0,0,0
450421,2,1,1982,0,0,0,0,0,0,0,0,0,0
450422,1,1,1982,0,0,0,15,25,0,21,0,0,0
450423,0,1,1982,37,21,0,0,0,23,13,11,22,19
450423,1,1,1982,9,0,11,9,22,20,18,19,18,48
450424,1,1,1982,0,0,0,0,0,0,0,0,0,0
450425,0,1,1982,3,3,3,3,3,3,3,3,3,3
450425,0,2,1982,2,2,2,2,2,2,2,2,2,2
450425,1,1,1982,7,27,0,0,0,0,0,2,9,0
450425,2,1,1982,0,0,0,0,0,0,0,0,0,0
450426,1,1,1982,0,0,0,0,0,0,0,0,0,0
450426,2,1,1982,0,0,0,0,0,0,0,0,0,0
450427,1,1,1982,0,0,0,0,0,0,0,0,0,0
450428,1,1,1982,0,14,11,0,26,19,0,25,20,24
450429,1,1,1982,0,0,0,0,0,0,0,0,0,0
450429,2,1,1982,10,0,12,0,0,6,0,0,0,0
450430,0,1,1982,0,0,0,0,0,0,0,0,0,0
450430,1,1,1982,0,0,8,0,0,0,0,0,0,0
450431,1,1,1982,25,30,18,16,27,42,18,19,20,30
450432,1,1,1982,0,0,0,0,0,0,0,0,0,0
450432,2,1,1982,21,15,22,11,0,6,11,23,3,5
450433,1,1,1982,0,0,0,0,0,0,0,0,0,0
450433,2,1,1982,15,18,13,0,16,0,27,5,8,6
450435,1,1,1982,14,6,16,25,28,12,0,8,22,20
450436,0,1,1982,9,9,9,9,9,9,9,9,9,9
450436,0,2,1982,0,17,0,0,0,0,0,0,0,0
450436,1,1,1982,29,25,21,16,27,16,7,22,6,0
450437,0,1,1982,25,25,25,25,25,25,25,25,25,25
450437,1,1,1982,0,0,0,0,0,0,0,0,0,0
450438,0,1,1982,19,19,19,19,19,19,19,19,19,19
450438,1,1,1982,0,0,0,0,0,0,0,0,0,0
450439,0,1,1982,0,0,0,0,0,0,0,0,0,0
450439,1,1,1982,8,11,0,0,0,0,0,0,5,8
450440,1,1,1982,0,0,0,0,0,0,0,0,0,0
450440,2,1,1982,28,0,25,15,5,33,23,23,21,13
450441,1,1,1982,0,0,0,0,0,0,0,0,0,0
450442,0,1,1982,32,32,32,32,32,32,32,32,32,32
450442,1,1,1982,0,0,0,0,0,0,0,0,0,0
450443,1,1,1982,0,0,0,0,0,0,0,0,0,0
450443,2,1,1982,37,24,27,5,23,21,17,9,30,5
450444,1,1,1982,0,0,0,0,0,0,0,0,0,0
450444,2,1,1982,25,0,0,51,0,0,0,0,0,30
450445,0,1,1982,16,16,16,16,16,16,16,16,16,16
450445,1,1,1982,0,0,0,0,0,0,0,0,0,19
450446,1,1,1982,18,0,0,6,0,0,0,0,4,0
450446,2,1,1982,0,0,0,0,0,0,0,0,0,0
450446,3,1,1982,0,0,50,0,33,0,0,0,25,24
450446,4,1,1982,0,0,0,0,0,0,0,0,0,0
450447,1,1,1982,19,26,21,21,19,25,18,18,16,16
450448,1,1,1982,9,0,23,26,12,23,12,14,14,16
450448,2,1,1982,0,0,0,0,0,0,0,0,0,0
450448,3,1,1982,17,0,0,0,8,0,0,0,0,0
450449,1,1,1982,5,4,9,0,14,13,8,11,27,17
450450,1,1,1982,0,0,0,0,0,0,0,0,0,0
450451,1,1,1982,25,20,15,13,25,11,11,4,0,4
450452,0,1,1982,15,15,15,15,15,15,15,15,15,15
450452,1,1,1982,0,0,0,0,0,0,0,0,0,0
450453,1,1,1982,0,0,11,0,7,0,0,0,0,0
450453,2,1,1982,0,0,0,0,0,0,0,12,0,0
450454,1,1,1982,26,26,26,26,26,26,26,26,26,26
450455,1,1,1982,0,0,0,0,0,0,0,0,0,0
450456,1,1,1982,19,19,19,19,19,19,19,19,19,19
450457,1,1,1982,0,0,0,0,0,0,0,0,0,0
450458,1,1,1982,0,0,0,0,0,0,0,0,0,0
450458,2,1,1982,11,11,11,11,11,11,11,11,11,11
450459,1,1,1982,0,0,0,0,0,0,0,0,0,0
450460,1,1,1982,9,16,19,14,32,17,9,17,19,16
450461,0,1,1982,0,0,0,0,0,0,0,0,0,0
450461,1,1,1982,15,0,10,21,31,19,14,30,17,27
450462,1,1,1982,12,10,7,17,11,22,14,17,16,15
450463,1,1,1982,0,0,0,0,0,0,0,0,0,0
450463,2,1,1982,0,0,0,0,0,0,0,0,0,0
450464,0,1,1982,0,0,0,0,0,0,0,0,0,0
450464,1,1,1982,0,0,24,0,0,0,12,0,0,0
450465,1,1,1982,28,10,23,0,9,10,15,22,15,13
450465,2,1,1982,0,0,21,0,0,0,0,0,0,0
450466,1,1,1982,15,15,15,15,15,15,15,15,15,15
450467,1,1,1982,0,0,0,0,0,0,0,0,0,0
450467,2,1,1982,0,0,0,0,0,0,0,0,0,0
450468,1,1,1982,0,0,0,0,0,0,0,0,0,0
450468,2,1,1982,0,0,0,0,0,0,0,0,6,0
450469,1,1,1982,0,0,0,0,0,0,0,0,0,0
450470,1,1,1982,0,0,0,0,0,0,0,0,0,0
450470,2,1,1982,0,0,8,0,0,0,12,0,17,19
450471,0,1,1982,0,0,0,0,0,0,0,0,0,0
450471,1,1,1982,3,11,14,16,16,5,11,0,5,0
450472,1,1,1982,0,0,0,0,0,0,0,0,0,0
450473,1,1,1982,0,0,0,0,0,0,0,0,3,0
450473,2,1,1982,0,0,0,0,0,0,0,0,0,0
450474,1,1,1982,0,0,0,0,0,0,0,0,0,0
450474,2,1,1982,0,0,0,0,0,0,0,0,0,0
450475,1,1,1982,18,0,6,9,15,27,23,9,16,19
450476,1,1,1982,13,21,0,7,9,16,20,10,11,14
450477,1,1,1982,18,0,0,0,0,0,0,0,0,20
450477,2,1,1982,0,0,0,0,0,0,0,0,0,0
450478,1,1,1982,17,0,11,17,17,16,0,15,0,0
450479,1,1,1982,20,8,20,28,18,21,27,26,13,6
450480,1,1,1982,22,16,18,0,17,0,13,15,0,17
450480,2,1,1982,19,15,7,18,14,15,3,9,19,4
450481,1,1,1982,0,0,0,0,0,0,0,0,0,0
450482,1,1,1982,0,0,0,0,0,0,0,0,0,0
450482,2,1,1982,13,0,11,0,0,6,0,0,19,0
450483,1,1,1982,23,32,13,17,9,0,12,13,12,10
450484,1,1,1982,0,0,0,0,0,0,0,0,0,0
450484,2,1,1982,8,0,0,0,0,0,0,0,0,0
450485,1,1,1982,0,0,0,0,0,0,0,0,0,0
450485,2,1,1982,0,0,0,0,0,0,0,0,0,0
450486,0,1,1982,17,17,17,17,17,17,17,17,17,17
450486,1,1,1982,0,0,22,8,0,0,0,0,0,0
450487,1,1,1982,11,14,17,15,11,15,15,14,6,15
450488,1,1,1982,0,0,16,9,13,0,0,11,0,0
450489,0,1,1982,21,19,26,11,31,16,27,0,23,33
450489,1,1,1982,17,0,0,0,0,0,0,0,0,0
450490,1,1,1982,43,14,13,17,14,38,12,19,13,10
450491,0,1,1982,19,19,19,19,19,19,19,19,19,19
450491,1,1,1982,0,0,0,0,0,0,0,0,0,0
450492,0,1,1982,36,0,0,19,0,0,0,26,10,17
450492,1,1,1982,0,0,0,0,0,0,0,0,0,0
450493,0,1,1982,38,14,21,23,19,13,28,18,16,18
450493,1,1,1982,5,20,8,9,12,29,12,17,21,11
450494,1,1,1982,0,0,0,0,0,0,0,0,0,7
450494,2,1,1982,0,0,0,0,0,0,0,0,0,0
450495,1,1,1982,6,0,12,0,0,3,8,0,6,0
450496,0,1,1982,19,19,19,19,19,19,19,19,19,19
450496,1,1,1982,2,0,0,0,0,0,0,23,0,18
450497,1,1,1982,10,9,16,9,24,21,13,25,11,3
450498,1,1,1982,5,8,0,0,0,13,0,0,5,0
450499,1,1,1982,0,0,0,0,0,0,0,0,0,0
450500,1,1,1982,19,19,19,19,19,19,19,19,19,19
450501,1,1,1982,22,26,29,0,15,0,29,0,20,13
450501,2,1,1982,26,7,22,14,11,16,15,8,18,16
450502,1,1,1982,11,11,11,11,11,11,11,11,11,11
450503,0,1,1982,0,0,0,0,0,0,0,0,0,0
450503,1,1,1982,0,0,0,0,0,0,0,0,0,0
450504,1,1,1982,19,24,10,9,27,15,18,19,22,22
450505,1,1,1982,11,11,11,11,11,11,11,11,11,11
450506,1,1,1982,0,0,0,0,0,0,0,0,0,0
450506,2,1,1982,6,0,9,0,6,0,26,0,21,0
450507,1,1,1982,0,0,15,0,0,0,0,0,0,0
450507,2,1,1982,0,0,0,0,0,0,0,0,0,0
450508,1,1,1982,16,13,17,9,18,28,9,18,33,36
450509,0,1,1982,24,15,20,13,30,31,28,5,17,8
450509,1,1,1982,0,0,0,0,0,0,0,0,0,0
450510,1,1,1982,0,0,0,0,0,0,0,0,0,0
450511,1,1,1982,0,0,0,0,0,12,0,0,0,15
450511,2,1,1982,0,19,0,0,0,9,3,0,0,0
450512,0,1,1982,0,0,0,0,0,0,0,0,0,0
450512,1,1,1982,0,0,0,0,0,0,0,0,0,0
450512,2,1,1982,0,0,0,0,0,0,0,0,0,0
450513,1,1,1982,0,0,0,0,7,0,0,0,0,0
450513,2,1,1982,0,0,0,0,0,0,0,0,0,0
450513,3,1,1982,0,0,0,0,0,0,0,0,0,0
450514,0,1,1982,17,24,0,11,0,11,0,0,19,0
450514,1,1,1982,0,13,0,0,16,0,0,0,0,0
450515,1,1,1982,0,17,11,17,14,14,25,17,11,5
450516,1,1,1982,17,13,11,19,7,0,20,12,15,26
450517,1,1,1982,0,0,0,0,0,0,0,0,0,0
450517,2,1,1982,0,0,0,0,0,0,0,0,0,0
450518,1,1,1982,0,0,0,0,0,0,16,0,0,0
450518,2,3,1982,16,17,0,22,12,18,17,20,15,20
450519,1,1,1982,0,0,0,0,0,0,0,0,0,0
450519,2,1,1982,0,0,0,0,0,0,0,0,0,0
450520,1,1,1982,11,15,18,1,10,6,18,4,12,18
450520,2,1,1982,0,0,0,0,0,0,0,0,0,0
450521,1,1,1982,0,0,0,0,0,0,0,0,0,0
450521,2,1,1982,0,0,0,0,0,0,0,0,0,0
450522,1,1,1982,0,0,0,0,0,0,0,0,0,0
450522,2,1,1982,0,0,0,0,0,0,0,0,0,0
450523,1,1,1982,0,0,0,0,25,13,9,22,0,16
450524,1,1,1982,21,14,15,9,5,0,15,15,0,18
450525,1,1,1982,19,19,19,19,19,19,19,19,19,19
450526,1,1,1982,0,0,0,0,0,0,0,0,0,0
450526,2,1,1982,0,0,0,0,0,0,0,0,0,0
450527,1,1,1982,10,12,0,17,29,0,17,29,13,17
450527,2,1,1982,20,0,16,0,3,0,0,0,0,0
450528,1,1,1982,0,0,29,0,0,0,0,0,0,0
450528,2,1,1982,8,8,8,8,8,8,8,8,8,8
450529,1,1,1982,0,0,0,0,6,0,0,3,0,0
450530,1,1,1982,21,21,21,21,21,21,21,21,21,21
450531,0,1,1982,35,35,35,35,35,35,35,35,35,35