ST_CASE,VEH_NO,PER_NO,YEAR,P1,P2,P3,P4,P5,P6,P7,P8,P9,P10
450531,1,1,1982,18,5,24,35,26,4,30,16,24,16
450532,1,1,1982,18,18,18,18,18,18,18,18,18,18
450533,1,1,1982,0,0,0,0,0,0,0,0,0,0
450533,2,1,1982,0,0,0,0,0,0,0,0,0,0
450534,1,1,1982,30,16,0,15,10,25,20,21,11,22
450535,1,1,1982,0,0,0,0,0,0,0,0,0,0
450536,1,1,1982,0,0,0,0,0,0,0,0,0,0
450536,2,1,1982,0,0,0,0,0,0,0,0,0,0
450537,1,1,1982,0,0,0,0,0,0,0,0,0,0
450537,2,1,1982,0,0,0,0,0,0,12,0,0,0
450538,0,1,1982,24,12,0,0,19,0,0,10,0,10
450538,1,1,1982,0,20,9,0,26,22,13,20,0,7
450539,0,1,1982,15,20,30,24,8,0,15,37,0,32
450539,1,1,1982,17,0,14,0,17,12,19,16,0,16
450540,1,1,1982,23,23,23,23,23,23,23,23,23,23
450541,1,1,1982,16,10,20,10,19,12,18,15,16,0
450541,2,1,1982,0,0,0,0,0,0,0,0,0,0
450542,1,1,1982,0,0,0,0,0,0,0,0,0,0
450542,2,1,1982,0,0,0,15,18,0,0,0,0,0
450545,1,1,1982,17,17,17,17,17,17,17,17,17,17
450545,2,1,1982,0,0,9,6,11,15,25,14,0,6
450546,0,1,1982,28,28,28,28,28,28,28,28,28,28
450546,1,1,1982,0,0,0,0,0,0,0,0,0,0
450546,2,1,1982,0,0,0,0,0,0,0,0,0,0
450547,1,1,1982,0,0,0,6,0,0,0,0,4,0
450547,2,1,1982,0,0,0,0,0,0,8,0,0,0
450548,0,1,1982,26,26,26,26,26,26,26,26,26,26
450548,1,1,1982,0,0,15,0,0,0,0,0,0,0
450549,1,1,1982,0,0,0,0,0,26,0,0,0,0
450549,2,1,1982,0,0,0,0,0,0,0,0,0,0
450550,1,1,1982,19,19,19,19,19,19,19,19,19,19
450550,2,1,1982,15,15,15,15,15,15,15,15,15,15
450551,1,1,1982,0,0,0,0,0,0,0,0,0,0
450551,2,1,1982,0,0,0,0,0,0,0,0,13,0
450552,1,1,1982,0,14,15,13,7,16,0,14,16,16
450553,1,1,1982,0,0,0,0,0,0,0,0,0,0
450553,2,1,1982,0,0,0,0,0,0,0,0,0,0
450554,0,1,1982,0,0,0,0,0,0,0,0,0,0
450554,1,1,1982,26,13,14,21,17,14,14,0,24,18
450555,1,1,1982,0,0,0,0,0,0,0,0,0,0
450555,2,1,1982,0,0,0,0,0,0,0,0,0,0
450556,1,1,1982,0,0,0,0,0,0,0,0,0,0
450557,1,1,1982,0,0,0,0,0,8,8,5,18,11
450559,1,1,1982,0,0,0,0,0,0,0,0,0,0
450559,2,1,1982,14,14,14,14,14,14,14,14,14,14
450560,0,1,1982,0,0,0,0,0,0,0,0,0,0
450560,1,1,1982,0,0,0,0,0,0,0,0,0,0
450561,1,1,1982,16,9,22,13,14,2,28,26,18,18
450561,2,1,1982,0,0,0,0,0,0,0,0,0,0
450562,1,1,1982,0,0,0,0,0,0,0,0,0,0
450562,2,1,1982,0,0,0,0,0,0,0,0,0,0
450563,1,1,1982,0,17,25,24,18,29,0,0,16,23
450564,1,1,1982,0,0,0,0,0,0,0,0,0,0
450564,2,1,1982,18,0,14,17,0,8,21,0,41,13
450565,1,1,1982,36,36,36,36,36,36,36,36,36,36
450566,1,1,1982,12,17,19,23,18,31,14,21,13,22
450566,2,1,1982,26,8,21,15,16,17,25,15,15,12
450567,1,1,1982,0,0,0,0,0,0,0,0,0,0
450567,2,1,1982,0,0,0,0,0,0,0,0,0,0
450568,0,1,1982,0,0,0,0,0,0,0,10,8,0
450568,1,1,1982,0,0,12,10,13,11,18,14,0,0
450569,1,1,1982,0,0,0,0,0,0,0,0,6,0
450569,2,1,1982,18,18,18,18,18,18,18,18,18,18
450570,1,1,1982,15,23,35,19,0,0,20,14,28,6
450571,1,1,1982,0,6,0,19,19,0,0,8,0,0
450571,2,1,1982,0,0,0,0,0,0,0,0,0,0
450572,1,1,1982,0,0,0,0,0,2,23,0,15,0
450572,2,1,1982,0,0,7,0,0,0,10,0,17,0
450573,0,1,1982,0,0,0,0,0,0,0,0,0,0
450573,1,1,1982,0,0,0,0,0,0,0,0,0,0
450574,1,1,1982,0,0,0,0,0,0,0,0,0,0
450574,2,1,1982,0,0,0,0,0,0,0,0,0,0
450575,1,1,1982,10,10,22,11,17,23,20,20,28,14
450576,0,1,1982,21,21,21,21,21,21,21,21,21,21
450576,1,1,1982,13,0,0,0,7,0,0,0,18,0
450577,1,1,1982,15,0,0,20,0,0,0,0,0,0
450578,0,1,1982,26,26,26,26,26,26,26,26,26,26
450578,1,1,1982,0,0,0,0,0,0,0,0,0,0
450579,0,1,1982,3,6,34,17,13,16,29,21,0,40
450579,1,1,1982,0,11,0,0,0,0,0,0,0,0
450580,1,1,1982,28,28,28,28,28,28,28,28,28,28
450581,1,1,1982,0,0,0,0,0,0,0,0,0,0
450581,2,1,1982,0,0,0,0,0,0,0,0,0,0
450582,1,1,1982,21,5,24,11,22,20,26,35,15,26
450584,1,1,1982,5,5,5,5,5,5,5,5,5,5
450585,1,1,1982,5,5,5,5,5,5,5,5,5,5
450586,1,1,1982,19,27,9,11,22,12,9,4,39,19
450587,0,1,1982,17,0,0,0,13,18,0,0,0,0
450587,1,1,1982,0,0,0,0,0,0,0,0,0,0
450588,1,1,1982,0,0,0,0,0,0,0,0,0,0
450588,2,1,1982,21,21,21,21,21,21,21,21,21,21
450589,1,1,1982,20,0,0,0,0,0,0,0,0,0
450589,2,1,1982,0,0,0,0,0,0,0,0,0,0
450590,1,1,1982,0,0,0,0,0,0,0,0,0,0
450590,2,1,1982,0,0,0,0,0,0,0,0,0,0
450591,0,1,1982,15,16,19,17,26,18,5,16,17,13
450591,1,1,1982,14,11,0,18,0,18,16,14,22,22
450592,1,1,1982,35,35,35,35,35,35,35,35,35,35
450593,0,1,1982,0,0,0,0,0,0,0,0,0,0
450593,1,1,1982,0,0,0,0,0,0,0,0,0,0
450594,1,1,1982,17,10,16,16,3,19,14,24,7,22
450594,2,1,1982,0,18,0,0,0,0,0,16,0,10
450595,1,1,1982,0,0,0,0,0,0,0,0,0,0
450595,2,1,1982,29,25,18,17,7,12,20,19,38,17
450596,1,1,1982,11,9,13,17,15,17,22,43,25,0
450597,1,1,1982,0,0,0,0,0,0,0,0,0,0
450598,1,1,1982,0,0,0,0,0,0,0,0,0,0
450598,2,1,1982,0,6,0,0,0,0,0,0,0,0
450599,1,1,1982,0,0,0,0,0,0,0,0,0,0
450599,2,1,1982,0,0,0,0,0,0,0,0,0,0
450600,0,1,1982,0,0,0,0,0,0,0,8,0,0
450600,0,2,1982,0,0,0,0,0,0,0,0,7,0
450600,1,1,1982,0,0,0,0,0,0,0,0,25,25
450601,1,1,1982,0,0,0,0,0,0,0,0,0,0
450602,0,1,1982,9,20,23,12,19,29,8,26,11,30
450602,1,1,1982,0,29,18,6,30,20,9,10,20,12
450603,1,1,1982,8,0,22,0,0,0,0,0,0,0
450604,1,1,1982,0,0,0,0,0,0,0,0,0,0
450604,2,1,1982,0,0,0,0,0,0,0,0,0,0
450605,1,1,1982,0,30,24,0,0,0,0,23,10,0
450606,0,1,1982,0,0,0,0,0,0,0,0,0,0
450606,1,1,1982,0,0,0,0,0,0,0,0,0,0
450607,0,1,1982,26,30,31,43,31,23,13,45,20,19
450607,1,1,1982,0,0,0,0,0,0,0,0,0,0
450608,1,1,1982,14,15,16,15,12,0,19,5,12,8
450609,1,1,1982,11,11,11,11,11,11,11,11,11,11
450610,1,1,1982,0,0,11,0,0,0,0,0,14,5
450610,2,1,1982,20,20,20,20,20,20,20,20,20,20
450611,1,1,1982,0,17,11,27,0,39,12,14,16,29
450612,1,1,1982,0,0,0,0,0,0,0,0,0,0
450612,2,1,1982,0,8,13,0,15,18,15,26,13,28
450613,1,1,1982,0,5,10,0,22,26,0,0,0,16
450614,1,1,1982,2,23,7,0,9,27,5,16,13,26
450614,2,1,1982,7,0,27,15,10,3,10,19,0,15
450615,1,1,1982,0,0,0,0,0,0,0,0,0,0
450616,1,1,1982,28,28,28,28,28,28,28,28,28,28
450617,1,1,1982,0,0,0,0,0,0,0,0,0,0
450617,2,1,1982,0,0,0,0,0,0,0,4,0,0
450618,1,1,1982,15,15,15,15,15,15,15,15,15,15
450619,1,1,1982,0,0,0,5,0,0,0,0,0,0
450620,1,1,1982,24,24,24,24,24,24,24,24,24,24
450620,2,1,1982,10,0,9,0,0,0,0,9,6,0
450621,1,1,1982,0,0,0,29,0,0,0,0,0,0
450621,2,1,1982,0,0,0,0,0,0,9,0,0,0
450622,1,1,1982,0,0,0,0,0,0,0,0,10,0
450622,2,1,1982,0,20,0,0,0,0,0,0,0,24
450623,0,1,1982,0,0,0,0,0,0,0,0,0,0
450623,0,2,1982,0,0,0,0,0,0,0,0,0,0
450623,1,1,1982,0,0,0,0,6,0,0,0,0,0
450624,1,1,1982,24,24,24,24,24,24,24,24,24,24
450625,1,1,1982,0,0,0,0,0,0,0,0,0,0
450625,2,1,1982,0,0,0,0,0,0,0,0,0,0
450626,1,1,1982,13,13,13,13,13,13,13,13,13,13
450626,2,1,1982,0,0,0,0,0,0,0,0,0,0
450626,3,1,1982,0,0,0,0,0,0,0,6,0,0
450627,1,1,1982,0,15,27,15,16,6,0,18,7,0
450628,1,1,1982,9,12,8,23,8,20,32,24,22,16
450630,1,1,1982,0,0,0,0,0,0,0,0,0,0
450630,2,1,1982,0,0,0,0,0,0,0,0,0,0
450631,0,1,1982,15,19,31,0,0,6,25,22,0,0
450631,1,1,1982,0,0,0,0,0,0,0,0,0,0
450632,0,1,1982,0,0,0,8,0,15,0,25,31,13
450632,1,1,1982,7,10,9,12,13,7,11,11,10,0
450633,1,1,1982,23,23,23,23,23,23,23,23,23,23
450634,0,1,1982,34,34,34,34,34,34,34,34,34,34
450634,1,1,1982,19,0,0,0,0,16,5,0,0,6
450635,1,1,1982,0,0,0,0,0,0,0,0,0,0
450635,2,1,1982,12,29,17,28,12,11,19,17,9,17
450636,1,1,1982,2,9,0,22,11,11,19,17,15,12
450636,2,1,1982,0,0,0,0,0,0,0,0,0,0
450637,1,1,1982,0,8,26,0,29,30,0,0,0,0
450638,1,1,1982,0,0,3,17,0,0,20,19,0,0
450638,2,1,1982,0,0,0,0,0,0,0,0,0,0
450639,1,1,1982,16,13,10,5,7,23,3,15,0,0
450639,2,1,1982,0,0,0,24,0,14,15,20,0,0
450640,1,1,1982,26,17,6,22,3,10,14,17,0,19
450641,1,1,1982,0,0,0,0,0,0,0,0,0,0
450642,1,1,1982,25,28,20,29,11,17,38,13,0,27
450643,1,1,1982,10,0,0,0,21,0,0,16,0,10
450643,2,1,1982,0,0,0,0,0,0,0,0,0,0
450644,1,1,1982,0,0,0,0,0,4,0,0,0,0
450645,1,1,1982,10,15,13,19,17,31,20,23,26,8
450646,0,1,1982,36,36,36,36,36,36,36,36,36,36
450646,1,1,1982,0,0,0,0,0,0,0,7,0,0
450647,1,1,1982,0,0,0,0,0,0,0,0,0,0
450647,2,1,1982,0,0,0,0,4,0,0,0,0,0
450648,1,1,1982,0,0,0,0,11,0,0,0,0,0
450649,1,1,1982,0,0,0,0,0,0,0,0,0,0
450650,1,1,1982,0,0,0,0,0,0,0,0,0,0
450650,2,1,1982,0,0,0,25,0,0,0,0,0,0
450651,1,1,1982,16,16,16,16,16,16,16,16,16,16
450651,2,1,1982,15,12,13,21,3,29,4,0,23,12
450652,0,1,1982,0,0,0,0,0,0,0,0,0,0
450652,1,1,1982,0,0,0,0,0,0,0,0,0,0
450653,0,1,1982,13,37,13,25,12,17,21,18,5,9
450653,0,2,1982,26,11,25,18,17,26,11,32,13,18
450653,1,1,1982,0,13,0,0,6,15,0,15,14,17
450654,0,1,1982,15,15,15,15,15,15,15,15,15,15
450654,1,1,1982,20,17,0,26,0,0,19,10,0,0
450655,1,1,1982,16,0,0,0,0,0,0,0,0,0
450655,2,1,1982,0,0,0,0,0,0,0,0,0,0
450656,1,1,1982,0,0,0,0,0,0,20,0,0,26
450657,1,1,1982,9,0,0,3,23,0,0,6,0,0
450657,2,1,1982,0,0,0,0,0,0,0,0,0,0
450658,1,1,1982,0,0,0,0,14,0,0,0,0,0
450659,0,1,1982,0,0,0,0,0,0,0,0,0,0
450659,1,1,1982,0,0,0,0,0,0,0,0,0,0
450660,1,1,1982,0,0,0,0,0,0,17,0,0,0
450660,2,1,1982,0,0,0,0,0,0,0,0,0,0
450661,1,1,1982,0,0,0,0,0,0,0,0,0,0
450662,1,1,1982,0,16,0,0,33,0,0,0,12,0
450662,2,1,1982,8,24,8,14,9,8,0,2,14,9
450663,1,1,1982,0,0,0,0,0,0,0,0,6,0
450663,2,1,1982,11,11,11,11,11,11,11,11,11,11
450664,1,1,1982,0,0,0,0,0,0,0,0,0,0
450664,2,1,1982,10,18,11,2,13,11,14,11,18,14
450665,1,1,1982,0,0,0,16,0,0,0,0,0,0
450665,2,1,1982,0,0,0,0,0,0,0,0,0,0
450666,1,1,1982,0,0,16,0,0,0,0,0,0,0
450666,2,1,1982,24,14,12,16,20,15,19,16,16,13
450667,1,1,1982,0,0,0,0,0,0,0,0,0,0
450667,2,1,1982,0,0,0,0,0,0,0,0,0,0
450667,3,1,1982,0,0,0,0,0,0,0,0,0,0
450668,1,1,1982,0,0,0,29,0,0,0,0,0,0
450668,2,1,1982,28,14,19,17,0,29,30,16,22,25
450669,0,1,1982,31,24,10,20,17,27,44,16,25,14
450669,1,1,1982,6,11,15,19,10,15,14,24,29,14
450670,1,1,1982,12,9,5,6,22,11,6,0,15,21
450670,2,1,1982,5,0,0,0,0,0,0,0,0,0
450670,3,1,1982,0,0,0,0,0,0,0,0,0,0
450670,4,1,1982,0,0,0,0,0,0,0,0,0,0
450670,5,1,1982,0,0,0,0,0,0,0,0,0,0
450670,6,1,1982,0,0,0,0,0,0,0,0,0,0
450671,1,1,1982,0,0,0,0,0,0,0,0,0,0
450671,2,1,1982,23,11,13,8,22,20,10,11,7,19
450672,1,1,1982,0,0,0,0,0,0,0,0,0,0
450672,2,1,1982,0,0,0,0,0,0,0,0,0,13
450673,0,1,1982,16,34,54,23,33,47,9,21,77,30
450673,1,1,1982,6,3,7,0,6,0,17,25,0,0
450674,0,1,1982,0,15,3,0,0,0,0,12,0,15
450674,1,1,1982,0,0,0,0,0,0,0,0,0,0
450675,1,1,1982,16,25,36,21,8,19,13,0,6,0
450675,2,1,1982,24,0,20,0,14,0,0,0,0,0
450676,1,1,1982,28,29,19,19,15,12,25,13,35,35
450677,1,1,1982,8,12,13,11,12,40,24,24,19,0
450678,1,1,1982,0,0,20,0,11,0,0,0,1,0
450678,2,1,1982,0,0,0,9,0,0,9,25,0,0
460001,0,1,1982,25,25,25,25,25,25,25,25,25,25
460001,1,1,1982,23,23,23,23,23,23,23,23,23,23
460002,1,1,1982,0,0,0,0,0,0,0,0,0,0
460002,2,1,1982,0,0,0,0,0,0,0,0,0,0
460002,3,1,1982,0,0,0,0,0,0,0,0,0,0
460003,1,1,1982,21,21,21,21,21,21,21,21,21,21
460003,2,1,1982,0,0,0,0,0,0,0,0,0,0
460004,0,1,1982,0,0,0,0,0,0,0,0,0,0
460004,1,1,1982,0,0,0,0,0,0,25,0,0,0
460005,1,1,1982,0,0,0,0,0,0,0,0,0,0
460006,1,1,1982,0,0,0,0,0,0,0,0,0,0
460006,2,1,1982,0,0,0,0,0,0,0,0,0,0
460007,1,1,1982,28,28,28,28,28,28,28,28,28,28
460007,2,1,1982,0,0,0,0,0,0,0,0,0,0
460008,1,1,1982,0,0,0,0,0,0,0,0,0,0
460008,2,1,1982,0,0,0,0,0,0,0,0,0,0
460009,1,1,1982,22,22,22,22,22,22,22,22,22,22
460010,1,1,1982,0,0,0,0,0,0,0,0,0,0
460011,1,1,1982,11,11,11,11,11,11,11,11,11,11
460012,1,1,1982,7,13,18,17,34,14,32,8,10,0
460013,1,1,1982,3,3,3,3,3,3,3,3,3,3
460013,2,1,1982,8,8,8,8,8,8,8,8,8,8
460013,3,1,1982,0,19,11,10,22,0,23,24,21,0
460014,1,1,1982,19,19,19,19,19,19,19,19,19,19
460015,1,1,1982,22,0,0,0,0,0,0,0,0,0
460015,2,1,1982,0,0,0,0,0,0,0,0,0,0
460016,1,1,1982,0,0,0,0,7,0,0,0,0,0
460016,2,1,1982,0,0,0,0,0,0,0,0,0,0
460017,1,1,1982,0,0,0,11,21,0,0,0,23,19
460018,1,1,1982,0,0,0,0,0,0,0,0,0,0
460018,2,1,1982,0,0,0,0,0,0,0,0,0,0
460019,1,1,1982,0,0,0,0,0,0,0,0,0,0
460019,2,1,1982,0,0,0,0,0,0,0,0,0,0
460020,1,1,1982,0,14,13,7,0,0,8,9,0,0
460021,1,1,1982,16,16,16,16,16,16,16,16,16,16
460022,1,1,1982,0,0,0,0,0,0,0,0,0,0
460022,2,1,1982,0,0,0,0,0,0,0,0,0,0
460023,1,1,1982,0,0,0,0,0,0,0,0,0,0
460023,2,1,1982,0,0,0,0,0,0,0,0,0,0
460024,1,1,1982,0,0,0,0,0,0,0,0,0,0
460024,2,1,1982,19,19,19,19,19,19,19,19,19,19
460025,1,1,1982,0,17,16,23,21,32,14,9,30,0
460026,1,1,1982,27,27,27,27,27,27,27,27,27,27
460026,2,1,1982,0,0,0,0,0,0,0,15,20,0
460027,0,1,1982,10,10,10,10,10,10,10,10,10,10
460027,1,1,1982,0,0,0,0,0,0,0,0,0,0
460028,1,1,1982,8,8,8,8,8,8,8,8,8,8
460028,2,1,1982,15,15,15,15,15,15,15,15,15,15
460029,1,1,1982,21,21,21,21,21,21,21,21,21,21
460030,1,1,1982,14,14,14,14,14,14,14,14,14,14
460031,1,1,1982,24,24,24,24,24,24,24,24,24,24
460032,0,1,1982,18,18,18,18,18,18,18,18,18,18
460032,1,1,1982,0,0,0,0,0,0,0,0,0,0
460033,1,1,1982,17,17,17,17,17,17,17,17,17,17
460034,1,1,1982,0,0,0,0,0,0,0,0,0,0
460034,2,1,1982,0,0,0,0,0,0,0,0,0,0
460035,1,1,1982,1,1,1,1,1,1,1,1,1,1
460035,2,1,1982,0,0,25,27,0,0,0,0,0,0
460036,0,1,1982,36,36,36,36,36,36,36,36,36,36
460036,1,1,1982,17,17,17,17,17,17,17,17,17,17
460037,1,1,1982,0,0,8,0,0,0,0,0,0,0
460037,2,1,1982,0,0,0,0,0,0,0,0,0,0
460038,1,1,1982,0,0,0,0,0,0,0,0,0,0
460038,2,1,1982,0,0,0,0,0,0,0,16,0,0
460039,1,1,1982,0,0,0,0,0,0,0,0,0,0
460039,2,1,1982,27,27,27,27,27,27,27,27,27,27
460039,3,1,1982,0,0,0,11,0,16,12,6,0,11
460040,1,1,1982,0,0,0,0,0,0,0,0,0,0
460041,1,1,1982,4,4,4,4,4,4,4,4,4,4
460041,2,1,1982,0,0,0,0,0,0,0,0,0,0
460042,1,1,1982,0,0,0,0,0,0,0,0,4,0
460042,2,1,1982,0,0,0,0,0,0,0,0,4,0
460043,1,1,1982,16,16,16,16,16,16,16,16,16,16
460044,1,1,1982,0,0,0,0,0,0,0,0,0,0
460044,2,1,1982,0,0,0,0,0,0,0,0,0,0
460045,1,1,1982,0,0,0,0,0,0,0,0,0,0
460046,1,1,1982,0,0,0,0,0,0,0,0,0,0
460047,1,1,1982,12,20,0,0,0,27,0,0,0,10
460047,2,1,1982,0,0,11,0,0,0,0,0,27,0
460048,1,1,1982,23,23,23,23,23,23,23,23,23,23
460049,1,1,1982,0,0,0,0,0,0,0,0,0,0
460050,1,1,1982,0,19,0,0,0,0,0,0,0,0
460051,1,1,1982,11,11,11,11,11,11,11,11,11,11
460052,1,1,1982,2,2,2,2,2,2,2,2,2,2
460053,1,1,1982,0,0,0,0,0,0,0,0,0,0
460054,1,1,1982,0,0,0,0,0,0,0,0,0,0
460055,1,1,1982,0,0,0,0,0,0,0,0,0,0
460055,2,1,1982,17,0,0,10,42,26,21,11,18,19
460056,0,1,1982,0,0,0,0,0,0,0,0,0,0
460056,1,1,1982,7,7,7,7,7,7,7,7,7,7
460057,1,1,1982,21,21,21,21,21,21,21,21,21,21
460058,1,1,1982,10,10,10,10,10,10,10,10,10,10
460058,2,1,1982,0,0,18,10,0,0,0,19,0,0
460059,1,1,1982,21,21,21,21,21,21,21,21,21,21
460060,1,1,1982,12,12,12,12,12,12,12,12,12,12
460060,2,1,1982,0,0,0,0,0,0,0,0,0,0
460061,0,1,1982,32,32,32,32,32,32,32,32,32,32
460061,1,1,1982,0,25,0,0,0,5,0,0,15,0
460062,0,1,1982,0,0,0,0,14,0,0,0,0,0
460062,1,1,1982,0,0,0,0,0,0,0,0,0,0
460063,0,1,1982,44,44,44,44,44,44,44,44,44,44
460063,1,1,1982,4,4,4,4,4,4,4,4,4,4
460064,0,1,1982,32,32,32,32,32,32,32,32,32,32
460064,1,1,1982,13,13,13,13,13,13,13,13,13,13
460065,0,1,1982,38,38,38,38,38,38,38,38,38,38
460065,1,1,1982,16,16,16,16,16,16,16,16,16,16
460066,1,1,1982,0,0,0,0,0,0,0,0,0,0
460066,2,1,1982,0,0,0,0,0,0,0,0,0,0
460067,1,1,1982,0,3,0,0,0,0,0,0,3,0
460067,2,1,1982,0,0,0,0,0,0,0,0,0,0
460068,1,1,1982,0,0,0,0,0,0,0,0,0,0
460068,2,1,1982,0,0,0,0,0,0,0,0,0,0
460069,1,1,1982,0,0,0,0,0,0,0,0,0,0
460070,0,1,1982,32,32,32,32,32,32,32,32,32,32
460070,1,1,1982,13,13,13,13,13,13,13,13,13,13
460071,1,1,1982,8,8,8,8,8,8,8,8,8,8
460072,1,1,1982,14,14,14,14,14,14,14,14,14,14
460073,1,1,1982,7,7,7,7,7,7,7,7,7,7
460074,1,1,1982,0,0,0,0,0,0,0,0,0,0
460074,2,1,1982,0,0,0,0,0,0,0,0,0,0
460075,1,1,1982,0,0,0,0,0,0,0,0,0,0
460075,2,1,1982,0,0,0,0,0,0,0,0,0,0
460076,1,1,1982,22,22,22,22,22,22,22,22,22,22
460077,1,1,1982,21,21,21,21,21,21,21,21,21,21
460078,1,1,1982,0,0,0,0,0,0,0,0,0,0
460078,2,1,1982,0,0,0,0,0,0,0,0,0,0
460079,1,1,1982,0,0,0,0,0,0,0,0,0,0
460080,1,1,1982,24,24,24,24,24,24,24,24,24,24
460081,1,1,1982,0,0,0,0,0,0,0,0,0,12
460083,1,1,1982,19,19,19,19,19,19,19,19,19,19
460084,1,1,1982,20,20,20,20,20,20,20,20,20,20
460084,2,1,1982,2,2,2,2,2,2,2,2,2,2
460085,1,1,1982,0,0,0,0,0,0,0,0,0,0
460085,2,1,1982,0,0,0,15,0,0,0,0,0,0
460086,1,1,1982,18,18,18,18,18,18,18,18,18,18
460086,2,1,1982,0,0,0,0,0,0,0,0,0,0
460087,1,1,1982,10,10,10,10,10,10,10,10,10,10
460088,1,1,1982,14,14,14,14,14,14,14,14,14,14
460089,1,1,1982,16,16,16,16,16,16,16,16,16,16
460091,1,1,1982,6,6,6,6,6,6,6,6,6,6
460092,1,1,1982,31,14,18,12,5,6,5,22,17,15
460093,1,1,1982,0,0,0,0,0,0,0,0,0,0
460093,2,1,1982,0,0,0,0,6,0,0,0,0,0
460094,1,1,1982,7,15,14,17,0,16,6,6,0,0
460095,1,1,1982,36,18,19,20,13,23,39,28,24,14
460096,0,1,1982,33,33,33,33,33,33,33,33,33,33
460096,1,1,1982,21,20,14,0,6,24,24,17,12,15
460097,1,1,1982,34,34,34,34,34,34,34,34,34,34
460097,2,1,1982,0,0,0,0,0,0,0,0,0,0
460098,1,1,1982,24,10,42,16,51,28,37,30,22,29
460099,1,1,1982,27,27,27,27,27,27,27,27,27,27
460100,1,1,1982,27,27,27,27,27,27,27,27,27,27
460101,1,1,1982,13,9,6,29,19,10,28,13,33,13
460102,1,1,1982,0,0,0,0,0,0,0,0,0,0
460102,2,1,1982,0,0,0,0,0,0,0,0,0,0
460103,1,1,1982,0,0,0,0,0,0,0,0,0,0
460103,2,1,1982,18,18,18,18,18,18,18,18,18,18
460104,1,1,1982,15,15,15,15,15,15,15,15,15,15
460104,2,1,1982,0,0,0,0,0,0,0,0,0,0
460105,1,1,1982,19,19,19,19,19,19,19,19,19,19
460106,1,1,1982,21,21,21,21,21,21,21,21,21,21
460107,1,1,1982,0,0,0,0,0,0,0,0,0,0
460108,0,1,1982,20,20,20,20,20,20,20,20,20,20
460108,1,1,1982,33,26,9,0,0,0,5,0,0,17
460109,1,1,1982,0,0,0,0,0,0,0,0,0,0
460109,2,1,1982,0,0,0,0,0,0,0,7,0,0
460110,1,1,1982,35,20,14,7,15,10,34,25,14,16
460111,1,1,1982,26,26,26,26,26,26,26,26,26,26
460112,1,1,1982,30,12,12,22,0,15,34,6,27,25
460113,1,1,1982,0,0,0,0,0,0,0,0,0,0
460113,2,1,1982,0,0,0,0,0,0,0,0,0,0
460114,1,1,1982,21,21,21,21,21,21,21,21,21,21
460115,1,1,1982,27,27,27,27,27,27,27,27,27,27
460116,1,1,1982,23,23,23,23,23,23,23,23,23,23
460117,1,1,1982,0,37,0,0,24,15,12,0,0,8
460118,1,1,1982,21,21,21,21,21,21,21,21,21,21
460119,1,1,1982,26,26,26,26,26,26,26,26,26,26
460120,1,1,1982,0,0,0,0,0,0,0,0,0,0
460120,2,1,1982,0,0,0,0,0,0,0,0,0,0
460121,1,1,1982,0,0,0,14,0,0,0,0,0,0
460121,2,1,1982,0,0,0,0,0,0,0,0,14,0
460122,0,1,1982,23,23,23,23,23,23,23,23,23,23
460122,1,1,1982,0,0,0,0,0,0,0,0,0,0
460123,1,1,1982,0,0,0,0,0,0,0,0,0,0
460123,2,1,1982,0,0,0,0,0,0,0,0,0,0
460124,1,1,1982,12,12,12,12,12,12,12,12,12,12
460125,0,1,1982,22,22,22,22,22,22,22,22,22,22
460125,1,1,1982,0,0,0,0,0,0,0,0,0,0
460126,1,1,1982,0,0,0,0,0,0,0,0,0,0
460126,2,1,1982,0,0,0,0,0,0,0,0,0,0
460127,0,1,1982,29,29,29,29,29,29,29,29,29,29
460127,1,1,1982,0,0,0,0,0,0,0,0,0,0
460129,1,1,1982,18,20,0,0,0,0,0,0,0,19
460130,1,1,1982,0,0,0,0,0,29,0,13,0,0
460131,1,1,1982,20,20,20,20,20,20,20,20,20,20
460132,1,1,1982,26,26,26,26,26,26,26,26,26,26
460132,2,1,1982,0,0,0,0,0,0,0,0,0,20
470001,1,1,1982,10,10,10,10,10,10,10,10,10,10
470002,1,1,1982,20,15,17,15,23,13,19,8,20,18
470003,1,1,1982,11,0,13,0,25,0,0,6,24,16
470004,1,1,1982,17,17,17,17,17,17,17,17,17,17
470005,1,1,1982,38,38,38,38,38,38,38,38,38,38
470006,1,1,1982,21,21,21,21,21,21,21,21,21,21
470006,2,1,1982,0,0,0,0,0,0,0,0,0,0
470007,1,1,1982,0,0,0,0,0,0,0,17,0,0
470008,1,1,1982,0,0,0,0,21,0,0,14,0,8
470009,1,1,1982,0,0,0,0,0,0,0,0,0,0
470010,0,1,1982,0,0,0,0,0,0,0,0,0,0
470010,1,1,1982,0,0,0,0,0,0,0,0,0,0
470011,1,1,1982,0,0,0,0,0,0,0,0,0,0
470011,2,1,1982,0,0,0,0,0,0,0,0,0,0
470012,0,1,1982,27,27,27,27,27,27,27,27,27,27