ST_CASE,VEH_NO,PER_NO,YEAR,P1,P2,P3,P4,P5,P6,P7,P8,P9,P10
470012,1,1,1982,10,10,10,10,10,10,10,10,10,10
470013,1,1,1982,19,19,19,19,19,19,19,19,19,19
470014,1,1,1982,0,0,0,0,0,0,0,0,0,0
470014,2,1,1982,16,16,16,16,16,16,16,16,16,16
470015,1,1,1982,12,19,18,0,18,22,25,36,13,19
470016,1,1,1982,0,0,0,0,0,0,0,0,0,0
470016,2,1,1982,18,18,18,18,18,18,18,18,18,18
470017,1,1,1982,8,8,8,8,8,8,8,8,8,8
470017,2,1,1982,14,14,14,14,14,14,14,14,14,14
470018,1,1,1982,13,13,13,13,13,13,13,13,13,13
470019,1,1,1982,9,9,9,9,9,9,9,9,9,9
470019,2,1,1982,14,10,0,6,15,0,15,19,0,30
470019,3,1,1982,0,0,0,0,0,9,0,8,23,20
470020,1,1,1982,39,39,39,39,39,39,39,39,39,39
470021,1,1,1982,32,32,32,32,32,32,32,32,32,32
470022,1,1,1982,13,13,13,13,13,13,13,13,13,13
470023,1,1,1982,10,10,10,10,10,10,10,10,10,10
470024,0,1,1982,0,0,0,0,0,15,0,0,0,0
470024,0,2,1982,0,0,0,0,0,0,0,0,0,0
470024,1,1,1982,0,0,0,0,0,0,0,0,0,0
470025,1,1,1982,0,0,0,0,0,0,0,0,0,0
470025,2,1,1982,0,0,0,0,0,0,0,0,0,0
470026,0,1,1982,0,0,0,36,0,0,13,18,0,0
470026,1,1,1982,0,20,0,15,0,14,24,0,0,3
470027,1,1,1982,0,0,0,0,0,0,0,0,0,0
470028,0,1,1982,32,32,32,32,32,32,32,32,32,32
470028,1,1,1982,10,0,18,19,5,0,0,0,16,0
470029,0,1,1982,19,15,0,16,32,37,26,0,0,19
470029,1,1,1982,0,0,0,0,0,0,0,0,0,0
470030,1,1,1982,11,11,11,11,11,11,11,11,11,11
470031,1,1,1982,23,13,25,30,28,33,22,19,28,20
470032,1,1,1982,0,0,0,0,0,0,0,0,0,0
470032,2,1,1982,0,0,0,0,0,0,0,0,0,0
470033,1,1,1982,28,22,10,19,21,8,27,3,30,33
470034,0,1,1982,0,0,0,0,0,0,0,0,0,0
470034,0,2,1982,0,0,0,0,0,0,0,0,0,0
470034,1,1,1982,0,0,0,0,0,0,0,0,0,0
470035,1,1,1982,10,14,11,21,0,19,10,21,21,22
470036,0,1,1982,0,12,0,31,0,0,0,12,0,0
470036,1,1,1982,0,0,0,0,0,0,0,0,0,0
470036,2,1,1982,0,0,0,0,0,0,0,0,0,0
470036,3,1,1982,14,2,0,0,0,0,0,0,0,0
470037,1,1,1982,0,13,0,0,0,16,0,0,0,0
470038,1,1,1982,8,8,8,8,8,8,8,8,8,8
470039,0,1,1982,15,11,31,17,0,0,0,0,0,0
470039,1,1,1982,0,7,0,0,0,31,14,0,0,0
470040,1,1,1982,17,17,17,17,17,17,17,17,17,17
470041,1,1,1982,0,0,0,0,0,0,0,0,0,0
470041,2,1,1982,0,0,0,0,0,0,0,0,0,0
470041,3,1,1982,0,0,0,0,0,0,0,0,0,0
470042,1,1,1982,6,6,6,6,6,6,6,6,6,6
470042,2,1,1982,10,10,10,10,10,10,10,10,10,10
470043,1,1,1982,0,0,0,0,0,0,0,0,0,0
470044,1,1,1982,0,15,28,16,11,11,18,0,0,26
470045,0,1,1982,12,12,12,12,12,12,12,12,12,12
470045,1,1,1982,8,8,8,8,8,8,8,8,8,8
470046,1,1,1982,9,9,9,9,9,9,9,9,9,9
470047,1,1,1982,24,9,12,12,23,6,0,13,14,17
470048,1,1,1982,0,0,0,0,0,0,0,0,0,0
470048,2,1,1982,0,0,0,0,0,0,0,0,0,0
470049,1,1,1982,16,16,16,16,16,16,16,16,16,16
470049,2,1,1982,0,0,0,13,0,0,0,2,0,0
470050,0,1,1982,0,0,0,0,0,0,0,0,0,0
470050,1,1,1982,0,0,0,0,0,0,0,0,0,0
470051,1,1,1982,0,0,0,0,0,0,0,0,0,0
470051,2,1,1982,46,46,46,46,46,46,46,46,46,46
470052,1,1,1982,18,18,18,18,18,18,18,18,18,18
470052,2,1,1982,0,0,0,0,0,0,0,0,0,0
470053,1,1,1982,0,0,0,0,0,0,0,0,0,0
470053,2,1,1982,0,0,0,0,4,13,0,0,0,0
470054,0,1,1982,0,0,0,0,0,0,0,0,0,0
470054,1,1,1982,0,0,0,0,0,0,0,0,0,0
470055,1,1,1982,0,0,0,0,0,0,0,0,16,23
470056,1,1,1982,0,0,0,0,0,0,0,0,0,0
470056,2,1,1982,0,0,0,0,0,0,5,0,0,0
470057,1,1,1982,0,0,0,0,0,0,0,0,0,0
470057,2,1,1982,0,0,0,0,0,0,0,0,0,0
470057,3,1,1982,0,0,0,0,0,21,0,0,0,0
470058,1,1,1982,0,0,0,0,0,25,0,0,0,0
470058,2,1,1982,24,24,24,24,24,24,24,24,24,24
470059,1,1,1982,0,0,0,0,0,0,0,0,0,0
470059,2,1,1982,0,0,0,0,0,0,4,0,0,0
470060,1,1,1982,16,16,16,16,16,16,16,16,16,16
470061,0,1,1982,0,37,0,0,0,0,0,0,0,0
470062,1,1,1982,0,0,0,0,0,0,0,0,0,0
470062,2,1,1982,0,0,0,0,0,0,0,0,0,0
470063,1,1,1982,4,4,4,4,4,4,4,4,4,4
470064,1,1,1982,0,0,0,0,0,0,0,0,0,0
470064,2,1,1982,3,3,3,3,3,3,3,3,3,3
470065,1,1,1982,16,16,16,16,16,16,16,16,16,16
470066,1,1,1982,0,12,34,0,0,0,0,0,0,0
470066,2,1,1982,0,0,0,20,0,0,0,0,0,0
470067,1,1,1982,13,24,12,12,8,21,14,14,23,14
470068,0,1,1982,0,0,0,0,0,0,0,0,0,0
470068,0,2,1982,0,0,0,0,6,0,0,0,0,0
470068,1,1,1982,0,0,0,0,0,0,0,0,0,0
470069,1,1,1982,0,0,0,17,0,0,0,7,0,0
470070,1,1,1982,0,0,0,0,0,0,0,0,0,0
470071,0,1,1982,21,21,21,21,21,21,21,21,21,21
470071,1,1,1982,0,0,0,0,0,0,0,0,0,0
470071,2,1,1982,0,0,0,0,0,0,0,0,0,0
470072,0,1,1982,0,0,11,27,0,0,0,0,14,24
470072,1,1,1982,22,0,16,0,0,16,10,0,0,0
470073,0,1,1982,19,19,19,19,19,19,19,19,19,19
470073,1,1,1982,0,0,0,0,0,0,0,0,0,0
470074,1,1,1982,0,0,0,0,0,0,0,0,0,0
470075,1,1,1982,0,0,0,0,0,0,0,0,0,0
470075,2,1,1982,0,0,0,0,0,0,0,0,0,0
470076,1,1,1982,38,0,0,18,0,0,0,13,17,3
470076,2,1,1982,14,0,21,16,18,0,0,0,0,0
470077,1,1,1982,0,0,0,0,0,0,0,0,0,0
470077,2,1,1982,0,0,3,0,0,0,0,0,0,0
470077,3,1,1982,21,21,21,21,21,21,21,21,21,21
470078,1,1,1982,16,16,16,16,16,16,16,16,16,16
470079,1,1,1982,22,22,22,22,22,22,22,22,22,22
470080,1,1,1982,30,30,30,30,30,30,30,30,30,30
470080,2,1,1982,0,0,0,0,0,0,0,0,0,0
470081,1,1,1982,0,0,0,0,0,0,0,0,0,0
470082,1,1,1982,0,8,10,0,19,23,7,0,11,15
470082,2,1,1982,0,0,0,0,0,0,0,0,0,0
470083,1,1,1982,0,0,0,0,0,0,0,0,0,0
470084,1,1,1982,9,0,0,8,13,20,0,0,0,0
470084,2,1,1982,0,0,7,0,0,29,0,14,0,0
470086,1,1,1982,0,0,0,0,0,0,0,0,0,0
470086,2,1,1982,0,0,0,0,0,0,0,0,0,0
470087,1,1,1982,0,16,0,0,0,0,5,0,0,0
470088,1,1,1982,11,11,11,11,11,11,11,11,11,11
470088,2,1,1982,0,0,16,26,0,0,13,10,14,0
470089,1,1,1982,0,0,0,0,0,0,0,0,0,0
470090,0,1,1982,49,13,29,0,30,19,24,17,0,18
470090,1,1,1982,48,12,17,3,4,8,14,25,0,9
470091,1,1,1982,0,12,0,0,0,0,0,0,0,23
470091,2,1,1982,0,0,0,0,21,2,11,11,0,21
470092,1,1,1982,0,0,0,0,0,0,0,11,0,0
470092,2,1,1982,0,0,0,0,0,0,0,0,0,0
470093,1,1,1982,0,0,0,0,0,0,0,0,0,0
470093,2,1,1982,0,0,0,0,0,0,0,0,0,0
470094,1,1,1982,8,8,8,8,8,8,8,8,8,8
470095,0,1,1982,0,0,0,0,0,0,0,0,0,0
470095,1,1,1982,0,0,0,0,0,0,0,0,0,0
470096,1,1,1982,0,0,0,0,0,0,0,0,0,0
470096,2,1,1982,20,20,20,20,20,20,20,20,20,20
470097,1,1,1982,0,0,0,0,4,12,0,0,9,0
470097,2,1,1982,0,0,0,0,0,0,0,0,0,0
470098,1,1,1982,0,0,0,0,0,0,0,0,0,0
470098,2,1,1982,0,0,0,0,0,0,0,0,0,0
470099,1,1,1982,22,22,22,22,22,22,22,22,22,22
470099,2,1,1982,0,0,0,0,10,9,0,0,0,0
470100,1,1,1982,0,0,0,0,0,0,0,0,0,0
470101,1,1,1982,0,0,0,0,0,0,0,0,0,0
470101,2,1,1982,0,0,0,0,0,0,0,0,0,0
470102,1,1,1982,22,22,22,22,22,22,22,22,22,22
470102,2,1,1982,0,0,0,0,0,0,0,0,0,0
470103,1,1,1982,8,8,8,8,8,8,8,8,8,8
470104,1,1,1982,21,21,21,21,21,21,21,21,21,21
470104,2,1,1982,0,6,0,0,0,0,0,0,0,0
470105,1,1,1982,0,0,0,0,0,0,0,0,0,0
470105,2,1,1982,0,0,0,0,0,0,0,0,0,0
470106,0,1,1982,0,0,0,0,0,0,0,0,0,0
470106,0,2,1982,0,0,0,0,0,0,0,0,0,0
470106,1,1,1982,0,0,6,0,0,0,0,0,0,0
470107,1,1,1982,11,11,11,11,11,11,11,11,11,11
470108,1,1,1982,17,17,17,17,17,17,17,17,17,17
470109,1,1,1982,31,31,31,31,31,31,31,31,31,31
470110,1,1,1982,20,20,20,20,20,20,20,20,20,20
470111,1,1,1982,14,14,14,14,14,14,14,14,14,14
470111,2,1,1982,0,0,0,0,0,0,0,0,0,0
470112,1,1,1982,32,32,32,32,32,32,32,32,32,32
470113,0,1,1982,22,22,22,22,22,22,22,22,22,22
470113,1,1,1982,0,0,0,0,0,0,0,0,0,0
470114,0,1,1982,0,0,0,0,0,0,0,0,0,0
470114,1,1,1982,0,13,0,0,15,0,0,0,0,0
470115,1,1,1982,13,13,13,13,13,13,13,13,13,13
470115,2,1,1982,0,0,0,0,0,0,12,0,0,0
470116,1,1,1982,0,0,0,0,0,0,0,0,0,0
470117,1,1,1982,0,0,0,0,0,0,0,0,0,0
470118,1,1,1982,20,20,20,20,20,20,20,20,20,20
470118,2,1,1982,0,0,0,0,0,0,0,0,0,0
470119,1,1,1982,0,0,0,0,20,0,0,0,11,0
470120,1,1,1982,0,0,13,0,0,0,0,9,0,0
470120,2,1,1982,27,27,27,27,27,27,27,27,27,27
470121,1,1,1982,0,0,0,0,0,0,0,0,0,0
470121,2,1,1982,0,0,0,0,0,0,0,0,0,0
470121,3,1,1982,0,0,0,0,0,0,0,0,0,0
470122,1,1,1982,0,7,26,0,0,0,5,14,0,30
470122,2,1,1982,0,0,7,0,0,0,0,0,0,0
470123,1,1,1982,0,0,0,0,0,0,0,0,0,0
470123,2,1,1982,0,0,0,0,0,0,0,0,0,0
470124,1,1,1982,0,0,0,0,0,0,0,0,0,0
470124,2,1,1982,20,20,20,20,20,20,20,20,20,20
470124,3,1,1982,0,0,0,0,0,0,0,0,0,0
470125,0,1,1982,43,43,43,43,43,43,43,43,43,43
470125,1,1,1982,12,12,12,12,12,12,12,12,12,12
470126,0,1,1982,9,9,9,9,9,9,9,9,9,9
470126,1,1,1982,0,0,0,0,0,0,0,0,0,0
470127,1,1,1982,0,0,0,0,0,0,0,0,0,0
470127,2,1,1982,0,0,0,0,0,0,0,0,0,0
470128,1,1,1982,0,0,15,0,35,0,0,0,0,8
470128,2,1,1982,23,31,24,15,15,36,13,0,0,0
470128,3,1,1982,0,0,0,0,0,5,0,0,0,11
470129,1,1,1982,15,15,15,15,15,15,15,15,15,15
470130,0,1,1982,0,0,0,0,0,27,0,0,0,0
470130,1,1,1982,0,0,0,0,0,21,0,0,0,9
470131,1,1,1982,19,19,19,19,19,19,19,19,19,19
470132,1,1,1982,0,0,0,0,0,0,0,0,0,0
470132,2,1,1982,0,0,0,0,0,0,0,0,0,0
470133,1,1,1982,24,24,24,24,24,24,24,24,24,24
470133,2,1,1982,0,23,6,0,0,0,0,0,0,5
470134,1,1,1982,6,6,6,6,6,6,6,6,6,6
470135,1,1,1982,2,2,2,2,2,2,2,2,2,2
470136,0,1,1982,0,0,0,0,0,0,0,0,0,0
470136,1,1,1982,7,7,7,7,7,7,7,7,7,7
470137,1,1,1982,10,10,10,10,10,10,10,10,10,10
470138,1,1,1982,12,12,12,12,12,12,12,12,12,12
470138,2,1,1982,0,0,0,0,0,0,0,0,0,0
470139,1,1,1982,0,0,0,0,0,0,0,0,0,0
470139,2,1,1982,0,0,0,0,0,0,0,0,0,0
470140,1,1,1982,22,22,22,22,22,22,22,22,22,22
470141,1,1,1982,7,7,7,7,7,7,7,7,7,7
470142,1,1,1982,8,8,8,8,8,8,8,8,8,8
470143,1,1,1982,0,18,0,0,0,15,0,0,0,0
470143,2,1,1982,0,0,0,0,0,0,0,16,0,0
470144,1,1,1982,18,8,8,16,2,6,7,4,10,15
470144,2,1,1982,30,13,26,0,20,14,0,8,32,13
470145,1,1,1982,27,27,27,27,27,27,27,27,27,27
470146,1,1,1982,0,0,0,0,0,0,0,0,0,0
470146,2,1,1982,0,0,0,0,0,0,0,0,0,0
470147,1,1,1982,0,0,0,0,0,0,0,0,0,0
470147,2,1,1982,24,24,24,24,24,24,24,24,24,24
470148,1,1,1982,31,31,31,31,31,31,31,31,31,31
470148,2,1,1982,4,0,0,0,0,0,0,0,0,0
470149,1,1,1982,0,0,0,0,0,0,0,0,0,0
470150,1,1,1982,5,5,5,5,5,5,5,5,5,5
470150,2,1,1982,13,13,13,13,13,13,13,13,13,13
470151,1,1,1982,0,20,17,12,16,15,29,12,16,18
470151,2,1,1982,0,0,0,0,0,0,0,0,0,0
470152,1,1,1982,7,0,0,0,0,6,17,0,0,11
470153,1,1,1982,23,23,23,23,23,23,23,23,23,23
470154,1,1,1982,13,20,4,15,10,25,34,10,10,15
470154,2,1,1982,0,0,0,0,0,0,0,0,0,0
470155,1,1,1982,15,15,15,15,15,15,15,15,15,15
470156,1,1,1982,12,12,12,12,12,12,12,12,12,12
470156,2,1,1982,0,0,0,0,0,0,0,0,0,0
470157,1,1,1982,14,14,14,14,14,14,14,14,14,14
470157,2,1,1982,0,0,0,4,0,0,0,24,0,0
470158,0,1,1982,0,14,30,0,0,0,15,16,0,17
470158,1,1,1982,0,39,0,21,11,0,0,11,0,0
470159,1,1,1982,25,25,25,25,25,25,25,25,25,25
470160,1,1,1982,17,17,17,17,17,17,17,17,17,17
470160,2,1,1982,0,0,0,0,13,0,9,0,0,2
470161,1,1,1982,21,21,21,21,21,21,21,21,21,21
470162,1,1,1982,1,1,1,1,1,1,1,1,1,1
470163,0,1,1982,0,0,0,0,0,0,0,0,0,0
470163,1,1,1982,16,0,0,0,0,0,5,0,0,0
470165,1,1,1982,0,0,0,0,0,0,0,0,0,0
470165,2,1,1982,0,0,0,0,0,0,0,0,0,0
470165,3,1,1982,0,0,0,14,0,0,0,0,0,0
470165,4,1,1982,0,0,0,0,0,0,0,0,0,0
470165,5,1,1982,0,0,0,9,12,0,14,0,0,0
470166,1,1,1982,0,0,0,0,0,0,0,0,0,0
470167,1,1,1982,0,19,0,0,0,0,0,0,29,0
470167,2,1,1982,0,0,0,4,0,0,0,0,0,11
470168,1,1,1982,29,29,29,29,29,29,29,29,29,29
470169,1,1,1982,0,0,0,0,0,0,0,0,0,0
470170,1,1,1982,0,0,0,0,0,0,0,0,0,0
470171,1,1,1982,0,0,0,0,0,0,0,0,0,0
470171,2,1,1982,0,0,0,0,0,0,0,0,0,0
470172,0,1,1982,0,0,0,0,0,0,0,0,0,0
470172,1,1,1982,0,0,0,0,0,0,0,0,0,0
470173,1,1,1982,0,0,0,0,0,0,0,0,0,0
470174,1,1,1982,4,0,25,23,5,0,0,0,0,0
470175,1,1,1982,0,0,0,0,0,0,0,0,0,0
470175,2,1,1982,0,0,0,0,0,0,0,0,0,0
470176,1,1,1982,19,19,19,19,19,19,19,19,19,19
470176,2,1,1982,0,0,0,0,0,0,0,0,0,0
470177,1,1,1982,0,0,0,0,0,0,0,0,0,0
470177,2,1,1982,0,0,0,0,0,31,0,25,0,0
470178,1,1,1982,19,19,19,19,19,19,19,19,19,19
470179,1,1,1982,36,36,36,36,36,36,36,36,36,36
470179,2,1,1982,0,0,0,0,0,0,0,0,0,0
470180,1,1,1982,0,0,0,0,0,0,0,0,0,0
470180,2,1,1982,0,0,0,0,0,0,0,0,0,0
470180,3,1,1982,0,0,0,0,0,0,0,0,0,0
470181,1,1,1982,0,0,0,0,0,0,0,0,2,0
470181,2,1,1982,0,0,0,0,0,0,0,0,0,0
470182,1,1,1982,0,0,0,0,0,0,0,0,0,0
470182,2,1,1982,0,0,0,32,0,4,14,0,19,0
470183,1,1,1982,13,13,13,13,13,13,13,13,13,13
470183,2,1,1982,14,0,0,0,0,0,0,0,0,11
470183,3,1,1982,0,0,5,0,20,22,0,0,0,0
470184,0,1,1982,0,0,0,0,0,0,0,0,0,0
470184,1,1,1982,0,0,0,0,0,0,0,0,0,0
470185,1,1,1982,32,32,32,32,32,32,32,32,32,32
470186,1,1,1982,0,2,0,0,0,0,18,0,13,0
470186,2,1,1982,0,0,0,0,0,0,0,0,0,0
470186,3,1,1982,0,0,0,0,0,0,0,0,0,0
470187,1,1,1982,14,14,14,14,14,14,14,14,14,14
470188,1,1,1982,27,27,27,27,27,27,27,27,27,27
470188,2,1,1982,0,0,0,0,0,0,0,0,0,0
470189,1,1,1982,19,19,19,19,19,19,19,19,19,19
470190,1,1,1982,18,9,17,15,3,11,24,24,18,0
470191,1,1,1982,0,0,0,0,0,0,0,0,0,0
470192,1,1,1982,31,31,31,31,31,31,31,31,31,31
470193,1,1,1982,0,0,0,0,0,0,0,0,0,0
470193,2,1,1982,0,0,0,0,0,0,0,0,0,0
470194,1,1,1982,0,0,0,0,0,0,0,0,0,0
470195,1,1,1982,8,8,8,8,8,8,8,8,8,8
470196,1,1,1982,24,24,24,24,24,24,24,24,24,24
470197,1,1,1982,12,12,12,12,12,12,12,12,12,12
470198,1,1,1982,7,7,7,7,7,7,7,7,7,7
470199,1,1,1982,13,13,13,13,13,13,13,13,13,13
470200,1,1,1982,0,0,0,0,0,0,0,0,0,0
470200,2,1,1982,0,0,0,0,0,0,0,0,0,0
470201,1,1,1982,0,0,0,0,0,0,0,0,0,0
470201,2,1,1982,0,0,20,0,0,0,0,0,0,0
470202,1,1,1982,0,0,0,0,0,0,0,0,0,0
470203,1,1,1982,12,12,12,12,12,12,12,12,12,12
470204,1,1,1982,0,0,0,0,0,0,0,0,0,0
470204,2,1,1982,0,0,0,0,0,0,0,0,0,0
470205,1,1,1982,0,0,0,0,0,0,0,0,0,0
470206,1,1,1982,15,15,15,15,15,15,15,15,15,15
470207,1,1,1982,0,0,0,0,0,0,0,0,0,0
470208,1,1,1982,20,23,44,8,0,0,15,29,24,24
470209,1,1,1982,15,16,14,26,19,4,14,29,0,27
470210,1,1,1982,16,16,16,16,16,16,16,16,16,16
470211,1,1,1982,26,26,26,26,26,26,26,26,26,26
470212,1,1,1982,27,27,27,27,27,27,27,27,27,27
470213,1,1,1982,0,0,0,0,0,0,0,0,0,0
470214,1,1,1982,15,15,15,15,15,15,15,15,15,15
470215,1,1,1982,0,0,0,0,0,0,0,0,0,0
470215,2,1,1982,0,0,0,0,0,0,0,0,0,0
470216,1,1,1982,0,0,0,0,0,0,0,0,0,0
470216,2,1,1982,27,27,27,27,27,27,27,27,27,27
470217,1,1,1982,23,23,23,23,23,23,23,23,23,23
470218,1,1,1982,14,14,14,14,14,14,14,14,14,14
470219,1,1,1982,22,22,22,22,22,22,22,22,22,22
470220,1,1,1982,7,7,7,7,7,7,7,7,7,7
470221,1,1,1982,0,0,0,0,0,0,0,0,0,0
470221,2,1,1982,0,0,0,0,0,0,0,0,0,0
470222,1,1,1982,17,17,17,17,17,17,17,17,17,17
470223,1,1,1982,6,6,6,6,6,6,6,6,6,6
470223,2,1,1982,0,0,0,0,0,0,0,0,0,0
470223,3,1,1982,0,14,0,8,4,0,14,0,14,0
470224,1,1,1982,11,11,11,11,11,11,11,11,11,11
470225,1,1,1982,21,21,21,21,21,21,21,21,21,21
470226,0,1,1982,11,11,11,11,11,11,11,11,11,11
470226,1,1,1982,10,0,0,21,0,19,5,0,0,30
470227,1,1,1982,0,0,0,0,13,0,0,0,0,0
470228,1,1,1982,0,0,0,0,0,0,0,0,0,0
470228,2,1,1982,0,0,0,0,0,0,0,0,0,0
470229,1,1,1982,30,30,30,30,30,30,30,30,30,30
470229,2,1,1982,0,0,21,4,14,19,9,23,0,29
470230,1,1,1982,23,23,23,23,23,23,23,23,23,23
470231,1,1,1982,0,0,0,0,0,0,0,0,0,0
470231,2,1,1982,0,0,0,0,0,0,0,0,0,0
470232,1,1,1982,0,0,0,14,22,0,0,0,0,0
470233,1,1,1982,20,20,20,20,20,20,20,20,20,20
470234,1,1,1982,0,0,0,0,0,0,0,0,0,0
470234,2,1,1982,0,0,0,0,0,0,0,0,0,0
470235,2,1,1982,21,21,21,21,21,21,21,21,21,21
470236,1,1,1982,0,0,0,0,0,0,0,0,0,0
470236,2,1,1982,31,31,31,31,31,31,31,31,31,31
470237,1,1,1982,30,30,30,30,30,30,30,30,30,30
470238,1,1,1982,8,8,8,8,8,8,8,8,8,8
470239,0,1,1982,0,0,0,0,0,0,0,0,0,0
470239,1,1,1982,11,0,0,0,0,0,0,0,2,0
470240,1,1,1982,23,23,23,23,23,23,23,23,23,23
470241,1,1,1982,14,14,14,14,14,14,14,14,14,14
470242,1,1,1982,8,8,8,8,8,8,8,8,8,8
470243,1,1,1982,41,41,41,41,41,41,41,41,41,41
470243,2,1,1982,0,0,0,7,0,15,0,0,0,0
470244,1,1,1982,0,0,0,0,0,0,0,0,0,0
470244,2,1,1982,26,26,26,26,26,26,26,26,26,26
470245,1,1,1982,0,0,0,0,0,0,0,0,0,0
470245,2,1,1982,16,16,16,16,16,16,16,16,16,16
470246,1,1,1982,13,13,13,13,13,13,13,13,13,13
470247,1,1,1982,21,21,21,21,21,21,21,21,21,21
470248,1,1,1982,25,25,25,25,25,25,25,25,25,25
470248,2,1,1982,0,6,0,0,17,0,0,0,0,0
470249,1,1,1982,30,30,30,30,30,30,30,30,30,30
470250,1,1,1982,22,22,22,22,22,22,22,22,22,22
470251,1,1,1982,10,10,10,10,10,10,10,10,10,10
470251,2,1,1982,0,0,0,0,0,0,0,0,0,0
470252,1,1,1982,4,4,4,4,4,4,4,4,4,4
470252,2,1,1982,12,12,12,12,12,12,12,12,12,12
470253,0,1,1982,30,30,30,30,30,30,30,30,30,30
470253,1,1,1982,0,0,0,0,0,0,0,0,0,0
470254,1,1,1982,7,7,7,7,7,7,7,7,7,7
470254,2,1,1982,16,16,16,16,16,16,16,16,16,16
470255,1,1,1982,20,6,16,14,8,23,0,6,24,8
470256,0,1,1982,0,0,0,0,0,0,0,0,0,0
470256,1,1,1982,6,0,19,0,10,0,0,0,23,0
470257,1,1,1982,22,22,22,22,22,22,22,22,22,22
470258,1,1,1982,0,0,0,0,0,0,0,0,0,0
470258,2,1,1982,0,0,0,0,0,0,0,0,0,0
470258,3,1,1982,0,20,0,0,0,11,0,0,0,0
470259,1,1,1982,17,17,17,17,17,17,17,17,17,17
470259,2,1,1982,0,0,0,0,0,0,0,0,0,0
470260,1,1,1982,0,0,0,0,0,0,0,0,0,0
470260,2,1,1982,0,0,0,0,0,0,0,0,0,0
470261,1,1,1982,10,16,14,10,13,26,12,8,5,14
470262,1,1,1982,27,27,27,27,27,27,27,27,27,27
470263,1,1,1982,7,7,7,7,7,7,7,7,7,7
470263,2,1,1982,2,2,2,2,2,2,2,2,2,2
470264,1,1,1982,0,0,0,0,0,0,0,0,0,0
470264,2,1,1982,17,0,0,0,0,0,0,0,0,0
470264,3,1,1982,0,0,0,0,5,0,0,0,0,0
470265,1,1,1982,11,11,11,11,11,11,11,11,11,11
470266,1,1,1982,6,6,6,6,6,6,6,6,6,6
470267,1,1,1982,5,0,0,0,0,0,0,0,0,0
470267,2,1,1982,14,20,5,18,14,0,27,9,0,8
470268,0,1,1982,0,0,0,0,0,0,0,0,0,0
470268,1,1,1982,0,0,0,3,0,0,0,0,0,0
470269,1,1,1982,12,0,15,15,13,0,19,17,20,6
470270,1,1,1982,16,0,0,0,0,0,0,0,4,0
470270,2,1,1982,0,0,0,0,23,13,0,5,0,0
470271,1,1,1982,0,0,0,0,0,0,0,0,0,0
470271,2,1,1982,0,0,0,0,0,0,0,0,0,0
470272,1,1,1982,0,0,29,0,0,18,0,0,18,0
470272,2,1,1982,0,0,0,0,0,0,0,0,0,0
470273,1,1,1982,0,11,31,0,0,0,21,21,0,15
470274,1,1,1982,0,0,0,0,0,0,0,0,0,0
470274,2,1,1982,14,14,14,14,14,14,14,14,14,14
470275,1,1,1982,0,19,0,0,0,13,0,0,13,15
470275,2,1,1982,0,0,0,0,0,0,0,0,0,0
470276,1,1,1982,4,4,4,4,4,4,4,4,4,4
470277,1,1,1982,14,14,14,14,14,14,14,14,14,14
470278,1,1,1982,0,0,0,0,0,0,0,0,0,0
470278,2,1,1982,17,0,8,0,0,0,0,0,0,0
470279,1,1,1982,0,0,0,0,0,0,0,0,0,0
470279,2,1,1982,0,0,0,0,0,0,0,0,0,0
470279,3,1,1982,0,0,0,0,0,0,0,0,0,0
470280,1,1,1982,25,25,25,25,25,25,25,25,25,25
470281,1,1,1982,17,17,17,17,17,17,17,17,17,17
470281,2,1,1982,0,0,0,0,0,0,0,0,0,0
470282,1,1,1982,0,0,0,0,0,0,0,14,0,0
470283,1,1,1982,13,30,17,13,25,0,0,0,9,0
470284,0,1,1982,22,22,22,22,22,22,22,22,22,22
470285,1,1,1982,0,0,0,0,0,0,0,0,0,0
470286,1,1,1982,0,0,31,15,0,23,6,9,0,16
470287,1,1,1982,6,6,6,6,6,6,6,6,6,6
470288,1,1,1982,20,20,20,20,20,20,20,20,20,20
470288,2,1,1982,32,32,32,32,32,32,32,32,32,32
470288,3,1,1982,7,0,0,30,16,0,0,0,0,0
470288,4,1,1982,37,14,19,10,7,11,14,8,28,18
470289,1,1,1982,0,8,26,0,0,0,0,26,0,15
470290,1,1,1982,18,18,18,18,18,18,18,18,18,18
470290,2,1,1982,0,0,0,0,0,0,0,0,0,0
470291,1,1,1982,12,12,12,12,12,12,12,12,12,12
470292,1,1,1982,0,0,0,0,0,0,0,0,0,0
470292,2,1,1982,0,0,0,0,0,0,0,0,0,0
470293,1,1,1982,0,0,0,0,0,0,0,0,0,0
470293,2,1,1982,0,0,0,0,0,0,0,0,0,0
470294,0,1,1982,0,0,0,0,0,0,0,0,0,0
470294,1,1,1982,0,0,0,0,10,0,0,6,9,0
470295,1,1,1982,16,13,20,29,31,11,24,17,17,17
470296,0,1,1982,0,0,0,0,0,0,0,0,0,0
470296,0,2,1982,0,0,0,0,0,0,0,0,0,0
470296,1,1,1982,0,0,0,0,0,0,0,0,0,18
470297,1,1,1982,10,21,0,13,0,8,0,15,0,0
470297,2,1,1982,0,0,0,0,0,0,0,0,0,0