ST_CASE,VEH_NO,PER_NO,YEAR,P1,P2,P3,P4,P5,P6,P7,P8,P9,P10
470297,3,1,1982,7,0,0,0,0,0,6,15,5,0
470297,4,1,1982,0,0,0,0,0,0,0,0,0,0
470298,1,1,1982,0,0,0,0,0,0,0,0,0,0
470299,1,1,1982,0,0,0,0,0,0,0,0,0,0
470300,1,1,1982,9,9,9,9,9,9,9,9,9,9
470301,0,1,1982,0,0,0,0,0,0,0,0,0,0
470301,1,1,1982,0,0,0,0,0,0,0,0,0,0
470301,2,1,1982,0,0,0,0,0,0,0,0,0,0
470301,3,1,1982,0,0,0,0,6,0,16,22,0,0
470302,0,1,1982,0,0,0,0,0,0,0,0,0,0
470302,1,1,1982,13,13,13,13,13,13,13,13,13,13
470303,1,1,1982,0,0,0,0,0,0,0,0,0,0
470303,2,1,1982,0,0,0,0,0,0,0,0,0,0
470304,1,1,1982,0,0,0,0,0,0,0,0,0,8
470304,2,1,1982,26,35,0,0,0,26,17,17,26,7
470305,1,1,1982,0,0,0,0,0,0,0,0,0,0
470305,2,1,1982,0,0,0,0,0,0,0,0,0,0
470306,1,1,1982,27,27,27,27,27,27,27,27,27,27
470307,0,1,1982,3,0,17,0,0,3,0,0,0,0
470307,1,1,1982,0,6,9,17,12,0,20,30,15,24
470308,1,1,1982,0,0,5,0,0,0,13,0,0,3
470309,1,1,1982,27,27,27,27,27,27,27,27,27,27
470310,1,1,1982,27,27,27,27,27,27,27,27,27,27
470311,1,1,1982,0,0,0,0,0,0,0,0,0,0
470311,2,1,1982,0,0,0,0,0,0,0,0,0,0
470312,1,1,1982,0,0,0,0,0,0,0,0,0,0
470313,1,1,1982,15,19,27,37,17,16,29,20,26,30
470314,1,1,1982,0,20,0,21,12,11,21,0,5,19
470315,0,1,1982,0,0,0,0,0,0,0,0,0,0
470315,1,1,1982,0,12,0,0,0,0,0,8,0,16
470316,1,1,1982,21,13,27,4,23,22,15,5,14,26
470317,1,1,1982,30,30,30,30,30,30,30,30,30,30
470317,2,1,1982,0,0,0,0,0,0,0,0,0,0
470318,1,1,1982,0,0,0,4,12,25,17,0,8,6
470318,2,1,1982,0,0,20,0,0,0,19,2,4,0
470319,1,1,1982,0,0,0,0,0,0,0,0,0,0
470320,1,1,1982,0,0,0,0,0,0,0,0,0,0
470320,2,1,1982,3,0,0,0,0,0,0,0,0,0
470321,0,1,1982,25,25,25,25,25,25,25,25,25,25
470321,1,1,1982,12,8,27,14,8,9,9,12,0,25
470322,1,1,1982,22,22,22,22,22,22,22,22,22,22
470323,1,1,1982,0,0,0,0,0,0,0,0,0,0
470323,2,1,1982,0,0,0,0,0,5,0,0,0,0
470324,1,1,1982,0,17,13,0,0,0,0,0,0,0
470324,2,1,1982,0,0,0,0,0,0,0,0,9,0
470325,1,1,1982,3,16,31,0,13,3,0,26,26,11
470326,1,1,1982,0,0,0,0,0,0,0,0,0,0
470326,2,1,1982,0,0,0,0,0,0,0,0,0,0
470327,0,1,1982,28,28,28,28,28,28,28,28,28,28
470327,1,1,1982,0,0,0,0,0,0,0,0,0,0
470328,1,1,1982,0,0,0,0,0,0,0,0,0,0
470328,2,1,1982,0,0,0,0,0,0,0,0,0,0
470329,0,1,1982,0,0,23,6,0,0,0,0,0,21
470329,1,1,1982,0,0,8,0,0,0,0,0,10,0
470330,1,1,1982,0,0,0,0,0,0,0,0,0,0
470330,2,1,1982,15,15,15,15,15,15,15,15,15,15
470331,1,1,1982,39,39,39,39,39,39,39,39,39,39
470332,0,1,1982,28,28,28,28,28,28,28,28,28,28
470332,1,1,1982,0,0,0,0,0,0,0,0,0,3
470333,1,1,1982,11,11,11,11,11,11,11,11,11,11
470334,1,1,1982,10,12,11,0,13,0,9,0,0,22
470334,2,1,1982,14,14,14,14,14,14,14,14,14,14
470335,1,1,1982,12,12,12,12,12,12,12,12,12,12
470336,1,1,1982,23,23,23,23,23,23,23,23,23,23
470337,1,1,1982,0,0,0,0,0,0,0,0,0,0
470337,2,1,1982,24,24,24,24,24,24,24,24,24,24
470338,1,1,1982,0,0,0,0,0,0,0,0,0,0
470339,1,1,1982,0,0,0,0,0,0,0,0,0,0
470340,0,1,1982,0,0,0,0,23,0,0,0,0,24
470340,1,1,1982,14,14,14,14,14,14,14,14,14,14
470341,1,1,1982,0,0,0,0,0,0,0,0,0,0
470341,2,1,1982,0,0,0,0,0,24,0,0,0,0
470342,1,1,1982,16,16,16,16,16,16,16,16,16,16
470343,1,1,1982,0,0,0,0,14,0,0,0,0,0
470343,2,1,1982,0,0,0,0,20,0,0,0,0,0
470344,1,1,1982,0,0,0,0,0,0,0,0,0,0
470344,2,1,1982,0,0,0,0,0,0,0,0,0,0
470345,1,1,1982,15,20,27,0,14,15,33,20,15,20
470346,0,1,1982,0,0,0,0,0,0,0,0,0,0
470346,1,1,1982,0,14,0,0,0,22,18,38,14,19
470347,1,1,1982,6,6,6,6,6,6,6,6,6,6
470348,1,1,1982,19,19,19,19,19,19,19,19,19,19
470348,2,1,1982,12,25,16,13,34,29,12,26,33,22
470348,3,1,1982,17,17,17,17,17,17,17,17,17,17
470349,1,1,1982,9,9,9,9,9,9,9,9,9,9
470350,1,1,1982,0,0,0,0,0,0,0,0,0,0
470352,1,1,1982,6,6,6,6,6,6,6,6,6,6
470353,1,1,1982,24,24,24,24,24,24,24,24,24,24
470354,1,1,1982,29,34,35,16,0,0,31,0,0,21
470355,1,1,1982,21,15,14,20,26,20,0,20,11,20
470356,1,1,1982,0,0,0,0,0,0,0,0,0,0
470357,1,1,1982,0,0,0,0,0,0,24,0,0,0
470357,2,1,1982,0,0,0,0,0,17,0,0,0,0
470358,1,1,1982,20,20,20,20,20,20,20,20,20,20
470359,1,1,1982,0,0,0,0,0,0,0,0,0,0
470360,1,1,1982,0,0,0,0,0,0,0,0,0,0
470360,2,1,1982,0,19,7,0,6,5,12,14,0,0
470360,3,1,1982,25,13,18,0,10,10,0,0,8,0
470361,1,1,1982,24,24,24,24,24,24,24,24,24,24
470362,0,1,1982,0,21,0,16,29,13,0,0,0,0
470362,1,1,1982,19,0,0,0,30,0,17,12,0,10
470362,2,1,1982,9,15,31,0,0,0,0,0,0,0
470363,1,1,1982,0,0,0,0,0,0,0,0,0,0
470365,1,1,1982,13,0,16,0,0,0,0,0,0,0
470366,1,1,1982,22,22,22,22,22,22,22,22,22,22
470367,1,1,1982,0,0,0,7,0,0,0,0,0,0
470367,2,1,1982,0,0,0,0,0,0,0,0,0,0
470368,1,1,1982,0,43,7,13,36,19,30,25,28,23
470369,1,1,1982,0,0,0,0,0,0,0,0,0,0
470369,2,1,1982,0,0,0,0,0,0,0,0,0,0
470370,1,1,1982,22,22,22,22,22,22,22,22,22,22
470371,1,1,1982,10,10,10,10,10,10,10,10,10,10
470372,1,1,1982,0,0,0,0,0,0,0,18,0,0
470372,2,1,1982,0,0,0,0,0,0,0,0,0,0
470373,0,1,1982,0,0,0,19,0,0,0,0,0,0
470373,1,1,1982,0,0,0,0,12,0,0,0,9,0
470374,1,1,1982,12,12,12,12,12,12,12,12,12,12
470375,1,1,1982,29,29,29,29,29,29,29,29,29,29
470376,1,1,1982,14,14,24,24,17,33,23,13,25,22
470377,1,1,1982,21,21,21,21,21,21,21,21,21,21
470378,0,1,1982,0,0,0,0,0,0,0,0,0,0
470378,1,1,1982,0,0,0,0,0,17,0,0,0,21
470379,1,1,1982,18,18,18,18,18,18,18,18,18,18
470380,0,1,1982,0,0,0,0,0,0,0,0,0,0
470380,1,1,1982,13,0,0,0,0,0,0,0,0,0
470381,1,1,1982,6,6,6,6,6,6,6,6,6,6
470381,2,1,1982,0,0,0,0,0,0,0,0,0,0
470382,1,1,1982,5,5,5,5,5,5,5,5,5,5
470382,2,1,1982,27,27,27,27,27,27,27,27,27,27
470383,1,1,1982,2,2,2,2,2,2,2,2,2,2
470383,2,1,1982,0,0,0,0,0,0,0,0,0,0
470384,1,1,1982,14,14,14,14,14,14,14,14,14,14
470385,1,1,1982,38,38,38,38,38,38,38,38,38,38
470386,0,1,1982,25,25,25,25,25,25,25,25,25,25
470386,2,1,1982,20,20,20,20,20,20,20,20,20,20
470387,1,1,1982,0,0,4,0,0,0,0,9,0,0
470387,2,1,1982,0,0,0,0,6,0,0,0,0,0
470388,1,1,1982,15,15,15,15,15,15,15,15,15,15
470389,1,2,1982,1,1,1,1,1,1,1,1,1,1
470390,1,1,1982,0,0,0,0,0,0,0,0,0,0
470390,2,1,1982,0,0,0,0,0,0,0,0,0,0
470391,1,1,1982,0,0,0,7,0,0,0,9,0,0
470391,2,1,1982,0,9,0,0,0,0,0,0,0,0
470392,1,1,1982,11,11,11,11,11,11,11,11,11,11
470392,2,1,1982,0,0,0,0,0,0,0,0,0,0
470393,1,1,1982,0,0,0,0,0,0,0,0,0,0
470393,2,1,1982,3,3,3,3,3,3,3,3,3,3
470394,1,1,1982,17,17,17,17,17,17,17,17,17,17
470395,1,1,1982,0,0,0,9,0,0,0,0,15,0
470395,2,1,1982,17,17,17,17,17,17,17,17,17,17
470396,1,1,1982,12,12,12,12,12,12,12,12,12,12
470397,1,1,1982,0,0,6,15,0,30,25,23,0,18
470398,1,1,1982,0,12,0,8,14,0,0,16,0,0
470398,2,1,1982,0,0,0,0,0,0,0,0,0,0
470399,1,1,1982,20,20,20,20,20,20,20,20,20,20
470400,1,1,1982,0,0,0,0,0,0,0,0,0,0
470400,2,1,1982,16,16,16,16,16,16,16,16,16,16
470401,0,1,1982,0,0,0,0,15,0,0,0,0,0
470401,1,1,1982,0,0,0,0,0,0,0,0,0,0
470402,1,1,1982,25,25,25,25,25,25,25,25,25,25
470403,1,1,1982,0,0,0,0,0,0,0,0,0,0
470403,2,1,1982,0,0,0,0,0,0,0,0,0,0
470404,1,1,1982,21,21,21,21,21,21,21,21,21,21
470405,1,1,1982,21,21,21,21,21,21,21,21,21,21
470406,1,1,1982,11,11,11,11,11,11,11,11,11,11
470407,0,1,1982,0,0,0,0,0,0,0,0,0,0
470407,1,1,1982,0,0,0,9,0,0,29,0,0,0
470408,1,1,1982,36,36,36,36,36,36,36,36,36,36
470408,2,1,1982,16,0,2,3,0,0,0,3,0,0
470409,0,1,1982,20,20,20,20,20,20,20,20,20,20
470409,1,1,1982,0,0,10,0,0,21,26,23,0,0
470410,1,1,1982,17,17,17,17,17,17,17,17,17,17
470411,1,1,1982,23,29,14,14,18,0,10,16,19,0
470411,2,1,1982,19,19,19,19,19,19,19,19,19,19
470412,1,1,1982,0,0,0,0,0,0,0,0,0,0
470412,2,1,1982,0,0,0,0,0,0,0,0,0,0
470413,1,1,1982,0,17,0,0,25,23,16,26,13,13
470414,1,1,1982,0,0,0,0,0,0,0,0,0,0
470414,2,1,1982,3,3,3,3,3,3,3,3,3,3
470415,1,1,1982,0,22,31,0,50,0,27,26,32,25
470415,2,1,1982,0,0,0,0,9,11,13,20,14,0
470416,1,1,1982,0,0,0,0,0,0,22,0,0,0
470419,0,1,1982,0,0,0,0,0,0,0,0,0,0
470419,0,2,1982,0,0,0,0,0,0,0,0,0,0
470419,1,1,1982,2,0,0,0,0,0,0,8,0,0
470420,1,1,1982,0,0,0,0,0,0,0,0,0,0
470420,2,1,1982,0,0,0,0,0,0,21,0,0,0
470421,1,1,1982,0,0,0,0,0,0,0,0,0,0
470422,1,1,1982,0,14,0,0,6,0,15,13,12,0
470422,2,1,1982,1,1,1,1,1,1,1,1,1,1
470423,1,1,1982,21,21,21,21,21,21,21,21,21,21
470424,1,1,1982,18,19,12,17,14,11,23,0,0,13
470425,1,1,1982,22,22,22,22,22,22,22,22,22,22
470425,2,1,1982,0,13,0,17,31,0,0,0,0,0
470425,3,1,1982,0,0,14,17,0,0,0,0,0,0
470425,4,1,1982,0,0,0,0,0,0,0,0,0,0
470426,1,1,1982,11,11,11,11,11,11,11,11,11,11
470426,2,1,1982,0,0,0,0,0,0,0,0,0,0
470427,1,1,1982,0,0,0,0,0,0,0,0,0,0
470428,1,1,1982,0,0,0,0,0,0,0,0,0,0
470428,2,1,1982,10,0,0,0,0,0,5,0,4,0
470429,0,1,1982,12,12,12,12,12,12,12,12,12,12
470429,1,1,1982,11,9,12,10,11,23,11,30,24,15
470430,1,1,1982,3,3,3,3,3,3,3,3,3,3
470431,1,1,1982,17,17,17,17,17,17,17,17,17,17
470432,1,1,1982,21,21,21,21,21,21,21,21,21,21
470433,1,1,1982,12,0,0,0,0,17,0,0,0,0
470434,0,1,1982,0,0,0,0,0,0,0,0,0,0
470434,1,1,1982,0,0,0,22,0,0,0,0,0,17
470435,1,1,1982,0,0,0,0,0,0,0,0,0,0
470435,2,1,1982,0,0,0,0,0,0,0,0,0,0
470436,1,1,1982,0,0,0,0,0,0,0,0,0,0
470436,2,1,1982,0,0,0,0,0,0,0,0,0,0
470437,1,1,1982,25,25,25,25,25,25,25,25,25,25
470437,2,1,1982,0,0,0,0,0,0,0,0,0,0
470438,1,1,1982,16,16,16,16,16,16,16,16,16,16
470439,1,1,1982,18,18,18,18,18,18,18,18,18,18
470440,1,1,1982,19,27,10,7,11,17,18,19,12,15
470441,1,1,1982,14,14,14,14,14,14,14,14,14,14
470441,2,1,1982,0,0,0,0,0,0,0,0,0,0
470442,1,1,1982,0,0,0,0,0,0,0,0,0,0
470443,1,1,1982,21,21,21,21,21,21,21,21,21,21
470443,2,1,1982,0,0,0,0,0,0,0,0,0,0
470444,1,1,1982,15,15,15,15,15,15,15,15,15,15
470445,1,1,1982,0,13,21,15,7,0,0,21,16,0
470446,0,1,1982,0,0,16,0,14,0,0,0,0,0
470446,1,1,1982,0,0,0,0,0,0,0,0,0,0
470447,1,1,1982,20,20,20,20,20,20,20,20,20,20
470448,1,1,1982,0,0,0,0,0,0,0,0,0,0
470448,2,1,1982,0,0,19,0,0,0,0,0,0,14
470449,1,1,1982,12,12,12,12,12,12,12,12,12,12
470449,2,1,1982,0,0,0,0,0,0,0,0,0,0
470450,1,1,1982,0,0,0,0,0,0,0,0,0,0
470451,1,1,1982,18,18,18,18,18,18,18,18,18,18
470452,1,1,1982,0,0,0,14,0,0,7,0,0,0
470452,2,1,1982,0,0,0,0,19,0,0,8,0,0
470453,1,1,1982,15,15,15,15,15,15,15,15,15,15
470453,2,1,1982,9,0,18,0,0,0,0,17,0,0
470454,1,1,1982,0,6,0,0,0,5,0,0,37,0
470455,1,1,1982,22,22,22,22,22,22,22,22,22,22
470455,2,1,1982,0,0,0,0,0,0,0,0,0,0
470456,1,1,1982,24,31,28,32,15,11,23,7,31,23
470457,1,1,1982,0,0,17,0,0,0,0,14,0,0
470457,2,1,1982,0,0,0,0,0,0,0,0,0,0
470458,1,1,1982,14,14,14,14,14,14,14,14,14,14
470459,1,1,1982,29,29,29,29,29,29,29,29,29,29
470460,1,1,1982,23,33,0,18,0,0,0,0,0,23
470461,1,1,1982,0,0,0,0,0,0,0,27,28,0
470462,1,1,1982,20,32,23,20,0,17,12,16,0,28
470463,1,1,1982,16,10,27,21,45,20,16,16,10,13
470464,1,1,1982,0,0,0,0,0,0,0,0,0,0
470466,1,1,1982,3,3,3,3,3,3,3,3,3,3
470466,2,1,1982,0,0,0,0,0,0,0,0,0,0
470467,1,1,1982,0,0,0,0,0,0,0,0,0,0
470468,1,1,1982,0,29,0,18,12,18,36,26,7,0
470469,1,1,1982,0,0,0,0,0,0,0,0,0,0
470469,2,1,1982,8,8,8,8,8,8,8,8,8,8
470470,1,1,1982,8,8,8,8,8,8,8,8,8,8
470471,1,1,1982,0,11,18,15,0,13,24,0,0,19
470472,1,1,1982,0,0,0,0,0,13,0,0,0,0
470472,2,1,1982,0,0,0,0,19,0,0,0,0,0
470473,0,1,1982,20,20,20,20,20,20,20,20,20,20
470473,1,1,1982,17,17,17,17,17,17,17,17,17,17
470474,1,1,1982,21,21,21,21,21,21,21,21,21,21
470475,1,1,1982,0,0,0,0,0,0,0,0,0,0
470475,2,1,1982,14,19,0,15,18,0,35,0,0,0
470476,1,1,1982,0,0,0,0,0,0,0,0,0,0
470477,1,1,1982,16,0,0,0,22,0,0,0,0,0
470477,2,1,1982,0,0,0,0,0,0,0,0,0,0
470478,1,1,1982,29,29,29,29,29,29,29,29,29,29
470479,1,1,1982,0,0,0,0,0,0,0,0,0,0
470479,2,1,1982,0,0,0,0,0,0,0,0,0,0
470480,1,1,1982,0,0,0,0,0,0,0,0,0,0
470481,1,1,1982,16,21,27,13,32,14,38,10,5,15
470482,1,1,1982,6,5,11,0,0,0,30,0,15,8
470483,1,1,1982,14,14,14,14,14,14,14,14,14,14
470483,2,1,1982,0,0,0,0,0,0,0,0,0,0
470485,0,1,1982,0,0,0,0,0,0,0,0,0,0
470485,1,1,1982,0,0,0,0,0,0,0,0,0,0
470486,1,1,1982,0,0,0,0,0,0,0,0,0,0
470486,2,1,1982,0,0,0,0,0,0,5,0,0,0
470487,1,1,1982,9,9,9,9,9,9,9,9,9,9
470488,1,1,1982,15,25,11,28,17,37,26,15,15,20
470489,1,1,1982,11,0,11,6,0,0,0,0,0,19
470490,1,1,1982,0,0,0,0,0,0,0,0,0,0
470490,2,1,1982,24,24,24,24,24,24,24,24,24,24
470491,1,1,1982,12,12,12,12,12,12,12,12,12,12
470491,2,1,1982,20,20,20,20,20,20,20,20,20,20
470492,1,1,1982,0,0,0,0,0,0,0,0,0,0
470493,1,1,1982,17,17,17,17,17,17,17,17,17,17
470493,2,1,1982,0,0,0,0,0,0,0,0,0,0
470494,0,1,1982,18,12,0,10,31,13,8,0,0,0
470494,1,1,1982,0,0,0,0,0,0,0,0,0,0
470494,2,1,1982,16,12,10,0,0,35,0,0,15,0
470495,1,1,1982,14,9,8,11,24,0,9,0,0,0
470497,1,1,1982,0,0,0,0,0,0,0,0,0,0
470497,2,1,1982,0,0,0,0,0,0,0,0,0,0
470498,0,1,1982,0,0,0,0,0,16,0,4,0,0
470498,1,1,1982,17,17,17,17,17,17,17,17,17,17
470500,1,1,1982,0,0,0,0,0,0,0,0,0,0
470500,2,1,1982,0,0,0,0,0,0,0,0,0,0
470500,3,1,1982,0,12,0,0,0,0,0,0,0,0
470502,1,1,1982,0,0,5,0,0,19,0,0,0,16
470502,2,1,1982,0,0,0,0,0,0,0,0,0,0
470502,3,1,1982,0,10,0,0,0,0,0,0,0,0
470503,1,1,1982,20,20,20,20,20,20,20,20,20,20
470505,1,1,1982,0,0,0,0,0,0,0,0,0,0
470506,1,1,1982,0,16,0,0,0,0,0,0,6,0
470507,1,1,1982,0,0,0,0,0,0,0,0,0,0
470507,2,1,1982,21,21,21,21,21,21,21,21,21,21
470508,1,1,1982,0,0,17,0,0,0,0,0,0,0
470508,2,1,1982,0,10,0,0,0,7,0,0,0,0
470509,1,1,1982,0,0,0,0,0,0,0,0,0,0
470509,2,1,1982,0,0,0,19,0,0,0,0,0,0
470510,1,1,1982,0,0,14,16,14,46,26,13,0,0
470511,1,1,1982,12,12,12,12,12,12,12,12,12,12
470512,0,1,1982,4,4,4,4,4,4,4,4,4,4
470512,0,2,1982,0,14,0,0,0,33,0,0,5,12
470512,1,1,1982,16,16,16,16,16,16,16,16,16,16
470513,1,1,1982,0,0,0,0,14,0,0,0,0,6
470514,1,1,1982,0,0,0,0,0,0,0,0,0,0
470514,2,1,1982,0,0,0,0,0,0,0,0,0,0
470515,1,1,1982,7,7,7,7,7,7,7,7,7,7
470516,0,1,1982,0,0,0,0,0,0,0,0,0,0
470516,1,1,1982,14,14,14,14,14,14,14,14,14,14
470518,1,1,1982,0,0,0,0,0,0,0,0,11,0
470518,2,1,1982,0,0,0,0,0,0,0,0,0,0
470519,1,1,1982,21,21,21,21,21,21,21,21,21,21
470520,1,1,1982,33,33,33,33,33,33,33,33,33,33
470521,1,1,1982,17,17,17,17,17,17,17,17,17,17
470522,0,1,1982,0,0,0,0,0,0,0,0,0,0
470522,1,1,1982,4,11,9,6,7,0,12,13,15,0
470523,1,1,1982,0,0,0,0,0,0,0,0,0,0
470523,2,1,1982,0,0,0,0,0,0,0,0,0,0
470524,1,1,1982,0,0,0,0,3,0,21,0,17,16
470524,2,1,1982,0,0,8,0,0,5,0,0,0,0
470525,0,1,1982,0,0,10,0,0,0,0,0,10,15
470525,1,1,1982,0,0,0,0,22,4,16,0,0,4
470526,1,1,1982,18,18,18,18,18,18,18,18,18,18
470527,1,1,1982,37,37,37,37,37,37,37,37,37,37
470528,1,1,1982,17,17,17,17,17,17,17,17,17,17
470529,1,1,1982,19,24,23,16,23,23,22,9,22,14
470530,1,1,1982,25,25,25,25,25,25,25,25,25,25
470531,1,1,1982,13,13,13,13,13,13,13,13,13,13
470532,1,1,1982,20,20,20,20,20,20,20,20,20,20
470533,1,1,1982,23,23,23,23,23,23,23,23,23,23
470534,0,1,1982,26,26,26,26,26,26,26,26,26,26
470534,1,1,1982,13,13,13,13,13,13,13,13,13,13
470535,1,1,1982,0,0,0,0,0,0,0,0,0,0
470535,2,1,1982,0,0,0,0,0,0,0,0,0,0
470536,1,1,1982,0,0,0,0,0,0,0,0,0,0
470536,2,1,1982,0,0,0,0,0,0,0,0,0,0
470537,1,1,1982,0,0,10,8,7,17,15,4,0,24
470537,2,1,1982,0,0,0,0,0,0,0,0,0,0
470538,1,1,1982,18,18,18,18,18,18,18,18,18,18
470539,1,1,1982,0,0,0,0,0,0,0,0,0,15
470539,2,1,1982,0,0,0,0,0,0,0,0,0,0
470540,1,1,1982,0,0,0,0,0,0,0,0,0,0
470540,2,1,1982,0,0,0,0,0,0,0,0,0,6
470541,1,1,1982,17,17,17,17,17,17,17,17,17,17
470541,2,1,1982,6,6,6,6,6,6,6,6,6,6
470543,1,1,1982,28,28,28,28,28,28,28,28,28,28
470544,1,1,1982,0,0,0,0,0,0,0,0,0,0
470544,2,1,1982,0,0,0,0,0,8,0,0,0,0
470545,1,1,1982,0,0,0,0,0,0,0,0,0,0
470546,1,1,1982,2,0,0,0,0,0,0,0,10,0
470546,2,1,1982,0,0,0,0,0,0,0,0,0,0
470547,1,1,1982,0,0,0,7,18,6,27,0,0,7
470547,2,1,1982,10,9,10,8,18,14,13,14,18,5
470548,1,1,1982,0,0,0,0,0,0,0,0,0,0
470548,2,1,1982,0,0,0,0,0,0,0,0,0,0
470549,1,1,1982,13,13,13,13,13,13,13,13,13,13
470550,1,1,1982,0,19,20,0,0,0,0,0,14,19
470551,1,1,1982,16,16,16,16,16,16,16,16,16,16
470552,1,1,1982,6,22,11,15,15,4,35,18,15,7
470553,1,1,1982,21,21,21,21,21,21,21,21,21,21
470554,1,1,1982,24,24,24,24,24,24,24,24,24,24
470555,1,1,1982,26,10,23,11,0,0,0,18,19,14
470556,1,1,1982,17,17,17,17,17,17,17,17,17,17
470557,1,1,1982,0,0,0,0,0,0,0,0,0,0
470557,2,1,1982,0,0,0,0,0,0,0,0,0,0
470558,1,1,1982,0,0,0,0,17,0,0,0,0,0
470558,2,1,1982,0,0,0,0,0,0,0,0,0,0
470559,1,1,1982,0,0,0,11,11,0,28,19,11,0
470559,2,1,1982,16,0,17,7,0,5,0,31,0,3
470560,1,1,1982,21,21,21,21,21,21,21,21,21,21
470561,1,1,1982,0,0,0,0,0,0,0,0,0,0
470561,2,1,1982,0,0,0,0,0,0,0,0,0,0
470562,0,1,1982,0,0,0,0,0,0,0,0,0,0
470562,1,1,1982,0,0,0,0,0,0,10,0,0,0
470563,1,1,1982,17,4,5,15,21,28,2,18,21,15
470564,1,1,1982,0,0,0,0,0,0,0,0,0,0
470564,2,1,1982,0,0,0,0,0,0,0,0,0,0
470565,0,1,1982,0,0,0,0,0,0,0,0,0,0
470565,1,1,1982,0,0,0,0,0,0,0,0,0,0
470566,0,1,1982,9,9,9,9,9,9,9,9,9,9
470566,1,1,1982,9,9,9,9,9,9,9,9,9,9
470567,1,1,1982,0,0,0,0,0,0,0,0,0,0
470568,1,1,1982,8,8,8,8,8,8,8,8,8,8
470568,2,1,1982,0,0,0,0,0,0,0,0,0,0
470569,1,1,1982,0,0,0,0,0,0,0,0,0,0
470569,2,1,1982,14,14,14,14,14,14,14,14,14,14
470570,1,1,1982,0,8,0,0,0,0,8,12,0,0
470570,2,1,1982,0,0,0,0,0,0,0,0,0,0
470571,1,1,1982,0,0,0,0,0,0,0,0,0,0
470572,1,1,1982,31,31,31,31,31,31,31,31,31,31
470574,0,1,1982,0,4,0,19,23,0,7,17,8,7
470574,1,1,1982,18,18,18,18,18,18,18,18,18,18
470575,1,1,1982,19,19,19,19,19,19,19,19,19,19
470576,1,1,1982,0,0,0,0,0,0,0,0,0,0
470577,1,1,1982,8,0,0,0,0,0,0,0,0,0
470577,2,1,1982,14,0,0,0,0,0,0,0,0,0
470578,1,1,1982,0,0,0,0,0,0,0,0,0,0
470578,2,1,1982,0,0,0,0,0,0,0,0,0,0
470579,1,1,1982,0,0,0,0,0,0,0,0,0,0
470579,2,1,1982,0,0,0,0,0,0,0,0,0,0
470580,1,1,1982,0,0,0,0,0,0,0,0,0,0
470581,1,1,1982,0,0,0,0,0,0,0,0,0,0
470581,2,1,1982,5,5,5,5,5,5,5,5,5,5
470582,1,1,1982,0,0,13,0,14,18,0,8,4,2
470583,1,1,1982,0,22,0,0,14,0,0,0,0,0
470585,1,1,1982,29,29,29,29,29,29,29,29,29,29
470586,0,1,1982,0,0,0,0,0,0,0,0,0,0
470586,1,1,1982,0,0,0,0,0,0,0,0,10,0
470587,1,1,1982,13,13,13,13,13,13,13,13,13,13
470587,2,1,1982,0,0,0,0,0,0,0,0,0,0
470588,0,1,1982,30,30,30,30,30,30,30,30,30,30
470588,1,1,1982,3,15,15,18,13,0,0,4,0,18
470589,1,1,1982,27,27,27,27,27,27,27,27,27,27
470590,1,1,1982,4,4,4,4,4,4,4,4,4,4
470590,2,1,1982,0,0,0,0,0,0,0,0,0,0
470590,3,1,1982,8,0,18,7,0,10,0,9,17,0
470591,1,1,1982,0,0,0,0,0,0,0,0,0,0
470592,1,1,1982,0,0,0,0,0,0,0,0,0,0
470592,2,1,1982,0,0,0,0,0,0,0,0,0,0
470593,1,1,1982,0,0,0,0,0,0,0,0,0,0
470594,1,1,1982,14,14,14,14,14,14,14,14,14,14
470595,0,1,1982,0,0,0,0,0,0,0,0,0,0
470595,1,1,1982,0,0,0,0,0,0,0,0,0,0
470596,1,1,1982,0,0,0,0,0,0,0,0,0,0
470596,2,1,1982,0,0,0,0,0,0,0,0,0,0
470597,1,1,1982,17,17,17,17,17,17,17,17,17,17
470598,0,1,1982,0,0,0,0,0,0,0,0,0,0
470598,1,1,1982,0,0,0,0,16,0,8,0,0,0
470599,1,1,1982,14,14,14,14,14,14,14,14,14,14
470600,1,1,1982,0,0,0,0,0,0,0,0,0,0
470601,1,1,1982,14,14,14,14,14,14,14,14,14,14
470602,1,1,1982,0,0,0,0,0,0,0,0,0,0
470603,1,1,1982,0,0,0,0,0,0,0,0,0,0
470604,0,1,1982,21,21,21,21,21,21,21,21,21,21
470604,1,1,1982,27,0,30,13,0,18,15,30,0,5
470605,0,1,1982,0,0,0,0,0,0,0,0,0,0
470605,0,2,1982,13,19,20,0,8,33,23,0,0,12
470605,1,1,1982,0,0,0,0,0,0,0,0,0,0
470606,1,1,1982,7,7,7,7,7,7,7,7,7,7
470606,2,1,1982,13,13,13,13,13,13,13,13,13,13
470607,1,1,1982,18,13,10,0,7,18,25,12,9,0
470607,2,1,1982,0,0,0,0,0,0,0,0,0,0
470608,0,1,1982,0,0,23,0,0,0,0,0,0,0
470608,1,1,1982,0,0,0,0,0,0,0,0,0,0