ST_CASE,VEH_NO,PER_NO,YEAR,P1,P2,P3,P4,P5,P6,P7,P8,P9,P10
470609,0,1,1982,21,21,21,21,21,21,21,21,21,21
470609,1,1,1982,0,0,0,0,0,0,0,0,0,0
470610,1,1,1982,19,19,19,19,19,19,19,19,19,19
470611,0,1,1982,0,0,0,0,0,0,0,0,9,0
470611,1,1,1982,0,0,0,0,0,0,0,11,0,0
470612,1,1,1982,0,0,0,0,0,0,0,0,0,0
470613,1,1,1982,0,11,16,0,0,0,0,0,13,0
470613,2,1,1982,0,0,0,0,0,0,0,0,0,0
470614,1,1,1982,14,14,14,14,14,14,14,14,14,14
470614,2,1,1982,0,0,0,0,0,0,17,0,24,0
470615,1,1,1982,3,3,3,3,3,3,3,3,3,3
470616,1,1,1982,32,32,32,32,32,32,32,32,32,32
470616,2,1,1982,0,0,0,0,0,0,0,0,0,0
470617,1,1,1982,16,16,16,16,16,16,16,16,16,16
470618,1,1,1982,0,0,0,0,0,0,0,0,0,0
470618,2,1,1982,0,0,0,0,0,0,0,0,0,0
470619,1,1,1982,3,3,3,3,3,3,3,3,3,3
470620,1,1,1982,19,19,19,19,19,19,19,19,19,19
470621,1,1,1982,8,8,8,8,8,8,8,8,8,8
470622,1,1,1982,25,25,25,25,25,25,25,25,25,25
470622,2,1,1982,0,0,0,0,0,0,0,0,0,0
470623,1,1,1982,0,0,0,0,0,0,0,0,0,0
470624,1,1,1982,7,7,7,7,7,7,7,7,7,7
470625,1,1,1982,17,17,17,17,17,17,17,17,17,17
470626,1,1,1982,0,4,0,18,13,0,24,0,9,22
470626,2,1,1982,7,0,0,0,0,0,16,3,0,0
470627,1,1,1982,15,15,15,15,15,15,15,15,15,15
470627,2,1,1982,0,0,0,0,10,0,0,0,0,0
470628,0,1,1982,14,0,0,18,0,22,0,14,0,0
470628,1,1,1982,17,17,17,17,17,17,17,17,17,17
470629,1,1,1982,0,0,0,0,0,15,0,0,19,0
470629,2,1,1982,0,0,0,0,0,0,0,0,0,0
470630,1,1,1982,25,25,25,25,25,25,25,25,25,25
470630,2,1,1982,22,22,22,22,22,22,22,22,22,22
470631,1,1,1982,0,0,0,0,0,0,0,0,0,0
470632,1,1,1982,0,0,0,0,0,0,0,0,0,0
470633,1,1,1982,0,0,0,0,0,0,0,0,0,0
470633,2,1,1982,0,0,0,0,0,0,0,0,0,0
470635,1,1,1982,0,0,0,0,0,0,0,0,0,7
470636,1,1,1982,0,0,0,0,0,0,0,0,0,0
470636,2,1,1982,0,0,0,0,0,0,0,0,0,0
470637,1,1,1982,16,11,6,18,24,24,21,5,16,13
470638,1,1,1982,12,12,12,12,12,12,12,12,12,12
470639,1,1,1982,16,16,16,16,16,16,16,16,16,16
470639,2,1,1982,0,0,0,0,0,0,0,0,0,0
470640,1,1,1982,0,0,0,0,0,0,0,0,0,0
470640,2,1,1982,0,0,0,0,9,0,0,0,0,0
470641,1,1,1982,0,0,0,0,0,0,0,0,0,0
470641,2,1,1982,0,0,0,0,0,0,0,0,0,0
470642,1,1,1982,13,13,13,13,13,13,13,13,13,13
470643,1,1,1982,21,21,21,21,21,21,21,21,21,21
470644,0,1,1982,13,13,13,13,13,13,13,13,13,13
470644,1,1,1982,0,0,0,0,0,0,0,0,0,0
470645,1,1,1982,0,0,0,0,0,0,0,0,0,0
470646,1,1,1982,0,0,0,0,0,0,23,0,0,28
470647,0,1,1982,30,11,0,6,20,0,10,0,34,13
470647,1,1,1982,0,0,0,0,0,0,0,0,0,0
470648,1,1,1982,0,5,0,15,0,0,0,3,0,0
470649,0,1,1982,0,0,0,0,0,0,0,0,0,0
470649,1,1,1982,0,0,0,0,0,0,0,0,0,0
470650,1,1,1982,0,0,0,0,0,0,0,0,0,0
470650,2,1,1982,0,0,0,0,0,0,0,0,0,0
470651,1,1,1982,12,12,12,12,12,12,12,12,12,12
470652,1,1,1982,0,0,0,0,0,0,0,0,7,0
470652,2,1,1982,0,0,8,10,11,24,0,14,0,0
470653,1,1,1982,0,0,18,23,0,0,18,0,23,0
470654,1,1,1982,12,12,12,12,12,12,12,12,12,12
470654,2,1,1982,0,0,0,0,0,0,0,6,0,0
470655,1,1,1982,0,0,28,0,0,0,7,9,0,0
470656,1,1,1982,0,0,0,0,0,0,0,0,0,0
470656,2,1,1982,11,11,11,11,11,11,11,11,11,11
470657,1,1,1982,0,0,0,0,0,0,0,0,0,0
470657,2,1,1982,0,23,0,0,0,15,0,0,0,0
470659,1,2,1982,7,0,0,10,0,10,0,22,20,6
470660,1,1,1982,12,12,12,12,12,12,12,12,12,12
470660,2,1,1982,0,0,0,0,0,0,0,0,0,0
470661,1,1,1982,0,0,0,0,0,0,0,0,0,0
470661,2,1,1982,0,0,0,0,0,0,0,0,0,0
470662,1,1,1982,0,0,0,0,0,0,0,0,0,0
470662,2,1,1982,2,2,2,2,2,2,2,2,2,2
470663,1,1,1982,7,7,7,7,7,7,7,7,7,7
470664,1,1,1982,16,16,16,16,16,16,16,16,16,16
470665,1,1,1982,0,0,0,0,0,0,0,0,0,9
470665,2,1,1982,0,0,0,0,0,0,0,0,0,0
470667,1,1,1982,0,0,0,0,0,0,0,0,0,0
470668,0,1,1982,0,0,0,0,0,0,0,0,0,0
470668,1,1,1982,12,0,23,7,5,12,15,5,17,11
470669,1,1,1982,0,9,0,0,0,0,0,0,10,0
470669,2,1,1982,0,10,0,14,6,0,0,32,0,0
470670,1,1,1982,18,18,18,18,18,18,18,18,18,18
470670,2,1,1982,0,0,0,0,0,0,0,0,0,0
470671,1,1,1982,0,0,0,0,0,0,0,0,0,0
470672,1,1,1982,16,16,16,16,16,16,16,16,16,16
470673,1,1,1982,0,10,13,11,22,0,15,16,19,3
470674,1,1,1982,0,0,0,0,0,0,0,0,0,0
470675,1,1,1982,11,12,13,14,12,17,10,12,16,14
470676,1,1,1982,0,0,0,20,0,0,29,0,22,0
470677,1,1,1982,0,0,0,15,0,15,0,0,0,0
470677,2,1,1982,0,0,17,0,0,0,5,10,0,10
470678,1,1,1982,0,0,0,0,0,0,0,0,0,0
470679,1,1,1982,0,0,0,0,0,0,0,0,0,0
470680,1,1,1982,21,21,21,21,21,21,21,21,21,21
470680,2,1,1982,0,0,0,0,0,0,0,0,0,0
470682,1,1,1982,14,14,14,14,14,14,14,14,14,14
470684,1,1,1982,0,0,0,0,0,0,0,0,0,0
470685,1,1,1982,5,0,18,13,4,6,0,0,21,14
470686,1,1,1982,0,0,0,0,0,0,0,0,0,0
470686,2,1,1982,19,25,11,35,9,15,28,17,24,23
470686,3,1,1982,0,0,0,0,0,0,0,0,0,0
470687,1,1,1982,0,0,0,0,0,0,0,0,0,0
470688,1,1,1982,9,9,9,9,9,9,9,9,9,9
470688,2,1,1982,27,27,27,27,27,27,27,27,27,27
470689,1,1,1982,14,14,14,14,14,14,14,14,14,14
470690,1,1,1982,8,12,11,6,9,0,0,0,0,0
470691,1,1,1982,21,21,21,21,21,21,21,21,21,21
470692,1,1,1982,14,12,0,10,0,12,0,11,0,5
470692,2,1,1982,15,15,15,15,15,15,15,15,15,15
470692,3,1,1982,0,0,0,0,0,0,0,0,0,0
470692,4,1,1982,0,0,0,0,0,0,0,0,17,0
470692,5,1,1982,0,9,9,21,14,19,9,7,0,7
470692,6,1,1982,6,0,11,14,25,0,0,3,19,0
470693,1,1,1982,17,17,17,17,17,17,17,17,17,17
470694,1,1,1982,14,14,14,14,14,14,14,14,14,14
470695,1,1,1982,17,17,17,17,17,17,17,17,17,17
470696,1,1,1982,0,0,0,28,43,0,0,0,0,0
470697,1,1,1982,25,25,25,25,25,25,25,25,25,25
470698,1,1,1982,0,0,0,21,0,0,24,0,0,0
470698,2,1,1982,0,0,0,0,0,0,0,0,0,0
470699,1,1,1982,10,10,10,10,10,10,10,10,10,10
470700,1,1,1982,24,24,24,24,24,24,24,24,24,24
470701,1,1,1982,0,0,0,0,0,0,0,0,0,0
470702,1,1,1982,17,0,26,23,9,15,18,21,21,24
470704,1,1,1982,0,11,0,0,0,0,23,0,0,0
470705,1,1,1982,0,0,0,0,0,0,0,0,0,0
470705,2,1,1982,0,0,0,0,0,0,0,17,0,0
470706,1,1,1982,0,0,24,0,0,0,0,0,0,0
470706,2,1,1982,5,5,5,5,5,5,5,5,5,5
470707,1,1,1982,0,5,0,27,0,0,0,0,0,0
470708,1,1,1982,0,0,0,0,0,0,0,0,0,0
470708,2,1,1982,24,24,24,24,24,24,24,24,24,24
470709,1,1,1982,28,28,28,28,28,28,28,28,28,28
470710,1,1,1982,7,7,7,7,7,7,7,7,7,7
470711,1,1,1982,32,25,0,23,16,21,19,10,10,0
470712,1,1,1982,11,11,11,11,11,11,11,11,11,11
470714,1,1,1982,4,0,0,0,20,0,0,0,0,0
470714,2,1,1982,0,0,0,0,0,0,16,9,0,0
470715,1,1,1982,35,35,35,35,35,35,35,35,35,35
470716,1,1,1982,0,0,0,0,0,0,0,0,0,0
470716,2,1,1982,0,0,0,31,9,0,3,0,0,0
470717,1,1,1982,3,3,3,3,3,3,3,3,3,3
470718,1,1,1982,13,13,13,13,13,13,13,13,13,13
470719,1,1,1982,0,11,0,21,16,17,25,26,0,10
470720,1,1,1982,0,0,0,0,0,0,0,0,0,0
470720,2,1,1982,0,0,0,0,0,0,0,0,0,0
470721,1,1,1982,17,17,17,17,17,17,17,17,17,17
470721,2,1,1982,0,0,0,0,0,0,0,0,0,0
470722,1,1,1982,23,23,23,23,23,23,23,23,23,23
470723,1,1,1982,20,20,20,20,20,20,20,20,20,20
470724,1,1,1982,15,15,15,15,15,15,15,15,15,15
470725,1,1,1982,10,10,10,10,10,10,10,10,10,10
470726,0,1,1982,0,0,12,0,0,0,10,0,0,0
470726,1,1,1982,0,0,0,11,0,0,0,10,0,3
470727,1,1,1982,0,0,0,0,0,0,0,0,0,0
470729,1,1,1982,0,0,0,0,0,0,0,0,0,0
470730,1,1,1982,0,0,0,0,0,0,0,0,0,0
470730,2,1,1982,9,9,9,9,9,9,9,9,9,9
470731,1,1,1982,0,0,0,0,0,0,0,0,0,0
470732,1,1,1982,10,10,10,10,10,10,10,10,10,10
470733,1,1,1982,32,32,32,32,32,32,32,32,32,32
470733,2,1,1982,0,0,0,0,0,0,0,0,0,0
470734,1,1,1982,9,11,18,35,13,15,20,27,13,25
470735,1,1,1982,0,0,0,0,0,0,0,0,0,0
470735,2,1,1982,25,25,25,25,25,25,25,25,25,25
470736,1,1,1982,0,0,0,0,0,0,0,0,0,0
470736,2,1,1982,0,0,0,0,0,0,0,0,0,0
470737,1,1,1982,0,0,0,0,0,0,0,0,24,0
470737,2,1,1982,0,0,0,0,0,0,0,0,0,0
470738,1,1,1982,0,0,0,0,0,0,0,25,0,0
470739,1,1,1982,22,22,22,22,22,22,22,22,22,22
470740,1,1,1982,2,0,0,16,0,8,0,0,7,0
470741,1,1,1982,18,5,13,0,19,0,25,6,20,11
470742,1,1,1982,0,0,0,0,0,0,0,0,0,0
470743,1,1,1982,0,12,0,0,0,0,0,0,0,8
470743,2,1,1982,16,16,16,16,16,16,16,16,16,16
470744,1,1,1982,24,24,24,24,24,24,24,24,24,24
470745,1,1,1982,10,10,10,10,10,10,10,10,10,10
470746,1,1,1982,0,0,0,0,0,0,0,0,0,0
470747,1,1,1982,0,0,0,0,0,0,0,0,0,0
470748,1,1,1982,0,16,0,0,14,11,16,0,0,0
470748,2,1,1982,0,0,0,0,0,0,0,0,0,0
470749,1,1,1982,21,21,21,21,21,21,21,21,21,21
470750,1,1,1982,0,0,0,0,0,0,0,0,0,0
470750,2,1,1982,0,0,0,16,0,0,0,0,0,0
470751,1,1,1982,0,0,0,0,0,0,0,0,0,0
470752,1,1,1982,32,32,32,32,32,32,32,32,32,32
470752,2,1,1982,0,0,0,0,0,0,0,0,0,0
470752,3,1,1982,0,0,0,0,0,0,0,0,0,0
470753,1,1,1982,17,17,17,17,17,17,17,17,17,17
470754,1,1,1982,0,0,13,0,0,0,18,0,6,12
470755,1,1,1982,0,0,0,0,0,19,0,14,0,17
470755,2,1,1982,0,0,0,0,0,0,0,0,0,0
470756,1,1,1982,0,0,0,0,0,0,0,0,0,0
470756,2,1,1982,0,0,0,0,0,0,0,0,0,0
470758,1,1,1982,17,17,17,17,17,17,17,17,17,17
470758,2,1,1982,0,0,0,0,0,0,0,0,0,0
470759,1,1,1982,22,22,22,22,22,22,22,22,22,22
470760,1,1,1982,0,0,0,0,0,0,0,0,0,0
470760,2,1,1982,0,0,0,0,0,0,0,0,0,0
470761,1,1,1982,0,0,0,0,0,0,0,0,0,0
470761,2,1,1982,0,0,0,0,0,0,0,0,0,0
470762,1,1,1982,15,15,15,15,15,15,15,15,15,15
470763,1,1,1982,15,15,15,15,15,15,15,15,15,15
470764,1,1,1982,31,31,31,31,31,31,31,31,31,31
470765,1,1,1982,0,0,0,0,0,0,0,0,0,0
470765,2,1,1982,17,17,17,17,17,17,17,17,17,17
470766,1,1,1982,18,18,18,18,18,18,18,18,18,18
470767,0,1,1982,0,0,0,0,0,0,0,0,0,0
470767,0,2,1982,18,0,0,23,0,0,0,0,0,0
470767,1,1,1982,0,9,28,9,0,0,0,0,0,0
470768,1,1,1982,17,17,17,17,17,17,17,17,17,17
470768,2,1,1982,11,14,32,0,0,0,15,11,0,0
470769,1,1,1982,16,19,20,19,15,23,23,14,13,15
470770,1,1,1982,29,29,29,29,29,29,29,29,29,29
470771,1,1,1982,11,11,11,11,11,11,11,11,11,11
470772,0,1,1982,33,33,33,33,33,33,33,33,33,33
470772,1,1,1982,0,0,0,0,0,19,0,0,0,0
470773,1,1,1982,0,0,0,19,14,0,0,0,20,0
470774,1,1,1982,0,16,12,26,19,0,17,12,0,4
470775,0,1,1982,17,17,17,17,17,17,17,17,17,17
470775,1,1,1982,6,0,0,0,0,0,0,0,0,11
470777,1,1,1982,0,14,27,14,14,7,21,15,0,28
470778,1,1,1982,0,0,0,18,0,0,0,29,0,28
470779,0,1,1982,3,3,3,3,3,3,3,3,3,3
470779,1,1,1982,0,0,0,0,13,0,0,0,0,0
470780,1,1,1982,0,0,0,0,0,0,0,0,0,0
470780,2,1,1982,0,0,0,0,0,0,0,0,0,0
470780,3,1,1982,0,0,0,0,0,0,13,0,0,0
470781,0,1,1982,19,19,19,19,19,19,19,19,19,19
470781,1,1,1982,14,16,28,12,0,18,0,20,0,17
470782,1,1,1982,16,16,16,16,16,16,16,16,16,16
470783,1,1,1982,14,14,14,14,14,14,14,14,14,14
470783,2,1,1982,0,0,0,0,0,0,0,0,0,0
470784,1,1,1982,0,0,0,0,0,0,0,0,0,0
470785,1,1,1982,0,0,0,0,0,0,0,0,0,0
470785,2,1,1982,0,0,0,0,0,0,0,0,0,0
470786,1,1,1982,19,19,19,19,19,19,19,19,19,19
470787,1,1,1982,0,0,0,0,0,0,0,0,0,0
470788,1,1,1982,0,0,0,0,0,0,0,0,0,0
470788,2,1,1982,24,24,24,24,24,24,24,24,24,24
470789,1,1,1982,19,19,19,19,19,19,19,19,19,19
470790,0,1,1982,0,0,20,0,0,32,41,0,13,0
470790,1,1,1982,21,21,21,21,21,21,21,21,21,21
470791,0,1,1982,41,41,41,41,41,41,41,41,41,41
470791,1,1,1982,0,0,0,0,0,16,13,18,20,34
470792,1,1,1982,0,0,0,15,0,0,0,15,14,0
470793,1,1,1982,0,0,0,0,0,0,0,0,0,0
470794,0,1,1982,0,0,0,0,0,0,0,0,0,0
470794,1,1,1982,15,16,13,0,17,20,15,15,0,0
470794,2,1,1982,8,8,8,8,8,8,8,8,8,8
470795,1,1,1982,4,4,4,4,4,4,4,4,4,4
470796,1,1,1982,0,0,0,0,0,0,0,0,0,0
470797,0,1,1982,0,0,0,0,0,0,0,0,0,0
470797,0,2,1982,32,22,16,0,24,0,7,0,28,34
470797,1,1,1982,0,0,0,0,0,0,0,0,16,0
470798,1,1,1982,21,21,21,21,21,21,21,21,21,21
470799,1,1,1982,6,0,0,18,0,0,0,0,0,0
470800,1,1,1982,27,27,27,27,27,27,27,27,27,27
470801,1,1,1982,0,0,0,0,0,0,0,0,0,0
470801,2,1,1982,13,13,13,13,13,13,13,13,13,13
470801,3,1,1982,21,21,21,21,21,21,21,21,21,21
470802,0,1,1982,0,0,0,0,0,0,0,0,0,0
470802,1,1,1982,20,20,20,20,20,20,20,20,20,20
470803,1,1,1982,1,1,1,1,1,1,1,1,1,1
470804,1,1,1982,7,7,7,7,7,7,7,7,7,7
470804,2,1,1982,11,11,11,11,11,11,11,11,11,11
470805,1,1,1982,14,14,14,14,14,14,14,14,14,14
470806,2,1,1982,4,4,4,4,4,4,4,4,4,4
470807,1,1,1982,11,11,11,11,11,11,11,11,11,11
470808,1,1,1982,0,0,0,0,0,0,0,0,0,0
470808,2,1,1982,0,0,0,0,0,0,0,0,0,0
470809,0,1,1982,0,0,0,0,0,0,0,0,0,0
470809,1,1,1982,0,0,0,0,0,0,0,0,0,0
470810,1,1,1982,6,6,6,6,6,6,6,6,6,6
470810,2,1,1982,0,0,0,0,0,0,0,0,0,0
470811,1,1,1982,19,19,19,19,19,19,19,19,19,19
470812,1,1,1982,24,0,0,0,0,6,0,0,8,5
470812,2,1,1982,24,24,24,24,24,24,24,24,24,24
470813,0,1,1982,4,4,4,4,4,4,4,4,4,4
470813,1,1,1982,0,0,0,0,0,10,0,14,0,13
470814,1,1,1982,9,9,9,9,9,9,9,9,9,9
470815,1,1,1982,17,17,17,17,17,17,17,17,17,17
470816,1,1,1982,0,0,0,0,0,0,0,0,0,0
470816,2,1,1982,0,0,0,0,0,0,0,0,0,0
470817,1,1,1982,17,17,17,17,17,17,17,17,17,17
470817,2,1,1982,9,9,9,9,9,9,9,9,9,9
470818,1,1,1982,0,0,0,0,0,0,0,0,0,0
470819,1,1,1982,0,0,0,0,0,0,0,0,0,0
470819,2,1,1982,0,0,0,0,0,0,0,0,0,0
470820,1,1,1982,25,25,25,25,25,25,25,25,25,25
470820,2,1,1982,0,0,0,0,0,13,0,0,0,0
470820,3,1,1982,0,0,0,0,0,0,23,0,0,0
470821,1,1,1982,18,18,18,18,18,18,18,18,18,18
470822,1,1,1982,0,0,0,0,0,0,0,0,0,0
470822,2,1,1982,15,11,0,0,11,14,0,10,0,2
470823,1,1,1982,9,9,9,9,9,9,9,9,9,9
470824,1,1,1982,22,22,22,22,22,22,22,22,22,22
470824,2,1,1982,23,23,23,23,23,23,23,23,23,23
470825,1,1,1982,40,0,0,0,37,17,12,17,0,0
470825,2,1,1982,22,22,22,22,22,22,22,22,22,22
470826,1,1,1982,0,0,6,0,0,0,0,0,0,0
470826,2,1,1982,0,15,4,0,0,0,22,0,0,0
470828,1,1,1982,0,0,0,0,0,8,0,19,3,0
470828,2,1,1982,0,0,0,0,0,0,0,0,0,0
470829,1,1,1982,22,2,8,16,14,12,9,9,13,24
470831,1,1,1982,8,8,8,8,8,8,8,8,8,8
470832,1,1,1982,0,0,0,0,0,0,0,0,0,0
470832,2,1,1982,1,1,1,1,1,1,1,1,1,1
470834,1,1,1982,0,0,0,0,0,0,0,0,0,0
470834,2,1,1982,12,12,12,12,12,12,12,12,12,12
470835,0,1,1982,0,3,5,0,0,0,16,10,0,0
470835,1,1,1982,0,0,0,0,0,0,0,0,0,0
470836,1,1,1982,0,0,0,0,0,0,0,0,0,0
470836,2,1,1982,0,0,0,0,0,0,0,0,0,0
470836,3,1,1982,0,0,0,0,0,0,0,0,0,0
470837,0,1,1982,19,9,45,24,30,19,30,5,26,18
470837,1,1,1982,0,0,0,0,0,0,0,21,0,16
470838,1,1,1982,20,20,20,20,20,20,20,20,20,20
470839,1,1,1982,28,24,12,16,19,18,19,33,10,11
470840,1,1,1982,0,0,0,0,0,0,0,0,0,0
470841,1,1,1982,4,4,4,4,4,4,4,4,4,4
470841,2,1,1982,0,0,0,0,0,0,0,0,0,0
470842,0,1,1982,0,0,0,0,0,0,0,0,0,0
470842,1,1,1982,0,0,0,0,0,0,0,0,0,0
470843,1,1,1982,4,4,4,4,4,4,4,4,4,4
470843,2,1,1982,15,15,15,15,15,15,15,15,15,15
470844,1,1,1982,19,19,19,19,19,19,19,19,19,19
470845,1,1,1982,18,18,18,18,18,18,18,18,18,18
470845,2,1,1982,0,0,0,0,0,0,0,0,0,0
470846,1,1,1982,0,0,0,0,0,0,0,0,0,0
470846,2,1,1982,0,0,12,0,0,0,0,0,0,0
470848,0,1,1982,19,19,19,19,19,19,19,19,19,19
470848,1,1,1982,3,3,3,3,3,3,3,3,3,3
470850,1,1,1982,0,0,0,0,0,0,0,0,0,0
470850,2,1,1982,0,0,0,0,0,0,0,0,0,0
470851,1,1,1982,17,5,19,0,8,0,0,19,0,0
470851,2,1,1982,11,0,0,21,16,13,25,0,12,0
470852,1,1,1982,0,0,0,20,0,24,0,0,0,7
470852,2,1,1982,0,0,0,0,0,10,0,0,0,22
470853,1,1,1982,26,26,0,0,26,12,19,0,20,14
470854,1,1,1982,0,0,0,0,0,0,0,0,0,0
470854,2,1,1982,0,0,0,21,0,0,0,0,0,0
470855,1,1,1982,0,0,0,0,0,0,0,0,0,0
470855,2,1,1982,0,0,0,0,0,0,10,0,0,5
470856,1,1,1982,16,16,16,16,16,16,16,16,16,16
470857,0,1,1982,0,0,0,0,0,0,0,0,0,0
470857,1,1,1982,0,0,0,0,0,15,0,0,0,27
470858,1,1,1982,17,9,11,24,18,20,17,22,23,19
470858,2,1,1982,10,10,10,10,10,10,10,10,10,10
470859,1,1,1982,9,0,9,0,0,3,0,10,0,0
470860,1,1,1982,0,0,0,0,0,4,0,0,0,0
470860,2,1,1982,11,11,11,11,11,11,11,11,11,11
470861,1,1,1982,20,20,20,20,20,20,20,20,20,20
470861,2,1,1982,0,0,0,0,0,0,0,0,0,0
470862,1,1,1982,23,18,15,20,0,0,0,11,0,21
470862,2,1,1982,9,0,33,11,6,10,10,16,19,23
470863,1,1,1982,0,0,0,0,0,0,0,0,0,0
470863,2,1,1982,0,0,0,0,0,0,0,0,6,0
470864,1,1,1982,21,21,21,21,21,21,21,21,21,21
470865,0,1,1982,0,0,0,0,0,0,0,0,0,0
470865,1,1,1982,0,0,0,0,0,0,0,0,0,0
470866,1,1,1982,17,17,17,17,17,17,17,17,17,17
470867,1,1,1982,7,0,0,0,0,11,12,22,0,0
470867,2,1,1982,27,27,27,27,27,27,27,27,27,27
470868,1,1,1982,19,19,19,19,19,19,19,19,19,19
470869,1,1,1982,0,0,0,0,0,0,0,0,0,0
470869,2,1,1982,0,0,0,0,0,0,0,0,0,0
470869,3,1,1982,0,0,0,0,0,0,0,0,0,0
470870,1,1,1982,0,0,0,0,0,0,0,0,0,0
470870,2,1,1982,0,0,0,0,0,0,0,0,0,0
470871,1,1,1982,0,0,0,0,0,0,0,0,0,0
470871,2,1,1982,0,0,0,0,0,0,0,0,0,0
470872,1,1,1982,5,5,5,5,5,5,5,5,5,5
470872,2,1,1982,0,0,0,0,0,0,0,0,0,0
470873,0,1,1982,17,17,17,17,17,17,17,17,17,17
470873,1,1,1982,0,0,0,0,0,7,0,0,0,0
470874,1,1,1982,21,21,21,21,21,21,21,21,21,21
470875,1,1,1982,4,4,4,4,4,4,4,4,4,4
470875,2,1,1982,0,0,0,0,0,0,0,0,0,0
470876,1,1,1982,28,28,28,28,28,28,28,28,28,28
470877,1,1,1982,21,3,11,8,11,20,23,15,18,26
470878,1,1,1982,0,20,17,26,0,7,10,0,0,0
470879,1,1,1982,25,25,25,25,25,25,25,25,25,25
470880,1,1,1982,22,22,22,22,22,22,22,22,22,22
470880,2,1,1982,12,12,12,12,12,12,12,12,12,12
470881,1,1,1982,17,17,17,17,17,17,17,17,17,17
470881,2,1,1982,13,13,13,13,13,13,13,13,13,13
470882,0,1,1982,31,31,31,31,31,31,31,31,31,31
470882,1,1,1982,4,14,0,0,13,20,11,0,0,0
470883,1,1,1982,11,0,0,0,0,0,0,0,0,0
470884,1,1,1982,18,18,18,18,18,18,18,18,18,18
470885,1,1,1982,20,20,20,20,20,20,20,20,20,20
470885,2,1,1982,7,7,7,7,7,7,7,7,7,7
470886,1,1,1982,11,11,11,11,11,11,11,11,11,11
470886,2,1,1982,17,0,0,7,20,35,14,0,11,31
470887,1,1,1982,0,0,0,0,0,0,0,0,0,0
470888,1,1,1982,0,14,10,0,0,0,0,15,0,0
470889,1,1,1982,15,15,15,15,15,15,15,15,15,15
470889,2,1,1982,0,0,0,0,0,0,0,0,0,0
470890,1,1,1982,14,14,14,14,14,14,14,14,14,14
470891,1,1,1982,0,0,0,0,0,0,0,0,0,0
470891,2,1,1982,24,24,24,24,24,24,24,24,24,24
470892,1,1,1982,0,9,0,13,0,0,0,5,0,0
470892,2,1,1982,14,14,14,14,14,14,14,14,14,14
470893,1,1,1982,0,0,0,0,0,0,0,0,0,0
470894,1,1,1982,6,6,6,6,6,6,6,6,6,6
470895,1,1,1982,0,0,0,0,0,0,0,0,0,0
470895,2,1,1982,0,0,9,0,0,7,0,0,0,0
470896,1,1,1982,0,0,0,0,0,0,0,0,0,0
470897,1,1,1982,0,0,0,0,0,0,0,0,0,7
470897,2,1,1982,27,27,27,27,27,27,27,27,27,27
470898,1,1,1982,13,13,13,13,13,13,13,13,13,13
470898,2,1,1982,0,0,0,0,0,0,0,0,0,16
470898,3,1,1982,0,0,19,0,0,0,0,0,0,0
470899,1,1,1982,0,0,0,0,0,0,0,0,0,0
470899,2,1,1982,0,21,0,16,11,26,21,9,22,20
470900,1,1,1982,0,0,0,0,0,0,0,0,0,0
470901,1,1,1982,26,26,26,26,26,26,26,26,26,26
470902,1,1,1982,27,27,27,27,27,27,27,27,27,27
470903,1,1,1982,0,0,0,0,0,0,0,0,0,0
470904,1,1,1982,0,0,0,0,0,0,0,0,0,0
470904,2,1,1982,0,0,0,0,0,7,0,0,19,0
470905,0,1,1982,6,6,6,6,6,6,6,6,6,6
470905,1,1,1982,19,19,19,19,19,19,19,19,19,19
470906,1,1,1982,0,0,0,0,0,0,0,0,0,0
470906,2,1,1982,0,0,0,25,0,0,0,0,0,0
470907,1,1,1982,11,11,11,11,11,11,11,11,11,11
470908,1,1,1982,0,0,0,0,0,0,0,0,0,0
470909,0,1,1982,0,0,0,0,0,0,0,0,0,0
470910,1,1,1982,0,0,0,0,0,0,0,0,0,0
470911,1,1,1982,0,17,23,9,0,0,4,24,9,10
470911,2,1,1982,11,11,11,11,11,11,11,11,11,11
470911,3,1,1982,0,0,0,13,0,0,24,0,0,0
470912,1,1,1982,18,14,13,23,7,16,10,11,5,11
470913,1,1,1982,14,22,15,25,9,14,18,24,15,15
470914,1,1,1982,20,0,6,0,0,20,0,17,0,0
470915,1,1,1982,18,9,0,0,9,30,0,17,0,12
470916,1,1,1982,27,6,6,7,17,11,3,11,0,20
470917,1,1,1982,0,0,0,0,0,0,0,0,0,0
470918,1,1,1982,25,25,25,25,25,25,25,25,25,25
470919,1,1,1982,0,0,15,0,0,0,0,0,0,0
470920,1,1,1982,19,19,19,19,19,19,19,19,19,19
470921,1,1,1982,5,0,14,0,0,13,17,0,0,13
470922,1,1,1982,0,0,0,20,0,0,34,0,0,0
470923,1,1,1982,0,7,0,0,12,0,0,0,0,12
470924,1,1,1982,0,0,0,0,0,0,0,0,0,0
470924,2,1,1982,0,0,0,0,0,0,0,0,0,0
470925,1,1,1982,0,0,0,0,0,0,0,0,0,0