ST_CASE,VEH_NO,PER_NO,YEAR,P1,P2,P3,P4,P5,P6,P7,P8,P9,P10
480228,1,1,1982,16,0,16,0,0,0,13,9,14,0
480228,2,1,1982,0,5,0,11,4,15,3,8,9,16
480229,1,1,1982,0,0,0,0,0,0,18,0,6,0
480229,2,1,1982,0,16,0,0,0,0,14,0,27,0
480230,0,1,1982,15,21,9,19,21,17,25,0,21,7
480230,1,1,1982,0,9,6,0,10,0,7,5,0,0
480231,1,1,1982,26,23,29,10,26,19,8,21,31,15
480232,1,1,1982,23,8,7,10,14,15,5,17,37,14
480232,2,1,1982,0,17,16,7,16,0,20,0,22,0
480233,1,1,1982,27,14,24,0,11,0,0,25,0,0
480234,0,1,1982,0,0,0,0,0,0,0,0,0,0
480234,1,1,1982,0,0,0,0,0,0,0,0,0,0
480235,1,1,1982,0,30,20,27,16,23,15,19,0,14
480236,1,1,1982,23,14,10,0,0,12,8,0,0,0
480236,2,1,1982,0,15,20,16,17,22,14,0,28,0
480237,1,1,1982,3,0,0,6,0,0,24,0,15,13
480237,2,1,1982,16,15,21,0,22,14,10,23,19,6
480238,1,1,1982,5,0,13,28,16,24,20,17,6,0
480238,2,1,1982,0,0,0,0,0,0,0,0,0,0
480239,1,1,1982,5,5,5,5,5,5,5,5,5,5
480239,2,1,1982,0,11,0,21,0,0,0,0,8,0
480240,1,1,1982,0,0,8,0,0,0,0,0,10,0
480240,2,1,1982,0,0,0,0,0,0,10,0,0,19
480240,3,1,1982,0,0,0,0,0,0,0,0,0,0
480241,1,1,1982,0,15,15,20,0,14,14,26,14,16
480242,1,1,1982,11,18,23,26,19,17,3,31,26,18
480242,2,1,1982,0,0,0,0,0,0,0,0,0,0
480243,1,1,1982,0,0,0,0,27,0,0,21,0,0
480243,2,1,1982,0,14,15,0,15,11,14,26,14,11
480244,1,1,1982,19,0,17,12,14,29,24,20,21,10
480245,1,1,1982,0,0,0,0,0,0,0,0,0,0
480245,2,1,1982,0,0,0,0,0,0,0,0,19,0
480246,0,1,1982,12,29,33,22,13,11,12,0,13,34
480246,1,1,1982,27,0,5,0,0,31,0,22,14,0
480247,1,1,1982,0,0,0,0,0,0,0,0,0,0
480247,2,1,1982,0,0,0,0,0,0,0,0,0,0
480248,1,1,1982,29,29,29,29,29,29,29,29,29,29
480249,1,1,1982,0,0,0,17,12,0,0,0,23,13
480250,1,1,1982,0,11,0,0,0,0,0,0,0,0
480250,2,1,1982,0,20,0,0,0,11,0,0,0,0
480251,1,1,1982,0,10,8,0,0,0,0,0,0,4
480251,2,1,1982,0,0,0,0,0,0,0,0,0,0
480252,1,1,1982,26,18,16,10,13,15,22,33,0,0
480253,0,1,1982,0,24,0,0,0,0,0,0,0,0
480253,1,1,1982,14,0,0,0,0,0,0,4,0,0
480254,1,1,1982,13,0,0,16,14,39,21,0,18,13
480255,1,1,1982,17,14,10,11,22,13,12,43,14,21
480256,1,1,1982,31,24,0,0,14,0,23,22,0,10
480256,2,1,1982,0,9,0,0,0,0,0,0,13,12
480257,1,1,1982,0,0,0,0,0,0,0,0,0,0
480257,2,1,1982,0,0,0,0,0,0,0,0,0,0
480258,1,1,1982,8,11,12,16,5,19,16,27,22,28
480259,1,1,1982,11,0,22,15,22,22,26,14,14,0
480260,1,1,1982,0,0,0,0,0,0,0,0,4,0
480260,2,1,1982,25,11,14,25,13,16,11,24,22,19
480261,1,1,1982,0,0,0,0,0,0,0,0,0,0
480261,2,1,1982,0,0,0,18,0,0,0,0,0,0
480262,0,1,1982,16,26,13,19,18,0,16,14,0,3
480262,1,1,1982,0,16,0,0,0,0,7,0,0,0
480263,1,1,1982,27,26,10,7,19,21,14,23,11,38
480264,1,1,1982,17,30,10,12,14,18,21,13,0,23
480265,1,1,1982,0,0,0,0,0,0,25,0,0,0
480265,2,1,1982,0,0,0,0,0,12,0,0,0,0
480266,1,1,1982,0,0,0,0,0,0,0,0,0,0
480266,2,1,1982,0,0,0,0,0,0,18,0,0,0
480267,1,1,1982,11,9,14,14,11,4,14,17,5,15
480267,2,1,1982,15,11,18,26,0,2,14,0,0,0
480268,0,1,1982,20,38,15,17,11,13,21,15,17,44
480268,1,1,1982,18,24,13,0,0,0,13,0,15,0
480269,0,1,1982,8,19,24,14,39,28,36,39,3,12
480269,1,1,1982,32,12,11,0,26,18,0,7,8,0
480270,1,1,1982,0,0,0,0,0,0,0,0,0,0
480271,1,1,1982,12,26,26,28,20,31,18,10,24,23
480272,1,1,1982,10,18,19,0,0,0,16,0,25,20
480272,2,1,1982,0,0,5,0,0,0,0,0,0,0
480273,1,1,1982,0,0,0,0,30,16,13,16,15,0
480274,1,1,1982,7,0,0,0,0,0,0,14,0,22
480274,2,1,1982,0,0,0,0,0,0,0,14,0,11
480275,0,1,1982,26,0,0,5,0,7,0,0,5,0
480275,1,1,1982,0,0,19,14,18,0,8,0,12,0
480276,1,1,1982,14,18,18,11,4,0,3,18,6,14
480277,1,1,1982,11,7,12,0,22,21,7,29,20,13
480278,1,1,1982,0,0,0,0,0,0,0,0,0,0
480278,2,1,1982,0,0,11,24,0,0,0,0,17,0
480279,1,1,1982,0,0,0,0,0,9,23,25,7,7
480279,2,1,1982,5,13,9,15,0,5,0,0,0,7
480280,0,1,1982,0,0,0,0,0,0,0,0,0,0
480280,1,1,1982,0,0,0,0,8,0,0,10,9,0
480281,0,1,1982,0,18,15,13,21,22,22,13,20,36
480281,1,1,1982,0,14,9,0,0,0,0,25,0,0
480282,1,1,1982,0,0,23,0,0,0,39,4,0,9
480282,2,1,1982,0,0,0,0,3,0,0,0,0,13
480282,3,1,1982,0,0,7,0,0,7,0,0,0,0
480283,1,1,1982,18,0,23,38,18,9,10,17,25,22
480284,1,1,1982,18,38,10,31,12,12,19,19,35,14
480285,1,1,1982,21,24,5,27,20,12,15,17,30,19
480286,1,1,1982,8,9,0,0,0,0,0,21,0,0
480287,1,1,1982,0,14,0,20,0,0,10,0,29,13
480287,2,1,1982,16,16,0,0,6,0,0,21,0,0
480288,1,1,1982,0,0,0,0,0,0,0,17,0,0
480289,1,1,1982,15,9,11,34,17,15,19,11,11,15
480290,1,1,1982,20,20,28,19,0,17,0,0,19,20
480291,1,1,1982,29,12,14,24,26,16,9,31,20,9
480292,1,1,1982,34,15,0,15,12,14,20,18,13,25
480292,2,1,1982,13,15,0,5,25,9,31,4,11,6
480293,1,1,1982,9,0,13,0,0,0,10,39,5,0
480294,1,1,1982,4,14,17,14,13,11,17,16,22,20
480295,0,1,1982,0,0,21,28,0,0,0,0,0,0
480295,1,1,1982,8,8,0,0,14,0,0,0,9,0
480296,1,1,1982,0,0,0,0,0,0,0,0,0,0
480296,2,1,1982,16,15,17,4,12,14,12,17,15,11
480297,1,1,1982,0,0,0,0,0,0,0,15,12,0
480297,2,1,1982,0,0,0,0,0,0,0,0,0,0
480298,1,1,1982,18,6,0,27,0,0,7,0,0,18
480298,2,1,1982,0,0,30,0,6,0,17,0,0,0
480299,1,1,1982,13,21,14,9,30,18,23,21,24,21
480300,1,1,1982,0,0,20,11,0,0,9,0,0,16
480301,0,1,1982,10,28,29,15,31,11,14,8,13,23
480301,1,1,1982,0,0,0,0,12,0,0,0,0,0
480302,0,1,1982,0,0,29,0,0,0,0,0,0,16
480302,1,1,1982,13,6,29,10,16,13,14,0,12,0
480303,1,1,1982,6,7,21,12,33,13,5,24,21,7
480303,2,1,1982,5,0,0,0,0,8,4,0,18,0
480304,1,1,1982,0,0,0,9,36,15,25,16,19,33
480305,1,1,1982,0,0,0,0,0,0,0,0,0,0
480306,1,1,1982,0,13,0,0,0,0,14,0,0,6
480306,2,1,1982,19,0,26,0,0,10,0,12,5,0
480307,1,1,1982,10,19,0,16,0,7,21,21,19,0
480308,1,1,1982,15,5,0,11,14,8,6,3,17,12
480309,0,1,1982,0,0,0,0,0,0,0,0,0,0
480309,0,2,1982,0,0,0,0,0,0,0,0,0,0
480309,1,1,1982,0,0,32,0,0,0,19,0,12,0
480310,1,1,1982,0,0,0,0,0,8,0,0,0,0
480310,2,1,1982,0,0,29,0,0,0,18,0,0,0
480311,1,1,1982,0,66,0,0,10,39,3,4,0,0
480311,2,1,1982,17,7,7,0,0,0,0,27,0,0
480312,1,1,1982,15,23,18,37,25,21,10,16,9,21
480313,1,1,1982,0,17,0,0,0,0,0,0,0,0
480313,2,1,1982,0,0,0,0,0,0,0,0,0,0
480314,1,1,1982,0,0,0,0,0,0,0,0,0,0
480314,2,1,1982,0,0,16,0,0,0,0,0,0,0
480315,1,1,1982,0,0,5,0,0,0,0,0,0,0
480315,2,1,1982,0,0,0,0,0,0,5,0,0,0
480316,1,1,1982,16,0,0,0,0,13,0,22,0,11
480316,2,1,1982,10,0,10,0,0,13,0,0,0,0
480316,3,1,1982,0,0,0,0,0,0,11,0,21,13
480317,0,1,1982,0,5,6,0,0,0,17,0,0,0
480317,1,1,1982,8,0,0,0,13,0,0,0,0,0
480318,1,1,1982,7,0,23,27,14,24,0,17,0,0
480318,2,1,1982,0,13,0,0,8,0,31,13,21,13
480319,0,1,1982,0,0,0,0,0,0,0,0,0,0
480319,1,1,1982,0,0,0,0,0,0,0,0,0,0
480320,1,1,1982,15,32,16,29,29,40,21,19,32,14
480321,1,1,1982,0,0,5,0,0,0,0,27,0,0
480321,2,1,1982,0,0,0,0,0,0,0,0,0,0
480322,1,1,1982,17,0,0,0,0,0,0,5,0,0
480322,2,1,1982,0,0,0,0,0,0,0,9,0,12
480323,1,1,1982,23,19,36,15,20,0,23,30,27,29
480324,0,1,1982,19,15,21,20,14,18,25,30,21,36
480324,1,1,1982,0,2,0,0,0,0,0,0,0,0
480325,0,1,1982,0,0,0,0,0,0,0,0,0,0
480325,1,1,1982,0,0,0,0,0,0,0,0,0,0
480326,1,1,1982,10,16,0,22,14,18,20,17,25,24
480326,2,1,1982,0,7,0,0,0,6,4,0,0,0
480327,1,1,1982,9,15,13,16,11,16,29,0,21,19
480328,1,1,1982,0,0,0,0,22,0,0,22,35,9
480329,1,1,1982,0,0,0,0,0,0,0,0,0,0
480329,2,1,1982,4,15,0,0,0,0,0,0,0,0
480329,3,1,1982,0,3,0,0,8,33,0,0,0,0
480330,1,1,1982,15,19,17,0,16,35,6,10,12,0
480330,2,1,1982,0,25,0,0,0,0,6,0,0,0
480331,1,1,1982,4,11,0,13,15,9,0,16,6,14
480331,2,1,1982,4,48,29,17,13,22,0,17,20,20
480332,1,1,1982,16,18,18,16,14,16,28,16,21,19
480333,1,1,1982,37,0,0,0,0,0,0,0,0,0
480334,1,1,1982,28,25,0,15,14,0,0,0,0,0
480334,2,1,1982,0,0,0,0,0,0,0,0,0,0
480335,1,1,1982,19,13,17,12,27,0,31,7,31,13
480336,1,1,1982,14,0,18,5,13,12,8,7,17,20
480336,2,1,1982,0,9,0,16,0,0,4,0,4,6
480337,1,1,1982,13,10,0,18,0,12,0,29,0,17
480338,1,1,1982,0,0,0,0,0,0,0,0,0,0
480338,2,1,1982,0,0,0,0,0,0,0,0,0,0
480339,1,1,1982,0,0,12,42,23,17,0,29,28,23
480340,0,1,1982,0,17,12,17,0,0,10,0,14,0
480340,1,1,1982,0,0,0,0,11,2,0,0,0,7
480341,0,1,1982,0,0,0,0,0,0,0,0,0,0
480341,1,1,1982,0,0,0,0,0,0,24,0,11,0
480342,1,1,1982,0,0,0,0,0,0,0,0,0,0
480342,2,1,1982,0,0,0,8,0,0,0,0,0,23
480343,0,1,1982,20,24,22,29,26,11,20,11,39,34
480343,1,1,1982,0,0,0,0,0,0,10,12,23,0
480344,1,1,1982,0,0,11,0,0,0,0,12,12,0
480344,2,1,1982,10,13,9,3,5,0,4,14,20,0
480345,1,1,1982,0,0,17,0,13,0,3,0,0,12
480345,2,1,1982,15,21,20,14,21,26,17,30,16,8
480346,1,1,1982,0,0,18,0,0,0,0,0,13,0
480346,2,1,1982,6,0,0,0,25,0,0,0,0,0
480347,1,1,1982,34,11,30,31,4,34,0,30,20,19
480348,1,1,1982,4,19,16,12,20,20,11,8,15,31
480348,2,1,1982,18,3,0,0,4,20,14,8,14,17
480349,1,1,1982,6,6,0,0,0,0,0,15,0,0
480349,2,1,1982,0,0,0,0,0,0,0,0,0,10
480350,1,1,1982,0,24,0,0,5,22,19,24,17,15
480350,2,1,1982,21,19,5,15,18,17,0,17,22,14
480351,1,1,1982,0,0,0,0,0,0,0,0,0,0
480351,2,1,1982,4,0,0,0,0,0,0,0,0,0
480352,1,1,1982,8,5,0,16,18,19,14,20,19,5
480353,1,1,1982,15,15,15,15,15,15,15,15,15,15
480353,2,1,1982,0,0,11,0,33,14,17,23,5,19
480354,1,1,1982,15,15,21,15,25,4,10,21,23,22
480355,1,1,1982,0,0,0,0,7,0,0,0,0,0
480355,2,1,1982,11,0,0,18,0,16,5,0,0,0
480356,0,1,1982,20,15,18,27,26,19,15,23,28,18
480356,1,1,1982,27,0,0,0,0,0,0,0,12,0
480357,1,1,1982,12,6,11,17,20,10,11,19,28,18
480358,1,1,1982,28,15,26,23,31,12,28,18,13,20
480359,1,1,1982,9,0,18,21,20,20,11,7,5,7
480359,2,1,1982,10,0,31,7,13,29,18,15,8,16
480360,1,1,1982,0,0,11,7,20,12,0,4,0,0
480360,2,1,1982,0,0,0,0,0,0,0,0,21,12
480361,1,1,1982,0,26,0,0,0,15,0,0,0,5
480361,2,1,1982,28,11,5,6,19,12,29,0,28,17
480362,1,1,1982,23,0,11,0,8,12,23,37,0,17
480362,2,1,1982,0,0,0,0,12,0,0,0,0,16
480363,0,1,1982,3,0,12,0,20,8,10,0,0,4
480363,1,1,1982,0,16,18,19,0,0,0,17,0,0
480364,1,1,1982,27,16,25,14,18,28,22,23,32,14
480365,1,1,1982,0,0,27,16,15,34,24,0,10,12
480366,1,1,1982,12,0,26,25,11,16,17,17,24,17
480367,1,1,1982,0,7,8,13,17,12,12,24,18,25
480368,1,1,1982,30,0,12,23,8,14,21,15,16,17
480368,2,1,1982,22,11,17,28,24,23,12,13,22,18
480369,1,1,1982,0,25,28,21,24,24,11,27,0,0
480369,2,1,1982,14,15,10,0,0,0,0,0,0,0
480370,1,1,1982,0,0,0,7,0,0,0,0,0,0
480370,2,1,1982,0,0,0,0,0,0,0,0,0,0
480371,1,1,1982,0,0,0,0,18,0,0,0,14,0
480371,2,1,1982,0,0,0,0,0,0,0,0,0,0
480372,1,1,1982,0,30,0,30,19,8,18,0,21,17
480372,2,1,1982,0,0,0,0,0,0,6,23,0,13
480373,1,1,1982,22,26,16,9,18,5,28,5,8,28
480374,1,1,1982,0,0,0,0,0,0,15,0,0,0
480374,2,1,1982,0,0,0,9,0,24,0,4,0,0
480375,1,1,1982,4,0,0,0,0,0,0,0,0,0
480376,1,1,1982,0,0,0,0,0,0,0,0,0,0
480376,2,1,1982,21,0,17,16,0,18,14,12,13,16
480377,1,1,1982,30,0,8,17,0,0,0,13,0,26
480378,1,1,1982,0,0,0,21,8,0,29,9,19,7
480379,1,1,1982,19,17,14,22,13,8,0,12,22,14
480380,1,1,1982,23,14,7,1,21,25,25,27,10,0
480380,2,1,1982,0,0,0,0,0,0,0,0,0,0
480381,0,1,1982,0,0,0,0,0,0,0,0,0,0
480381,1,1,1982,9,13,22,27,2,0,17,7,15,16
480382,0,1,1982,23,0,29,21,19,0,5,17,20,23
480382,1,1,1982,0,0,0,0,0,0,0,0,0,9
480383,0,1,1982,0,0,0,0,0,13,0,0,0,0
480383,1,1,1982,0,0,0,0,0,0,0,0,0,0
480384,0,1,1982,29,23,5,11,15,11,0,0,14,19
480384,1,1,1982,10,14,11,0,15,0,0,0,0,0
480385,1,1,1982,0,24,0,23,28,38,20,28,21,22
480386,1,1,1982,20,11,17,17,16,28,0,12,13,26
480386,2,1,1982,25,0,10,0,9,7,24,10,0,0
480387,0,1,1982,0,0,0,0,0,0,21,0,0,24
480387,1,1,1982,0,0,0,13,7,0,0,10,7,0
480388,1,1,1982,0,17,0,0,24,0,0,0,0,0
480388,2,1,1982,0,0,0,21,0,0,0,0,17,10
480389,1,1,1982,8,7,9,5,17,20,25,15,18,19
480390,1,1,1982,10,20,22,15,16,29,15,13,25,9
480391,0,1,1982,16,12,24,0,28,0,0,15,0,18
480391,1,1,1982,0,0,0,0,0,0,13,0,0,0
480392,1,1,1982,0,0,0,0,0,0,0,13,25,0
480393,1,1,1982,0,0,0,0,0,0,0,0,17,0
480394,1,1,1982,0,0,0,28,0,0,0,0,0,0
480394,2,1,1982,0,18,0,19,11,0,0,28,14,0
480395,1,1,1982,0,0,5,0,14,18,0,0,0,18
480395,2,1,1982,0,0,0,0,0,9,0,0,0,3
480396,1,1,1982,0,0,0,0,0,0,5,0,0,0
480396,2,1,1982,0,0,0,0,0,0,0,0,0,0
480397,0,1,1982,0,0,0,0,4,0,0,19,13,0
480397,1,1,1982,0,15,0,0,6,15,0,0,13,0
480398,1,1,1982,10,13,23,44,23,19,16,6,15,23
480399,1,1,1982,0,0,0,0,0,0,0,0,0,0
480399,2,1,1982,0,0,4,0,0,0,0,0,0,0
480400,1,1,1982,26,9,0,9,23,13,13,28,6,19
480400,2,1,1982,0,0,0,0,0,0,0,0,0,0
480401,1,1,1982,22,19,14,18,22,13,9,0,0,10
480402,1,1,1982,12,17,10,19,17,11,11,32,11,11
480403,0,1,1982,13,12,14,12,0,9,12,17,38,0
480403,1,1,1982,10,29,0,7,8,8,16,0,0,12
480404,1,1,1982,20,11,20,4,18,4,12,17,19,18
480405,1,1,1982,22,28,15,14,8,6,16,21,23,15
480405,2,1,1982,0,10,22,30,15,17,13,0,28,0
480406,1,1,1982,0,0,0,0,0,0,0,11,0,21
480407,1,1,1982,0,0,0,0,0,0,0,0,0,0
480407,2,1,1982,0,0,0,0,0,0,0,0,0,0
480408,1,1,1982,35,47,23,14,11,5,15,18,29,12
480409,1,1,1982,15,11,0,0,17,18,7,9,16,21
480409,2,1,1982,0,0,5,0,0,0,0,0,2,0
480410,1,1,1982,0,0,0,0,0,9,0,0,0,5
480410,2,1,1982,0,21,13,24,9,0,4,0,0,0
480411,0,1,1982,17,13,0,26,23,36,12,37,0,13
480411,1,1,1982,3,0,0,0,0,0,0,0,0,0
480412,1,1,1982,13,15,17,23,6,28,7,24,8,9
480413,0,1,1982,0,0,7,7,0,0,21,5,0,0
480413,0,2,1982,10,20,9,8,21,20,33,25,0,26
480413,1,1,1982,0,0,0,12,0,0,14,0,0,0
480414,1,1,1982,24,18,0,23,27,0,11,0,8,15
480415,1,1,1982,0,0,0,0,0,0,13,0,0,0
480416,1,1,1982,9,12,16,6,18,9,5,16,15,24
480417,1,1,1982,0,6,9,0,16,7,15,0,0,0
480418,1,1,1982,11,7,9,27,6,20,19,16,20,15
480419,1,1,1982,29,0,0,0,14,0,0,18,16,0
480419,2,1,1982,0,0,0,0,0,0,0,3,0,0
480420,1,1,1982,9,0,0,0,0,0,0,19,0,19
480420,2,1,1982,0,0,0,0,24,11,0,0,21,0
480421,0,1,1982,14,0,0,0,0,0,0,0,0,0
480421,1,1,1982,0,0,0,0,0,0,14,0,0,0
480422,1,1,1982,21,21,6,22,15,24,19,5,23,19
480423,1,1,1982,13,21,18,6,27,8,11,13,22,14
480423,2,1,1982,20,14,9,25,16,6,26,14,0,0
480424,1,1,1982,12,15,16,13,4,29,9,19,21,15
480425,1,1,1982,25,16,17,9,13,0,18,0,0,33
480426,1,1,1982,3,0,0,0,0,0,0,0,0,0
480426,2,1,1982,0,0,0,0,0,0,0,0,0,0
480427,1,1,1982,0,0,0,0,0,0,0,0,0,0
480427,2,1,1982,0,0,0,0,12,0,0,0,0,0
480428,1,1,1982,41,19,2,19,5,12,0,23,0,13
480428,2,1,1982,18,29,19,14,12,21,0,22,19,21
480429,1,1,1982,12,0,24,0,4,0,9,24,0,0
480429,2,1,1982,4,10,3,0,15,0,0,14,9,0
480430,1,1,1982,0,12,21,10,17,9,27,19,24,23
480431,0,1,1982,0,0,7,0,0,0,0,9,0,0
480431,1,1,1982,15,0,0,0,0,0,6,9,0,15
480432,0,1,1982,0,18,24,0,14,14,15,9,0,0
480432,1,1,1982,11,18,0,0,13,13,0,19,0,0
480433,1,1,1982,23,14,0,0,0,0,19,0,0,15
480433,2,1,1982,0,0,0,0,0,0,0,0,0,0
480434,1,1,1982,0,0,0,0,18,0,0,0,4,0
480434,2,1,1982,18,13,8,9,10,15,14,29,5,15
480435,1,1,1982,0,0,4,14,22,0,14,22,2,0
480436,1,1,1982,0,12,22,0,0,14,0,0,0,0
480436,2,1,1982,0,0,0,0,0,0,12,9,0,0
480437,1,1,1982,12,19,24,20,40,11,19,31,32,40
480438,1,1,1982,0,0,17,0,0,6,0,9,0,0
480438,2,1,1982,0,0,0,0,0,0,0,0,0,0
480439,1,1,1982,0,16,0,10,14,15,9,26,0,0
480440,1,1,1982,26,26,26,26,26,26,26,26,26,26
480441,1,1,1982,11,19,0,30,13,4,0,4,12,0
480442,1,1,1982,0,0,27,0,0,0,5,0,0,0
480442,2,1,1982,0,0,0,2,0,38,0,0,5,0
480443,1,1,1982,3,0,0,0,0,0,0,0,0,0
480443,2,1,1982,0,0,0,4,0,0,17,20,0,0
480444,1,1,1982,0,0,23,0,0,0,18,0,11,0
480444,2,1,1982,16,16,16,16,16,16,16,16,16,16
480445,1,1,1982,14,27,15,11,32,4,26,24,34,31
480446,1,1,1982,23,13,21,12,19,27,13,16,20,25
480446,2,1,1982,0,0,0,0,0,11,0,0,0,10
480447,1,1,1982,0,25,6,0,11,0,0,0,0,20
480447,2,1,1982,0,0,0,0,0,5,0,0,0,0
480448,1,1,1982,16,23,30,19,22,16,23,18,12,19
480449,1,1,1982,21,12,37,25,11,17,22,24,8,29
480450,0,1,1982,0,0,41,18,25,0,21,12,32,0
480450,1,1,1982,0,0,27,0,0,16,14,0,0,0
480451,1,1,1982,25,35,16,19,15,13,0,19,23,14
480451,2,1,1982,15,0,17,18,10,21,17,0,19,23
480452,0,1,1982,0,0,0,0,0,15,0,0,0,0
480452,1,1,1982,0,0,0,0,0,0,0,10,0,0
480453,1,1,1982,0,0,0,0,0,0,0,0,0,0
480453,2,1,1982,0,0,14,0,0,0,0,0,6,0
480454,1,1,1982,12,15,18,15,21,17,21,18,10,25
480454,2,1,1982,0,0,0,0,0,31,0,15,0,24
480454,3,1,1982,0,0,0,0,0,0,0,23,0,17
480455,0,1,1982,10,0,24,27,20,25,34,17,11,13
480455,1,1,1982,2,2,2,2,2,2,2,2,2,2
480456,1,1,1982,6,0,28,0,0,0,0,0,0,0
480456,2,1,1982,11,22,0,22,0,0,3,0,21,5
480457,1,1,1982,6,0,0,0,0,0,0,0,0,0
480457,2,1,1982,0,0,0,0,0,0,37,0,0,22
480458,1,1,1982,10,0,20,26,16,11,24,35,11,18
480459,1,1,1982,0,0,0,50,0,0,0,0,0,15
480460,1,1,1982,10,35,0,24,32,25,18,26,19,19
480460,2,1,1982,0,0,0,0,0,0,0,0,0,0
480461,1,1,1982,17,14,7,20,12,18,8,14,8,17
480462,1,1,1982,0,0,0,0,0,2,0,0,0,0
480462,2,1,1982,0,0,0,0,0,0,0,0,0,0
480462,3,1,1982,0,0,0,18,0,16,0,24,12,0
480463,1,1,1982,14,11,42,14,23,20,18,20,16,21
480463,2,1,1982,0,0,0,0,11,18,0,15,13,0
480464,1,1,1982,28,15,27,23,13,14,15,22,16,18
480464,2,1,1982,8,0,0,0,13,6,12,9,13,0
480465,1,1,1982,9,22,15,15,41,18,29,21,31,21
480465,2,1,1982,0,0,0,0,0,7,0,5,0,0
480466,1,1,1982,0,0,26,23,20,17,14,23,21,21
480467,1,1,1982,21,27,13,0,0,0,0,16,12,0
480467,2,1,1982,0,8,0,17,19,0,0,20,16,0
480468,1,1,1982,11,0,27,17,0,6,16,17,26,9
480469,0,1,1982,19,36,15,33,26,26,16,17,19,0
480469,1,1,1982,9,23,10,0,0,16,6,6,0,0
480470,1,1,1982,23,7,28,12,11,14,18,16,31,21
480471,0,1,1982,16,23,0,14,7,9,14,16,19,23
480471,1,1,1982,11,17,0,0,0,0,0,0,0,0
480472,1,1,1982,19,20,11,0,11,28,0,26,33,25
480473,1,1,1982,20,17,25,14,13,8,11,25,13,23
480473,2,1,1982,0,0,0,0,0,0,0,0,0,0
480474,1,1,1982,14,14,14,14,14,14,14,14,14,14
480475,1,1,1982,19,19,35,7,43,38,19,0,28,23
480476,0,1,1982,0,0,10,0,0,0,0,0,0,0
480476,1,1,1982,0,0,0,0,0,0,6,0,0,12
480477,1,1,1982,21,19,8,0,25,23,0,0,18,28
480478,1,1,1982,0,0,0,0,0,0,0,32,21,0
480479,1,1,1982,14,25,18,30,16,0,20,17,29,15
480480,1,1,1982,0,26,12,23,18,23,26,8,16,0
480481,1,1,1982,15,11,0,19,21,15,22,0,10,7
480482,1,1,1982,7,20,28,14,13,5,21,9,5,13
480483,1,1,1982,0,0,0,0,0,16,0,11,0,0
480484,0,1,1982,0,0,0,0,0,0,0,0,0,0
480484,1,1,1982,0,0,0,0,0,0,0,10,0,0
480485,1,1,1982,0,11,0,0,0,10,9,0,10,23
480486,0,1,1982,0,0,0,0,0,0,0,0,0,0
480486,1,1,1982,0,0,8,25,0,0,0,23,0,0
480487,1,1,1982,23,7,0,14,0,0,25,18,0,0
480488,1,1,1982,25,0,21,7,11,6,26,10,15,0
480489,1,1,1982,23,13,26,18,21,0,13,19,18,16
480490,1,1,1982,0,19,9,18,0,19,0,0,0,0
480490,2,1,1982,23,20,0,0,0,0,18,0,13,13
480491,0,1,1982,0,0,0,0,0,0,0,0,0,0
480491,1,1,1982,0,0,0,0,0,0,0,0,0,0
480492,1,1,1982,20,20,20,20,20,20,20,20,20,20
480492,2,1,1982,7,0,17,0,13,0,7,0,0,15
480493,1,1,1982,0,9,0,12,11,0,0,0,21,0
480494,0,1,1982,0,8,0,18,0,0,0,0,0,0
480494,1,1,1982,10,17,0,0,24,0,0,0,27,0
480495,1,1,1982,0,0,0,0,2,0,0,14,0,0
480496,1,1,1982,8,16,23,18,12,32,5,15,18,14
480497,1,1,1982,5,16,0,0,15,0,0,22,20,13
480497,2,1,1982,0,19,9,12,0,0,17,3,0,0
480498,1,1,1982,7,13,4,0,6,0,0,0,0,0
480499,0,1,1982,0,0,0,0,0,22,0,18,0,0
480499,1,1,1982,20,10,24,12,29,11,14,12,9,0
480500,0,1,1982,0,25,0,0,7,0,28,8,2,0
480500,1,1,1982,0,10,0,0,8,17,0,0,0,15
480501,1,1,1982,0,0,0,9,0,13,0,3,0,7
480501,2,1,1982,0,0,0,2,0,0,0,0,7,0
480502,0,1,1982,0,0,0,0,0,22,19,8,0,0
480502,1,1,1982,0,15,0,17,0,0,0,12,0,21
480503,1,1,1982,0,22,0,0,0,0,0,0,0,0
480503,2,1,1982,0,0,0,0,0,0,0,0,0,0
480503,3,1,1982,0,0,0,12,0,0,0,0,0,13
480504,1,1,1982,19,26,0,0,0,0,0,18,15,19
480504,2,1,1982,0,7,13,0,0,0,0,0,0,28
480504,3,1,1982,0,0,0,0,0,0,0,0,0,0
480505,1,1,1982,0,0,0,0,0,0,0,0,0,0
480505,2,1,1982,0,0,0,0,0,0,0,6,9,0
480506,0,1,1982,0,0,0,25,18,0,23,0,21,0
480506,1,1,1982,0,0,0,0,0,0,0,0,0,0
480507,1,1,1982,0,8,9,0,19,25,17,0,21,0