ST_CASE,VEH_NO,PER_NO,YEAR,P1,P2,P3,P4,P5,P6,P7,P8,P9,P10
480508,1,1,1982,14,0,0,0,6,0,0,0,26,10
480508,2,1,1982,0,0,0,0,0,0,0,0,0,0
480509,0,1,1982,0,0,12,0,0,0,0,0,0,0
480510,1,1,1982,23,18,5,0,27,0,0,0,0,0
480510,2,1,1982,0,0,0,38,0,0,0,0,0,0
480511,1,1,1982,15,0,12,0,0,0,0,11,12,0
480512,1,1,1982,0,0,0,0,0,0,0,0,0,18
480512,2,1,1982,0,0,0,0,10,0,0,0,35,0
480513,1,1,1982,14,27,0,0,0,28,0,0,0,0
480513,2,1,1982,0,0,0,0,0,0,0,0,0,0
480514,1,1,1982,20,24,34,15,27,16,20,14,26,24
480515,1,1,1982,20,26,13,33,0,25,17,29,23,23
480516,1,1,1982,3,7,0,7,0,17,10,11,0,16
480516,2,1,1982,0,0,0,17,0,0,0,0,0,0
480517,1,1,1982,0,0,20,0,0,0,14,0,0,15
480517,2,1,1982,0,0,0,0,0,0,0,0,0,0
480518,1,1,1982,0,0,7,0,14,0,0,22,0,10
480518,2,1,1982,0,14,0,13,0,0,0,11,17,0
480519,1,1,1982,0,0,0,0,0,4,22,0,0,0
480519,2,1,1982,22,11,22,23,21,14,18,12,10,26
480520,0,1,1982,0,0,0,21,0,0,0,0,0,0
480520,1,1,1982,0,0,0,0,0,0,0,0,0,0
480521,1,1,1982,0,0,0,0,0,0,0,0,0,0
480521,2,1,1982,0,0,0,0,0,17,0,16,0,0
480522,1,1,1982,16,0,0,16,7,0,13,15,19,18
480523,1,1,1982,0,0,17,20,12,0,0,3,6,0
480523,2,1,1982,0,0,0,0,0,7,0,0,0,0
480524,0,1,1982,0,0,0,0,0,0,0,0,0,0
480524,1,1,1982,0,15,16,23,24,0,0,0,0,0
480525,1,1,1982,10,0,0,0,0,30,0,10,9,0
480525,2,1,1982,0,0,0,0,17,9,0,0,0,0
480526,1,1,1982,0,0,0,0,0,0,0,0,0,0
480526,2,1,1982,14,0,15,24,4,14,18,15,0,9
480527,1,1,1982,15,25,43,20,26,28,23,15,25,27
480528,1,1,1982,0,0,0,0,0,0,11,0,0,20
480529,1,1,1982,36,10,14,16,15,21,20,19,19,23
480530,1,1,1982,0,0,0,0,0,0,0,0,0,0
480530,2,1,1982,8,7,2,18,16,10,8,11,11,6
480530,3,1,1982,0,12,20,0,0,0,0,0,0,0
480531,1,1,1982,0,1,0,0,0,0,0,0,0,0
480532,1,1,1982,13,16,14,10,14,23,13,10,22,20
480532,2,1,1982,0,0,0,0,0,0,0,10,0,0
480533,1,1,1982,14,20,21,0,12,23,17,18,22,9
480534,0,1,1982,0,0,11,0,0,0,12,0,0,0
480534,1,1,1982,24,32,27,19,6,13,29,15,2,23
480535,0,1,1982,34,11,3,6,18,9,0,6,9,18
480535,1,1,1982,11,19,0,28,0,14,13,20,16,0
480536,1,1,1982,0,0,0,0,0,0,0,0,0,0
480536,2,1,1982,42,13,28,0,32,10,0,22,0,0
480537,1,1,1982,23,21,23,29,19,29,0,27,12,13
480538,1,1,1982,3,20,16,7,0,24,25,16,19,24
480538,2,1,1982,0,0,0,0,5,0,0,0,0,0
480539,1,1,1982,0,0,0,0,5,0,0,0,0,0
480539,2,1,1982,0,0,0,0,0,0,0,0,0,0
480540,1,1,1982,15,4,19,19,11,25,9,12,12,23
480541,1,1,1982,17,0,0,0,0,22,0,0,0,0
480541,2,1,1982,0,0,0,0,0,5,0,20,0,28
480542,1,1,1982,21,19,16,26,0,19,34,24,36,22
480543,0,1,1982,0,25,12,16,12,0,0,0,9,0
480543,1,1,1982,19,22,9,12,7,0,16,34,18,30
480544,1,1,1982,26,23,17,11,8,25,28,19,3,28
480545,0,1,1982,35,20,22,0,40,6,0,22,25,0
480545,1,1,1982,30,0,0,26,26,6,27,0,14,13
480546,1,1,1982,0,14,0,7,0,0,19,0,0,0
480547,1,1,1982,0,19,29,6,38,24,11,8,0,0
480547,2,1,1982,0,0,0,18,0,0,0,0,0,0
480548,1,1,1982,24,0,7,0,0,0,0,24,14,0
480548,2,1,1982,6,0,0,0,0,0,0,0,0,0
480549,1,1,1982,8,0,0,16,17,6,22,0,21,11
480549,2,1,1982,0,0,0,0,0,0,0,0,0,0
480550,1,1,1982,21,20,5,25,34,20,19,25,28,19
480551,0,1,1982,0,0,0,0,0,0,0,0,0,26
480551,1,1,1982,0,0,0,0,0,0,7,0,17,0
480552,0,1,1982,24,19,5,21,0,0,0,17,0,0
480552,1,1,1982,27,0,23,18,36,0,0,18,0,25
480553,1,1,1982,13,9,18,20,25,21,11,19,13,16
480554,1,1,1982,12,6,19,9,5,9,15,18,8,8
480555,1,1,1982,18,0,0,0,0,0,0,0,14,0
480555,2,1,1982,0,0,0,0,0,0,0,0,0,17
480556,1,1,1982,32,6,0,36,0,16,9,23,0,16
480557,1,1,1982,0,22,0,29,13,0,5,0,8,0
480557,2,1,1982,0,0,0,0,0,0,22,0,9,0
480558,1,1,1982,0,0,0,0,0,0,0,4,0,0
480559,1,1,1982,0,0,0,0,26,0,0,0,0,0
480559,2,1,1982,0,21,26,0,9,0,17,0,0,0
480560,1,1,1982,11,31,17,19,27,0,18,30,19,18
480561,1,1,1982,0,10,0,0,0,34,0,0,0,0
480561,2,1,1982,0,0,0,0,0,0,0,0,0,0
480562,1,1,1982,0,9,26,13,17,15,16,21,13,11
480562,2,1,1982,0,0,0,23,0,0,24,0,0,0
480563,0,1,1982,0,0,0,0,0,0,0,0,0,0
480563,1,1,1982,0,0,0,0,0,0,0,0,0,0
480564,0,1,1982,0,0,0,0,0,0,0,0,0,0
480564,1,1,1982,17,0,0,12,18,0,5,10,0,0
480565,1,1,1982,0,0,0,0,0,0,0,0,11,0
480566,1,1,1982,10,17,14,11,14,10,23,12,14,15
480567,0,1,1982,29,30,0,21,0,11,15,17,20,16
480567,1,1,1982,14,0,9,0,11,0,16,10,16,0
480568,1,1,1982,22,22,22,22,22,22,22,22,22,22
480569,1,1,1982,0,0,0,0,0,0,0,0,0,0
480569,2,1,1982,0,0,0,0,0,0,0,0,17,0
480570,1,1,1982,0,0,0,0,0,0,0,0,0,0
480570,2,1,1982,0,0,0,21,0,0,0,0,0,0
480571,1,1,1982,15,12,20,15,16,18,17,10,0,6
480572,1,1,1982,0,0,0,13,0,0,0,0,18,0
480572,2,1,1982,0,0,0,0,0,17,0,0,0,0
480573,0,1,1982,0,26,25,8,24,0,26,9,22,28
480573,1,1,1982,0,12,13,26,22,0,0,0,0,0
480573,2,1,1982,29,20,22,0,0,0,0,0,0,0
480574,0,1,1982,23,0,0,35,0,0,0,0,0,11
480574,1,1,1982,0,0,0,0,0,0,0,0,0,0
480575,0,1,1982,17,0,0,6,0,0,24,0,17,18
480575,1,1,1982,0,0,13,0,0,15,18,0,12,0
480576,1,1,1982,14,0,20,23,0,17,5,22,17,32
480576,2,1,1982,5,0,13,0,0,7,0,0,12,15
480577,1,1,1982,0,0,0,0,0,0,0,0,0,0
480577,2,1,1982,0,0,0,0,0,11,0,0,13,0
480578,1,1,1982,8,8,8,8,8,8,8,8,8,8
480579,1,1,1982,14,15,19,8,22,15,19,17,14,15
480579,2,1,1982,21,0,0,0,0,0,0,0,0,0
480580,1,1,1982,0,0,0,0,10,9,28,0,16,0
480580,2,1,1982,0,0,9,0,0,0,0,0,15,10
480581,1,1,1982,4,0,0,0,0,0,0,0,0,15
480581,2,1,1982,0,0,0,0,8,0,0,0,13,0
480582,1,1,1982,6,6,6,6,6,6,6,6,6,6
480583,0,1,1982,0,0,0,0,0,0,11,0,0,0
480583,1,1,1982,22,0,17,0,0,0,0,0,0,0
480584,1,1,1982,0,28,23,19,23,9,37,33,0,16
480585,1,1,1982,12,35,13,0,0,0,16,22,0,24
480586,1,1,1982,21,0,0,10,16,0,7,15,15,0
480586,2,1,1982,10,15,20,0,10,0,24,18,32,16
480587,1,1,1982,0,0,0,0,0,0,0,0,0,0
480587,2,1,1982,14,0,0,0,0,0,0,0,0,0
480587,3,1,1982,0,0,0,0,0,0,0,0,0,0
480588,1,1,1982,0,0,0,0,0,0,0,13,0,0
480589,1,1,1982,0,0,0,0,0,0,12,0,11,0
480589,2,1,1982,13,3,10,17,23,16,35,21,27,17
480590,1,1,1982,0,6,5,14,48,3,0,0,0,0
480590,2,1,1982,16,21,27,8,4,17,11,0,8,14
480591,1,1,1982,19,41,16,27,9,15,28,19,14,18
480591,2,1,1982,0,0,0,0,11,18,0,10,10,0
480592,1,1,1982,11,0,10,14,18,29,13,12,16,20
480593,1,1,1982,0,0,0,25,0,0,0,59,0,16
480594,1,1,1982,0,0,16,28,17,17,23,14,0,28
480594,2,1,1982,0,4,0,0,12,0,0,4,0,0
480595,1,1,1982,16,0,10,0,17,0,0,0,0,0
480595,2,1,1982,7,0,0,15,0,0,0,0,0,0
480596,1,1,1982,22,22,22,22,22,22,22,22,22,22
480597,1,1,1982,21,0,10,0,13,29,6,15,0,0
480597,2,1,1982,0,6,0,0,0,0,8,0,0,0
480597,3,1,1982,19,12,16,16,0,25,0,0,10,0
480598,1,1,1982,26,56,17,20,27,17,22,14,10,0
480599,1,1,1982,13,19,24,8,20,7,32,18,21,15
480599,2,1,1982,13,0,33,7,23,0,23,5,8,14
480600,1,1,1982,0,0,0,0,0,0,17,0,0,0
480600,2,1,1982,0,0,0,16,0,0,0,0,7,0
480601,1,1,1982,0,0,18,0,13,0,23,27,8,14
480601,2,1,1982,0,0,0,0,0,0,0,0,0,0
480602,1,1,1982,0,0,15,0,17,0,30,0,0,20
480602,2,1,1982,15,20,0,0,0,6,0,11,0,0
480603,1,1,1982,0,0,0,0,0,0,0,0,23,0
480603,2,1,1982,0,0,0,0,0,7,0,0,0,0
480604,1,1,1982,12,12,0,0,17,11,25,0,14,0
480604,2,1,1982,0,7,15,0,0,0,0,15,7,13
480605,1,1,1982,0,8,17,0,0,11,0,0,18,0
480605,2,1,1982,0,0,20,9,0,0,8,16,25,11
480606,1,1,1982,0,0,12,0,11,8,20,0,23,0
480607,0,1,1982,0,0,0,0,0,24,0,0,0,0
480607,1,1,1982,0,0,23,0,0,0,0,0,0,0
480608,1,1,1982,0,0,0,0,0,17,0,0,0,0
480608,2,1,1982,0,0,0,0,0,0,0,0,16,0
480609,1,1,1982,10,15,16,16,13,33,20,23,25,14
480610,1,1,1982,0,23,0,21,0,0,28,12,21,0
480610,2,1,1982,0,0,0,0,0,0,0,0,17,0
480611,1,1,1982,5,9,12,2,10,12,12,20,20,9
480612,1,1,1982,21,22,21,26,16,23,5,25,10,29
480613,1,1,1982,14,11,15,11,11,7,18,20,5,20
480614,0,1,1982,36,25,33,6,15,21,32,30,9,22
480614,1,1,1982,0,0,16,0,12,26,0,15,13,0
480615,0,1,1982,0,0,16,0,0,0,12,0,0,11
480615,1,1,1982,10,15,7,0,14,0,10,0,0,0
480615,2,1,1982,0,0,0,6,0,17,8,4,1,20
480616,1,1,1982,0,0,0,0,4,0,0,0,0,0
480616,2,1,1982,0,5,0,0,0,0,0,0,23,2
480617,1,1,1982,11,0,0,0,0,0,0,0,0,0
480617,2,1,1982,0,0,0,18,0,24,23,0,0,0
480618,1,1,1982,16,0,0,0,0,0,0,0,0,0
480618,2,1,1982,0,0,0,0,0,0,0,0,0,0
480619,1,1,1982,0,16,0,0,15,12,4,26,0,0
480620,1,1,1982,21,6,16,14,29,15,19,17,4,3
480620,2,1,1982,14,0,6,0,7,18,28,0,0,0
480621,1,1,1982,16,15,32,0,21,43,7,26,15,27
480621,2,1,1982,0,0,0,23,0,0,0,15,0,0
480622,0,1,1982,13,19,15,26,11,13,19,12,22,14
480622,1,1,1982,0,0,9,0,24,22,18,12,18,0
480623,1,1,1982,16,18,32,0,40,18,22,23,25,27
480623,2,1,1982,0,0,0,0,0,0,0,0,0,0
480624,0,1,1982,0,0,0,0,0,0,0,0,0,0
480624,1,1,1982,6,0,0,0,0,0,0,0,12,12
480625,1,1,1982,0,0,0,0,13,0,0,0,5,0
480625,2,1,1982,34,34,34,34,34,34,34,34,34,34
480626,1,1,1982,0,20,17,0,0,0,17,46,14,20
480627,0,1,1982,12,13,5,9,30,31,7,29,22,0
480627,1,1,1982,19,14,21,11,9,9,0,12,0,0
480628,1,1,1982,0,0,28,0,0,0,0,0,0,0
480628,2,1,1982,0,0,0,0,0,0,0,0,7,0
480629,1,1,1982,0,0,0,0,17,0,0,0,0,0
480629,2,1,1982,0,5,0,20,0,0,0,18,0,0
480630,1,1,1982,24,24,0,25,22,9,14,12,16,25
480631,0,1,1982,0,0,0,0,0,0,0,0,0,0
480631,1,1,1982,23,9,18,0,0,0,0,9,0,7
480632,0,1,1982,20,16,22,22,0,20,0,0,22,11
480632,1,1,1982,22,18,2,9,2,18,0,0,11,0
480633,0,1,1982,0,0,0,20,0,18,0,0,10,0
480633,1,1,1982,0,11,10,0,9,6,2,11,7,18
480634,1,1,1982,0,0,0,0,0,0,0,0,0,0
480634,2,1,1982,1,9,7,14,0,8,21,9,23,7
480635,1,1,1982,0,7,0,0,0,0,0,0,0,0
480635,2,1,1982,11,4,0,28,12,20,12,25,0,37
480636,1,1,1982,0,0,0,36,0,0,7,0,0,0
480636,2,1,1982,6,0,0,0,0,7,0,9,0,0
480637,1,1,1982,7,0,7,17,7,6,0,5,34,0
480637,2,1,1982,15,16,0,14,12,0,23,0,13,0
480638,1,1,1982,14,19,12,0,17,17,13,20,17,17
480638,2,1,1982,0,19,5,3,4,21,14,2,15,10
480639,1,1,1982,2,0,5,0,0,10,0,15,0,0
480639,2,1,1982,18,0,0,0,0,20,0,15,0,0
480640,1,1,1982,37,22,17,0,27,10,14,5,21,38
480641,1,1,1982,16,28,11,9,25,6,0,0,15,0
480642,1,1,1982,0,0,0,0,0,0,0,0,0,0
480642,2,1,1982,0,0,0,0,0,0,0,0,0,0
480643,1,1,1982,0,0,0,0,22,9,6,0,2,0
480644,0,1,1982,0,0,0,0,0,0,0,0,0,0
480644,1,1,1982,0,0,12,0,0,0,0,0,0,0
480645,1,1,1982,0,18,10,23,0,3,11,12,0,19
480645,2,1,1982,0,0,13,0,0,0,21,0,0,0
480646,1,1,1982,20,23,26,21,0,16,6,0,7,19
480647,1,1,1982,15,0,7,19,11,27,16,0,5,3
480647,2,1,1982,11,0,0,7,0,0,14,0,9,9
480648,1,1,1982,5,0,0,0,0,0,0,4,0,0
480648,2,1,1982,0,0,0,0,0,0,0,0,0,0
480649,1,1,1982,0,0,0,0,0,0,0,0,0,0
480650,1,1,1982,0,0,12,0,0,0,14,0,0,16
480651,1,1,1982,23,6,5,0,0,13,11,0,12,0
480651,2,1,1982,0,25,0,0,17,19,3,18,16,0
480651,3,1,1982,19,8,12,9,0,25,0,21,30,0
480651,4,1,1982,0,26,9,13,16,23,17,8,32,0
480652,1,1,1982,0,0,0,0,0,0,0,13,0,0
480652,2,1,1982,0,0,0,13,0,0,0,0,9,0
480653,1,1,1982,7,0,0,0,0,0,0,0,0,0
480653,2,1,1982,0,0,14,0,9,0,7,0,0,0
480654,1,1,1982,4,0,0,0,0,18,0,0,0,0
480654,2,1,1982,0,0,0,0,5,12,0,0,0,26
480655,1,1,1982,20,12,21,15,19,13,15,10,11,10
480655,2,1,1982,0,0,0,0,0,23,0,0,0,0
480655,3,1,1982,25,20,11,17,0,6,8,0,0,9
480656,1,1,1982,0,0,0,0,0,0,0,0,0,0
480656,2,1,1982,22,0,0,0,0,0,20,0,0,0
480657,1,1,1982,17,15,9,0,15,12,0,0,0,12
480657,2,1,1982,0,0,0,0,22,22,24,0,9,0
480658,0,1,1982,29,10,13,17,41,16,33,14,20,29
480658,1,1,1982,7,0,17,15,4,0,13,28,0,8
480659,0,1,1982,0,0,0,0,0,0,0,0,13,0
480659,0,2,1982,0,0,0,15,0,0,0,13,0,0
480659,1,1,1982,0,0,0,0,0,0,0,0,0,0
480660,1,1,1982,17,5,20,20,17,16,13,17,27,19
480661,0,1,1982,14,33,8,10,31,28,19,3,18,8
480661,1,1,1982,9,0,0,18,0,0,0,11,0,0
480662,0,1,1982,0,0,0,0,0,0,0,0,0,0
480662,1,1,1982,0,0,0,0,0,0,0,0,0,0
480663,1,1,1982,0,16,0,0,0,8,14,0,0,0
480663,2,1,1982,16,8,0,19,26,35,23,8,16,19
480664,1,1,1982,25,27,11,30,16,11,10,12,12,24
480665,1,1,1982,0,43,0,0,12,0,0,0,20,28
480665,2,1,1982,0,0,0,0,0,0,16,14,0,0
480666,1,1,1982,31,7,8,2,22,14,31,21,15,21
480667,1,1,1982,0,2,12,13,23,16,24,20,15,17
480667,2,1,1982,0,0,0,0,0,0,0,0,0,8
480668,0,1,1982,23,16,12,14,0,30,25,0,11,25
480668,1,1,1982,0,4,0,0,14,0,9,21,20,0
480669,1,1,1982,12,4,0,13,27,28,28,26,20,9
480670,1,1,1982,15,0,10,20,19,0,0,0,0,19
480670,2,1,1982,0,0,4,0,0,0,0,0,0,0
480671,1,1,1982,11,0,37,0,16,14,0,32,18,0
480672,0,1,1982,10,23,21,29,31,27,9,19,29,32
480672,0,2,1982,7,34,16,0,18,25,35,0,0,21
480672,1,1,1982,16,16,16,16,16,16,16,16,16,16
480673,1,1,1982,0,23,0,9,19,0,12,0,9,23
480674,1,1,1982,0,0,10,0,0,0,0,0,0,16
480675,1,1,1982,30,24,15,0,29,26,25,14,31,35
480676,1,1,1982,0,0,0,28,0,0,0,0,0,0
480676,2,1,1982,33,20,24,12,18,16,24,17,11,17
480677,1,1,1982,12,15,23,22,17,17,37,15,26,30
480678,1,1,1982,23,16,11,30,12,17,12,17,29,18
480678,2,1,1982,0,0,13,36,0,0,0,0,0,10
480679,1,1,1982,0,22,8,0,8,0,12,0,9,0
480679,2,1,1982,0,0,0,0,0,0,0,0,0,0
480680,1,1,1982,19,15,27,21,13,25,20,33,21,31
480681,1,1,1982,0,0,0,0,0,15,0,0,0,0
480682,1,1,1982,13,11,17,15,18,17,0,5,0,13
480682,2,1,1982,0,0,17,10,0,0,0,0,0,33
480683,1,1,1982,8,22,10,22,18,0,0,4,15,10
480684,1,1,1982,18,14,14,0,21,5,18,20,0,0
480685,1,1,1982,19,26,0,0,0,0,24,0,0,0
480685,2,1,1982,0,0,14,19,0,0,8,0,4,0
480686,1,1,1982,17,12,23,0,17,15,20,16,0,14
480686,2,1,1982,14,0,9,10,18,0,32,0,15,18
480687,1,1,1982,0,13,18,20,0,14,18,20,19,15
480687,2,1,1982,0,10,19,0,14,29,14,17,29,14
480688,1,2,1982,14,11,13,11,19,0,15,14,15,7
480689,1,1,1982,0,0,0,10,0,0,0,0,0,0
480689,2,1,1982,0,0,0,0,0,0,0,0,0,0
480690,1,1,1982,8,20,0,0,0,0,22,17,0,20
480690,2,1,1982,26,0,18,0,0,6,0,0,0,16
480691,1,1,1982,0,0,0,0,12,0,0,0,0,0
480691,2,1,1982,0,0,0,0,9,11,0,0,0,0
480692,1,1,1982,10,17,20,14,8,12,21,9,23,13
480693,0,1,1982,0,0,0,0,0,0,0,0,0,0
480693,1,1,1982,0,0,0,0,0,0,0,0,0,11
480694,1,1,1982,23,28,23,25,28,4,40,20,30,18
480695,1,1,1982,15,9,28,14,17,20,11,27,25,10
480696,1,1,1982,13,17,17,11,11,22,25,22,25,18
480696,2,1,1982,0,0,0,9,0,0,0,0,0,0
480697,0,1,1982,19,24,0,8,27,11,29,0,0,14
480697,1,1,1982,0,0,19,15,0,0,0,0,0,8
480698,1,1,1982,14,18,0,0,0,0,21,0,13,0
480698,2,1,1982,10,0,19,18,23,0,21,11,17,22
480699,1,1,1982,0,18,0,0,0,0,0,22,16,18
480700,1,1,1982,0,25,29,0,0,0,0,0,0,0
480701,1,1,1982,0,21,18,13,25,25,22,21,24,0
480702,0,1,1982,0,17,6,4,6,0,0,28,19,0
480702,1,1,1982,20,9,21,27,23,17,0,11,7,10
480703,1,1,1982,0,0,0,0,0,0,0,0,14,22
480703,2,1,1982,0,0,0,0,0,0,0,0,0,0
480704,1,1,1982,0,0,0,12,0,0,0,0,0,0
480704,2,1,1982,18,24,0,0,18,14,0,24,25,13
480705,0,1,1982,20,15,17,0,13,26,19,0,15,0
480705,1,1,1982,15,0,3,22,0,0,0,0,0,17
480706,1,1,1982,10,15,23,0,0,30,20,0,14,0
480707,1,1,1982,0,23,21,0,13,13,15,0,12,12
480708,1,1,1982,0,0,0,20,0,0,28,0,20,10
480708,2,1,1982,0,0,0,3,0,0,0,0,2,0
480709,1,1,1982,0,0,0,0,21,0,0,0,0,0
480709,2,1,1982,13,0,0,22,0,21,12,19,27,0
480710,1,1,1982,0,0,0,0,0,0,0,0,0,0
480711,1,1,1982,0,0,7,0,19,16,0,4,20,0
480712,1,1,1982,0,19,14,12,17,0,18,17,14,15
480712,2,1,1982,0,0,0,0,0,15,0,0,6,10
480713,1,1,1982,16,23,34,19,18,26,29,19,8,30
480714,1,1,1982,10,7,11,0,18,18,8,15,17,13
480715,1,1,1982,12,21,11,15,22,0,0,0,0,15
480715,2,1,1982,0,0,0,25,0,21,9,22,12,0
480716,1,1,1982,24,0,15,20,12,13,7,4,17,6
480717,1,1,1982,0,0,0,0,11,23,10,0,4,0
480717,2,1,1982,0,15,0,8,0,24,13,0,13,20
480718,1,1,1982,26,13,11,20,18,33,15,7,12,16
480718,2,1,1982,0,18,23,17,0,12,0,24,16,0
480719,0,1,1982,29,24,44,16,23,0,20,28,15,20
480719,1,1,1982,21,0,10,19,10,8,0,0,0,0
480720,1,1,1982,0,22,0,22,12,0,0,0,0,0
480721,0,1,1982,32,24,25,19,10,27,31,33,20,40
480721,1,1,1982,17,27,13,0,27,0,16,19,9,26
480722,1,1,1982,0,0,7,0,0,0,0,0,0,3
480722,2,1,1982,13,12,16,18,25,20,17,20,0,0
480723,1,1,1982,0,0,0,0,0,3,0,0,0,0
480723,2,1,1982,0,0,0,0,0,0,0,0,0,0
480723,3,1,1982,0,0,5,0,0,0,0,0,0,0
480724,0,1,1982,16,22,23,26,18,18,18,33,9,0
480724,1,1,1982,7,0,11,6,0,0,0,13,16,0
480725,0,1,1982,14,0,15,0,0,0,26,0,26,0
480725,1,1,1982,0,14,0,0,0,37,0,0,0,0
480726,1,1,1982,0,9,10,0,0,2,0,0,0,0
480726,2,1,1982,0,0,31,6,0,30,19,15,20,0
480727,1,1,1982,17,14,18,12,18,3,13,8,26,4
480728,1,1,1982,29,33,42,16,36,1,0,0,22,0
480729,1,1,1982,0,0,13,8,21,22,3,19,0,0
480730,1,1,1982,31,20,22,25,21,16,30,20,34,16
480730,2,1,1982,0,7,0,0,0,13,14,0,13,0
480730,3,1,1982,0,15,0,17,7,4,1,17,23,13
480731,0,1,1982,26,23,18,16,22,7,21,14,21,23
480731,1,1,1982,0,13,9,13,0,0,13,18,0,0
480732,0,1,1982,5,38,46,30,26,16,18,30,36,14
480732,1,1,1982,30,0,2,0,0,0,26,18,5,14
480733,1,1,1982,11,18,19,19,12,0,24,32,12,14
480734,1,1,1982,0,27,4,16,2,10,19,0,21,23
480735,1,1,1982,0,0,0,0,0,0,0,0,0,0
480735,2,1,1982,0,5,0,0,0,0,0,0,0,0
480736,1,1,1982,20,6,16,11,13,13,0,19,15,10
480737,1,1,1982,4,27,26,14,29,30,35,21,21,24
480738,1,1,1982,10,0,0,0,0,0,0,0,0,0
480738,2,1,1982,0,0,23,0,20,0,0,0,24,0
480739,1,1,1982,0,0,0,16,3,0,0,15,0,0
480739,2,1,1982,29,14,10,15,21,23,12,14,12,16
480740,1,1,1982,4,0,13,10,19,0,0,0,20,0
480740,2,1,1982,11,11,11,11,11,11,11,11,11,11
480741,1,1,1982,8,0,0,16,0,24,20,0,12,17
480741,2,1,1982,0,0,0,0,25,0,15,35,0,0
480741,3,1,1982,0,12,28,31,0,10,0,0,27,0
480742,0,1,1982,0,0,0,0,0,0,0,0,0,0
480742,1,1,1982,14,34,9,40,17,28,17,15,22,28
480743,1,1,1982,0,0,12,0,0,0,15,0,0,0
480744,1,1,1982,5,13,5,0,9,12,10,0,21,7
480744,2,1,1982,0,0,0,0,0,21,0,11,0,0
480745,1,1,1982,19,17,16,15,18,13,10,26,22,17
480746,1,1,1982,0,24,0,12,0,0,0,0,14,14
480747,1,1,1982,10,22,7,0,7,0,0,18,0,0
480748,1,1,1982,0,0,0,12,8,0,20,0,11,0
480749,1,1,1982,12,18,13,19,5,21,14,5,0,14
480750,1,1,1982,27,28,16,4,15,14,17,12,29,19
480751,1,1,1982,0,0,0,0,0,4,4,5,0,0
480751,2,1,1982,0,0,0,6,0,0,0,0,0,0
480752,1,1,1982,0,0,6,0,0,10,0,9,11,0
480753,0,1,1982,0,10,0,0,13,16,17,0,0,0
480753,1,1,1982,27,0,0,18,18,0,0,15,33,0
480754,1,1,1982,8,0,0,0,0,11,19,20,0,49
480755,1,1,1982,18,0,15,4,0,20,19,0,23,0
480756,1,1,1982,0,0,0,0,0,0,0,0,0,0
480757,1,1,1982,0,7,0,17,0,0,0,0,0,0
480757,2,1,1982,0,0,0,0,0,0,10,0,7,0
480758,1,1,1982,0,0,0,18,0,0,0,0,0,0
480758,2,1,1982,0,0,0,0,0,0,0,0,0,0
480759,1,1,1982,23,32,0,0,9,34,19,0,12,16
480759,2,1,1982,24,22,16,25,24,58,30,32,10,21
480760,1,1,1982,5,7,0,0,0,0,0,0,0,0
480760,2,1,1982,0,0,0,0,0,0,0,0,0,0
480761,1,1,1982,0,0,0,0,0,0,0,0,0,0
480761,2,1,1982,0,0,0,0,0,0,0,0,0,0
480761,3,1,1982,0,0,0,0,0,0,0,0,0,0
480762,1,1,1982,0,0,0,0,0,0,0,0,0,0
480762,2,1,1982,9,13,17,10,29,3,13,18,24,14
480763,1,1,1982,0,0,0,0,0,0,0,0,0,0
480763,2,1,1982,0,0,0,0,0,8,0,7,0,0
480764,1,1,1982,23,17,27,16,14,30,20,16,19,22
480765,1,1,1982,0,0,0,0,0,0,0,0,5,0
480765,2,1,1982,21,26,0,16,23,34,0,0,0,19
480766,1,1,1982,0,13,0,13,0,0,0,0,0,0
480767,0,1,1982,0,0,0,0,0,0,0,0,0,0
480767,1,1,1982,14,17,14,22,21,17,7,20,7,10
480768,1,1,1982,11,10,10,12,15,15,12,19,6,13
480768,2,1,1982,0,9,12,0,8,2,17,11,0,16
480769,1,1,1982,3,0,0,25,22,0,0,27,10,0
480769,2,1,1982,0,0,0,7,12,8,0,23,0,13
480770,1,1,1982,0,20,0,11,30,6,0,16,0,0
480771,1,1,1982,0,13,0,26,8,11,33,12,12,6
480771,2,1,1982,0,0,0,13,4,0,0,0,26,0
480772,0,1,1982,29,22,19,0,43,9,19,0,34,19
480772,1,1,1982,0,0,44,32,14,0,0,0,28,13
480773,1,1,1982,0,0,7,11,0,10,0,16,6,0
480773,2,1,1982,0,0,0,0,16,19,0,0,0,0
480774,1,1,1982,0,0,0,17,0,0,0,0,0,0
480774,2,1,1982,0,0,0,0,20,0,10,5,0,0
480775,1,1,1982,0,6,13,0,0,10,0,0,0,12
480775,2,1,1982,0,0,0,0,0,0,0,18,0,0
480776,1,1,1982,14,22,18,8,17,15,0,22,28,20
480776,2,1,1982,0,18,23,10,21,0,24,0,0,14
480777,1,1,1982,0,12,15,12,4,0,0,18,12,13
480777,2,1,1982,5,0,0,4,0,0,0,0,0,0