ST_CASE,VEH_NO,PER_NO,YEAR,P1,P2,P3,P4,P5,P6,P7,P8,P9,P10
480778,1,1,1982,9,22,23,0,12,0,0,0,0,32
480779,0,1,1982,0,0,0,23,0,0,0,0,0,30
480779,1,1,1982,0,36,0,0,0,0,0,0,0,0
480780,1,1,1982,0,10,17,22,22,0,15,22,0,6
480781,0,1,1982,15,13,28,30,44,16,21,0,11,22
480781,1,1,1982,9,8,0,17,0,0,23,0,15,6
480782,1,1,1982,0,0,13,0,0,0,0,0,0,0
480782,2,1,1982,22,21,0,0,12,18,0,0,21,0
480783,1,1,1982,0,18,0,16,0,0,13,6,18,14
480783,2,1,1982,0,0,0,0,25,0,0,14,0,0
480784,1,1,1982,0,0,17,15,0,16,0,0,0,8
480785,0,1,1982,22,8,0,26,2,7,11,12,9,26
480785,1,1,1982,7,0,14,17,4,0,19,0,0,12
480786,1,1,1982,25,25,25,25,25,25,25,25,25,25
480787,1,1,1982,0,0,32,0,0,0,0,8,0,0
480787,2,1,1982,0,0,0,0,0,0,0,0,0,0
480788,1,1,1982,0,0,0,0,0,0,13,5,0,0
480788,2,1,1982,0,0,23,0,14,6,0,0,14,0
480789,1,1,1982,0,0,0,0,12,0,0,0,0,0
480789,2,1,1982,0,0,0,0,0,0,26,0,0,0
480790,1,1,1982,24,39,10,24,14,14,11,8,11,20
480791,1,1,1982,28,10,20,24,0,3,12,0,20,15
480792,1,1,1982,0,0,2,0,0,0,0,0,0,0
480792,2,1,1982,0,0,0,13,0,0,0,0,0,0
480793,1,1,1982,9,16,20,17,13,29,26,18,16,12
480794,1,1,1982,0,12,21,0,0,15,9,15,9,18
480795,1,1,1982,11,32,0,24,11,36,15,25,0,0
480795,2,1,1982,0,0,0,0,0,0,20,0,0,0
480796,1,1,1982,25,31,12,18,18,25,17,23,20,25
480797,0,1,1982,0,0,0,0,0,0,0,0,0,0
480797,1,1,1982,0,25,22,11,8,0,0,14,15,15
480798,1,1,1982,33,31,15,27,27,24,23,14,20,25
480799,1,1,1982,17,7,15,15,12,22,19,13,16,13
480800,0,1,1982,0,0,0,0,0,0,0,14,0,0
480800,1,1,1982,0,0,0,22,0,0,0,0,13,0
480801,1,1,1982,11,16,19,25,13,11,21,21,26,9
480802,0,1,1982,0,0,7,5,4,19,0,0,0,0
480802,1,1,1982,0,15,0,12,20,5,20,13,0,3
480803,1,1,1982,0,0,10,0,0,0,17,0,0,0
480803,2,1,1982,0,12,15,21,0,0,15,0,12,0
480804,1,1,1982,0,13,0,0,36,0,13,22,16,25
480804,2,1,1982,10,7,18,0,10,18,11,0,9,24
480805,1,1,1982,12,13,27,18,20,15,20,6,9,10
480806,1,1,1982,6,23,0,9,0,18,7,15,17,0
480807,1,1,1982,21,23,21,17,23,20,13,32,33,21
480808,1,1,1982,7,12,9,19,6,14,11,9,18,13
480808,2,1,1982,23,4,0,0,16,0,7,0,0,8
480809,1,1,1982,20,6,11,10,12,15,13,18,5,14
480810,0,1,1982,26,17,0,7,7,52,0,4,12,33
480810,0,2,1982,0,0,0,0,0,0,0,0,0,0
480810,1,1,1982,19,17,41,32,3,15,7,8,17,0
480811,1,1,1982,12,12,18,23,31,6,17,0,11,17
480812,0,1,1982,30,30,18,22,6,20,12,24,17,11
480812,1,1,1982,23,23,29,10,11,5,18,5,11,25
480813,1,1,1982,27,14,7,11,0,0,0,6,18,12
480814,0,1,1982,19,24,27,14,29,12,15,19,15,23
480814,1,1,1982,0,7,13,12,20,0,9,15,0,22
480815,1,1,1982,14,20,14,15,18,16,18,0,22,14
480815,2,1,1982,20,0,0,0,0,29,0,0,0,0
480816,0,1,1982,41,30,30,25,0,35,23,19,22,27
480816,1,1,1982,15,4,10,3,0,0,33,16,21,3
480817,1,1,1982,0,0,0,0,0,12,0,0,0,0
480817,2,1,1982,10,0,0,0,5,0,18,9,0,0
480818,1,1,1982,0,0,0,0,0,0,0,0,0,0
480818,2,1,1982,30,30,30,30,30,30,30,30,30,30
480819,1,1,1982,0,11,17,17,24,0,0,0,22,0
480820,1,1,1982,10,16,12,23,6,36,32,17,0,20
480821,1,1,1982,25,17,17,0,12,13,15,25,13,23
480822,1,1,1982,0,0,0,0,5,0,0,0,0,0
480823,1,1,1982,14,21,11,16,18,3,24,37,20,7
480824,1,1,1982,12,37,14,18,33,16,5,15,24,27
480825,1,1,1982,25,19,0,17,24,26,0,13,19,0
480826,0,1,1982,14,30,12,31,18,7,42,26,48,30
480826,1,1,1982,5,23,28,44,24,36,20,19,17,0
480827,1,1,1982,0,0,0,0,9,0,0,0,0,0
480828,1,1,1982,15,17,16,24,16,33,17,0,24,27
480829,0,1,1982,11,15,29,16,22,18,28,41,28,13
480829,1,1,1982,18,15,14,0,25,7,49,0,4,14
480830,1,1,1982,0,0,0,0,0,6,0,0,0,0
480830,2,1,1982,0,0,13,0,14,0,0,0,0,0
480831,1,1,1982,9,13,14,21,12,14,17,18,12,11
480831,2,1,1982,0,23,19,0,11,13,32,10,24,26
480832,1,1,1982,0,0,18,11,21,0,0,8,28,30
480833,1,1,1982,12,6,19,13,0,9,13,23,0,19
480834,0,1,1982,0,19,0,0,0,9,0,0,0,0
480834,1,1,1982,0,0,16,0,0,0,0,12,19,11
480835,1,1,1982,19,21,26,22,32,27,32,14,14,19
480836,1,1,1982,0,0,0,0,0,0,0,0,21,0
480836,2,1,1982,0,0,0,0,0,0,0,0,0,0
480837,1,1,1982,0,0,0,0,0,0,0,0,0,0
480837,2,1,1982,8,0,22,10,24,8,0,0,17,13
480838,1,1,1982,11,14,35,43,28,19,15,23,29,26
480839,1,1,1982,25,0,7,9,27,16,35,33,20,17
480840,1,1,1982,0,12,0,0,0,0,16,0,0,0
480840,2,1,1982,11,14,0,0,19,0,13,0,0,0
480841,1,1,1982,11,0,12,15,0,0,0,18,0,15
480841,2,1,1982,0,0,0,0,0,0,0,0,0,0
480842,1,1,1982,5,33,15,17,13,18,23,25,18,25
480843,1,1,1982,0,0,0,0,0,0,0,0,0,0
480843,2,1,1982,0,0,7,13,0,22,17,0,0,0
480844,1,1,1982,0,0,0,0,0,0,0,0,0,0
480845,1,1,1982,14,16,14,0,27,0,0,0,7,4
480846,0,1,1982,0,0,0,0,0,0,9,0,0,0
480846,1,1,1982,24,12,0,0,0,15,15,0,15,0
480847,1,1,1982,12,26,28,11,23,0,20,16,25,22
480848,1,1,1982,26,15,16,11,18,16,17,37,16,35
480849,1,1,1982,30,14,21,21,24,8,17,26,20,22
480850,1,1,1982,0,13,9,0,4,7,13,7,25,0
480850,2,1,1982,16,20,14,0,4,15,13,22,0,0
480851,0,1,1982,0,0,0,0,0,0,0,0,0,0
480851,1,1,1982,0,0,0,0,0,0,0,0,0,0
480852,1,1,1982,0,0,0,0,0,0,11,0,0,0
480852,2,1,1982,0,0,0,0,0,0,0,0,0,0
480853,1,1,1982,20,31,20,13,23,18,20,15,21,0
480854,1,1,1982,0,11,0,12,0,13,21,12,0,6
480854,2,1,1982,8,11,16,11,0,15,5,10,0,23
480855,0,1,1982,21,26,19,16,16,22,23,18,27,23
480855,0,2,1982,32,23,27,0,16,43,20,9,22,28
480855,1,1,1982,0,0,0,31,0,2,10,0,0,0
480856,1,1,1982,12,22,13,32,19,18,10,35,12,23
480857,1,1,1982,0,0,0,16,0,0,0,0,0,0
480857,2,1,1982,0,0,8,18,0,11,2,9,10,0
480858,1,1,1982,20,36,20,11,35,6,20,21,22,26
480859,1,1,1982,0,0,0,0,0,0,0,0,0,0
480859,2,1,1982,0,0,0,0,0,0,1,0,2,0
480860,1,1,1982,8,27,0,31,14,30,18,19,0,12
480861,1,1,1982,0,0,0,0,18,0,0,0,0,0
480861,2,1,1982,17,0,0,0,0,0,0,23,0,0
480862,1,1,1982,15,0,13,9,0,29,0,17,10,0
480863,1,1,1982,0,0,15,24,21,11,28,17,0,10
480864,0,1,1982,23,26,0,0,0,20,27,16,0,0
480864,1,1,1982,13,13,13,13,13,13,13,13,13,13
480865,1,1,1982,0,8,0,2,14,0,0,17,9,16
480865,2,1,1982,0,15,0,0,0,0,0,0,0,0
480865,3,1,1982,23,22,9,0,6,17,0,27,0,29
480866,0,1,1982,17,27,15,24,5,20,20,16,23,25
480866,1,1,1982,0,15,6,0,0,0,0,0,0,16
480867,1,1,1982,30,0,23,29,8,19,19,21,17,18
480868,1,1,1982,12,21,18,33,17,24,27,22,27,29
480869,1,1,1982,0,0,0,0,20,0,37,33,0,34
480869,2,1,1982,0,0,0,19,13,12,7,11,0,12
480870,1,1,1982,9,0,23,0,7,0,0,15,0,20
480870,2,1,1982,0,0,0,11,0,0,0,8,22,0
480871,1,1,1982,0,16,0,0,0,0,2,0,9,10
480871,2,1,1982,0,11,16,8,0,0,8,0,0,0
480872,0,1,1982,0,33,23,0,0,7,0,0,0,0
480872,0,2,1982,0,0,0,0,0,0,0,0,0,0
480872,1,1,1982,0,0,0,0,0,0,29,6,0,0
480873,1,1,1982,0,19,0,0,0,0,0,15,7,0
480873,2,1,1982,0,0,18,0,22,0,0,0,10,0
480874,1,1,1982,0,0,12,15,0,0,0,0,0,0
480874,2,1,1982,0,0,0,0,0,0,0,0,0,0
480875,1,1,1982,4,11,9,7,15,16,19,5,0,4
480876,0,1,1982,25,0,0,13,0,2,9,0,7,0
480876,1,1,1982,22,12,19,6,20,10,11,13,12,14
480877,0,1,1982,13,0,0,0,14,0,0,0,0,0
480877,1,1,1982,0,9,7,0,30,22,0,4,11,0
480878,1,1,1982,2,21,17,12,0,22,14,0,0,8
480879,1,1,1982,0,0,25,20,15,0,17,17,11,0
480879,2,1,1982,8,28,12,18,19,7,5,21,6,7
480880,1,1,1982,19,0,0,19,0,18,0,29,4,4
480881,1,1,1982,39,21,25,19,15,17,21,11,25,11
480881,2,1,1982,7,16,34,0,10,11,27,38,27,18
480882,1,1,1982,0,12,0,0,0,0,0,0,0,0
480882,2,1,1982,16,33,0,13,8,18,12,11,22,24
480883,1,1,1982,0,0,17,0,14,0,0,0,0,0
480884,1,1,1982,20,12,16,24,10,25,14,10,15,26
480885,1,1,1982,18,18,18,18,18,18,18,18,18,18
480885,2,1,1982,0,0,0,0,0,0,0,15,0,0
480886,1,1,1982,24,0,16,0,0,28,0,0,0,8
480886,2,1,1982,0,0,0,0,0,0,0,0,6,0
480887,1,1,1982,0,17,25,0,0,28,0,8,0,21
480888,1,1,1982,11,6,14,14,8,6,16,19,16,11
480889,1,1,1982,9,31,19,15,14,14,0,25,0,0
480889,2,1,1982,44,13,16,7,15,17,7,17,19,19
480890,1,1,1982,26,0,21,17,42,36,16,12,18,16
480891,1,1,1982,33,0,31,17,20,9,0,14,36,11
480892,1,1,1982,19,30,15,29,27,26,16,22,28,12
480893,1,1,1982,4,20,13,36,5,19,23,19,31,18
480893,2,1,1982,10,0,0,0,11,0,17,8,0,0
480894,1,1,1982,0,0,14,0,0,0,0,11,0,0
480894,2,1,1982,0,0,0,0,0,0,0,0,0,0
480895,1,1,1982,5,0,0,15,0,0,0,0,0,0
480896,1,1,1982,0,0,0,0,0,0,0,0,0,2
480897,0,1,1982,23,29,14,0,18,34,26,24,13,16
480897,1,1,1982,33,0,15,0,32,8,0,0,20,14
480898,0,1,1982,0,0,0,0,0,0,0,10,0,0
480898,0,2,1982,0,0,0,0,0,0,0,0,0,0
480898,1,1,1982,0,0,0,0,0,0,0,0,0,0
480899,1,1,1982,0,13,0,0,18,19,0,8,18,0
480899,2,1,1982,0,0,22,0,12,0,3,0,0,8
480900,1,1,1982,0,0,2,0,15,0,0,0,5,0
480900,2,1,1982,6,0,0,0,0,0,0,0,18,0
480901,1,1,1982,17,16,22,5,15,26,15,16,0,13
480902,1,1,1982,0,0,0,9,0,0,5,4,0,0
480902,2,1,1982,0,14,0,16,0,0,38,0,0,9
480903,1,1,1982,15,0,13,0,0,0,0,0,0,0
480904,0,1,1982,0,0,0,0,0,0,0,0,0,0
480904,0,2,1982,0,0,0,0,0,0,0,0,0,0
480904,1,1,1982,0,0,0,0,0,0,0,0,0,0
480904,2,1,1982,0,0,0,0,0,0,0,0,0,0
480905,1,1,1982,0,22,0,0,0,0,15,13,0,0
480905,2,1,1982,0,0,0,0,0,0,11,0,8,9
480906,1,1,1982,10,12,16,18,8,4,7,20,11,4
480906,2,1,1982,16,4,0,0,0,2,6,9,0,10
480907,1,1,1982,0,0,20,0,0,0,0,0,0,0
480907,2,1,1982,0,0,0,0,0,0,0,0,0,0
480908,1,1,1982,0,0,0,0,0,12,0,0,23,13
480909,1,1,1982,25,16,0,0,11,0,0,0,0,0
480909,2,1,1982,0,0,0,0,0,0,0,18,0,0
480910,1,1,1982,0,0,12,0,17,0,0,0,16,14
480911,1,1,1982,0,17,0,0,0,0,0,0,0,14
480911,2,1,1982,0,0,0,0,0,11,0,0,0,0
480912,1,1,1982,29,22,15,16,10,27,10,0,23,13
480913,1,1,1982,26,16,22,8,30,24,14,0,0,5
480914,1,1,1982,25,0,0,22,16,13,7,30,10,21
480914,2,1,1982,26,0,19,30,18,8,9,0,18,0
480915,1,1,1982,0,0,0,0,0,0,0,0,14,0
480915,2,1,1982,0,4,0,0,0,0,0,0,7,0
480916,1,1,1982,16,10,18,19,19,16,22,23,28,18
480917,1,1,1982,0,0,12,0,0,0,0,0,0,0
480917,2,1,1982,0,0,0,0,0,0,0,0,0,0
480918,1,1,1982,17,18,34,17,35,20,16,16,21,27
480919,1,1,1982,37,10,30,15,0,24,33,18,30,16
480920,1,1,1982,16,0,0,0,12,0,0,0,3,0
480920,2,1,1982,0,0,0,0,0,0,0,0,0,0
480921,1,1,1982,0,0,0,0,0,0,0,0,0,0
480922,1,1,1982,11,0,2,15,24,0,19,19,12,18
480923,0,1,1982,10,17,16,29,30,39,32,37,21,5
480923,1,1,1982,13,16,0,10,10,20,18,18,11,0
480924,0,1,1982,0,27,24,0,32,0,31,0,30,21
480924,1,1,1982,0,7,11,11,0,8,18,0,0,0
480925,1,1,1982,0,0,0,0,0,0,0,17,11,0
480926,1,1,1982,11,21,12,19,7,28,9,22,22,9
480926,2,1,1982,0,0,0,0,0,0,0,0,0,0
480927,1,1,1982,0,19,0,0,13,0,0,0,0,0
480928,1,1,1982,28,24,18,11,0,0,14,0,9,0
480929,0,1,1982,0,16,0,4,15,3,0,30,0,0
480929,1,1,1982,7,14,0,6,26,0,14,13,0,0
480930,1,1,1982,20,0,0,0,0,0,0,0,0,0
480931,1,1,1982,0,0,0,20,2,0,0,0,0,0
480931,2,1,1982,0,0,9,0,0,0,0,0,0,0
480932,1,1,1982,22,17,0,27,20,0,9,18,3,19
480932,2,1,1982,16,10,9,8,8,17,0,4,8,25
480933,1,1,1982,7,0,20,7,9,14,21,11,11,18
480933,2,1,1982,14,0,4,0,0,0,20,0,0,0
480934,1,1,1982,0,16,0,15,18,17,0,0,20,11
480935,1,1,1982,26,15,19,24,8,20,0,23,13,24
480936,1,1,1982,0,0,0,0,0,0,0,3,8,13
480936,2,1,1982,0,0,0,0,0,0,0,0,0,0
480937,1,1,1982,19,6,21,14,13,32,17,21,7,9
480938,1,1,1982,0,5,0,0,23,5,0,0,0,0
480938,2,1,1982,16,0,0,0,12,0,0,0,9,0
480939,1,1,1982,38,19,24,33,9,28,18,29,18,15
480940,1,1,1982,0,6,0,11,14,0,9,17,0,15
480940,2,1,1982,6,6,24,20,18,17,16,12,11,14
480941,1,1,1982,0,15,21,18,0,10,0,0,0,0
480941,2,1,1982,0,0,0,0,17,0,0,28,0,0
480942,1,1,1982,18,24,9,10,0,0,18,0,13,0
480943,1,1,1982,3,11,16,11,13,0,10,8,18,30
480944,1,1,1982,0,19,0,0,0,12,0,0,0,23
480944,2,1,1982,0,0,0,0,10,0,0,24,16,0
480945,1,1,1982,15,20,18,17,19,29,36,15,25,20
480946,1,1,1982,26,25,16,18,25,3,0,16,30,17
480947,1,1,1982,24,9,18,9,18,13,8,9,19,5
480948,1,1,1982,24,10,0,20,0,18,13,25,0,0
480948,2,1,1982,0,0,0,0,0,0,0,0,15,0
480949,0,1,1982,13,0,11,28,13,32,16,21,2,24
480949,1,1,1982,0,15,21,0,0,0,0,24,0,0
480950,1,1,1982,0,0,0,0,0,0,0,0,0,21
480950,2,1,1982,0,0,0,0,0,0,0,0,0,0
480951,1,1,1982,0,0,0,0,0,0,0,0,0,0
480951,2,1,1982,5,0,0,0,13,16,0,21,0,0
480952,0,1,1982,39,27,32,23,16,13,14,6,36,19
480952,0,2,1982,0,0,0,0,8,15,0,10,0,0
480952,1,1,1982,0,0,10,0,6,0,0,0,0,0
480953,0,1,1982,0,0,0,10,0,26,17,0,9,0
480953,1,1,1982,12,11,31,15,12,8,15,15,7,42
480954,1,1,1982,9,19,19,31,4,6,20,28,11,10
480955,0,1,1982,24,20,10,23,22,5,0,11,9,0
480955,1,1,1982,11,7,14,25,11,0,0,14,20,0
480956,0,1,1982,0,38,35,24,24,54,16,42,21,25
480956,1,1,1982,0,0,0,0,0,0,0,0,0,0
480957,0,1,1982,0,0,0,0,0,0,0,21,0,0
480957,1,1,1982,11,27,15,11,34,26,17,9,20,19
480958,1,1,1982,0,0,0,0,0,0,0,0,0,0
480959,0,1,1982,0,0,0,0,0,0,0,0,0,0
480959,1,1,1982,0,0,0,19,0,0,0,0,0,0
480960,0,1,1982,0,0,0,0,0,0,0,0,0,0
480960,1,1,1982,0,0,10,0,0,0,0,0,0,0
480961,1,1,1982,0,13,12,0,35,21,0,7,0,0
480962,0,1,1982,19,0,0,10,0,0,0,0,0,0
480962,0,2,1982,0,0,0,0,0,0,29,0,0,0
480962,0,3,1982,0,0,0,0,44,22,21,0,0,18
480963,0,1,1982,0,18,22,10,36,0,0,22,0,7
480963,1,1,1982,0,0,19,16,15,0,0,17,13,0
480964,1,1,1982,0,0,0,17,0,0,0,12,0,0
480965,1,1,1982,18,10,26,30,14,0,21,20,19,22
480965,2,1,1982,0,46,0,0,20,0,0,17,39,0
480966,1,1,1982,0,0,0,0,0,0,0,0,0,0
480966,2,1,1982,16,10,21,0,23,0,25,11,20,15
480967,0,1,1982,0,0,0,0,0,0,0,0,0,0
480967,1,1,1982,0,0,0,0,0,24,0,0,15,0
480968,0,1,1982,0,0,0,5,0,0,0,0,0,0
480968,1,1,1982,0,0,0,0,0,0,0,0,0,0
480969,1,1,1982,14,14,14,14,14,14,14,14,14,14
480969,2,1,1982,0,9,0,0,0,7,0,0,3,0
480970,1,1,1982,0,0,0,0,0,0,16,0,0,0
480970,2,1,1982,0,0,0,0,0,0,0,0,0,0
480970,3,1,1982,0,0,0,0,0,0,0,0,0,0
480971,1,1,1982,0,0,0,0,0,0,0,0,0,0
480972,1,1,1982,0,0,0,21,0,0,0,0,0,0
480972,2,1,1982,0,0,0,0,0,0,0,0,0,0
480973,1,1,1982,17,0,0,9,25,18,0,0,13,0
480973,2,1,1982,0,0,0,0,0,0,0,0,0,0
480974,1,1,1982,0,0,0,0,0,0,0,0,0,0
480974,2,1,1982,0,0,0,0,0,0,0,0,0,0
480975,1,1,1982,7,0,25,11,0,11,7,0,21,17
480976,1,1,1982,21,0,11,0,0,0,0,21,0,0
480977,1,1,1982,0,0,16,21,22,17,0,8,16,0
480979,0,1,1982,27,29,12,24,11,0,19,27,20,31
480979,1,1,1982,0,0,0,13,0,0,0,7,15,0
480980,1,1,1982,0,0,14,0,0,0,0,0,10,0
480980,2,1,1982,0,0,0,0,0,23,0,0,0,0
480981,1,1,1982,0,0,0,0,0,0,10,0,0,0
480981,2,1,1982,0,0,0,0,0,0,0,0,0,0
480982,1,1,1982,9,0,12,4,5,11,0,0,13,12
480982,2,1,1982,0,16,0,19,15,21,0,13,0,22
480983,1,1,1982,0,0,0,0,7,0,0,37,17,0
480983,2,1,1982,0,0,0,0,0,0,0,0,8,0
480984,0,1,1982,0,0,0,0,0,0,0,0,0,0
480984,1,1,1982,0,0,0,0,0,0,0,0,0,0
480985,1,1,1982,19,28,17,21,21,24,13,14,21,42
480986,1,1,1982,0,12,0,15,12,23,27,23,13,29
480987,1,1,1982,0,0,0,0,0,0,0,0,0,0
480987,2,1,1982,0,0,19,0,0,0,0,0,0,11
480989,0,1,1982,0,0,0,0,0,0,0,0,0,0
480989,1,1,1982,0,0,0,0,0,0,0,0,0,24
480990,0,1,1982,0,0,32,0,0,11,25,17,0,16
480990,1,1,1982,0,0,0,6,0,0,0,0,0,0
480991,1,1,1982,0,0,0,0,0,0,0,0,0,0
480991,2,1,1982,24,0,0,0,0,0,0,0,15,0
480992,0,1,1982,20,24,9,28,12,21,11,24,0,23
480992,1,1,1982,0,0,0,5,23,21,10,0,15,0
480993,0,1,1982,23,0,26,0,0,0,22,0,12,0
480993,1,1,1982,0,18,21,20,0,0,12,0,6,28
480994,1,1,1982,6,0,8,10,10,11,0,23,18,0
480994,2,1,1982,0,0,0,12,0,0,3,0,0,0
480994,3,1,1982,0,14,0,23,15,0,0,10,0,20
480995,1,1,1982,0,0,0,0,0,16,0,0,0,0
480995,2,1,1982,15,0,22,17,37,0,0,36,0,0
480996,1,1,1982,48,33,0,22,0,22,0,19,12,21
480997,1,1,1982,0,18,7,0,0,0,0,0,0,12
480998,0,1,1982,32,12,22,24,21,27,38,46,30,7
480998,1,1,1982,0,17,0,8,16,23,0,0,0,6
480999,1,1,1982,0,0,0,0,0,0,0,0,0,0
481000,0,1,1982,0,0,6,26,0,0,0,0,0,0
481000,0,2,1982,15,0,13,0,0,0,0,9,0,0
481000,0,3,1982,0,0,0,0,0,0,0,6,0,0
481000,1,1,1982,0,7,14,17,15,10,14,0,15,10
481001,1,1,1982,0,14,21,0,18,8,20,22,11,12
481002,1,1,1982,0,21,26,23,21,10,0,4,0,0
481002,2,1,1982,13,35,16,17,9,14,35,9,15,24
481003,1,1,1982,0,27,0,12,12,20,23,0,0,13
481003,2,1,1982,0,5,0,0,0,0,0,0,0,0
481004,1,1,1982,0,0,0,0,0,14,0,0,3,0
481005,1,1,1982,0,0,0,0,0,0,0,4,8,0
481005,2,1,1982,23,19,13,22,18,15,14,16,25,17
481006,0,1,1982,18,27,30,17,18,25,11,6,12,20
481006,1,1,1982,25,12,29,18,0,9,26,21,19,9
481007,0,1,1982,35,0,0,0,20,0,30,19,0,24
481007,1,1,1982,0,0,0,11,8,0,0,0,20,0
481008,0,1,1982,19,19,19,19,19,19,19,19,19,19
481008,1,1,1982,0,15,10,11,11,21,19,13,14,12
481009,1,1,1982,34,4,34,19,4,27,0,14,23,14
481010,1,1,1982,14,16,41,0,0,14,0,23,22,14
481011,1,1,1982,0,0,0,0,6,16,0,0,0,0
481011,2,1,1982,33,33,33,33,33,33,33,33,33,33
481012,1,1,1982,9,0,13,0,0,13,0,0,0,0
481012,2,1,1982,13,10,14,13,12,0,21,28,10,14
481013,1,1,1982,0,0,0,17,0,7,17,0,13,18
481014,1,1,1982,0,0,0,0,0,0,19,0,0,0
481014,2,1,1982,4,14,21,0,0,0,0,7,0,0
481015,0,1,1982,0,0,0,0,0,0,0,0,0,0
481015,1,1,1982,13,24,13,16,15,18,28,20,11,0
481016,1,1,1982,21,0,28,24,38,16,12,20,12,17
481017,1,1,1982,0,17,15,23,11,13,17,25,15,22
481018,1,1,1982,21,22,44,12,21,18,29,22,16,0
481019,1,1,1982,8,2,0,5,3,10,0,0,13,0
481020,1,1,1982,10,19,0,0,11,6,16,17,0,14
481021,1,1,1982,13,13,13,13,13,13,13,13,13,13
481022,1,1,1982,23,19,18,29,9,32,12,17,14,16
481023,1,1,1982,21,11,17,9,18,11,17,33,18,18
481024,0,1,1982,0,0,0,0,0,0,0,0,0,0
481024,1,1,1982,0,0,13,13,0,0,6,19,0,0
481025,0,1,1982,0,23,17,18,0,0,23,0,0,0
481025,1,1,1982,0,13,0,28,20,16,0,0,0,0
481026,1,1,1982,0,0,0,18,0,8,0,0,0,0
481026,2,1,1982,0,0,0,5,0,0,0,0,0,0
481027,1,1,1982,0,0,21,16,0,0,0,0,0,0
481028,0,1,1982,18,34,20,0,38,21,25,9,58,14
481028,1,1,1982,0,15,7,0,12,5,26,19,0,0
481029,1,1,1982,15,13,8,16,19,16,13,20,5,14
481029,2,1,1982,16,0,16,7,6,0,0,0,16,29
481030,1,1,1982,0,29,0,22,0,13,0,23,0,0
481031,1,1,1982,0,15,8,0,0,14,8,25,18,0
481031,2,1,1982,0,0,0,10,0,24,0,0,15,0
481032,1,1,1982,0,4,0,0,25,0,0,5,0,16
481032,2,1,1982,0,0,0,0,0,0,25,0,0,0
481033,1,1,1982,0,0,0,0,0,0,0,0,0,11
481034,0,1,1982,0,0,0,0,0,0,0,0,0,0
481034,1,1,1982,0,0,0,0,0,0,0,0,0,0
481035,1,1,1982,0,0,0,0,0,0,0,0,0,0
481035,2,1,1982,0,0,3,0,39,19,14,0,0,0
481036,1,1,1982,0,18,18,0,15,0,0,18,9,27
481037,1,1,1982,0,23,0,27,29,9,0,18,21,0
481038,1,1,1982,0,0,18,10,17,17,0,13,0,0
481038,2,1,1982,0,0,0,0,0,0,0,0,0,0
481039,1,1,1982,0,0,0,0,0,0,0,0,0,0
481040,1,1,1982,26,0,20,0,0,0,0,7,0,11
481041,1,1,1982,13,3,0,0,0,0,0,14,0,7
481041,2,1,1982,0,20,16,10,0,0,16,0,11,0
481042,1,1,1982,0,0,0,12,15,0,13,0,24,0
481042,2,1,1982,0,13,0,0,14,0,0,0,0,0
481043,1,1,1982,4,20,10,0,13,6,28,11,0,0
481043,2,1,1982,26,19,10,22,8,13,11,12,12,12
481044,1,1,1982,0,23,5,0,7,0,0,0,0,0
481044,2,1,1982,0,0,0,0,0,0,0,0,22,0
481045,1,1,1982,20,15,36,32,14,5,15,9,19,26
481045,2,1,1982,0,0,0,3,9,0,0,0,0,0
481046,1,1,1982,0,17,0,0,0,0,14,12,0,23
481046,2,1,1982,0,0,0,0,0,0,0,0,0,0
481047,1,1,1982,16,0,10,0,5,8,0,21,17,0
481047,2,1,1982,0,0,2,0,0,0,11,0,0,0
481048,1,1,1982,28,22,14,15,30,0,18,22,27,24
481049,1,1,1982,23,10,31,20,7,20,29,0,12,12
481050,1,1,1982,21,0,0,0,0,4,0,0,0,0
481050,2,1,1982,31,33,0,10,10,19,20,25,0,34
481051,1,1,1982,8,13,0,11,10,20,12,14,3,0
481052,1,1,1982,21,6,21,26,10,22,31,19,17,11
481053,1,1,1982,0,0,0,0,0,0,0,0,0,0
481053,2,1,1982,7,0,24,0,4,0,24,12,9,0
481054,0,1,1982,32,0,25,0,0,26,0,26,0,0
481054,1,1,1982,4,10,41,0,6,0,0,19,0,0
481055,0,1,1982,20,42,28,0,0,0,36,17,5,23
481055,1,1,1982,15,15,0,15,18,16,0,0,10,20
481056,1,1,1982,12,18,35,13,27,22,22,6,11,0
481056,2,1,1982,0,6,0,0,0,7,0,10,0,0
481057,1,1,1982,0,0,0,0,0,0,0,0,0,0
481057,2,1,1982,0,0,0,0,0,0,0,0,0,9
481058,1,1,1982,14,4,11,7,28,18,20,18,22,0
481059,1,1,1982,0,0,0,0,0,0,0,0,0,0
481059,2,1,1982,0,0,0,23,0,0,0,0,0,0
481060,1,1,1982,0,0,0,0,0,0,0,0,0,0
481060,2,1,1982,0,13,0,15,0,8,0,0,0,0