ST_CASE,VEH_NO,PER_NO,YEAR,P1,P2,P3,P4,P5,P6,P7,P8,P9,P10
481061,1,1,1982,0,0,0,0,0,0,0,0,0,0
481061,2,1,1982,0,0,0,0,0,7,0,5,0,0
481062,1,1,1982,4,0,0,0,0,0,0,0,0,0
481062,2,1,1982,0,0,0,0,0,18,0,0,0,0
481063,1,1,1982,14,14,13,17,10,14,10,15,10,19
481064,1,1,1982,11,0,10,0,0,0,0,0,0,0
481064,2,1,1982,20,0,24,5,0,12,23,0,8,19
481065,1,1,1982,0,0,0,0,0,0,30,0,0,20
481065,2,1,1982,0,0,0,0,0,0,0,0,0,0
481066,1,1,1982,13,19,14,9,11,8,4,10,18,12
481066,2,1,1982,0,19,35,16,8,16,10,0,16,31
481067,1,1,1982,26,28,32,14,7,17,0,0,0,13
481068,0,1,1982,0,0,0,0,0,0,0,0,0,0
481068,1,1,1982,0,0,0,0,0,0,0,0,0,0
481069,0,1,1982,0,0,0,0,0,0,0,0,8,0
481069,1,1,1982,18,0,14,4,12,18,26,8,35,20
481070,1,1,1982,18,0,16,17,16,17,21,30,14,14
481071,1,1,1982,0,11,0,15,0,17,0,0,0,0
481071,2,1,1982,0,0,6,0,0,0,9,0,0,0
481072,1,1,1982,22,22,19,27,4,17,0,27,11,23
481073,1,1,1982,11,17,0,24,0,16,0,11,0,16
481074,0,1,1982,0,0,0,0,0,0,0,0,0,0
481074,1,1,1982,0,0,0,0,0,5,0,0,19,13
481075,1,1,1982,6,0,0,21,0,12,13,0,11,0
481075,2,1,1982,0,16,0,0,0,4,4,13,0,0
481076,1,1,1982,0,0,0,22,0,26,0,17,8,0
481076,2,1,1982,0,0,0,0,0,12,0,8,0,0
481077,1,1,1982,0,0,7,0,0,0,0,0,0,0
481077,2,1,1982,0,15,0,12,24,0,22,0,0,31
481078,1,1,1982,13,24,24,0,13,8,19,28,18,24
481079,1,1,1982,0,7,6,12,15,0,29,15,25,22
481080,0,1,1982,0,13,0,0,0,15,6,9,22,0
481080,1,1,1982,26,25,12,0,20,0,0,12,0,0
481081,0,1,1982,21,14,28,28,0,0,18,0,32,0
481081,1,1,1982,21,9,7,15,0,8,0,0,15,17
481082,1,1,1982,28,12,15,10,11,15,17,13,17,0
481083,0,1,1982,25,29,36,27,31,35,0,10,31,18
481083,1,1,1982,11,10,0,0,0,19,10,0,8,0
481084,1,1,1982,23,19,22,16,23,29,14,15,13,20
481085,1,1,1982,0,16,19,25,25,0,28,14,33,26
481086,1,1,1982,21,21,21,21,21,21,21,21,21,21
481087,1,1,1982,0,14,0,0,0,0,16,0,0,0
481087,2,1,1982,0,0,16,13,14,12,0,0,0,0
481088,0,1,1982,0,0,0,0,0,0,0,0,0,0
481088,1,1,1982,0,0,0,0,0,0,0,0,0,5
481089,1,1,1982,20,16,19,17,7,2,12,17,36,20
481090,1,1,1982,0,8,8,0,8,16,0,26,0,0
481090,2,1,1982,0,0,0,0,0,0,0,0,0,0
481091,1,1,1982,0,10,0,0,0,0,0,0,2,10
481091,2,1,1982,28,0,0,38,0,25,0,19,4,0
481092,0,1,1982,16,16,26,28,20,18,18,0,60,3
481092,1,1,1982,31,19,26,19,6,9,0,0,25,12
481093,1,1,1982,0,0,0,0,0,0,0,0,23,0
481094,0,1,1982,0,0,0,0,0,0,0,0,0,0
481094,1,1,1982,0,0,0,0,0,10,27,0,13,0
481095,1,1,1982,22,18,27,20,34,30,0,24,12,31
481096,1,1,1982,13,13,13,13,13,13,13,13,13,13
481097,1,1,1982,0,16,38,20,24,45,13,34,18,13
481098,1,1,1982,16,15,8,20,33,18,18,25,16,3
481099,1,1,1982,20,0,0,23,23,19,21,15,14,15
481100,1,1,1982,0,0,18,0,14,16,5,0,0,0
481100,2,1,1982,11,7,19,26,6,10,17,28,23,20
481101,1,1,1982,20,17,6,19,21,12,25,13,18,25
481102,1,1,1982,22,0,0,8,0,0,0,12,12,0
481102,2,1,1982,12,29,7,0,20,0,18,8,0,0
481103,1,1,1982,17,0,0,0,11,0,0,0,0,0
481103,2,1,1982,0,0,0,0,0,0,7,0,0,21
481104,0,1,1982,32,23,14,29,12,25,14,31,13,26
481104,1,1,1982,0,0,0,6,0,10,0,3,14,0
481105,1,1,1982,37,37,37,37,37,37,37,37,37,37
481105,2,1,1982,0,15,8,12,5,24,20,16,0,0
481106,1,1,1982,0,0,4,27,0,0,0,0,0,0
481106,2,1,1982,0,0,0,0,41,0,0,0,0,0
481107,1,1,1982,0,0,0,0,15,33,0,0,0,11
481108,1,1,1982,12,0,36,14,0,15,16,0,0,10
481108,2,1,1982,11,22,8,13,9,7,27,12,19,21
481109,1,1,1982,0,0,0,0,0,0,0,0,0,0
481109,2,1,1982,16,13,8,7,0,11,21,8,26,14
481110,1,1,1982,21,25,12,17,8,26,0,21,5,26
481111,1,1,1982,0,20,14,0,15,16,18,23,20,5
481112,0,1,1982,10,25,37,18,33,0,11,25,27,34
481112,1,1,1982,20,22,6,8,15,24,19,22,32,7
481113,1,1,1982,16,13,6,0,0,0,21,17,6,9
481113,2,1,1982,57,34,25,19,29,0,31,25,20,0
481114,1,1,1982,22,22,22,22,22,22,22,22,22,22
481114,2,1,1982,20,24,0,0,0,8,25,0,13,13
481115,1,1,1982,0,11,0,0,0,0,0,0,0,0
481116,1,1,1982,19,27,5,34,20,18,27,32,0,48
481117,1,1,1982,0,0,18,0,0,0,0,0,0,0
481117,2,1,1982,0,25,0,0,0,15,0,0,0,0
481118,1,1,1982,9,0,0,34,0,0,19,0,0,12
481118,2,1,1982,10,10,10,10,10,10,10,10,10,10
481119,1,1,1982,0,0,0,0,0,0,0,0,0,0
481119,2,1,1982,0,0,0,0,20,13,0,0,0,0
481120,1,1,1982,0,0,0,0,0,0,0,0,0,0
481120,2,1,1982,16,44,12,36,14,0,32,7,23,0
481121,1,1,1982,0,0,18,0,0,0,0,0,0,5
481121,2,1,1982,18,9,8,17,23,17,9,0,18,0
481122,1,1,1982,9,0,0,25,0,14,11,0,6,0
481123,1,1,1982,0,18,0,29,0,16,0,18,38,18
481124,1,1,1982,0,0,0,0,0,0,0,0,0,0
481124,2,1,1982,16,13,29,10,0,0,0,0,0,0
481125,0,1,1982,8,0,12,0,15,33,0,0,34,15
481125,1,1,1982,0,19,5,0,0,7,22,0,12,19
481126,1,1,1982,0,18,0,0,0,0,0,0,0,0
481126,2,1,1982,0,0,0,3,0,0,0,0,10,0
481127,1,1,1982,0,17,0,0,11,0,0,15,0,0
481128,1,1,1982,0,0,0,0,0,0,0,0,0,12
481129,1,1,1982,0,0,0,0,0,0,0,0,10,0
481129,2,1,1982,0,0,0,0,0,0,0,0,0,6
481130,1,1,1982,28,28,28,28,28,28,28,28,28,28
481130,2,1,1982,0,0,0,0,0,0,0,0,0,0
481131,0,1,1982,0,0,0,0,0,0,0,0,0,0
481131,1,1,1982,0,0,14,0,0,0,0,0,0,3
481132,1,1,1982,0,0,9,0,14,2,22,4,0,24
481133,1,1,1982,0,0,0,34,0,0,0,10,0,25
481133,2,1,1982,0,16,5,0,0,22,0,4,0,0
481134,1,1,1982,0,0,0,0,0,0,0,0,0,0
481135,1,1,1982,5,23,0,0,0,12,19,7,0,0
481135,2,1,1982,22,0,26,25,11,10,19,11,0,14
481136,1,1,1982,32,0,34,16,9,21,25,28,26,22
481137,1,1,1982,0,0,0,0,0,0,16,0,0,0
481137,2,1,1982,6,0,0,0,0,0,0,0,0,0
481138,1,1,1982,0,0,0,0,16,15,0,0,0,0
481138,2,1,1982,0,0,0,0,0,0,0,0,0,0
481139,0,1,1982,0,0,5,0,0,0,0,5,0,0
481139,1,1,1982,34,14,24,14,5,0,23,19,10,17
481140,1,1,1982,6,0,12,0,22,18,0,32,0,0
481141,1,1,1982,0,0,0,0,0,0,0,13,0,16
481141,2,1,1982,0,0,0,0,0,0,17,0,0,0
481142,1,1,1982,8,10,0,29,16,16,0,0,10,10
481143,1,1,1982,10,0,0,7,13,15,13,0,6,16
481143,2,1,1982,8,18,11,0,6,0,33,17,0,24
481144,1,1,1982,15,24,13,16,0,0,12,0,0,17
481145,1,1,1982,0,0,0,5,0,0,0,0,0,0
481145,2,1,1982,11,0,0,0,0,0,0,0,0,0
481146,1,1,1982,0,0,0,19,24,0,0,0,0,0
481146,2,1,1982,14,15,0,0,13,24,0,16,13,27
481147,1,1,1982,5,0,10,10,4,20,15,0,17,5
481148,0,1,1982,0,0,0,0,0,0,0,0,0,0
481148,1,1,1982,0,12,0,9,0,0,0,30,0,0
481149,1,1,1982,18,19,11,14,7,13,36,21,16,16
481149,2,1,1982,0,0,18,16,21,13,38,0,10,15
481150,1,1,1982,20,35,0,18,12,12,0,17,26,0
481151,1,1,1982,0,0,0,12,10,12,6,15,0,0
481151,2,1,1982,0,15,7,0,11,24,19,18,0,16
481152,0,1,1982,31,15,39,30,9,32,28,20,27,4
481152,1,1,1982,0,0,28,0,0,0,12,4,13,0
481153,1,1,1982,0,0,0,0,0,0,0,0,0,0
481153,2,1,1982,0,0,0,0,0,0,0,0,0,0
481154,1,1,1982,0,0,22,19,22,14,22,13,9,11
481155,1,1,1982,0,10,0,0,0,0,0,0,0,0
481155,2,1,1982,14,0,0,0,0,21,0,11,0,0
481156,1,1,1982,17,18,22,26,0,22,22,34,19,16
481157,0,1,1982,30,13,13,22,32,31,10,3,3,16
481157,1,1,1982,0,3,0,0,0,0,0,0,0,0
481158,0,1,1982,27,0,23,0,0,0,18,17,0,0
481158,1,1,1982,16,9,8,19,9,12,12,12,15,37
481159,1,1,1982,20,0,15,6,19,7,25,0,12,23
481160,1,1,1982,31,23,45,16,0,0,32,19,19,28
481161,0,1,1982,19,17,11,16,14,28,25,25,14,27
481161,0,2,1982,0,16,0,0,15,26,17,7,0,0
481161,0,3,1982,20,27,10,0,0,0,23,34,20,28
481161,0,4,1982,26,0,0,43,31,0,0,12,27,20
481161,1,1,1982,10,0,14,0,6,0,18,20,5,15
481162,1,1,1982,12,16,17,20,10,5,15,10,35,24
481163,1,1,1982,0,4,0,0,0,0,0,0,0,10
481164,1,1,1982,21,18,12,19,0,26,0,27,0,19
481165,1,1,1982,27,0,0,10,0,29,0,0,0,5
481165,2,1,1982,11,16,8,0,11,14,0,0,0,14
481166,1,1,1982,0,0,0,0,0,0,0,0,0,0
481166,2,1,1982,0,0,0,0,0,13,0,0,0,0
481167,1,1,1982,18,0,0,6,0,0,0,0,19,12
481167,2,1,1982,25,25,25,25,25,25,25,25,25,25
481168,1,1,1982,14,0,11,3,4,18,18,7,5,0
481169,1,1,1982,0,19,0,0,0,13,0,38,0,0
481169,2,1,1982,20,0,0,0,0,0,0,0,0,0
481170,1,1,1982,25,16,14,22,0,21,12,26,29,32
481170,2,1,1982,15,15,15,15,15,15,15,15,15,15
481171,1,1,1982,11,8,9,10,17,33,5,24,21,12
481172,1,1,1982,13,25,18,17,22,14,21,12,15,24
481173,1,1,1982,0,0,16,0,0,10,0,0,0,21
481173,2,1,1982,8,0,13,17,23,0,12,11,14,14
481174,0,1,1982,0,0,0,0,0,30,0,0,12,0
481174,1,1,1982,0,0,0,0,0,0,0,0,0,0
481175,1,1,1982,0,0,0,0,0,0,0,3,0,0
481176,1,1,1982,0,0,0,6,0,0,20,0,0,0
481176,2,1,1982,0,0,11,0,0,0,0,0,0,0
481177,1,1,1982,0,9,8,0,17,9,14,0,14,6
481177,2,1,1982,0,0,10,5,10,0,21,7,0,14
481178,1,1,1982,23,15,17,11,3,11,20,14,14,9
481179,1,1,1982,0,0,0,0,0,0,0,6,0,0
481179,2,1,1982,0,0,31,0,0,0,0,13,18,19
481180,1,1,1982,18,0,17,19,0,23,0,0,9,0
481180,2,1,1982,20,17,0,22,0,20,0,18,23,24
481181,1,1,1982,21,19,21,0,0,0,25,0,11,12
481182,1,1,1982,0,0,0,0,14,0,38,0,10,0
481183,0,1,1982,7,0,0,3,0,18,33,29,0,0
481183,1,1,1982,0,0,0,0,0,0,0,0,0,0
481184,1,1,1982,13,4,0,10,14,4,29,16,17,25
481185,1,1,1982,21,0,0,0,0,0,0,0,0,0
481185,2,1,1982,0,0,0,25,0,0,0,0,0,0
481186,1,1,1982,0,0,0,0,26,0,0,0,0,0
481187,1,1,1982,0,0,0,5,0,0,0,0,0,0
481187,2,1,1982,0,0,0,0,0,0,0,0,0,0
481188,1,1,1982,14,14,14,14,14,14,14,14,14,14
481189,1,1,1982,0,0,0,16,0,0,0,9,22,0
481189,2,1,1982,12,9,0,31,31,0,16,0,10,0
481190,1,1,1982,0,0,0,0,0,0,0,12,0,0
481191,0,1,1982,0,0,13,0,0,0,0,0,10,0
481191,1,1,1982,6,0,0,0,0,0,0,0,0,0
481192,1,1,1982,0,0,8,0,7,0,0,0,0,0
481192,2,1,1982,12,13,2,6,12,8,16,14,8,18
481193,1,1,1982,15,15,11,4,0,12,7,8,0,13
481193,2,1,1982,29,23,7,11,36,13,22,15,23,22
481194,1,1,1982,0,18,0,0,0,15,0,8,24,24
481195,0,1,1982,34,28,6,0,23,0,13,6,36,29
481195,1,1,1982,28,5,23,0,21,0,21,0,0,6
481196,1,1,1982,0,0,18,14,0,13,25,22,8,24
481196,2,1,1982,0,21,0,0,12,0,0,0,0,0
481197,1,1,1982,0,0,5,0,0,0,0,0,0,0
481197,2,1,1982,12,0,0,0,0,0,12,0,0,0
481198,1,1,1982,0,0,0,0,0,0,0,0,0,0
481198,2,1,1982,27,11,11,29,19,9,24,9,21,9
481199,1,1,1982,0,30,23,0,26,0,20,18,0,0
481200,1,1,1982,15,14,20,18,18,16,16,33,6,16
481201,1,1,1982,0,0,0,0,0,0,0,0,0,0
481201,2,1,1982,0,0,0,0,12,0,0,21,14,0
481202,1,1,1982,16,16,16,16,16,16,16,16,16,16
481203,1,1,1982,13,41,18,0,18,24,20,22,8,8
481204,1,1,1982,22,8,21,25,14,10,11,25,26,31
481205,1,1,1982,14,19,15,10,0,0,0,30,17,16
481205,2,1,1982,0,6,0,0,0,0,0,0,0,0
481206,1,1,1982,0,0,0,13,0,0,0,0,0,0
481207,1,1,1982,0,0,0,0,0,0,0,0,0,0
481207,2,1,1982,0,0,0,0,0,0,0,0,0,0
481208,0,1,1982,0,0,0,0,0,0,0,0,0,0
481208,1,1,1982,0,0,11,0,0,0,20,14,0,6
481209,1,1,1982,0,0,0,0,0,0,0,0,0,0
481210,1,1,1982,22,0,0,0,0,0,0,23,0,0
481210,2,1,1982,18,0,0,0,0,0,0,0,0,0
481211,0,1,1982,0,15,0,19,0,11,0,0,22,19
481211,1,1,1982,23,23,23,23,23,23,23,23,23,23
481212,1,1,1982,19,0,16,0,0,13,0,0,40,29
481213,1,1,1982,16,18,24,18,16,34,15,25,26,12
481214,1,1,1982,0,0,0,0,0,0,0,0,0,0
481214,2,1,1982,0,0,0,23,0,0,27,11,0,0
481215,1,1,1982,6,17,7,0,16,18,17,7,9,14
481216,1,1,1982,0,0,0,0,0,0,0,0,0,0
481216,2,1,1982,0,0,0,0,0,0,0,9,0,0
481217,1,1,1982,0,13,0,0,0,0,0,0,0,0
481218,0,1,1982,0,0,0,0,0,0,0,0,0,0
481218,1,1,1982,0,0,0,0,0,0,0,0,0,0
481219,1,1,1982,0,0,0,0,0,0,0,8,0,7
481219,2,1,1982,0,28,0,0,0,0,14,0,21,16
481220,0,1,1982,12,21,14,10,18,21,18,13,0,11
481220,0,2,1982,10,16,29,17,13,31,16,39,23,0
481220,1,1,1982,9,23,10,0,13,0,20,0,0,12
481221,1,1,1982,0,0,0,0,5,0,0,0,0,0
481221,2,1,1982,0,19,15,21,19,0,0,0,0,0
481222,1,1,1982,0,13,18,9,0,9,5,21,0,18
481223,1,1,1982,0,4,0,0,0,0,0,0,0,0
481223,2,1,1982,0,0,0,0,4,13,13,0,0,0
481224,1,1,1982,26,21,21,0,33,10,0,0,15,0
481225,1,1,1982,0,8,0,0,0,0,0,0,0,2
481225,2,1,1982,12,0,17,0,19,22,0,0,0,0
481226,1,1,1982,13,0,16,0,13,0,0,6,7,23
481227,1,1,1982,0,0,27,0,19,0,0,15,0,8
481227,2,1,1982,0,0,4,18,0,0,11,19,6,0
481228,1,1,1982,11,24,14,15,14,10,30,14,6,17
481229,1,1,1982,14,11,0,20,17,13,10,9,20,0
481230,1,1,1982,13,17,12,13,6,18,21,35,6,11
481230,2,1,1982,0,0,0,0,0,0,0,0,0,0
481230,3,1,1982,0,10,12,11,0,10,7,15,13,0
481231,1,1,1982,18,13,16,0,26,0,23,20,20,0
481232,1,1,1982,27,25,21,19,15,21,16,26,21,28
481233,0,1,1982,20,15,0,0,6,0,16,0,18,13
481233,1,1,1982,6,11,25,0,3,0,13,0,19,25
481234,1,1,1982,24,21,18,34,19,19,3,13,19,0
481235,1,1,1982,23,17,18,17,13,5,6,21,9,22
481236,1,1,1982,0,0,0,0,0,0,0,0,0,13
481236,2,1,1982,0,0,0,0,18,0,0,0,0,0
481237,0,1,1982,13,9,0,0,0,13,0,0,14,8
481237,1,1,1982,0,0,13,0,0,14,0,0,0,14
481238,1,1,1982,18,17,24,7,15,10,19,20,11,16
481239,1,1,1982,0,12,8,41,10,0,7,0,2,3
481239,2,1,1982,0,13,17,12,34,20,0,21,27,23
481240,1,1,1982,0,33,0,11,0,20,0,0,0,16
481241,0,1,1982,0,0,0,0,20,8,8,26,0,15
481241,1,1,1982,27,0,0,20,0,9,0,0,0,8
481242,1,1,1982,0,0,0,0,0,0,20,25,0,0
481242,2,1,1982,0,0,12,14,0,0,0,0,0,0
481242,3,1,1982,0,0,7,0,0,0,0,0,8,0
481243,0,1,1982,6,15,22,32,28,28,21,13,16,14
481243,1,1,1982,15,21,0,0,0,16,9,0,0,14
481244,1,1,1982,29,14,23,23,15,32,0,19,11,0
481245,1,1,1982,0,0,0,0,0,6,5,23,0,0
481245,2,1,1982,22,0,0,0,0,13,33,31,0,19
481246,1,1,1982,16,0,27,22,20,17,27,8,31,13
481247,1,1,1982,0,0,0,0,0,0,0,0,0,0
481247,2,1,1982,0,0,0,0,0,0,0,0,0,0
481248,1,1,1982,0,19,30,7,3,14,6,14,15,40
481249,0,1,1982,21,17,11,20,18,11,22,25,25,20
481249,1,1,1982,17,18,17,6,0,15,5,0,19,0
481250,1,1,1982,19,11,20,8,0,24,9,19,21,19
481251,0,1,1982,0,0,33,0,0,0,0,11,0,0
481251,1,1,1982,3,5,14,24,24,14,27,7,7,10
481252,1,1,1982,11,0,0,0,0,0,0,0,5,0
481252,2,1,1982,0,0,17,0,0,0,0,6,0,0
481253,1,1,1982,12,12,12,12,12,12,12,12,12,12
481254,1,1,1982,0,0,0,0,0,0,0,0,0,7
481255,1,1,1982,0,0,0,0,0,9,0,0,0,0
481255,2,1,1982,0,15,0,25,0,0,0,0,0,14
481256,1,1,1982,0,10,12,21,15,0,0,15,19,0
481256,2,1,1982,5,0,0,0,0,26,0,16,0,0
481257,1,1,1982,11,5,0,4,0,26,5,9,0,0
481258,1,1,1982,28,23,16,17,33,17,17,23,27,21
481259,1,1,1982,34,16,22,14,24,12,29,0,43,23
481260,1,1,1982,18,34,0,0,0,18,0,0,16,12
481260,2,1,1982,0,14,0,0,0,0,0,7,5,11
481261,1,1,1982,12,14,29,10,23,15,21,13,23,26
481262,0,1,1982,29,24,10,15,22,48,16,17,63,17
481262,1,1,1982,0,0,0,0,0,0,0,19,0,0
481263,1,1,1982,0,0,9,0,0,0,0,0,0,0
481263,2,1,1982,18,16,12,6,18,19,4,17,10,0
481264,1,1,1982,0,33,0,15,0,16,0,0,17,0
481265,1,1,1982,0,0,23,8,33,0,0,0,18,0
481266,1,1,1982,19,12,36,34,27,12,7,27,24,17
481267,0,1,1982,21,20,15,52,10,26,25,19,16,27
481267,1,1,1982,3,0,0,0,0,10,0,0,0,0
481268,1,1,1982,0,0,0,0,0,23,0,0,0,24
481268,2,1,1982,22,6,14,18,12,24,10,25,16,14
481269,1,1,1982,0,16,15,2,22,22,29,29,11,31
481270,1,1,1982,0,0,12,0,0,0,10,0,0,0
481270,2,1,1982,0,0,6,9,0,0,0,7,18,0
481271,0,1,1982,20,20,20,20,20,20,20,20,20,20
481271,1,1,1982,0,0,0,0,0,0,0,0,20,0
481272,0,1,1982,0,0,0,16,33,0,38,21,0,21
481272,1,1,1982,0,0,0,0,0,0,0,0,0,0
481273,1,1,1982,33,0,12,19,19,14,8,16,27,19
481273,2,1,1982,0,0,0,0,0,12,0,0,0,9
481274,0,1,1982,28,25,9,5,28,16,10,0,31,12
481274,1,1,1982,10,0,0,23,0,0,0,0,0,0
481275,1,1,1982,0,0,11,0,22,0,0,0,0,4
481276,1,1,1982,3,0,0,0,0,0,0,0,0,17
481277,1,1,1982,12,23,0,0,20,4,0,20,17,0
481278,0,1,1982,28,0,0,0,0,0,0,0,0,0
481278,1,1,1982,0,0,0,0,20,0,0,0,0,0
481279,1,1,1982,18,24,6,28,12,17,9,18,20,12
481280,1,1,1982,0,0,0,0,0,0,0,13,0,0
481281,1,1,1982,15,12,16,29,28,12,26,24,9,23
481282,1,1,1982,0,0,0,10,0,0,0,0,0,0
481283,1,1,1982,0,0,0,0,8,0,0,0,17,20
481283,2,1,1982,18,0,0,0,0,0,0,10,0,0
481284,1,1,1982,0,0,19,0,0,5,0,0,0,0
481284,2,1,1982,0,0,0,0,0,0,0,0,0,0
481285,1,1,1982,5,16,5,10,14,18,0,9,17,27
481286,0,1,1982,0,0,0,0,0,0,0,0,0,0
481286,1,1,1982,0,0,12,0,0,0,0,0,0,0
481287,1,1,1982,0,0,0,0,25,0,15,21,0,0
481288,1,1,1982,4,0,0,0,0,15,18,0,0,15
481289,1,1,1982,0,10,3,12,16,0,13,27,17,4
481290,1,1,1982,0,0,11,0,0,13,0,0,0,0
481290,2,1,1982,0,14,12,0,0,0,0,15,0,9
481291,1,1,1982,25,12,0,20,10,23,44,15,0,23
481292,1,1,1982,6,11,0,16,11,0,21,21,21,9
481293,0,1,1982,0,0,0,0,0,0,0,16,0,0
481293,1,1,1982,0,5,5,9,19,15,13,25,17,19
481294,1,1,1982,0,0,19,0,0,0,0,0,0,0
481294,2,1,1982,26,15,0,0,15,0,0,20,0,0
481295,1,1,1982,0,0,0,0,0,0,11,0,0,0
481295,2,1,1982,0,0,24,0,0,12,0,0,7,0
481296,1,1,1982,0,0,0,0,0,0,0,0,0,0
481296,2,1,1982,0,0,0,0,0,0,5,0,15,0
481297,1,1,1982,22,30,29,25,0,26,30,14,30,21
481298,1,1,1982,11,0,19,20,13,15,7,14,20,0
481298,2,1,1982,0,0,0,5,0,0,0,0,0,0
481299,1,1,1982,0,0,0,0,0,0,0,0,0,0
481299,2,1,1982,0,0,0,0,4,0,0,0,0,0
481300,1,1,1982,17,16,19,7,15,9,19,36,10,17
481301,1,1,1982,32,17,10,5,15,0,17,22,0,29
481302,0,1,1982,23,15,29,25,22,10,13,31,40,19
481302,1,1,1982,0,0,0,0,0,0,0,0,0,0
481303,1,1,1982,3,0,9,0,0,0,0,0,0,0
481303,2,1,1982,17,0,4,5,16,0,0,16,0,0
481304,1,1,1982,17,0,0,0,0,0,7,13,15,0
481304,2,1,1982,0,12,0,4,40,10,9,25,18,26
481305,0,1,1982,18,20,18,36,4,23,39,0,38,17
481305,1,1,1982,0,0,15,0,23,0,6,0,0,0
481306,1,1,1982,5,0,19,11,38,0,0,4,0,13
481307,1,1,1982,15,15,25,48,27,24,10,28,14,15
481308,0,1,1982,0,0,0,0,0,0,0,0,0,0
481308,1,1,1982,0,0,0,0,27,0,13,0,0,0
481309,0,1,1982,0,0,0,0,0,0,0,0,0,0
481309,1,1,1982,11,20,27,8,22,18,24,11,13,8
481310,1,1,1982,0,0,0,0,0,0,0,0,0,0
481310,2,1,1982,0,0,0,0,0,9,0,6,0,7
481311,1,1,1982,0,10,7,2,0,15,14,11,0,22
481311,2,1,1982,18,0,5,21,27,0,0,15,24,0
481312,1,1,1982,29,24,15,7,13,19,25,19,2,18
481313,1,1,1982,33,22,29,22,26,24,20,16,18,30
481314,1,1,1982,0,0,0,0,0,0,0,5,0,0
481314,2,1,1982,0,0,9,0,0,0,24,13,0,20
481315,0,1,1982,0,0,0,0,0,0,0,0,0,0
481315,0,2,1982,0,0,0,0,0,0,0,0,0,0
481315,1,1,1982,0,6,4,24,6,0,7,18,20,10
481316,1,1,1982,0,14,0,0,0,0,6,0,0,0
481316,2,1,1982,20,21,0,19,14,0,20,0,14,0
481317,1,1,1982,0,11,22,21,21,17,0,8,15,12
481318,1,1,1982,10,0,0,0,0,0,20,12,0,0
481318,2,1,1982,0,0,0,0,0,0,0,0,0,0
481319,1,1,1982,12,0,32,26,10,16,20,28,20,9
481320,1,1,1982,11,7,18,21,3,6,16,44,17,8
481321,1,1,1982,0,0,0,0,0,0,0,0,0,0
481322,0,1,1982,0,0,0,0,0,0,7,0,0,0
481322,1,1,1982,0,4,9,0,0,12,4,13,15,14
481323,0,1,1982,0,4,0,0,11,0,20,0,5,0
481323,1,1,1982,19,7,9,0,37,32,7,37,29,12
481324,0,1,1982,11,17,7,45,7,26,21,18,40,23
481324,1,1,1982,15,6,12,28,20,7,22,0,15,7
481325,1,1,1982,29,18,21,21,20,23,26,0,0,25
481326,1,1,1982,0,0,0,0,0,0,0,0,0,0
481327,1,1,1982,0,0,0,0,0,0,0,0,0,0
481328,1,1,1982,0,12,38,11,19,9,13,10,20,33
481329,1,1,1982,0,12,7,0,12,4,18,0,15,0
481329,2,1,1982,22,0,20,25,0,0,0,0,0,20
481330,1,1,1982,0,14,0,0,31,0,0,27,16,0
481330,2,1,1982,0,0,22,0,19,0,0,0,0,0
481331,1,1,1982,0,0,0,0,0,0,0,0,0,0
481331,2,1,1982,0,0,0,0,16,0,0,0,0,0
481332,0,1,1982,23,31,25,15,36,41,0,26,45,27
481332,1,1,1982,0,13,12,14,0,6,0,10,10,16
481333,0,1,1982,0,21,0,0,0,0,0,0,0,0
481333,1,1,1982,4,9,0,5,0,0,22,0,18,0
481334,1,1,1982,16,0,14,27,20,0,18,30,14,29
481334,2,1,1982,15,13,10,5,7,10,6,8,17,11
481335,1,1,1982,0,0,0,0,0,0,0,0,4,0
481335,2,1,1982,0,0,0,0,0,0,23,0,0,0
481336,1,1,1982,19,11,0,0,0,0,0,0,0,0
481336,2,1,1982,0,0,0,1,0,6,0,0,0,0
481337,0,1,1982,19,15,18,16,16,29,23,11,13,10
481337,1,1,1982,6,0,16,13,18,5,10,0,13,9
481338,1,1,1982,30,33,20,16,26,26,26,12,10,10
481339,1,1,1982,18,0,20,28,0,0,23,0,11,7
481340,1,1,1982,16,17,18,24,7,22,0,4,9,3
481341,1,1,1982,20,18,8,23,13,14,12,16,20,7
481342,1,1,1982,23,10,31,28,0,33,19,12,23,18
481343,1,1,1982,16,23,22,15,24,19,33,0,19,29
481344,1,1,1982,23,11,7,0,0,5,22,0,14,11
481344,2,1,1982,16,13,0,0,0,0,18,0,26,0
481345,0,1,1982,20,20,33,14,0,0,18,0,27,0
481345,1,1,1982,33,25,0,19,0,12,0,24,12,18
481346,0,1,1982,12,23,19,2,27,9,21,20,34,0
481346,1,1,1982,17,0,31,29,15,16,0,41,23,9
481347,0,1,1982,19,10,24,0,0,0,32,14,20,0