ST_CASE,VEH_NO,PER_NO,YEAR,P1,P2,P3,P4,P5,P6,P7,P8,P9,P10
481347,1,1,1982,25,40,24,18,12,25,20,11,16,15
481348,1,1,1982,11,19,15,7,0,3,13,23,6,10
481349,1,1,1982,0,26,15,22,19,4,30,11,23,0
481350,1,1,1982,0,21,0,0,0,0,7,0,0,0
481351,1,1,1982,0,9,0,8,0,0,0,0,0,0
481351,2,1,1982,0,0,9,0,15,10,0,0,0,0
481352,0,1,1982,24,34,48,29,0,20,15,35,28,32
481352,1,1,1982,0,0,0,14,0,15,0,0,0,0
481353,1,1,1982,20,5,17,7,0,23,18,0,18,23
481354,1,1,1982,12,23,5,11,0,10,5,23,26,22
481355,1,1,1982,0,17,17,7,0,22,17,15,0,20
481356,1,1,1982,0,0,0,0,0,0,0,0,0,0
481356,2,1,1982,0,0,0,0,0,0,0,0,0,15
481357,1,1,1982,10,23,14,22,0,14,0,7,0,20
481358,1,1,1982,0,0,0,0,3,0,0,0,0,9
481358,2,1,1982,0,0,0,0,0,0,16,0,4,0
481359,0,1,1982,5,0,13,26,16,22,12,5,13,29
481359,1,1,1982,0,0,0,0,0,9,0,0,15,8
481360,0,1,1982,11,21,36,20,0,0,0,34,10,14
481360,1,1,1982,10,18,20,11,0,0,21,0,9,0
481361,0,1,1982,0,0,0,0,0,0,0,0,0,0
481361,1,1,1982,0,0,0,0,0,0,0,0,20,0
481362,1,1,1982,0,0,0,0,0,0,0,0,0,0
481362,2,1,1982,0,0,0,0,0,0,0,0,0,0
481363,1,1,1982,0,0,0,16,0,0,0,0,0,0
481363,2,1,1982,19,17,0,0,0,17,19,0,20,18
481364,1,1,1982,0,0,0,0,0,0,0,0,0,0
481364,2,1,1982,0,0,0,0,0,0,0,0,0,0
481365,1,1,1982,15,0,0,0,0,0,0,11,0,0
481365,2,1,1982,0,0,0,18,34,0,0,15,0,9
481366,1,1,1982,18,20,4,21,8,0,0,0,0,8
481367,0,1,1982,0,0,3,16,13,0,15,0,30,25
481367,0,2,1982,0,0,0,0,8,19,7,0,22,16
481367,1,1,1982,51,26,28,0,20,14,25,0,32,17
481368,1,1,1982,17,5,0,0,7,0,9,0,1,0
481368,2,1,1982,0,0,0,0,0,0,0,0,0,0
481369,1,1,1982,0,0,0,22,11,36,0,0,0,0
481370,0,1,1982,0,0,0,0,0,0,0,0,0,0
481370,1,1,1982,18,0,0,0,0,0,0,0,0,0
481371,1,1,1982,17,17,0,0,15,18,0,0,19,19
481372,1,1,1982,0,0,0,0,0,0,4,0,0,0
481372,2,1,1982,0,0,0,0,9,0,0,0,0,0
481373,1,1,1982,17,7,18,0,18,23,17,2,19,8
481374,1,1,1982,0,0,10,14,0,0,0,0,0,0
481374,2,1,1982,9,0,0,0,0,0,0,13,0,0
481375,1,1,1982,18,0,21,9,15,14,18,4,27,13
481375,2,1,1982,13,20,32,16,23,24,5,24,16,0
481376,0,1,1982,23,29,20,19,21,10,13,18,18,16
481376,1,1,1982,9,0,0,0,0,0,0,13,10,0
481377,1,1,1982,0,0,0,0,0,0,0,0,26,5
481377,2,1,1982,0,7,0,0,8,7,13,0,11,0
481378,0,1,1982,25,12,36,19,20,29,18,35,27,35
481378,1,1,1982,0,0,0,0,21,0,0,14,0,0
481379,0,1,1982,21,20,25,18,7,22,29,38,35,25
481379,1,1,1982,0,0,15,17,0,15,0,0,0,0
481380,1,1,1982,12,0,0,15,0,0,0,16,0,0
481380,2,1,1982,0,0,0,0,0,11,0,0,0,0
481381,1,1,1982,18,16,22,17,16,20,10,0,12,7
481382,1,1,1982,0,0,23,0,22,0,0,0,13,0
481382,2,1,1982,0,0,0,0,0,0,0,0,0,0
481383,1,1,1982,20,36,22,25,15,19,36,25,13,14
481384,1,1,1982,0,0,0,0,0,0,0,8,0,0
481384,2,1,1982,0,0,0,0,0,0,0,0,0,0
481385,1,1,1982,0,0,0,0,0,6,0,0,0,0
481385,2,1,1982,10,0,17,16,16,13,7,0,6,16
481386,1,1,1982,11,19,0,10,12,29,21,17,22,39
481387,1,1,1982,8,20,9,12,12,16,9,8,26,18
481388,1,1,1982,30,0,25,15,14,4,18,16,19,32
481389,1,1,1982,14,0,7,26,30,0,0,18,19,8
481391,0,1,1982,13,2,35,23,10,29,6,0,4,22
481391,0,2,1982,23,0,15,22,15,21,21,21,15,20
481391,1,1,1982,0,0,28,0,0,0,0,0,0,0
481392,1,1,1982,3,8,10,14,17,22,14,0,12,24
481392,2,1,1982,17,0,0,13,0,13,18,0,0,0
481393,1,1,1982,22,21,0,14,24,12,18,19,23,13
481394,1,1,1982,17,0,0,0,0,0,0,0,0,0
481394,2,1,1982,9,0,0,10,0,0,25,0,13,0
481395,1,1,1982,9,5,12,17,20,24,19,27,13,12
481396,1,1,1982,20,23,0,33,19,33,25,17,21,0
481397,1,1,1982,26,0,11,25,18,16,19,28,11,18
481398,1,1,1982,7,17,7,20,17,4,23,0,8,13
481398,2,1,1982,0,12,0,0,0,0,0,0,0,0
481399,1,1,1982,13,5,8,12,19,8,10,0,15,14
481399,2,1,1982,23,8,0,0,0,17,0,41,20,12
481400,1,1,1982,0,20,25,21,0,21,16,11,16,11
481401,1,1,1982,0,0,18,11,0,0,0,0,0,0
481401,2,1,1982,0,0,5,0,29,0,5,12,0,13
481402,1,1,1982,44,31,18,17,14,22,29,8,16,7
481403,1,1,1982,0,0,0,0,0,0,0,0,0,0
481403,2,1,1982,0,0,0,0,0,0,0,0,0,0
481404,1,1,1982,11,11,15,9,12,0,10,17,22,13
481404,2,1,1982,11,0,0,0,0,11,0,0,0,28
481405,1,1,1982,0,0,0,0,0,0,0,0,0,0
481405,2,1,1982,0,0,0,0,0,0,0,0,0,0
481406,1,1,1982,15,10,12,15,24,25,17,16,15,24
481407,0,1,1982,14,12,32,21,16,18,11,9,15,23
481407,1,1,1982,24,11,0,5,32,0,0,0,0,9
481408,1,1,1982,0,0,0,0,0,0,0,0,5,0
481408,2,1,1982,16,7,23,20,15,25,32,13,13,26
481409,1,1,1982,0,0,9,0,13,0,0,0,0,15
481410,1,1,1982,6,0,21,20,16,29,0,17,17,13
481411,0,1,1982,26,15,28,0,27,0,9,12,0,0
481411,1,1,1982,10,2,24,9,4,0,9,0,0,0
481412,1,1,1982,0,19,0,0,4,0,19,10,0,5
481412,2,1,1982,11,0,6,13,19,16,11,20,5,21
481413,1,1,1982,0,0,0,0,0,0,0,0,9,16
481413,2,1,1982,0,0,14,0,0,0,0,0,0,0
481414,1,1,1982,0,0,0,0,0,0,11,0,0,0
481414,2,1,1982,0,7,12,13,0,0,0,11,0,13
481415,1,1,1982,19,0,29,0,0,0,0,0,0,0
481415,2,1,1982,0,0,0,0,16,11,0,0,0,0
481416,1,1,1982,0,21,13,22,45,29,37,17,27,20
481417,0,1,1982,0,0,0,0,14,0,0,0,0,0
481417,1,1,1982,0,8,0,0,0,0,0,0,12,0
481417,2,1,1982,0,4,0,0,0,0,0,0,7,0
481418,1,1,1982,0,0,0,0,0,25,0,0,0,0
481419,1,1,1982,10,13,19,9,22,13,17,12,9,20
481420,1,1,1982,0,0,0,0,27,17,26,11,0,0
481421,0,1,1982,18,0,13,0,0,0,20,0,0,0
481421,1,1,1982,0,15,0,0,0,0,4,0,23,0
481422,0,1,1982,0,0,0,10,0,0,0,13,0,0
481422,1,1,1982,0,8,0,7,0,0,6,0,0,0
481423,1,1,1982,10,9,27,18,15,15,10,15,0,15
481424,1,1,1982,0,0,9,0,0,15,0,0,0,0
481425,1,1,1982,0,0,14,0,11,0,0,0,0,0
481425,2,1,1982,0,0,0,0,6,0,0,0,0,0
481426,1,1,1982,18,0,25,0,0,0,0,7,0,0
481427,1,1,1982,17,10,15,23,22,14,19,13,10,20
481428,0,1,1982,12,0,0,0,21,6,0,0,0,0
481428,1,1,1982,0,0,0,0,0,0,0,0,0,0
481429,1,1,1982,0,16,15,18,0,0,0,20,0,15
481430,0,1,1982,16,25,9,23,5,30,8,15,33,0
481430,1,1,1982,13,0,0,10,0,12,0,0,0,25
481431,1,1,1982,21,17,16,26,28,36,28,4,10,38
481431,2,1,1982,0,0,0,0,0,0,0,0,0,0
481432,1,1,1982,13,0,0,0,0,0,0,14,0,4
481432,2,1,1982,0,0,0,26,17,5,18,12,0,2
481433,0,1,1982,0,12,0,15,8,0,12,0,0,0
481433,1,1,1982,11,19,28,0,7,0,19,13,32,0
481434,0,1,1982,0,23,11,14,17,0,14,21,15,28
481434,1,1,1982,14,0,31,22,0,0,27,21,0,0
481435,1,1,1982,15,11,30,19,15,23,12,10,21,16
481436,0,1,1982,0,0,15,29,6,0,0,0,16,0
481436,1,1,1982,0,0,8,8,16,0,0,0,0,0
481437,1,1,1982,12,14,5,13,22,15,12,18,12,16
481438,1,1,1982,30,0,0,0,0,0,0,0,0,0
481439,1,1,1982,0,0,0,0,0,0,0,0,0,0
481439,2,1,1982,0,0,0,0,9,0,0,0,0,0
481440,1,1,1982,0,0,8,0,37,13,29,15,42,0
481441,1,1,1982,0,7,0,15,0,0,0,0,0,0
481441,2,1,1982,30,30,30,30,30,30,30,30,30,30
481442,1,1,1982,17,14,0,21,4,0,27,29,19,32
481443,1,1,1982,0,19,31,14,33,15,23,22,21,0
481444,1,1,1982,0,0,0,1,6,0,10,0,0,29
481444,2,1,1982,20,31,25,18,27,26,13,19,17,33
481445,1,1,1982,0,0,0,0,0,0,0,0,0,0
481445,2,1,1982,0,0,0,0,0,0,0,0,0,0
481446,1,1,1982,0,0,0,0,0,0,0,0,0,0
481446,2,1,1982,21,17,0,22,33,0,0,0,0,4
481447,1,1,1982,0,2,0,0,0,0,0,0,0,0
481447,2,1,1982,0,0,0,0,0,0,0,0,0,0
481448,1,1,1982,0,0,0,0,0,0,0,0,0,19
481449,1,1,1982,0,0,0,14,0,0,0,0,1,0
481449,2,1,1982,0,0,0,0,0,0,0,0,0,0
481450,1,1,1982,14,13,32,28,26,15,13,12,14,12
481451,1,1,1982,17,0,0,0,0,0,0,0,0,0
481451,2,1,1982,13,13,13,13,13,13,13,13,13,13
481452,0,1,1982,33,25,19,27,19,19,19,29,15,22
481452,1,1,1982,15,16,14,14,14,14,9,18,20,30
481453,1,1,1982,13,10,23,0,2,9,19,7,22,12
481454,0,1,1982,0,0,0,32,0,0,13,7,10,12
481454,1,1,1982,38,0,0,0,0,0,15,0,0,8
481455,0,1,1982,0,0,0,0,0,0,0,0,0,0
481455,0,2,1982,0,0,0,0,0,0,0,0,0,0
481455,1,1,1982,0,0,0,0,27,0,0,0,0,0
481456,1,1,1982,19,22,16,10,18,16,27,16,12,20
481457,1,1,1982,4,4,0,0,2,0,0,0,13,20
481458,1,1,1982,0,0,0,0,0,0,0,0,0,0
481458,2,1,1982,0,0,8,0,0,0,0,0,14,0
481459,0,1,1982,0,0,0,27,0,0,0,0,0,3
481459,1,1,1982,0,10,0,20,20,0,0,0,0,0
481460,1,1,1982,0,21,0,18,10,0,0,0,0,14
481460,2,1,1982,0,0,0,0,0,0,0,0,0,0
481461,1,1,1982,0,16,11,21,0,17,21,13,21,9
481462,1,1,1982,18,22,30,24,19,22,0,21,12,0
481462,2,1,1982,0,0,0,0,0,0,0,0,0,0
481463,1,1,1982,0,0,1,3,0,0,0,10,0,0
481463,2,1,1982,15,0,14,8,0,0,0,13,0,0
481464,1,1,1982,0,20,0,0,14,15,0,0,11,20
481464,2,1,1982,9,25,0,0,0,0,0,19,0,30
481465,1,1,1982,0,0,15,0,28,22,26,0,0,22
481465,2,1,1982,12,13,7,15,0,0,0,17,25,17
481466,0,1,1982,38,0,9,11,16,10,13,26,19,18
481466,1,1,1982,25,0,18,0,7,12,20,8,14,0
481467,1,1,1982,0,24,16,0,0,23,0,0,28,14
481467,2,1,1982,25,17,0,0,0,0,0,18,0,0
481468,0,1,1982,3,0,13,0,0,0,0,0,0,0
481468,1,1,1982,20,12,0,2,0,0,0,0,0,8
481469,1,1,1982,30,15,0,25,0,8,30,0,28,11
481470,1,1,1982,0,0,0,0,0,0,0,0,11,0
481470,2,1,1982,0,0,6,0,0,0,0,0,0,16
481471,1,1,1982,0,0,0,0,0,0,0,12,14,0
481471,2,1,1982,0,0,0,0,0,11,0,21,0,0
481472,1,1,1982,9,9,18,7,39,14,18,15,10,28
481472,2,1,1982,10,15,22,16,7,0,15,32,9,0
481473,1,1,1982,13,7,13,16,12,19,31,11,10,29
481473,2,1,1982,6,0,0,0,0,0,0,0,0,0
481474,1,1,1982,13,6,11,34,18,0,0,12,0,0
481474,2,1,1982,0,0,0,0,0,0,0,9,0,0
481475,0,1,1982,0,0,0,0,0,0,0,0,0,0
481475,1,1,1982,0,15,0,0,0,0,0,0,0,0
481476,1,1,1982,22,22,22,22,22,22,22,22,22,22
481477,1,1,1982,0,0,0,0,0,14,13,0,0,0
481478,1,1,1982,27,7,12,12,19,18,13,17,21,13
481478,2,1,1982,0,15,0,9,0,17,6,0,17,6
481479,1,1,1982,16,35,14,16,28,19,23,15,8,5
481480,1,1,1982,0,9,0,9,0,0,30,0,0,13
481481,1,1,1982,31,21,19,7,19,22,13,27,24,17
481481,2,1,1982,27,15,15,18,6,17,0,30,0,14
481482,0,1,1982,0,0,0,21,0,0,0,0,0,0
481482,1,1,1982,0,0,0,0,0,0,0,0,0,0
481483,1,1,1982,21,26,0,0,0,13,0,0,24,9
481483,2,1,1982,0,0,0,0,0,7,26,0,0,0
481484,0,1,1982,29,26,9,14,27,23,39,24,29,17
481484,1,1,1982,22,7,7,10,0,20,0,11,0,5
481485,0,1,1982,23,24,24,28,12,38,24,15,26,16
481485,1,1,1982,18,13,24,0,14,10,0,12,11,3
481486,1,1,1982,24,15,11,19,22,35,29,3,14,31
481486,2,1,1982,0,0,0,0,0,0,0,8,0,0
481487,1,1,1982,11,3,0,0,0,0,17,0,14,10
481488,0,1,1982,0,0,0,0,0,0,0,0,0,0
481488,1,1,1982,0,0,0,0,0,0,20,24,0,0
481489,1,1,1982,0,0,0,6,0,0,11,0,0,26
481489,2,1,1982,7,0,0,19,7,14,7,16,5,0
481490,1,1,1982,13,24,40,19,26,27,17,28,13,37
481491,1,1,1982,26,26,26,26,26,26,26,26,26,26
481492,1,1,1982,0,0,0,4,0,0,0,0,12,9
481493,1,1,1982,16,17,0,6,3,19,20,3,26,17
481493,2,1,1982,0,0,0,0,0,0,0,0,0,0
481494,1,1,1982,11,16,10,15,22,17,6,27,12,18
481495,1,1,1982,18,0,26,19,16,0,19,13,6,11
481496,1,1,1982,0,0,5,0,0,0,0,0,0,0
481496,2,1,1982,0,0,0,0,0,24,19,0,0,0
481497,0,1,1982,0,0,0,0,0,0,0,0,0,0
481497,1,1,1982,14,0,0,23,0,18,0,32,0,15
481498,1,1,1982,0,0,0,14,7,0,0,22,0,14
481499,1,1,1982,9,0,0,0,0,0,0,0,0,0
481499,2,1,1982,0,0,12,21,0,9,0,0,0,0
481500,0,1,1982,0,6,10,17,22,12,13,18,14,31
481500,1,1,1982,12,0,0,4,0,3,0,0,0,8
481501,1,1,1982,12,21,2,15,19,12,17,0,24,20
481502,1,1,1982,15,21,13,23,15,14,8,28,28,21
481503,1,1,1982,15,17,22,0,24,11,6,16,19,10
481504,0,1,1982,0,10,10,23,9,23,30,17,36,0
481504,1,1,1982,0,21,0,15,19,11,0,12,7,0
481505,1,1,1982,5,0,13,13,0,20,11,0,0,0
481505,2,1,1982,27,10,32,10,14,5,7,18,27,2
481506,1,1,1982,0,0,0,0,14,0,0,0,0,0
481506,2,1,1982,0,18,0,21,14,0,0,0,0,28
481507,1,1,1982,11,0,0,0,12,19,0,0,0,0
481508,1,1,1982,0,0,0,0,0,0,0,0,0,0
481508,2,1,1982,12,0,0,0,0,5,0,0,0,0
481509,1,1,1982,3,16,4,12,2,17,10,0,0,18
481509,2,1,1982,14,0,10,38,14,0,19,0,0,0
481510,0,1,1982,23,36,34,16,13,22,12,19,38,15
481510,1,1,1982,0,0,0,9,0,13,0,0,0,0
481511,0,1,1982,0,31,0,29,0,0,0,0,9,0
481511,1,1,1982,0,0,0,0,0,0,6,0,0,0
481512,1,1,1982,0,0,0,0,23,11,0,0,26,9
481513,1,1,1982,0,32,16,0,0,0,12,22,20,0
481514,1,1,1982,17,0,0,22,17,8,19,22,8,11
481515,1,1,1982,14,12,24,22,22,6,10,10,9,54
481516,1,1,1982,0,6,0,0,0,0,0,0,14,0
481516,2,1,1982,0,0,0,16,0,0,0,0,0,0
481517,0,1,1982,0,0,0,0,13,0,0,0,0,25
481517,1,1,1982,18,13,22,8,18,15,29,32,20,11
481518,1,1,1982,0,0,0,0,0,0,0,0,0,0
481518,2,1,1982,0,0,0,0,0,0,0,0,0,0
481519,1,1,1982,0,0,0,23,0,0,0,12,0,10
481520,1,1,1982,0,0,27,0,0,0,27,0,0,14
481521,1,1,1982,0,0,0,5,0,0,0,0,0,0
481521,2,1,1982,0,0,0,0,5,2,0,0,23,0
481522,1,1,1982,0,4,0,0,0,0,0,0,0,0
481522,2,1,1982,0,5,0,8,15,23,7,0,0,20
481522,3,1,1982,0,0,0,0,18,20,0,0,0,0
481523,1,1,1982,0,0,0,0,0,0,0,6,0,0
481523,2,1,1982,0,15,0,0,0,0,0,0,0,0
481523,3,1,1982,0,0,14,0,0,0,0,0,0,0
481524,1,1,1982,25,9,21,14,15,16,14,0,2,10
481524,2,1,1982,0,0,0,21,10,0,0,0,0,0
481525,1,1,1982,18,0,15,24,10,16,29,18,20,27
481526,1,1,1982,0,0,16,0,0,19,22,0,0,0
481526,2,1,1982,0,0,0,0,0,0,0,0,0,0
481527,1,1,1982,0,15,0,0,13,16,0,35,0,0
481528,1,1,1982,0,0,0,0,0,0,0,0,0,0
481528,2,1,1982,0,0,0,0,0,0,0,5,0,0
481529,0,1,1982,8,0,25,17,14,26,34,20,25,14
481529,1,1,1982,8,24,13,0,20,12,0,23,0,0
481530,1,1,1982,23,9,23,16,9,6,0,26,11,4
481531,1,1,1982,0,0,0,0,0,16,0,31,0,11
481531,2,1,1982,0,0,0,0,0,0,0,6,0,0
481532,0,1,1982,0,0,16,24,0,0,0,13,31,0
481532,1,1,1982,0,18,13,36,0,0,35,0,23,0
481533,0,1,1982,27,13,16,26,11,0,16,31,29,18
481533,1,1,1982,21,31,0,0,45,0,23,0,9,0
481534,1,1,1982,0,0,0,9,0,23,0,0,8,12
481534,2,1,1982,0,0,0,0,0,0,0,0,0,0
481535,1,1,1982,26,13,19,23,18,12,17,25,27,26
481536,1,1,1982,10,11,18,15,24,23,8,24,0,6
481536,2,1,1982,0,11,0,0,0,5,0,0,0,0
481537,1,1,1982,8,16,16,24,9,9,11,24,19,26
481538,1,1,1982,0,0,0,0,0,0,0,0,0,0
481538,2,1,1982,0,0,0,0,0,0,0,0,0,0
481539,0,1,1982,0,0,0,0,0,0,0,0,0,0
481539,1,1,1982,0,0,17,0,0,0,0,0,0,0
481540,1,1,1982,10,21,37,16,18,7,11,19,0,10
481541,1,1,1982,0,0,9,8,0,0,13,0,12,0
481541,2,1,1982,13,22,21,0,0,0,9,0,11,0
481542,1,1,1982,0,0,22,21,0,13,13,0,0,0
481543,0,1,1982,0,32,0,0,0,0,0,0,0,0
481543,1,1,1982,0,31,0,0,0,0,0,0,0,0
481544,1,1,1982,0,0,35,8,0,19,0,10,0,0
481545,1,1,1982,0,0,0,0,0,0,0,0,0,0
481545,2,1,1982,0,0,0,8,0,0,0,0,3,0
481546,1,1,1982,0,0,0,11,0,0,20,0,0,0
481546,2,1,1982,0,0,0,0,0,13,0,0,36,15
481547,1,1,1982,0,0,0,0,0,11,0,0,0,0
481547,2,1,1982,0,0,0,0,0,0,0,0,0,0
481547,3,1,1982,0,0,0,0,0,0,0,0,5,0
481548,0,1,1982,12,12,6,0,0,16,0,17,0,25
481548,1,1,1982,16,16,16,16,16,16,16,16,16,16
481549,1,1,1982,17,19,14,20,33,21,23,31,15,25
481550,0,1,1982,0,0,0,0,0,0,0,0,0,0
481550,1,1,1982,0,14,0,0,0,0,0,0,19,0
481551,1,1,1982,12,16,0,12,9,14,0,0,7,26
481552,1,1,1982,15,13,19,15,23,22,20,15,20,21
481552,2,1,1982,0,16,14,0,15,7,12,0,0,8
481553,0,1,1982,0,0,0,0,0,0,0,0,0,0
481553,1,1,1982,0,0,0,0,0,0,0,0,0,3
481554,1,1,1982,20,19,11,9,0,2,6,17,0,12
481555,1,1,1982,16,0,12,9,22,0,9,0,11,23
481555,2,1,1982,0,0,12,0,0,34,0,0,0,0
481556,1,1,1982,14,25,16,19,9,10,15,9,18,11
481557,1,1,1982,0,0,0,0,13,0,22,0,12,10
481558,1,1,1982,0,10,0,0,0,0,0,0,0,0
481558,2,1,1982,0,0,0,0,0,0,0,10,0,14
481559,1,1,1982,0,0,0,0,0,0,0,0,0,0
481559,2,1,1982,0,0,0,0,0,0,17,0,0,0
481560,0,1,1982,0,0,0,0,0,0,0,0,0,0
481560,0,2,1982,0,0,0,12,0,0,14,0,0,0
481560,1,1,1982,0,0,0,0,0,10,0,0,0,0
481561,1,1,1982,0,0,20,34,26,25,0,0,19,25
481562,0,1,1982,0,0,17,23,0,0,19,0,17,0
481562,1,1,1982,0,21,0,9,0,0,0,0,19,18
481563,1,1,1982,0,20,8,0,0,0,0,0,12,23
481563,2,1,1982,0,0,0,0,0,0,0,0,0,0
481564,1,1,1982,11,8,25,2,8,8,15,20,3,28
481565,1,1,1982,24,20,20,11,16,12,20,24,16,28
481566,0,1,1982,18,39,0,28,25,17,5,46,36,18
481566,1,1,1982,0,0,0,0,0,0,0,0,0,0
481567,1,1,1982,26,21,20,15,15,21,2,5,22,25
481568,1,1,1982,9,0,16,3,2,16,29,0,31,9
481568,2,1,1982,11,12,0,0,0,0,0,0,0,0
481569,0,1,1982,15,27,10,0,32,20,0,10,11,19
481569,1,1,1982,0,0,0,0,0,0,0,0,0,0
481570,0,1,1982,19,18,21,44,10,18,23,10,23,20
481570,1,1,1982,24,18,20,10,11,12,12,0,9,20
481571,1,1,1982,5,0,14,0,0,16,0,0,20,0
481572,1,1,1982,0,0,0,0,13,0,0,0,13,17
481573,0,1,1982,0,0,0,0,0,0,0,0,0,0
481573,1,1,1982,0,0,0,0,0,0,0,14,0,0
481574,1,1,1982,14,18,22,11,17,7,28,30,11,18
481575,1,1,1982,16,9,2,17,4,9,15,9,21,19
481576,0,1,1982,26,26,26,26,26,26,26,26,26,26
481576,1,1,1982,8,18,3,24,3,12,11,0,0,13
481577,1,1,1982,5,20,4,24,4,14,10,20,22,10
481577,2,1,1982,16,0,11,2,17,15,15,0,0,15
481578,0,1,1982,17,40,16,25,29,26,26,19,14,24
481578,1,1,1982,25,0,11,0,0,0,0,0,0,0
481579,1,1,1982,0,0,0,0,0,0,0,0,0,0
481579,2,1,1982,0,0,0,0,0,0,0,0,0,0
481580,1,1,1982,24,21,23,13,14,9,17,17,19,21
481581,0,1,1982,17,25,39,20,17,30,17,23,33,14
481581,1,1,1982,0,14,0,0,0,0,0,0,12,0
481582,1,1,1982,16,4,18,22,15,34,11,27,14,23
481583,1,1,1982,10,0,0,6,26,0,0,0,0,0
481583,2,1,1982,14,16,26,14,10,0,16,18,16,9
481584,1,1,1982,0,6,0,0,0,0,0,18,0,0
481584,2,1,1982,0,0,0,0,0,0,0,0,0,0
481585,0,1,1982,45,19,0,18,25,26,5,13,4,13
481585,1,1,1982,10,4,17,13,0,14,6,0,21,16
481586,1,1,1982,0,30,0,0,0,14,18,0,36,21
481587,1,1,1982,0,0,0,0,0,0,0,0,0,0
481587,2,1,1982,0,0,0,0,7,0,0,0,0,0
481588,1,1,1982,10,0,0,0,0,0,0,0,20,0
481588,2,1,1982,6,0,0,19,0,0,0,0,0,0
481589,1,1,1982,0,17,0,0,12,6,14,0,0,0
481590,1,1,1982,0,0,0,0,0,10,14,13,9,18
481591,1,1,1982,0,0,0,0,0,0,0,0,0,0
481591,2,1,1982,0,0,0,0,0,25,0,0,0,0
481592,1,1,1982,0,0,0,0,0,0,0,0,0,0
481592,2,1,1982,0,0,0,0,24,0,0,0,0,0
481592,3,1,1982,0,0,0,0,0,0,0,0,0,0
481593,1,1,1982,0,12,0,0,0,0,0,0,0,0
481593,2,1,1982,0,0,0,0,0,0,0,0,0,0
481594,0,1,1982,0,0,0,0,0,0,0,8,0,0
481594,1,1,1982,22,12,17,38,14,33,31,10,14,17
481595,0,1,1982,0,0,18,3,17,42,0,0,5,0
481595,1,1,1982,12,12,12,12,12,12,12,12,12,12
481596,1,1,1982,34,24,0,0,29,25,0,26,18,0
481597,1,1,1982,0,15,24,22,8,17,25,10,26,12
481598,1,1,1982,19,11,18,21,25,13,34,13,0,12
481599,1,1,1982,0,0,0,0,0,0,0,0,0,0
481600,1,1,1982,10,20,15,0,26,6,10,25,25,16
481601,1,1,1982,16,13,0,13,0,0,0,29,16,0
481601,2,1,1982,0,0,4,0,0,0,0,0,0,0
481602,0,1,1982,0,26,6,5,19,14,37,0,0,16
481602,1,1,1982,0,13,0,0,31,0,0,0,0,12
481603,0,1,1982,0,0,0,0,0,0,0,0,0,6
481603,1,1,1982,3,0,0,26,7,0,0,0,0,0
481604,0,1,1982,14,14,0,9,0,0,10,0,0,10
481604,1,1,1982,19,3,19,29,18,16,13,12,16,14
481605,1,1,1982,17,23,46,21,36,19,18,29,20,27
481606,0,1,1982,14,30,35,19,15,7,0,8,20,5
481606,1,1,1982,6,9,0,28,0,0,0,12,36,6
481607,1,1,1982,0,22,0,14,17,0,12,18,10,8
481608,1,1,1982,27,16,14,13,22,19,8,10,25,29
481609,0,1,1982,0,0,0,0,28,0,0,11,0,0
481609,1,1,1982,0,0,15,14,10,0,0,0,21,0
481610,1,1,1982,14,18,13,20,22,18,30,21,3,6
481611,1,1,1982,15,11,0,5,0,15,25,7,0,0
481611,2,1,1982,0,6,0,6,5,15,7,0,0,6
481612,1,1,1982,37,35,16,34,10,24,11,13,0,15
481612,2,1,1982,10,14,26,28,26,26,18,15,12,19
481613,1,1,1982,0,0,15,29,0,25,0,0,35,21
481614,0,1,1982,17,11,25,23,15,16,8,21,9,0
481614,1,1,1982,0,0,0,12,0,0,0,8,0,0
481615,1,1,1982,21,21,26,32,0,16,0,22,0,18
481616,1,1,1982,7,0,0,11,0,11,12,14,14,21
481616,2,1,1982,17,0,13,0,0,23,0,0,0,0
481617,1,1,1982,36,19,14,13,18,16,18,3,13,27
481618,0,1,1982,23,0,24,11,3,20,18,0,10,9
481618,1,1,1982,0,10,0,2,0,0,0,16,0,0
481619,0,1,1982,0,0,0,0,0,0,0,0,0,0
481619,0,2,1982,6,0,10,0,0,4,18,0,14,0
481619,0,3,1982,0,0,0,0,0,18,0,9,0,0
481619,1,1,1982,18,16,11,17,0,4,12,12,11,7
481620,1,1,1982,0,15,25,0,15,19,0,3,0,0
481621,1,1,1982,9,6,0,0,18,21,0,11,13,0
481622,0,1,1982,15,37,16,19,19,20,30,26,30,10
481622,0,2,1982,18,29,0,20,14,7,4,15,0,0
481622,1,1,1982,8,13,0,12,19,0,11,14,0,0
481623,1,1,1982,0,0,0,0,16,0,0,0,0,0
481623,2,1,1982,0,14,0,0,0,0,0,0,0,0
481624,1,1,1982,0,0,22,0,0,0,0,22,0,0
481625,1,1,1982,15,22,18,17,31,0,16,15,13,4
481626,0,1,1982,9,0,15,0,0,0,0,11,3,16
481626,1,1,1982,0,0,0,0,0,0,0,0,0,0