ST_CASE,VEH_NO,PER_NO,YEAR,P1,P2,P3,P4,P5,P6,P7,P8,P9,P10
481907,0,1,1982,0,21,23,23,31,34,0,12,13,26
481907,1,1,1982,19,24,14,0,10,12,0,25,24,0
481908,0,1,1982,0,0,0,0,0,0,0,0,0,0
481908,1,1,1982,0,13,0,0,30,0,0,0,0,13
481909,1,1,1982,0,0,7,0,0,0,0,8,0,0
481909,2,1,1982,0,13,0,0,0,0,0,0,11,17
481910,0,1,1982,25,0,0,0,0,31,0,0,0,0
481910,1,1,1982,0,0,0,0,0,0,0,0,0,0
481911,1,1,1982,0,0,0,0,0,25,15,7,0,0
481911,2,1,1982,6,34,12,0,22,12,7,0,0,26
481912,1,1,1982,0,18,0,3,17,0,14,22,9,12
481912,2,1,1982,19,13,8,26,4,11,16,20,9,5
481913,1,1,1982,0,0,0,0,0,0,0,17,0,0
481913,2,1,1982,4,0,0,0,5,0,0,0,0,0
481915,0,1,1982,6,26,6,0,14,10,0,19,9,0
481915,1,1,1982,16,16,16,16,16,16,16,16,16,16
481916,1,1,1982,0,0,0,0,0,0,0,18,0,0
481916,2,1,1982,11,0,0,14,0,0,12,0,0,0
481917,0,1,1982,0,0,0,0,0,0,0,0,0,0
481917,1,1,1982,0,0,0,0,0,0,0,0,0,0
481918,1,1,1982,0,16,7,0,0,6,0,12,27,0
481918,2,1,1982,0,19,0,14,0,3,0,0,20,23
481919,1,1,1982,25,25,25,25,25,25,25,25,25,25
481919,2,1,1982,5,0,0,0,0,12,0,13,0,0
481920,0,1,1982,0,28,0,0,0,0,0,0,0,13
481920,1,1,1982,0,13,0,24,0,0,0,0,0,0
481921,1,1,1982,0,0,0,0,25,0,0,0,0,0
481921,2,1,1982,19,0,0,0,0,12,0,0,0,0
481922,1,1,1982,0,0,0,0,12,0,0,0,13,0
481922,2,1,1982,0,0,0,0,0,0,0,0,0,0
481923,1,1,1982,0,0,0,22,0,0,0,0,0,17
481923,2,1,1982,10,13,0,0,0,0,0,0,0,0
481924,1,1,1982,0,0,13,0,0,0,24,8,0,0
481924,2,1,1982,16,18,16,0,26,18,29,28,13,17
481925,1,1,1982,22,23,21,0,18,25,44,22,36,21
481926,1,1,1982,0,0,0,0,0,22,0,0,0,0
481926,2,1,1982,0,0,0,0,0,0,0,0,0,0
481927,1,1,1982,0,0,0,0,0,0,0,0,0,0
481927,2,1,1982,0,0,0,0,0,0,0,0,0,0
481928,1,1,1982,0,0,0,0,17,0,16,0,0,0
481928,2,1,1982,14,8,17,5,11,5,16,8,14,9
481929,1,1,1982,0,0,0,0,10,0,0,0,0,10
481929,2,1,1982,0,0,0,0,0,0,0,0,17,0
481930,1,1,1982,0,13,0,0,0,0,0,0,7,13
481930,2,1,1982,0,0,15,18,15,0,0,0,0,0
481931,1,1,1982,0,0,0,0,0,12,0,0,23,0
481932,1,1,1982,21,15,27,21,28,22,22,19,20,17
481932,2,1,1982,15,31,11,23,21,15,9,30,24,13
481933,1,1,1982,0,0,0,0,0,0,0,0,0,0
481934,0,1,1982,0,0,0,0,0,0,0,0,0,0
481934,1,1,1982,2,15,0,0,0,11,0,10,0,21
481935,0,1,1982,0,5,11,0,0,0,0,0,17,0
481935,1,1,1982,10,0,0,0,0,0,0,0,0,0
481936,0,1,1982,36,13,14,47,23,16,24,44,0,19
481936,1,1,1982,16,13,27,27,10,6,0,11,8,21
481937,1,1,1982,19,14,31,31,15,20,16,20,0,18
481937,2,1,1982,10,20,22,15,22,0,0,0,16,16
481938,1,1,1982,0,0,0,0,0,0,0,0,0,0
481938,2,1,1982,9,9,10,12,10,12,3,10,0,14
481939,1,1,1982,17,13,6,11,8,13,0,12,23,24
481940,1,1,1982,15,23,0,10,6,0,0,17,0,8
481940,2,1,1982,19,0,0,12,11,9,11,22,19,17
481941,1,1,1982,9,16,37,17,0,0,0,1,22,0
481942,1,1,1982,0,0,0,0,8,0,0,0,24,0
481942,2,1,1982,0,0,0,0,0,8,0,18,0,18
481943,1,1,1982,15,16,19,30,11,27,12,6,12,26
481944,1,1,1982,21,17,9,26,10,12,8,25,4,19
481945,1,1,1982,10,2,5,12,8,10,12,23,12,11
481946,1,1,1982,11,0,17,0,32,0,24,21,0,26
481947,0,1,1982,15,4,18,20,15,19,0,4,0,16
481947,0,2,1982,11,18,38,0,0,0,10,10,17,0
481947,1,1,1982,13,0,7,18,10,9,0,21,10,0
481947,2,1,1982,9,9,20,0,15,0,0,5,4,18
481948,1,1,1982,10,0,15,23,10,30,0,36,0,0
481948,2,1,1982,0,0,0,0,14,6,6,0,0,9
481949,1,1,1982,12,0,18,6,0,0,0,10,8,8
481950,1,1,1982,8,15,5,25,0,7,13,11,0,30
481950,2,1,1982,0,0,0,0,0,0,0,0,0,0
481951,1,1,1982,19,0,14,0,0,0,0,9,0,0
481951,2,1,1982,0,0,0,0,0,5,0,0,0,0
481952,0,1,1982,23,26,29,19,16,19,27,28,15,16
481952,1,1,1982,0,17,14,0,12,0,16,0,0,0
481953,1,1,1982,23,23,14,20,37,21,15,8,20,16
481954,1,1,1982,0,0,0,0,9,0,0,0,25,0
481955,1,1,1982,25,26,18,24,24,13,21,15,17,19
481956,1,1,1982,13,0,0,0,0,13,33,17,21,20
481956,2,1,1982,0,0,0,0,0,0,0,0,0,0
481957,1,1,1982,0,17,21,54,0,0,0,25,24,0
481958,0,1,1982,27,0,7,12,11,0,18,19,35,0
481958,1,1,1982,12,16,12,0,0,0,8,17,0,0
481959,1,1,1982,0,0,0,0,14,0,8,0,9,0
481959,2,1,1982,0,9,17,21,7,19,7,19,19,14
481960,1,1,1982,0,0,37,7,0,7,0,0,8,0
481960,2,1,1982,9,18,2,17,6,12,6,15,13,14
481961,1,1,1982,16,16,16,16,16,16,16,16,16,16
481962,0,1,1982,56,37,26,12,22,18,31,17,25,24
481962,1,1,1982,23,0,18,25,19,27,10,9,20,0
481963,1,1,1982,18,0,0,0,33,11,0,12,0,0
481964,1,1,1982,0,0,0,0,0,0,0,0,0,0
481964,2,1,1982,0,0,0,0,0,0,0,0,0,0
481964,3,1,1982,0,0,0,0,13,0,0,0,15,0
481965,0,1,1982,0,0,0,7,10,0,14,0,0,0
481965,1,1,1982,0,14,19,24,0,0,0,10,22,0
481966,1,1,1982,14,9,19,21,4,25,24,28,3,0
481967,1,1,1982,13,11,17,17,17,12,18,8,15,21
481968,1,1,1982,31,0,18,18,15,30,29,10,33,24
481968,2,1,1982,7,0,0,0,0,0,0,0,9,0
481969,0,1,1982,0,14,0,17,25,0,0,7,0,12
481969,0,2,1982,13,17,14,0,0,0,15,42,0,0
481969,1,1,1982,0,0,0,0,0,37,0,0,0,0
481970,1,1,1982,0,0,5,0,0,0,10,0,18,15
481970,2,1,1982,6,21,20,22,22,17,7,20,11,18
481971,0,1,1982,0,6,0,0,3,8,0,0,0,13
481971,0,2,1982,0,15,0,19,0,12,28,0,0,10
481971,1,1,1982,22,14,15,9,14,19,21,21,27,13
481972,1,1,1982,20,15,17,39,15,14,18,16,24,15
481973,1,1,1982,18,14,20,20,0,28,21,0,27,22
481974,1,1,1982,31,24,16,18,23,9,27,17,0,19
481975,1,1,1982,12,0,0,0,10,0,25,0,12,14
481975,2,1,1982,25,0,22,12,18,20,14,26,17,18
481976,1,1,1982,0,4,0,4,0,0,0,0,0,2
481976,2,1,1982,16,0,0,9,0,0,0,0,0,0
481977,1,1,1982,0,0,0,0,0,0,0,0,0,0
481978,1,1,1982,0,12,0,0,0,0,0,0,14,0
481978,2,1,1982,10,0,0,0,0,0,0,0,0,0
481979,1,1,1982,12,38,28,17,8,37,24,8,26,20
481980,0,1,1982,0,0,0,26,15,9,0,0,0,0
481980,1,1,1982,0,0,5,8,0,8,0,9,25,15
481981,1,1,1982,8,0,0,0,23,0,14,0,0,19
481982,0,1,1982,0,17,0,19,0,0,0,28,13,8
481982,1,1,1982,0,17,0,0,31,10,4,0,0,13
481983,1,1,1982,0,19,0,0,4,0,0,0,0,0
481983,2,1,1982,0,0,0,0,0,0,0,0,0,0
481984,1,1,1982,0,0,0,0,0,0,0,0,6,0
481984,2,1,1982,0,0,0,0,9,0,0,0,0,0
481985,1,1,1982,16,18,17,0,21,21,0,10,16,21
481985,2,1,1982,24,0,0,6,0,11,20,6,20,3
481986,1,1,1982,0,0,9,27,34,0,0,19,0,0
481986,2,1,1982,18,0,24,0,0,0,0,22,0,7
481987,0,1,1982,0,0,0,0,0,0,0,0,0,0
481987,0,2,1982,0,0,0,0,0,0,0,0,0,0
481987,1,1,1982,0,14,5,7,7,6,9,12,17,23
481988,1,1,1982,23,23,23,23,23,23,23,23,23,23
481988,2,1,1982,0,10,0,0,0,0,0,0,0,0
481989,1,1,1982,0,0,14,15,24,31,17,25,22,13
481990,1,1,1982,21,0,18,0,0,0,0,0,0,0
481990,2,1,1982,0,0,10,0,14,8,0,0,0,0
481991,1,1,1982,11,11,11,11,11,11,11,11,11,11
481991,2,1,1982,0,0,0,0,0,0,0,0,0,0
481992,0,1,1982,36,3,10,37,10,22,26,34,5,12
481992,1,1,1982,0,0,25,24,18,13,20,0,0,16
481993,1,1,1982,0,0,0,0,0,0,0,0,0,0
481993,2,1,1982,0,0,0,0,0,0,8,0,0,0
481994,1,1,1982,27,8,11,0,0,0,0,0,27,0
481994,2,1,1982,0,10,0,0,0,28,0,12,0,0
481995,1,1,1982,0,0,8,20,0,0,24,14,0,12
481995,2,1,1982,0,16,31,21,0,0,0,0,33,0
481996,1,1,1982,11,0,0,27,0,0,0,15,0,10
481996,2,1,1982,0,27,40,14,0,16,9,0,0,0
481997,1,1,1982,0,0,7,0,0,0,12,0,0,0
481998,1,1,1982,0,16,11,8,23,16,7,0,15,27
481999,1,1,1982,0,14,0,0,5,26,0,0,0,0
481999,2,1,1982,15,28,0,0,15,0,0,0,0,16
482000,1,1,1982,0,25,0,15,10,0,0,12,0,0
482000,2,1,1982,0,0,0,0,11,0,0,0,0,0
482001,1,1,1982,16,26,21,13,21,19,20,18,20,33
482001,2,1,1982,0,0,5,0,0,0,0,0,0,43
482002,0,1,1982,6,0,21,27,12,0,0,0,13,0
482002,1,1,1982,13,13,21,0,12,12,0,0,11,0
482003,1,1,1982,0,0,9,7,0,0,0,0,0,0
482003,2,1,1982,19,0,0,19,15,31,0,12,0,0
482004,1,1,1982,0,0,0,0,0,9,0,0,0,0
482005,1,1,1982,23,12,15,9,20,9,7,15,10,15
482005,2,1,1982,14,0,4,16,23,10,4,35,19,20
482006,1,1,1982,21,21,21,21,21,21,21,21,21,21
482006,2,1,1982,0,12,0,0,0,15,14,15,0,21
482007,1,1,1982,15,10,11,0,0,0,0,14,11,0
482007,2,1,1982,0,0,0,0,0,0,0,5,0,3
482008,1,1,1982,19,19,19,19,19,19,19,19,19,19
482009,0,1,1982,48,17,10,23,10,28,21,20,16,26
482009,1,1,1982,26,26,22,25,23,12,19,22,8,22
482010,1,1,1982,0,0,0,0,12,0,7,0,0,0
482010,2,1,1982,19,0,0,0,29,0,0,0,0,0
482011,0,1,1982,18,16,13,18,17,0,8,24,6,11
482011,1,1,1982,0,3,0,0,0,0,0,21,0,0
482012,0,1,1982,3,0,18,14,0,0,0,0,3,0
482012,1,1,1982,0,0,0,0,0,0,0,0,0,0
482013,1,1,1982,4,0,0,0,0,15,13,0,13,0
482013,2,1,1982,0,0,0,0,0,0,12,17,0,0
482014,1,1,1982,23,14,28,17,20,37,30,18,30,22
482014,2,1,1982,15,31,13,23,23,7,18,17,10,20
482015,1,1,1982,6,19,13,15,22,15,20,14,26,15
482016,0,1,1982,0,18,0,0,0,0,24,0,0,0
482016,1,1,1982,29,16,0,22,0,28,22,19,23,0
482018,1,1,1982,11,0,22,0,16,14,0,0,13,0
482018,2,1,1982,17,19,6,0,0,20,16,26,0,9
482019,1,1,1982,13,31,28,21,17,22,32,16,10,31
482020,1,1,1982,23,14,22,0,0,28,13,29,20,0
482021,1,1,1982,20,14,13,25,14,16,22,13,19,21
482022,1,1,1982,5,0,4,0,0,0,0,35,0,0
482023,1,1,1982,0,0,0,0,18,19,37,0,0,0
482023,2,1,1982,0,0,0,5,0,0,0,0,0,10
482024,1,1,1982,6,9,17,20,10,0,0,27,7,3
482024,2,1,1982,20,29,0,5,0,24,0,28,13,0
482025,1,1,1982,11,19,0,12,0,15,0,20,0,0
482025,2,1,1982,25,11,10,0,0,11,0,0,19,22
482026,1,1,1982,24,0,0,0,30,0,28,20,17,0
482027,1,1,1982,27,15,14,28,42,19,5,15,15,26
482028,0,1,1982,17,17,22,17,26,15,5,3,25,13
482028,1,1,1982,16,0,20,10,17,19,18,12,35,26
482029,1,1,1982,17,0,0,0,6,0,0,0,0,0
482030,0,1,1982,40,18,0,0,7,25,14,12,14,32
482030,1,1,1982,23,14,12,0,15,20,23,13,24,0
482031,0,1,1982,0,0,0,0,0,0,0,0,0,0
482031,1,1,1982,0,0,0,0,0,0,0,0,0,0
482032,1,1,1982,12,20,23,19,8,0,29,19,13,6
482033,1,1,1982,19,24,15,7,20,23,0,49,0,16
482034,0,1,1982,0,36,15,36,19,0,28,0,18,26
482034,1,1,1982,0,0,0,15,19,0,6,0,12,13
482035,0,1,1982,0,0,0,0,0,0,0,0,0,0
482035,1,1,1982,14,14,14,14,14,14,14,14,14,14
482036,1,1,1982,0,0,15,25,0,0,0,15,12,0
482036,2,1,1982,0,0,0,0,0,0,0,0,0,0
482037,0,1,1982,0,11,5,24,6,17,24,33,17,18
482037,1,1,1982,10,22,11,35,13,10,15,3,18,13
482038,1,1,1982,18,18,27,14,34,25,14,0,11,18
482039,1,1,1982,0,12,39,16,22,0,29,26,26,15
482040,1,1,1982,18,20,21,21,17,22,23,29,0,17
482041,1,1,1982,7,14,17,21,18,16,24,16,24,21
482042,1,1,1982,10,0,10,26,0,12,0,18,20,0
482042,2,1,1982,0,15,0,14,24,6,19,18,0,6
482043,0,1,1982,0,0,0,0,0,0,0,0,0,0
482043,1,1,1982,0,0,0,0,11,0,0,0,0,0
482044,1,1,1982,10,13,17,14,16,15,17,18,17,0
482044,2,1,1982,0,0,0,0,0,0,0,0,0,0
482045,1,1,1982,0,0,0,0,0,12,0,0,10,0
482045,2,1,1982,0,22,0,15,13,0,0,15,16,10
482046,1,1,1982,24,14,21,17,18,8,14,25,11,14
482046,2,1,1982,19,0,0,0,30,0,9,0,0,0
482047,1,1,1982,9,15,11,13,24,23,0,18,18,4
482048,1,1,1982,28,19,9,0,0,30,19,20,0,31
482049,1,1,1982,0,0,0,0,0,0,0,0,0,0
482049,2,1,1982,0,0,0,0,0,0,3,6,0,0
482050,1,1,1982,25,25,25,25,25,25,25,25,25,25
482050,2,1,1982,0,0,0,0,0,0,0,6,0,10
482051,1,1,1982,11,0,0,0,0,12,16,0,0,9
482051,2,1,1982,0,0,7,0,0,0,0,0,0,0
482052,1,1,1982,14,10,0,4,0,0,0,0,0,0
482052,2,1,1982,0,10,0,0,0,0,0,0,19,19
482053,1,1,1982,17,17,17,17,17,17,17,17,17,17
482053,2,1,1982,0,0,18,0,0,0,0,0,0,0
482054,1,1,1982,0,0,0,0,0,0,0,0,0,0
482055,1,1,1982,23,0,0,0,18,0,0,11,11,0
482055,2,1,1982,0,0,0,0,12,0,0,11,18,0
482056,0,1,1982,33,17,49,33,29,25,21,28,23,22
482056,1,1,1982,12,0,0,11,0,14,17,0,19,15
482057,1,1,1982,13,0,0,0,10,0,0,0,0,0
482058,1,1,1982,13,0,0,0,0,30,0,36,0,13
482059,1,1,1982,14,25,0,5,13,26,17,0,22,29
482059,2,1,1982,0,0,0,0,0,0,0,0,0,0
482060,0,1,1982,32,37,38,21,14,24,30,0,19,41
482060,1,1,1982,19,0,12,13,0,12,0,11,0,0
482061,1,1,1982,0,0,0,0,0,0,0,0,0,0
482062,1,1,1982,0,0,14,0,14,0,0,0,0,0
482062,2,1,1982,23,4,0,18,13,0,16,0,0,0
482063,1,1,1982,0,0,0,0,0,0,0,0,0,0
482063,2,1,1982,0,0,18,21,0,0,0,0,0,0
482064,1,1,1982,12,5,22,26,0,17,19,0,0,17
482065,1,1,1982,0,0,26,0,0,0,0,0,0,0
482065,2,1,1982,0,0,0,0,0,0,0,0,0,0
482066,1,1,1982,10,0,15,8,20,16,0,0,8,18
482067,1,1,1982,13,20,21,26,20,22,8,19,34,19
482068,1,1,1982,14,15,0,12,9,11,18,24,10,17
482069,1,1,1982,0,7,11,10,0,12,24,13,22,31
482070,1,1,1982,20,22,12,19,0,25,31,25,24,29
482071,1,1,1982,2,0,8,0,10,0,0,0,0,2
482071,2,1,1982,0,0,0,0,0,0,0,0,6,26
482072,1,1,1982,16,20,18,18,24,23,24,0,21,43
482073,1,1,1982,0,0,0,17,0,23,0,0,0,0
482073,2,1,1982,0,0,0,0,0,0,0,0,0,0
482074,1,1,1982,18,19,13,10,15,34,23,20,14,23
482075,1,1,1982,8,0,8,23,14,14,49,9,0,20
482076,0,1,1982,0,0,0,0,0,0,0,0,0,0
482076,1,1,1982,0,17,16,0,12,14,0,0,0,0
482077,0,1,1982,14,56,37,49,30,37,25,35,17,40
482077,1,1,1982,0,0,0,0,10,15,5,15,6,0
482078,1,1,1982,0,0,0,0,0,0,0,0,0,0
482078,2,1,1982,0,0,0,0,0,0,0,0,15,0
482079,1,1,1982,18,15,30,35,19,0,19,15,18,0
482080,1,1,1982,0,0,0,0,0,0,0,0,0,0
482080,2,1,1982,14,11,12,30,34,18,26,34,15,25
482081,1,1,1982,15,7,15,19,19,22,33,17,34,23
482081,2,1,1982,34,17,0,8,21,11,10,0,0,0
482082,1,1,1982,26,14,21,13,20,2,6,0,16,4
482083,1,1,1982,16,23,33,27,2,24,18,16,21,28
482084,1,1,1982,12,24,17,29,10,29,21,0,39,8
482085,1,1,1982,3,27,23,27,12,25,13,26,12,27
482085,2,1,1982,15,17,0,0,15,0,0,0,0,0
482086,1,1,1982,0,0,0,0,0,0,0,0,0,0
482086,2,1,1982,0,0,0,0,0,0,0,11,0,0
482087,1,1,1982,13,19,19,10,9,18,16,0,20,18
482088,1,1,1982,52,13,22,4,27,14,0,26,9,21
482089,1,1,1982,20,17,39,5,0,13,13,15,21,22
482090,0,1,1982,19,23,18,24,27,18,19,33,26,44
482090,1,1,1982,0,0,0,25,21,0,0,39,0,0
482091,1,1,1982,24,0,3,0,0,0,19,3,0,15
482091,2,1,1982,0,0,13,0,26,10,15,0,0,0
482092,1,1,1982,13,10,22,8,11,0,16,0,20,12
482093,1,1,1982,14,5,24,17,0,24,19,15,22,10
482094,1,1,1982,10,4,14,12,12,13,10,14,20,18
482094,2,1,1982,0,0,35,0,16,0,17,8,13,16
482095,0,1,1982,0,0,0,0,0,0,0,0,0,0
482095,1,1,1982,0,0,0,0,0,0,0,19,0,0
482096,1,1,1982,0,0,0,0,0,19,0,0,0,16
482096,2,1,1982,20,0,0,0,0,0,0,0,0,0
482097,0,1,1982,22,26,35,28,43,15,15,23,29,9
482097,1,1,1982,0,2,7,0,0,16,17,13,10,0
482098,1,1,1982,18,10,0,13,0,14,0,15,14,0
482098,2,1,1982,0,0,0,0,13,0,0,0,9,0
482099,1,1,1982,0,7,0,0,27,0,0,0,23,0
482099,2,1,1982,0,0,0,0,0,0,0,0,9,0
482100,1,1,1982,0,29,0,0,15,21,18,21,19,0
482101,0,1,1982,0,0,12,0,13,0,0,12,0,0
482101,0,2,1982,0,0,0,0,0,0,8,0,0,0
482101,0,3,1982,0,11,13,18,19,9,8,0,18,18
482101,1,1,1982,11,21,15,17,8,30,17,34,7,12
482102,1,1,1982,0,0,0,0,0,0,0,0,0,0
482103,0,1,1982,0,14,0,15,0,0,0,0,0,24
482103,1,1,1982,27,9,4,13,14,17,27,18,11,25
482104,0,1,1982,35,12,0,20,0,33,19,11,25,27
482104,1,1,1982,0,6,0,0,0,22,0,0,0,0
482105,0,1,1982,0,0,0,0,0,0,0,0,0,0
482105,1,1,1982,0,12,18,0,0,0,0,0,0,8
482106,1,1,1982,0,0,0,33,0,0,0,0,0,0
482106,2,1,1982,0,0,9,0,0,5,16,0,4,0
482107,0,1,1982,8,19,15,0,36,41,17,19,23,28
482107,1,1,1982,8,0,21,9,0,0,14,18,0,0
482108,1,1,1982,10,15,26,20,6,13,7,20,7,15
482108,2,1,1982,17,11,27,13,13,15,0,12,11,2
482109,1,1,1982,23,26,15,17,32,23,20,16,15,19
482110,1,1,1982,0,0,5,0,10,24,3,13,18,0
482111,1,1,1982,0,19,21,22,0,24,0,24,21,10
482112,1,1,1982,9,19,21,25,12,10,25,16,6,24
482113,0,1,1982,0,9,0,6,13,0,0,0,11,0
482113,1,1,1982,0,0,25,0,4,0,0,17,0,0
482114,0,1,1982,35,16,13,10,10,16,35,25,24,0
482114,1,1,1982,0,0,0,0,10,0,21,0,0,0
482115,1,1,1982,0,5,0,0,0,0,0,0,3,0
482115,2,1,1982,0,0,0,0,0,0,0,0,7,10
482116,0,1,1982,0,24,0,0,0,0,0,0,0,0
482116,0,2,1982,0,0,0,13,25,5,10,19,0,18
482116,0,3,1982,0,0,0,0,0,0,0,0,0,0
482116,1,1,1982,9,7,4,19,26,15,11,20,18,29
482117,1,1,1982,0,0,0,0,0,0,0,8,0,0
482118,0,1,1982,0,0,0,0,0,0,0,0,0,0
482118,1,1,1982,0,13,0,0,0,0,0,0,0,0
482119,0,1,1982,13,31,37,27,19,25,17,15,22,30
482119,1,1,1982,0,0,0,18,9,0,8,0,12,4
482120,0,1,1982,0,0,0,0,0,0,0,0,0,0
482120,1,1,1982,9,5,0,20,5,0,20,3,15,9
482121,1,1,1982,0,0,23,0,0,0,0,0,0,0
482121,2,1,1982,0,0,0,0,0,0,0,0,0,0
482122,0,1,1982,9,33,26,25,16,32,22,29,28,23
482122,1,1,1982,28,22,18,30,41,31,0,8,27,6
482123,0,1,1982,0,0,0,0,0,0,0,0,0,0
482123,1,1,1982,0,6,0,0,0,0,0,0,0,0
482124,0,1,1982,30,0,20,20,30,24,14,21,15,22
482124,1,1,1982,25,0,0,27,23,15,0,9,18,0
482125,0,1,1982,0,0,0,0,0,5,15,0,0,0
482125,1,1,1982,0,0,22,21,11,0,0,15,5,7
482126,0,1,1982,20,23,17,28,0,16,27,35,15,12
482126,1,1,1982,12,0,21,22,0,6,0,0,0,17
482127,1,1,1982,10,20,14,0,13,0,0,0,8,21
482127,2,1,1982,20,25,13,23,17,21,6,10,27,0
482128,0,1,1982,18,20,30,26,20,7,23,19,6,11
482128,1,1,1982,14,10,3,13,20,16,19,0,10,0
482129,0,1,1982,15,0,2,0,21,0,13,21,16,0
482129,1,1,1982,0,21,20,0,13,0,7,0,0,0
482130,0,1,1982,16,12,34,20,27,16,27,28,22,13
482130,1,1,1982,0,14,0,0,14,0,0,17,0,0
482131,0,1,1982,17,23,12,7,29,8,0,0,0,0
482131,1,1,1982,11,28,0,0,12,19,32,8,17,21
482132,0,1,1982,23,14,15,10,30,21,20,22,17,8
482132,1,1,1982,15,8,27,0,9,0,0,11,0,0
482133,1,1,1982,28,26,22,27,23,29,16,14,32,23
482134,1,1,1982,8,17,13,17,0,17,22,0,0,0
482135,1,1,1982,9,0,12,0,7,20,10,12,16,0
482136,1,1,1982,16,24,20,23,20,35,32,21,20,19
482137,0,1,1982,0,0,0,0,0,0,0,0,0,0
482137,1,1,1982,0,0,0,0,0,41,0,30,19,0
482138,1,1,1982,23,13,7,14,18,0,19,15,10,22
482139,1,1,1982,27,27,27,27,27,27,27,27,27,27
482140,1,1,1982,0,0,0,0,16,0,12,0,0,10
482141,1,1,1982,0,0,0,0,0,0,23,0,0,0
482142,1,1,1982,39,36,0,22,24,29,17,30,0,0
482142,2,1,1982,0,0,6,2,0,0,0,0,0,0
482143,0,1,1982,0,0,20,0,15,0,20,0,14,24
482143,1,1,1982,0,0,0,6,0,0,0,0,0,0
482144,1,1,1982,0,12,0,14,0,0,20,22,0,0
482144,2,1,1982,0,0,7,7,0,0,10,0,0,0
482145,1,1,1982,0,23,8,0,20,0,0,19,10,0
482145,2,1,1982,0,6,25,0,0,0,0,0,0,0
482146,1,1,1982,19,0,20,0,0,28,13,0,0,0
482147,1,1,1982,24,0,18,19,18,0,14,17,7,12
482148,0,1,1982,3,31,32,5,57,0,14,0,20,15
482148,1,1,1982,0,0,27,11,5,0,16,0,0,0
482149,1,1,1982,21,0,11,6,25,22,21,24,11,10
482149,2,1,1982,17,12,14,0,13,0,17,0,16,0
482150,1,1,1982,0,0,12,25,21,1,17,10,0,0
482150,2,1,1982,0,0,16,0,5,27,0,0,0,22
482151,1,1,1982,0,9,14,4,17,20,0,0,0,0
482151,2,1,1982,0,0,0,0,0,0,0,0,0,10
482152,1,1,1982,0,0,0,0,0,0,0,0,0,0
482152,2,1,1982,0,0,0,22,2,0,0,7,0,0
482153,1,1,1982,15,0,0,4,0,0,20,0,0,4
482153,2,1,1982,0,0,0,15,0,0,0,4,12,0
482153,3,1,1982,0,12,5,14,11,9,0,0,0,17
482154,1,1,1982,0,22,14,15,0,0,20,0,23,10
482155,1,1,1982,16,18,0,35,34,29,0,16,10,6
482156,1,1,1982,12,21,8,17,13,6,13,26,4,13
482156,2,1,1982,0,0,0,18,0,0,0,11,28,0
482157,1,1,1982,3,6,13,14,30,0,11,0,0,0
482157,2,1,1982,0,0,0,0,0,0,0,0,0,0
482158,1,1,1982,4,0,7,9,17,14,7,7,0,0
482158,2,1,1982,0,0,23,19,8,0,7,0,24,8
482159,1,1,1982,0,0,0,0,0,0,0,0,0,0
482159,2,1,1982,0,0,0,0,0,0,0,0,20,0
482160,1,1,1982,16,17,11,21,11,18,7,26,30,26
482161,1,1,1982,18,10,18,0,0,10,11,8,17,15
482161,2,1,1982,0,0,0,0,9,16,12,0,12,0
482162,1,1,1982,0,0,0,0,0,0,0,0,0,0
482163,1,1,1982,0,0,21,15,0,0,13,0,16,0
482164,1,1,1982,25,11,40,14,21,28,27,9,24,27
482165,1,1,1982,25,17,13,36,8,16,25,21,26,25
482166,1,1,1982,6,0,12,17,21,9,0,26,0,0
482167,1,1,1982,30,17,23,11,14,12,29,19,13,19
482168,1,1,1982,15,20,27,15,20,21,24,0,15,15
482169,1,1,1982,35,0,31,26,22,28,5,14,15,24
482170,2,1,1982,0,14,0,0,0,0,0,12,0,0
482171,1,1,1982,19,19,19,19,19,19,19,19,19,19
482171,2,1,1982,0,0,9,0,0,10,0,0,0,0
482172,0,1,1982,25,15,8,20,30,17,42,0,39,28
482172,1,1,1982,0,0,41,0,0,0,0,0,8,9
482173,1,1,1982,7,7,7,7,7,7,7,7,7,7
482174,0,1,1982,32,39,14,20,31,20,52,17,18,15
482174,1,1,1982,27,13,11,0,9,0,12,20,4,8
482175,0,1,1982,0,0,8,0,29,0,0,0,13,0
482175,0,2,1982,0,0,0,48,23,0,0,0,0,0
482175,1,1,1982,0,0,0,15,19,27,0,6,25,0
482176,1,1,1982,25,0,30,16,16,19,37,20,22,0
482177,1,1,1982,17,23,15,37,12,30,17,41,5,8
482177,2,1,1982,7,18,15,0,0,5,14,13,12,22