ST_CASE,VEH_NO,PER_NO,YEAR,P1,P2,P3,P4,P5,P6,P7,P8,P9,P10
482178,1,1,1982,0,10,20,3,9,31,19,9,15,17
482179,1,1,1982,12,3,8,22,8,0,17,9,0,8
482180,1,1,1982,0,17,0,5,4,0,0,9,0,0
482180,2,1,1982,12,13,0,0,0,8,0,15,0,12
482181,0,1,1982,31,0,0,37,21,0,34,9,27,0
482181,1,1,1982,0,0,13,0,0,0,0,0,0,0
482182,1,1,1982,17,33,0,19,0,0,0,0,0,0
482183,1,1,1982,0,0,0,7,0,0,0,0,0,0
482183,2,1,1982,0,0,0,0,15,0,0,0,0,0
482183,3,1,1982,0,17,0,0,0,15,0,0,6,4
482184,1,1,1982,0,0,0,0,12,0,18,4,0,16
482185,1,1,1982,11,18,9,33,18,14,22,21,16,16
482186,1,1,1982,9,0,8,0,0,10,18,0,0,0
482187,1,1,1982,0,0,0,0,0,0,0,0,0,0
482188,1,1,1982,0,0,15,5,7,14,23,0,0,0
482189,0,1,1982,27,24,22,0,25,13,28,6,0,11
482189,0,2,1982,0,8,18,0,0,16,0,0,0,0
482189,1,1,1982,4,11,7,15,10,13,14,27,0,19
482190,1,1,1982,0,20,0,11,12,18,32,27,0,8
482191,1,1,1982,8,0,0,0,20,0,14,13,0,0
482191,2,1,1982,1,1,1,1,1,1,1,1,1,1
482192,1,1,1982,10,41,14,12,15,32,13,22,11,17
482193,1,1,1982,14,14,31,25,10,7,18,33,24,0
482194,1,1,1982,0,0,0,0,0,23,0,0,0,0
482194,2,1,1982,24,14,0,22,33,9,15,29,27,2
482195,1,1,1982,26,22,9,20,0,26,11,11,14,14
482195,2,1,1982,0,0,0,21,13,0,16,6,12,0
482196,0,1,1982,19,10,23,33,16,21,22,7,28,15
482196,1,1,1982,0,0,0,0,0,0,0,0,0,0
482197,1,1,1982,0,9,0,0,0,0,0,7,0,0
482197,2,1,1982,0,13,0,0,34,0,0,0,0,16
482198,1,1,1982,0,0,0,0,0,0,0,0,0,0
482199,1,1,1982,23,17,10,13,6,21,19,14,22,27
482199,2,1,1982,17,0,6,18,6,29,12,0,0,16
482200,1,1,1982,0,18,0,0,0,0,0,0,0,0
482200,2,1,1982,0,0,0,0,0,20,0,6,0,14
482201,1,1,1982,0,0,0,0,0,0,0,0,0,0
482201,2,1,1982,0,0,0,0,0,0,0,0,0,0
482202,1,1,1982,0,0,0,0,0,0,0,0,0,0
482202,2,1,1982,0,0,0,26,0,0,0,0,0,0
482203,1,1,1982,18,14,18,13,21,17,14,29,4,11
482204,0,1,1982,18,39,11,0,25,26,30,0,37,9
482204,1,1,1982,0,0,0,0,0,16,0,0,12,11
482205,1,1,1982,23,18,16,17,20,10,15,29,15,29
482206,1,1,1982,0,0,0,0,0,11,20,0,24,0
482206,2,1,1982,0,0,0,0,2,0,0,0,0,0
482207,1,1,1982,7,0,0,14,0,0,0,0,0,0
482207,2,1,1982,0,0,0,0,0,0,0,0,0,0
482208,1,1,1982,0,0,19,0,0,0,0,9,0,14
482208,2,1,1982,7,0,0,12,0,24,24,9,10,0
482209,1,1,1982,7,0,0,0,0,5,7,21,0,10
482209,2,1,1982,0,0,0,0,0,0,18,11,0,25
482210,1,1,1982,20,20,20,21,14,4,8,22,27,19
482211,1,1,1982,0,25,23,30,29,10,0,0,12,41
482211,2,1,1982,21,0,19,0,0,3,16,0,12,0
482212,1,1,1982,0,19,14,10,22,0,23,20,7,30
482213,1,1,1982,0,0,0,21,17,0,11,0,0,36
482214,1,1,1982,0,5,14,0,0,0,0,0,0,0
482214,2,1,1982,0,23,8,30,0,0,0,0,14,0
482215,1,1,1982,7,10,16,13,0,7,13,13,0,18
482216,1,1,1982,0,0,0,0,0,0,0,0,0,0
482217,0,1,1982,0,0,0,0,0,0,0,0,0,0
482217,1,1,1982,0,0,0,0,0,0,0,0,29,0
482218,1,1,1982,12,9,12,17,11,4,0,10,0,20
482219,1,1,1982,0,17,0,22,0,12,14,15,0,0
482219,2,1,1982,7,0,0,0,0,0,0,0,0,0
482220,1,1,1982,25,28,18,17,32,22,11,22,23,27
482221,0,1,1982,30,4,28,28,25,16,13,29,17,42
482221,1,1,1982,0,0,12,0,0,0,18,0,0,0
482222,1,1,1982,0,12,0,0,13,17,0,11,0,33
482222,2,1,1982,0,17,7,18,0,0,0,22,0,0
482223,1,1,1982,0,16,11,0,10,0,12,0,10,19
482223,2,1,1982,3,0,0,0,0,14,0,0,0,0
482224,1,1,1982,5,0,15,15,25,0,0,5,19,9
482224,2,1,1982,0,8,13,20,0,22,0,4,23,0
482225,1,1,1982,31,19,14,6,15,13,0,19,7,14
482226,1,1,1982,0,0,0,0,14,0,0,0,0,0
482226,2,1,1982,0,0,0,0,0,0,0,0,0,0
482227,1,1,1982,0,0,0,0,0,0,10,0,0,0
482228,0,1,1982,26,24,13,31,19,15,19,17,32,13
482228,1,1,1982,8,14,8,22,19,33,8,8,33,9
482229,1,1,1982,27,12,7,24,23,3,36,24,13,5
482230,1,1,1982,12,21,24,32,15,0,12,45,24,10
482231,1,1,1982,10,12,15,16,5,0,25,0,25,0
482231,2,1,1982,31,22,0,0,10,16,21,9,13,0
482232,1,1,1982,30,0,24,14,16,0,0,0,23,15
482233,1,1,1982,0,0,0,0,0,0,14,0,0,0
482233,2,1,1982,0,0,0,0,0,0,0,0,0,0
482233,3,1,1982,0,0,0,0,0,0,0,0,0,0
482234,1,1,1982,11,0,0,18,12,17,11,0,8,0
482234,2,1,1982,0,5,0,10,15,0,0,0,17,0
482235,0,1,1982,32,16,22,6,15,24,25,7,9,0
482235,1,1,1982,24,23,11,12,8,5,11,5,22,22
482236,1,1,1982,0,0,0,0,0,0,0,11,0,0
482236,2,1,1982,0,0,35,0,0,0,8,0,0,0
482237,1,1,1982,0,0,0,0,0,0,3,0,0,0
482238,1,1,1982,19,27,26,7,29,17,19,21,12,21
482239,1,1,1982,35,14,26,20,25,23,2,20,0,12
482240,0,1,1982,6,21,38,9,17,21,23,30,29,39
482240,1,1,1982,0,0,0,0,0,0,6,0,8,0
482241,1,1,1982,0,0,0,0,0,0,0,0,9,0
482241,2,1,1982,6,14,15,0,0,0,0,10,8,0
482242,1,1,1982,9,20,22,20,29,33,40,34,22,23
482243,1,1,1982,15,0,0,8,0,0,0,0,0,0
482243,2,1,1982,10,0,16,0,11,17,14,0,12,14
482244,0,1,1982,34,0,0,0,0,0,0,0,5,0
482244,1,1,1982,11,0,37,0,0,0,0,0,0,0
482245,1,1,1982,0,16,20,12,0,9,0,15,0,18
482245,2,1,1982,0,0,10,22,0,0,0,8,0,0
482246,1,1,1982,10,12,14,11,10,16,5,0,9,7
482247,1,1,1982,5,0,0,0,0,0,0,0,0,0
482247,2,1,1982,0,0,13,0,0,0,0,0,0,0
482248,1,1,1982,0,0,0,0,0,16,16,0,0,4
482248,2,1,1982,7,19,19,13,16,28,24,8,6,21
482249,1,1,1982,0,0,0,17,0,46,0,23,12,0
482250,1,1,1982,25,5,22,3,20,32,12,0,26,18
482251,1,1,1982,13,25,15,19,0,24,23,18,18,29
482252,0,1,1982,20,29,22,23,34,18,19,23,15,17
482252,1,1,1982,17,9,5,10,16,14,13,9,2,16
482253,1,1,1982,18,15,7,21,19,7,10,9,24,10
482254,0,1,1982,25,0,14,11,14,23,13,16,18,27
482254,1,1,1982,0,0,15,10,10,13,20,0,10,0
482255,1,1,1982,29,37,8,16,11,23,14,25,7,15
482255,2,1,1982,0,0,0,0,0,7,16,5,0,0
482256,0,1,1982,12,7,0,33,0,14,0,0,0,0
482256,1,1,1982,0,0,0,11,0,0,0,0,0,0
482257,1,1,1982,0,0,9,0,5,0,15,0,0,7
482257,2,1,1982,0,0,0,0,0,9,0,0,0,19
482258,1,1,1982,0,0,0,0,0,0,16,0,0,12
482258,2,1,1982,0,0,8,21,19,0,0,34,15,0
482259,1,1,1982,7,0,0,0,0,0,0,0,0,0
482259,2,1,1982,0,0,0,0,0,0,0,0,0,0
482260,1,1,1982,0,0,0,0,0,0,0,0,0,0
482261,1,1,1982,0,0,0,32,0,8,22,26,5,22
482261,2,1,1982,0,0,10,0,0,0,26,0,0,0
482262,1,1,1982,14,20,0,32,20,14,27,26,14,14
482263,1,1,1982,26,12,15,20,24,31,20,31,24,26
482264,1,1,1982,22,10,13,12,9,33,22,25,12,24
482264,2,1,1982,0,0,0,0,0,0,0,0,0,0
482265,0,1,1982,21,24,22,13,0,0,10,25,20,24
482265,1,1,1982,10,5,0,11,17,8,20,21,24,22
482266,1,1,1982,16,17,18,21,25,15,22,13,6,11
482267,0,1,1982,0,0,18,7,0,4,8,13,19,8
482267,1,1,1982,0,0,0,0,14,5,0,7,0,0
482268,1,1,1982,28,10,14,27,16,8,15,14,30,11
482269,1,1,1982,6,9,21,17,19,21,14,13,5,24
482269,2,1,1982,6,11,0,0,12,6,20,0,0,4
482270,1,1,1982,0,0,7,16,0,14,0,0,0,0
482271,1,1,1982,0,18,25,0,0,0,0,0,0,21
482272,1,1,1982,14,19,18,0,8,8,13,0,29,22
482273,1,1,1982,14,18,2,17,39,16,26,10,12,21
482274,1,1,1982,0,0,17,0,0,0,4,0,0,12
482275,1,1,1982,0,0,0,0,0,0,0,0,0,0
482275,2,1,1982,0,0,0,0,0,0,0,0,0,0
482276,1,1,1982,11,12,13,0,23,0,0,0,0,0
482276,2,1,1982,0,2,0,0,0,0,0,0,0,0
482277,1,1,1982,14,18,30,20,18,52,18,17,18,16
482278,1,1,1982,23,0,21,18,37,16,23,16,23,17
482279,1,1,1982,8,11,8,9,17,9,19,13,10,13
482280,1,1,1982,14,32,3,18,16,0,20,11,21,14
482281,1,1,1982,0,0,0,0,0,0,0,0,0,0
482281,2,1,1982,0,19,21,7,0,0,8,0,11,0
482282,1,1,1982,13,10,5,8,20,6,10,14,13,18
482283,1,1,1982,13,0,9,0,0,24,0,0,11,15
482284,1,1,1982,16,27,24,21,16,23,22,22,0,17
482285,1,1,1982,0,8,15,0,0,0,0,0,0,0
482285,2,1,1982,0,0,0,0,9,0,25,21,28,0
482286,1,1,1982,30,26,10,29,23,19,25,0,0,11
482286,2,1,1982,14,20,12,4,22,12,11,23,19,22
482287,1,1,1982,0,0,11,0,0,38,34,0,18,0
482288,0,1,1982,20,17,0,0,28,0,0,32,26,0
482288,1,1,1982,0,14,0,0,10,0,0,24,13,21
482289,1,1,1982,24,19,11,26,19,20,5,16,20,11
482289,2,1,1982,0,0,0,0,12,0,0,0,25,0
482290,1,1,1982,0,0,0,0,0,0,0,0,0,0
482290,2,1,1982,16,0,0,0,0,0,0,0,0,0
482291,1,1,1982,7,18,10,19,7,15,9,8,23,17
482292,1,1,1982,13,30,17,22,22,26,19,29,14,23
482293,1,1,1982,15,13,21,10,21,25,0,11,14,0
482294,0,1,1982,0,29,28,26,18,24,5,0,0,0
482294,1,1,1982,11,8,5,0,21,0,0,4,0,0
482295,0,1,1982,16,22,14,15,22,13,10,23,24,0
482295,1,1,1982,30,0,23,12,21,16,0,0,20,15
482296,1,1,1982,7,17,0,24,0,7,15,8,0,6
482297,1,1,1982,16,11,3,9,12,10,10,28,0,18
482297,2,1,1982,9,4,17,5,14,0,10,14,18,20
482298,1,1,1982,0,0,0,0,0,0,24,26,0,0
482299,0,1,1982,26,12,25,14,14,20,32,27,16,19
482299,1,1,1982,2,0,0,19,0,5,0,0,0,0
482299,2,1,1982,17,12,6,23,24,16,0,9,20,13
482300,1,1,1982,12,9,17,19,0,0,0,10,0,22
482301,1,1,1982,19,19,4,18,27,0,15,20,17,10
482301,2,1,1982,20,16,9,2,7,7,9,7,17,5
482302,1,1,1982,15,9,0,0,0,0,0,32,0,0
482303,1,1,1982,13,12,25,14,30,23,7,28,16,13
482304,1,1,1982,15,13,7,30,9,19,15,13,10,30
482304,2,1,1982,16,9,0,0,0,20,0,0,0,16
482305,0,1,1982,0,0,0,10,18,14,4,23,0,0
482305,1,1,1982,0,0,0,0,17,0,14,0,0,0
482306,0,1,1982,17,28,18,0,18,9,19,23,0,15
482306,1,1,1982,0,11,10,0,0,0,0,26,0,0
482307,1,1,1982,5,0,14,3,10,18,17,11,27,6
482307,2,1,1982,0,19,0,0,0,0,10,12,11,0
482308,1,1,1982,0,0,0,0,0,25,14,30,23,0
482309,1,1,1982,2,19,8,9,16,21,4,20,17,19
482309,2,1,1982,0,16,2,7,9,0,26,18,0,4
482310,1,1,1982,20,12,12,9,13,11,11,15,9,18
482311,1,1,1982,0,7,22,36,22,18,32,12,16,13
482312,1,1,1982,18,8,11,8,14,16,22,29,0,19
482312,2,1,1982,0,7,10,0,0,0,0,14,12,0
482313,0,1,1982,0,8,18,16,14,27,7,0,18,25
482313,1,1,1982,0,0,0,0,7,0,0,0,8,8
482314,0,1,1982,23,38,21,17,25,30,26,16,35,0
482314,1,1,1982,11,3,7,5,9,0,17,0,19,19
482315,0,1,1982,7,30,0,13,21,19,18,9,26,18
482315,1,1,1982,0,0,0,0,0,13,0,14,0,5
482316,1,1,1982,0,0,0,0,0,0,0,0,0,0
482316,2,1,1982,0,0,0,0,0,0,0,0,25,10
482317,1,1,1982,20,0,16,0,13,20,16,0,13,16
482318,0,1,1982,0,0,0,0,0,0,0,0,0,0
482318,0,2,1982,0,0,7,0,0,4,14,0,0,13
482318,0,3,1982,0,0,0,4,0,0,10,12,0,0
482318,1,1,1982,24,11,27,17,5,9,29,18,27,34
482319,1,1,1982,0,10,0,0,0,0,0,0,0,0
482320,1,1,1982,10,10,10,10,10,10,10,10,10,10
482320,2,1,1982,25,25,25,25,25,25,25,25,25,25
482321,1,1,1982,11,6,17,0,12,0,0,0,8,0
482322,1,1,1982,10,22,0,20,23,0,4,10,15,12
482323,1,1,1982,0,0,0,0,0,0,0,0,3,0
482323,2,1,1982,0,0,0,0,0,0,0,8,0,0
482324,1,1,1982,8,24,4,24,16,0,11,17,28,19
482324,2,1,1982,36,2,29,36,6,17,23,13,0,23
482325,0,1,1982,0,0,0,0,0,0,0,0,0,0
482325,1,1,1982,0,0,0,0,0,0,15,0,0,0
482326,1,1,1982,23,13,15,18,19,21,10,23,0,22
482327,1,1,1982,29,16,39,24,15,15,0,18,23,28
482328,0,1,1982,21,0,0,17,0,19,0,26,15,0
482328,1,1,1982,18,0,0,27,0,15,0,0,8,0
482329,1,1,1982,0,13,0,0,0,0,0,0,0,0
482329,2,1,1982,0,0,10,0,0,0,0,0,0,0
482330,1,1,1982,4,12,8,0,11,5,0,21,7,15
482331,1,1,1982,0,0,0,0,0,0,0,7,0,0
482331,2,1,1982,0,2,0,0,3,0,0,0,0,15
482332,0,1,1982,0,0,0,0,0,0,0,0,0,0
482332,1,1,1982,0,0,0,13,4,16,0,9,0,0
482333,0,1,1982,0,0,0,0,0,0,0,0,0,0
482333,1,1,1982,0,0,14,0,14,18,28,0,9,12
482334,1,1,1982,14,27,14,12,7,21,11,10,16,13
482335,1,1,1982,0,0,0,0,0,0,0,0,12,0
482336,1,1,1982,0,5,0,7,0,0,0,0,0,0
482337,1,1,1982,3,6,21,10,17,12,26,32,17,13
482338,1,1,1982,0,0,0,0,0,0,0,3,0,0
482339,1,1,1982,24,13,10,4,14,7,25,13,0,20
482340,0,1,1982,0,0,0,0,0,0,0,0,0,0
482340,1,1,1982,0,0,0,0,0,0,0,0,0,0
482341,1,1,1982,0,0,18,0,0,0,0,0,0,0
482341,2,1,1982,0,0,0,0,9,0,0,0,0,0
482342,1,1,1982,7,0,0,0,4,0,11,8,0,0
482342,2,1,1982,23,13,18,25,0,14,28,13,30,24
482343,1,1,1982,27,0,11,17,0,0,0,0,0,0
482343,2,1,1982,0,5,0,0,0,0,0,0,0,0
482344,1,1,1982,23,0,18,0,4,9,0,28,10,0
482344,2,1,1982,0,0,0,0,4,0,0,0,7,0
482345,1,1,1982,27,11,10,0,4,14,0,19,0,0
482345,2,1,1982,11,12,0,0,0,0,0,0,0,0
482346,1,1,1982,0,0,0,0,0,0,0,0,0,0
482346,2,1,1982,0,0,0,0,0,0,0,7,14,0
482347,0,1,1982,35,19,19,29,34,6,24,35,18,30
482347,1,1,1982,0,0,0,0,8,14,23,0,0,0
482348,1,1,1982,0,9,8,0,0,0,0,19,0,0
482348,2,1,1982,0,0,0,0,0,0,0,0,0,0
482349,1,1,1982,16,34,25,26,8,17,26,33,16,20
482350,1,1,1982,0,0,31,0,4,23,20,0,0,11
482350,2,1,1982,0,0,2,18,6,15,26,7,3,18
482351,1,1,1982,12,0,12,0,24,17,8,10,14,0
482352,1,1,1982,0,0,0,0,0,16,0,0,0,0
482353,1,1,1982,25,31,10,15,15,19,10,25,11,19
482353,2,1,1982,19,10,22,15,22,12,17,25,34,21
482354,1,1,1982,16,20,16,0,8,0,12,0,8,0
482354,2,1,1982,0,0,0,14,0,0,0,2,0,0
482355,0,1,1982,0,19,21,23,0,0,0,15,0,0
482355,1,1,1982,23,23,23,23,23,23,23,23,23,23
482356,1,1,1982,12,13,8,0,25,21,19,15,24,25
482357,1,1,1982,17,15,0,16,29,15,9,22,13,0
482358,1,1,1982,0,0,0,12,0,0,0,0,16,0
482358,2,1,1982,0,0,0,0,0,0,0,0,15,0
482359,0,1,1982,0,0,0,0,0,0,0,0,0,0
482359,1,1,1982,0,0,0,16,0,20,0,20,19,0
482360,1,1,1982,0,19,10,22,27,10,19,20,11,23
482361,1,1,1982,12,22,23,0,22,16,23,17,4,18
482361,2,1,1982,0,0,21,0,0,0,0,0,0,0
482362,1,1,1982,24,23,12,21,0,0,4,18,11,24
482362,2,1,1982,5,32,0,12,28,0,12,34,26,30
482363,1,1,1982,0,0,0,0,0,0,0,0,0,15
482363,2,1,1982,0,0,20,0,0,0,10,0,0,20
482364,0,1,1982,0,16,4,12,14,0,21,0,18,15
482364,1,1,1982,12,25,11,10,32,15,26,10,12,22
482365,0,1,1982,26,0,22,25,18,0,28,5,0,0
482365,1,1,1982,16,0,0,4,8,0,0,24,22,16
482366,0,1,1982,0,0,0,0,0,0,0,0,0,0
482366,1,1,1982,0,0,0,12,13,0,0,0,13,0
482367,1,1,1982,29,17,19,25,21,26,24,8,33,25
482368,1,1,1982,11,13,0,11,8,0,17,21,16,24
482368,2,1,1982,9,9,9,9,9,9,9,9,9,9
482369,1,1,1982,8,21,22,13,0,8,6,0,0,13
482370,1,1,1982,24,0,20,17,17,0,0,16,12,11
482370,2,1,1982,0,0,0,0,0,0,0,0,0,0
482371,0,1,1982,32,22,26,22,0,15,26,0,13,26
482371,1,1,1982,0,0,13,7,9,0,0,13,3,15
482372,1,1,1982,35,28,25,13,17,35,31,19,19,15
482373,0,1,1982,15,19,29,20,9,23,0,5,12,10
482373,1,1,1982,6,8,13,17,22,7,20,7,13,22
482374,1,1,1982,5,2,0,0,18,0,0,0,0,0
482374,2,1,1982,19,17,19,16,17,17,33,19,8,13
482375,1,1,1982,23,7,10,23,14,20,10,6,18,0
482375,2,1,1982,0,0,6,0,0,0,0,0,0,0
482376,1,1,1982,17,3,0,4,0,14,15,19,13,8
482376,2,1,1982,7,10,2,0,7,13,0,10,0,6
482377,0,1,1982,0,28,27,22,22,0,18,30,25,8
482377,1,1,1982,25,0,5,0,13,14,27,13,0,0
482378,1,1,1982,16,0,7,19,17,0,22,21,5,10
482379,0,1,1982,0,0,0,0,0,14,0,0,0,10
482379,0,2,1982,23,35,0,18,0,37,0,0,0,0
482379,1,1,1982,11,19,19,18,17,8,19,13,13,10
482379,2,1,1982,8,0,11,0,21,0,9,16,21,20
482380,1,1,1982,0,0,0,0,10,0,0,0,0,0
482381,0,1,1982,62,8,32,16,30,23,24,21,25,26
482381,1,1,1982,11,0,0,7,10,0,9,12,11,14
482382,1,1,1982,18,0,0,0,0,0,0,0,0,0
482382,2,1,1982,0,0,24,0,17,8,6,20,31,14
482383,1,1,1982,24,19,6,0,14,15,21,13,35,26
482384,1,1,1982,0,3,5,20,9,9,27,4,15,10
482384,2,1,1982,0,23,0,15,0,8,28,0,24,15
482385,0,1,1982,14,17,22,25,8,19,5,26,12,20
482385,1,1,1982,34,16,0,20,25,20,0,0,0,0
482386,1,1,1982,22,13,0,17,0,21,0,15,21,22
482387,1,1,1982,15,33,10,16,24,19,0,16,10,13
482388,0,1,1982,12,8,26,19,49,22,27,8,12,8
482388,1,1,1982,12,12,14,7,24,20,12,6,16,15
482389,1,1,1982,15,22,12,11,27,7,21,29,10,4
482389,2,1,1982,14,0,17,15,0,19,22,12,0,0
482390,1,1,1982,8,12,17,0,12,11,24,12,21,19
482391,1,1,1982,26,22,15,16,14,20,0,18,21,22
482391,2,1,1982,0,14,0,0,0,8,0,18,0,0
482392,1,1,1982,11,24,12,18,10,16,10,7,15,19
482393,1,1,1982,25,0,0,0,10,0,0,9,0,15
482394,1,1,1982,14,0,21,37,38,26,9,0,24,17
482395,1,1,1982,14,13,29,16,22,19,25,24,32,3
482396,1,1,1982,7,11,5,12,22,21,13,10,21,9
482397,1,1,1982,25,21,22,17,13,11,30,24,24,28
482398,1,1,1982,0,0,11,0,0,0,0,0,0,0
482398,2,1,1982,9,18,21,0,27,11,11,13,22,10
482399,1,1,1982,0,0,0,0,0,0,0,0,0,0
482399,2,1,1982,0,0,0,0,0,0,0,0,0,13
482400,1,1,1982,0,0,0,0,23,0,0,0,0,10
482401,1,1,1982,0,16,10,0,17,30,27,14,13,15
482402,1,1,1982,7,7,7,7,7,7,7,7,7,7
482402,2,1,1982,25,0,10,15,0,8,19,15,23,14
482402,3,1,1982,8,12,0,23,29,30,0,11,19,0
482403,1,1,1982,0,0,0,19,23,16,16,18,7,21
482404,1,1,1982,24,12,0,5,29,17,20,9,23,19
482405,1,1,1982,6,28,18,11,2,15,14,12,26,6
482406,1,1,1982,0,0,0,0,0,0,0,0,0,0
482406,2,1,1982,0,0,0,18,0,0,0,27,0,0
482407,0,1,1982,0,48,27,34,27,0,19,13,12,27
482407,1,1,1982,13,11,0,13,0,4,0,12,0,16
482408,1,1,1982,0,0,0,0,0,0,0,0,0,0
482408,2,1,1982,0,0,0,0,0,0,0,0,0,0
482409,0,1,1982,20,7,36,12,21,19,14,15,12,37
482409,1,1,1982,0,10,10,14,0,18,28,0,16,22
482410,1,1,1982,23,11,0,21,12,0,0,0,0,14
482410,2,1,1982,0,0,0,0,0,0,0,0,0,0
482411,1,1,1982,0,0,26,24,0,25,12,0,24,0
482412,1,1,1982,0,0,0,0,0,0,0,0,0,13
482413,1,1,1982,0,0,0,0,0,0,0,0,0,0
482413,2,1,1982,10,0,27,0,16,0,0,0,0,0
482414,0,1,1982,0,0,0,0,10,12,0,0,0,0
482414,1,1,1982,0,10,8,0,0,13,7,0,6,0
482415,1,1,1982,18,23,19,26,21,0,16,5,13,28
482416,1,1,1982,14,6,21,20,19,26,12,21,12,8
482417,1,1,1982,25,25,25,25,25,25,25,25,25,25
482418,1,1,1982,0,0,0,0,0,0,0,0,0,0
482418,2,1,1982,0,0,0,21,0,0,0,0,0,0
482419,0,1,1982,0,0,0,0,0,0,2,0,0,0
482419,1,1,1982,0,0,0,0,0,0,0,0,8,0
482420,1,1,1982,8,3,11,15,20,26,19,20,0,15
482421,1,1,1982,0,0,6,0,53,0,11,11,0,0
482421,2,1,1982,0,0,0,0,0,0,0,0,0,3
482422,1,1,1982,0,0,0,0,0,0,0,0,0,0
482423,1,1,1982,0,0,0,0,5,0,15,0,0,0
482423,2,1,1982,0,0,0,14,0,15,0,0,0,0
482424,1,1,1982,35,15,0,22,37,17,20,34,16,17
482425,0,1,1982,25,27,4,0,19,22,11,16,22,28
482425,1,1,1982,0,0,0,0,0,16,0,17,0,26
482426,1,1,1982,0,4,17,14,0,23,15,0,0,0
482427,1,1,1982,16,8,8,12,16,6,16,11,11,21
482428,1,1,1982,14,14,14,14,14,14,14,14,14,14
482428,2,1,1982,0,9,0,0,3,13,0,0,0,0
482429,1,1,1982,0,17,0,0,0,10,0,0,0,0
482429,2,1,1982,0,0,15,0,0,0,2,0,14,0
482430,1,1,1982,0,13,13,0,0,0,0,0,0,0
482430,2,1,1982,0,0,0,0,0,0,0,0,0,0
482431,1,1,1982,7,0,0,22,7,0,0,0,0,0
482431,2,1,1982,0,0,16,0,0,0,0,0,0,0
482432,1,1,1982,0,5,0,21,0,12,0,0,0,0
482433,1,1,1982,0,0,0,0,0,25,0,0,0,0
482433,2,1,1982,0,0,0,0,0,0,0,0,0,0
482434,1,1,1982,0,0,0,0,0,0,0,0,0,0
482435,1,1,1982,0,0,0,0,12,0,0,0,0,0
482436,0,1,1982,0,0,24,28,31,11,13,17,19,25
482436,1,1,1982,0,5,0,13,35,29,0,21,0,0
482437,0,1,1982,11,30,18,40,28,11,35,27,23,19
482437,1,1,1982,0,0,0,0,0,4,14,0,0,0
482438,0,1,1982,9,0,0,24,0,0,0,0,14,0
482438,1,1,1982,0,0,0,0,0,23,0,17,0,0
482439,0,1,1982,0,0,14,18,0,0,0,0,0,0
482439,1,1,1982,12,13,7,0,12,9,0,21,12,0
482440,1,1,1982,0,0,0,0,0,0,0,0,0,0
482440,2,1,1982,0,0,0,0,0,0,0,0,0,0
482441,0,1,1982,0,0,0,0,10,0,0,0,0,0
482441,1,1,1982,22,0,16,31,11,0,0,0,0,23
482442,1,1,1982,0,0,18,11,0,5,0,0,0,0
482442,2,1,1982,15,15,19,0,18,18,19,13,26,10
482443,1,1,1982,0,0,0,0,0,0,28,4,0,0
482443,2,1,1982,0,0,0,8,0,0,0,0,0,0
482444,1,1,1982,25,22,0,23,27,17,17,12,9,12
482445,1,1,1982,0,12,21,16,17,21,40,0,41,28
482446,1,1,1982,17,14,17,18,20,17,6,23,18,29
482446,2,1,1982,12,0,0,19,0,0,15,0,11,0
482447,1,1,1982,0,13,14,24,7,13,11,9,0,21
482447,2,1,1982,9,0,0,0,0,0,9,0,8,18
482448,1,1,1982,15,18,21,11,23,19,9,10,14,14
482449,1,1,1982,0,0,0,0,0,0,0,0,0,0
482450,1,1,1982,0,0,0,0,0,0,0,0,0,0
482450,2,1,1982,0,0,0,0,0,0,0,0,4,0
482451,1,1,1982,7,11,6,15,26,0,8,19,21,17
482451,2,1,1982,22,0,6,0,0,0,0,0,14,0
482452,1,1,1982,20,4,0,31,19,10,6,14,5,8
482453,0,1,1982,48,14,25,32,18,9,10,27,32,32
482453,1,1,1982,12,0,0,0,12,12,0,0,37,19
482454,1,1,1982,0,0,0,0,0,0,0,0,0,0
482454,2,1,1982,0,0,0,0,12,0,0,0,0,0
482455,1,1,1982,19,14,12,16,23,27,24,22,15,28
482456,1,1,1982,26,19,18,17,22,18,24,18,19,21
482457,1,1,1982,13,16,15,9,16,19,0,0,7,0
482458,1,1,1982,0,5,0,0,0,15,0,8,9,15
482458,2,1,1982,0,0,0,0,20,0,9,10,0,0
482459,1,1,1982,19,0,0,0,24,26,0,21,31,25
482459,2,1,1982,0,0,0,0,0,0,0,0,0,0
482460,1,1,1982,0,16,0,19,7,0,20,24,18,10
482460,2,1,1982,6,6,0,0,5,0,0,0,0,0
482461,1,1,1982,29,29,22,22,25,31,24,26,14,11
482462,1,1,1982,30,18,22,19,21,28,25,15,23,20