ST_CASE,VEH_NO,PER_NO,YEAR,P1,P2,P3,P4,P5,P6,P7,P8,P9,P10
482463,1,1,1982,7,7,20,17,16,21,15,21,16,14
482464,1,1,1982,27,0,0,0,0,0,0,0,0,0
482464,2,1,1982,14,0,0,21,0,0,0,0,0,0
482465,0,1,1982,0,0,0,0,0,0,0,0,0,0
482465,1,1,1982,0,0,0,0,0,0,0,0,0,0
482466,1,1,1982,0,8,26,8,0,0,15,16,14,0
482466,2,1,1982,0,0,0,0,0,0,0,1,0,0
482467,0,1,1982,0,20,27,18,27,0,16,43,24,0
482467,1,1,1982,29,5,0,29,0,0,0,0,0,0
482468,1,1,1982,9,13,15,11,13,9,19,11,20,0
482468,2,1,1982,0,0,23,0,12,21,0,10,4,0
482469,1,1,1982,0,13,21,0,20,0,24,0,0,0
482469,2,1,1982,0,0,0,0,0,6,0,0,0,0
482470,1,1,1982,0,10,0,0,2,0,0,9,0,12
482471,1,1,1982,0,0,18,10,0,17,8,0,18,19
482472,1,1,1982,0,6,0,0,11,19,0,0,0,17
482473,1,1,1982,24,10,5,11,0,9,10,11,30,9
482473,2,1,1982,14,14,14,14,14,14,14,14,14,14
482474,1,1,1982,2,11,0,13,12,20,0,16,0,21
482474,2,1,1982,0,9,0,6,9,0,0,0,0,0
482475,1,1,1982,6,19,28,17,12,18,17,29,19,18
482476,0,1,1982,32,20,22,12,29,14,0,22,31,12
482476,1,1,1982,10,19,23,8,20,14,11,26,20,19
482477,0,1,1982,27,32,15,34,15,12,25,17,0,7
482477,1,1,1982,0,11,0,22,23,20,22,14,9,0
482478,1,1,1982,17,9,34,16,11,10,9,14,17,26
482479,1,1,1982,31,14,26,32,21,39,21,16,25,27
482480,1,1,1982,14,7,31,8,20,15,8,7,12,20
482481,0,1,1982,21,30,28,30,22,21,19,25,26,25
482481,0,2,1982,14,15,30,23,16,0,18,27,26,22
482481,1,1,1982,0,0,0,11,0,0,0,0,7,0
482482,1,1,1982,11,0,0,11,0,0,0,11,12,0
482483,1,1,1982,21,32,14,12,34,19,13,15,27,34
482484,1,1,1982,0,11,0,37,18,14,32,15,22,11
482485,1,1,1982,0,0,0,0,15,0,0,0,0,0
482486,1,1,1982,11,9,28,22,0,9,17,22,14,17
482486,2,1,1982,8,12,26,13,15,27,18,0,13,2
482487,1,1,1982,0,0,0,11,0,0,15,0,0,17
482487,2,1,1982,18,21,11,18,18,22,13,7,17,7
482488,1,1,1982,0,0,7,0,0,0,0,0,0,0
482488,2,1,1982,0,0,0,0,0,0,0,0,0,0
482489,1,1,1982,10,18,19,31,12,11,17,18,22,22
482490,1,1,1982,0,0,0,0,0,0,0,0,0,0
482490,2,1,1982,19,19,19,19,19,19,19,19,19,19
482491,1,1,1982,19,17,3,23,40,25,14,8,20,19
482492,1,1,1982,13,14,15,20,24,25,23,24,15,15
482493,1,1,1982,13,26,26,25,18,22,18,16,0,27
482493,2,1,1982,9,9,24,18,17,18,18,20,19,21
482494,0,1,1982,0,0,0,0,0,0,0,0,0,0
482494,0,2,1982,21,9,0,20,12,10,29,0,0,12
482494,1,1,1982,16,17,25,28,8,18,17,0,31,11
482495,0,1,1982,23,14,0,6,35,8,0,24,12,27
482495,1,1,1982,10,18,0,4,20,6,19,19,5,10
482496,1,1,1982,13,13,13,20,20,19,0,23,0,10
482497,1,1,1982,17,12,0,16,17,19,0,29,29,18
482498,0,1,1982,0,0,0,22,18,0,17,0,0,23
482498,1,1,1982,0,0,0,12,0,12,0,0,0,0
482499,1,1,1982,0,0,0,10,0,0,13,0,27,0
482499,2,1,1982,19,16,5,18,7,0,0,9,0,0
482500,0,1,1982,0,0,0,0,0,0,0,11,0,0
482500,0,2,1982,0,30,0,0,0,0,6,29,0,13
482500,1,1,1982,15,6,0,0,0,43,0,0,0,0
482501,1,1,1982,24,11,7,23,5,12,15,16,16,32
482502,1,1,1982,0,0,15,0,19,0,14,0,13,11
482503,1,1,1982,23,18,21,4,25,11,9,19,15,22
482503,2,1,1982,9,11,0,10,0,0,0,0,11,0
482504,1,1,1982,0,26,3,0,0,0,0,0,0,0
482504,2,1,1982,7,0,13,12,6,19,8,0,12,0
482505,1,1,1982,0,0,0,0,0,0,20,0,0,0
482505,2,1,1982,3,6,17,16,0,15,0,0,0,37
482506,1,1,1982,11,0,25,7,23,17,7,14,10,22
482507,1,1,1982,3,15,10,12,8,7,13,4,19,11
482507,2,1,1982,6,0,5,4,26,0,13,25,0,13
482508,0,1,1982,0,0,0,0,0,0,0,0,0,0
482508,1,1,1982,0,0,0,0,0,0,0,0,0,0
482509,1,1,1982,43,28,0,38,20,20,0,0,19,0
482510,1,1,1982,0,18,0,9,1,12,0,0,24,0
482510,2,1,1982,0,0,0,5,20,13,0,28,0,0
482511,0,1,1982,0,0,0,0,0,0,0,0,0,0
482511,1,1,1982,0,0,0,0,0,0,0,27,0,0
482512,1,1,1982,18,0,18,0,0,12,0,0,9,0
482513,1,1,1982,0,0,5,0,0,0,0,0,0,0
482513,2,1,1982,0,0,0,0,0,0,0,0,0,28
482514,1,1,1982,31,27,0,4,0,0,10,17,13,0
482515,1,1,1982,13,0,0,0,0,17,0,0,22,20
482516,0,1,1982,0,0,0,0,0,0,0,0,24,0
482516,1,1,1982,21,17,6,10,11,17,10,0,11,13
482517,1,1,1982,0,0,0,9,0,0,0,13,0,23
482518,1,1,1982,0,0,0,0,3,0,0,0,0,0
482518,2,1,1982,0,0,2,0,0,0,0,0,0,0
482519,0,1,1982,0,0,0,0,0,25,0,0,0,0
482519,1,1,1982,0,0,0,0,0,0,0,0,0,0
482520,1,1,1982,0,0,0,0,0,16,0,12,0,0
482520,2,1,1982,21,0,15,0,0,0,0,0,8,10
482521,1,1,1982,14,0,0,0,9,18,0,0,0,0
482521,2,1,1982,7,0,0,0,0,0,0,0,0,0
482522,1,1,1982,28,24,30,19,19,32,46,9,22,21
482523,1,1,1982,5,15,7,14,32,9,4,6,13,10
482524,1,1,1982,0,0,0,0,0,0,0,0,0,0
482524,2,1,1982,2,0,0,0,0,0,0,0,0,12
482525,0,1,1982,0,0,0,0,0,0,0,0,0,0
482525,1,1,1982,0,0,0,0,0,0,0,30,16,0
482526,0,1,1982,24,15,0,9,3,15,0,7,17,12
482526,1,1,1982,12,12,0,6,18,0,18,7,0,7
482527,0,1,1982,0,0,0,0,0,0,0,0,0,0
482527,1,1,1982,0,0,6,0,0,0,0,0,0,0
482528,1,1,1982,0,0,10,0,0,0,0,0,0,0
482528,2,1,1982,0,0,0,0,0,0,0,0,0,0
482529,1,1,1982,10,21,13,9,2,0,8,17,14,0
482530,0,1,1982,18,25,29,0,0,16,31,12,20,24
482530,1,1,1982,0,5,23,21,0,0,0,0,11,0
482531,1,1,1982,0,0,0,0,0,0,0,0,0,0
482531,2,1,1982,0,0,11,0,0,0,10,5,0,23
482532,1,1,1982,13,7,8,8,6,16,14,14,28,15
482533,1,1,1982,53,22,24,9,8,9,23,23,13,24
482534,1,1,1982,16,23,31,12,0,17,17,14,0,3
482534,2,1,1982,6,0,0,18,19,0,0,0,8,0
482535,1,1,1982,13,0,7,15,0,20,24,16,21,32
482536,0,1,1982,24,18,15,22,12,19,9,0,5,0
482536,1,1,1982,12,16,0,10,0,0,0,15,0,24
482537,1,1,1982,12,16,0,11,5,21,4,14,17,15
482538,0,1,1982,30,12,20,28,34,54,35,33,0,15
482538,1,1,1982,5,0,0,17,0,18,8,0,14,0
482539,1,1,1982,0,0,0,10,0,0,0,0,0,9
482539,2,1,1982,21,0,0,13,0,0,0,12,0,0
482540,1,1,1982,25,16,24,0,16,17,33,28,10,16
482541,1,1,1982,1,1,1,1,1,1,1,1,1,1
482541,2,1,1982,24,11,0,9,3,0,16,12,19,17
482542,0,1,1982,20,32,32,31,0,0,23,0,30,0
482542,1,1,1982,13,9,17,12,4,4,18,21,13,13
482543,1,1,1982,0,0,0,0,22,0,0,0,0,18
482544,1,1,1982,0,0,0,0,0,0,0,0,0,14
482545,1,1,1982,14,11,12,15,8,0,16,10,17,12
482545,2,1,1982,12,0,0,0,0,0,0,0,0,5
482546,1,1,1982,32,13,13,15,14,16,14,17,23,12
482547,1,1,1982,0,0,0,0,0,0,0,3,7,19
482547,2,1,1982,0,0,0,11,12,0,4,0,26,20
482548,1,1,1982,31,0,12,28,0,34,8,17,22,15
482549,1,1,1982,17,0,19,16,29,0,0,7,6,11
482549,2,1,1982,0,0,0,0,0,15,0,0,0,0
482550,1,1,1982,0,23,10,8,22,16,0,0,19,17
482551,1,1,1982,8,17,0,6,12,5,10,5,10,12
482551,2,1,1982,14,0,17,0,0,4,0,0,0,0
482552,0,1,1982,20,36,20,18,23,19,21,15,35,4
482552,1,1,1982,0,0,0,0,0,0,0,0,0,0
482553,1,1,1982,0,34,0,23,24,21,0,0,17,19
482553,2,1,1982,0,24,10,11,11,11,8,26,11,19
482554,1,1,1982,6,0,0,0,6,0,0,0,0,0
482554,2,1,1982,0,0,0,18,0,16,0,10,0,8
482555,0,1,1982,0,0,0,0,0,0,0,0,0,0
482555,1,1,1982,0,0,0,0,0,0,0,0,0,0
482556,1,1,1982,21,38,27,17,16,46,28,18,15,26
482557,1,1,1982,0,0,30,0,0,23,0,0,15,0
482558,0,1,1982,0,0,0,0,0,0,0,0,0,0
482558,1,1,1982,0,0,0,0,0,0,0,0,0,0
482558,2,1,1982,0,0,16,15,0,0,0,0,0,12
482559,1,1,1982,0,0,0,0,0,0,0,15,0,0
482560,1,1,1982,32,12,6,30,29,29,0,17,24,31
482561,1,1,1982,21,27,0,0,0,27,0,0,0,0
482561,2,1,1982,0,0,0,0,0,0,0,0,0,0
482562,1,1,1982,0,0,2,8,0,0,0,0,0,0
482562,2,1,1982,12,0,0,0,0,0,0,18,8,0
482563,1,1,1982,12,2,17,6,8,21,0,11,15,12
482563,2,1,1982,11,14,8,30,0,0,0,21,0,12
482564,1,1,1982,0,15,11,18,9,8,0,0,17,0
482565,1,1,1982,17,32,11,0,13,0,0,0,19,0
482566,1,1,1982,0,0,29,0,0,0,0,14,0,0
482567,1,1,1982,0,0,0,0,0,0,0,3,11,0
482568,1,1,1982,0,0,6,24,31,15,0,12,0,47
482569,0,1,1982,16,23,9,29,7,10,15,21,9,31
482569,1,1,1982,0,0,0,0,0,8,9,0,9,21
482570,1,1,1982,0,0,0,0,0,0,0,0,0,0
482570,2,1,1982,0,4,0,10,0,0,0,5,0,0
482571,1,1,1982,8,0,0,0,0,0,0,0,0,0
482571,2,1,1982,8,7,12,0,21,0,0,23,0,0
482572,1,1,1982,26,17,4,26,35,22,20,0,20,0
482573,1,1,1982,0,0,0,0,0,0,0,0,0,0
482573,2,1,1982,15,0,0,0,13,9,0,0,17,23
482574,1,1,1982,34,16,16,12,0,32,7,28,13,19
482575,1,1,1982,9,18,18,17,29,15,16,18,12,22
482576,1,1,1982,10,12,0,15,8,40,19,9,11,8
482577,1,1,1982,0,0,0,0,0,0,0,0,0,11
482578,1,1,1982,25,23,20,17,13,11,27,16,22,21
482579,1,1,1982,18,16,39,34,26,14,8,39,22,18
482579,2,1,1982,0,25,0,8,0,0,15,18,6,0
482580,0,1,1982,0,0,0,0,0,0,0,0,0,0
482580,1,1,1982,0,0,0,0,0,0,0,0,0,0
482581,1,1,1982,12,0,0,10,0,7,0,0,0,0
482581,2,1,1982,22,8,27,11,12,18,21,21,16,24
482582,1,1,1982,18,0,15,0,8,0,9,18,30,17
482582,2,1,1982,0,0,0,9,0,0,0,0,0,0
482583,0,1,1982,18,17,12,12,9,0,24,25,20,15
482583,1,1,1982,0,0,0,13,0,2,0,0,0,0
482584,1,1,1982,0,0,0,0,0,0,0,0,0,0
482585,1,1,1982,0,0,0,0,0,0,0,0,0,0
482585,2,1,1982,4,0,0,0,0,0,0,0,0,0
482586,1,1,1982,20,8,11,35,16,10,18,22,21,13
482587,1,1,1982,23,14,33,13,9,26,21,12,20,3
482588,1,1,1982,25,14,18,12,20,22,16,22,15,12
482588,2,1,1982,7,7,17,0,0,0,0,22,7,0
482589,1,1,1982,19,23,31,0,16,17,15,27,14,15
482590,0,1,1982,13,0,0,0,10,0,0,0,0,0
482590,0,2,1982,0,0,0,0,0,0,0,0,0,0
482590,1,1,1982,0,5,0,0,5,0,0,13,0,9
482591,1,1,1982,0,15,16,19,0,0,12,24,34,19
482591,2,1,1982,0,0,0,0,0,0,6,9,16,15
482592,1,1,1982,20,17,0,8,0,28,0,16,0,17
482592,2,1,1982,12,0,15,0,11,0,0,0,0,0
482593,0,1,1982,0,27,20,19,20,40,0,25,33,3
482593,1,1,1982,13,24,10,21,12,11,22,10,20,27
482594,1,1,1982,32,13,8,8,18,9,16,0,13,10
482595,0,1,1982,24,32,32,0,25,0,0,28,33,27
482595,1,1,1982,21,6,9,16,10,24,15,24,19,9
482596,0,1,1982,22,11,41,21,38,26,38,26,0,16
482596,1,1,1982,8,18,0,0,0,0,0,0,0,0
482597,1,1,1982,0,0,0,34,0,22,0,0,24,0
482598,1,1,1982,5,41,24,17,9,20,0,19,15,18
482599,1,1,1982,15,14,16,8,0,23,0,21,32,27
482600,1,1,1982,8,14,13,16,33,28,16,4,33,0
482600,2,1,1982,0,26,0,36,19,20,10,21,0,33
482601,0,1,1982,0,3,0,0,0,10,6,0,20,26
482601,1,1,1982,32,18,14,11,13,18,29,13,5,12
482602,1,1,1982,15,18,21,7,18,18,35,20,19,17
482603,0,1,1982,11,22,0,15,30,22,12,28,21,7
482603,1,1,1982,17,8,3,13,12,14,11,9,30,15
482604,1,1,1982,0,20,4,11,13,21,17,17,12,19
482605,1,1,1982,25,12,32,35,0,14,31,24,13,18
482606,0,1,1982,35,35,35,35,35,35,35,35,35,35
482606,1,1,1982,40,0,0,30,15,13,18,27,25,6
482607,1,1,1982,26,29,0,16,21,10,10,35,44,22
482608,1,1,1982,20,14,18,6,5,24,23,10,12,17
482608,2,1,1982,0,16,0,18,20,0,14,23,14,15
482609,1,1,1982,28,28,24,15,6,18,22,7,13,25
482610,1,1,1982,12,17,0,26,8,14,26,20,12,17
482611,1,1,1982,0,11,5,0,0,0,23,31,0,11
482612,1,1,1982,0,9,16,9,0,17,0,0,9,0
482612,2,1,1982,0,0,0,0,0,0,0,0,0,0
482613,1,1,1982,17,17,17,17,17,17,17,17,17,17
482614,1,1,1982,13,20,19,14,13,6,16,10,15,8
482615,0,1,1982,29,23,6,27,13,21,22,16,15,11
482615,1,1,1982,19,0,10,0,15,0,13,13,0,0
482616,1,1,1982,23,28,16,10,13,0,27,20,27,21
482617,1,1,1982,16,32,13,10,14,21,26,16,13,12
482618,1,1,1982,15,17,0,15,29,20,12,13,0,26
482619,1,1,1982,23,14,16,26,15,17,9,13,10,15
482620,1,1,1982,0,0,0,0,0,23,11,0,0,0
482620,2,1,1982,0,0,0,0,0,0,3,0,0,0
482621,1,1,1982,0,13,20,11,0,0,12,13,0,14
482622,1,1,1982,0,0,21,15,29,11,15,0,27,23
482622,2,1,1982,0,0,0,0,0,7,0,0,0,0
482623,0,1,1982,0,0,0,0,0,0,0,0,0,0
482623,0,2,1982,0,0,0,0,0,0,0,0,0,0
482623,1,1,1982,0,0,0,0,0,0,0,0,0,0
482624,1,1,1982,0,16,0,27,10,14,5,19,0,20
482624,2,1,1982,0,0,16,23,0,26,0,22,0,0
482625,1,1,1982,0,0,0,0,0,0,0,0,0,0
482625,2,1,1982,0,0,6,0,0,0,0,0,0,25
482626,1,1,1982,0,0,0,0,21,4,0,0,0,0
482627,1,1,1982,0,0,0,0,0,0,0,0,0,0
482628,0,1,1982,0,8,0,25,5,0,11,0,0,0
482628,1,1,1982,22,0,0,0,0,4,0,0,0,14
482629,1,1,1982,0,26,17,0,0,0,0,9,0,7
482629,2,1,1982,0,0,8,0,0,24,0,0,0,0
482630,1,1,1982,0,0,0,0,0,0,0,0,0,0
482630,2,1,1982,0,0,0,0,4,0,0,0,17,0
482631,0,1,1982,0,0,0,0,0,0,0,0,0,0
482631,1,1,1982,0,21,0,0,0,0,0,0,0,0
482632,1,1,1982,0,6,0,0,0,12,0,0,22,0
482632,2,1,1982,3,0,0,0,0,0,0,0,0,0
482633,0,1,1982,0,0,4,0,0,0,19,0,0,20
482633,1,1,1982,0,0,3,0,0,0,0,0,0,0
482634,1,1,1982,2,19,27,29,13,16,35,26,19,12
482635,0,1,1982,0,0,0,0,0,0,0,0,0,0
482635,1,1,1982,0,0,0,0,21,0,0,0,0,0
482636,1,1,1982,6,11,23,10,10,21,14,28,18,13
482637,1,1,1982,34,0,21,0,0,0,0,0,0,0
482638,1,1,1982,20,31,12,10,22,21,0,15,19,19
482639,0,1,1982,0,0,0,0,0,0,0,0,0,0
482639,0,2,1982,0,0,0,0,0,0,0,0,0,0
482639,1,1,1982,0,13,19,0,18,0,7,0,23,15
482640,0,1,1982,0,25,0,23,0,9,29,0,30,27
482640,1,1,1982,0,0,0,17,16,0,22,0,8,0
482641,1,1,1982,0,0,0,0,0,0,0,0,0,0
482642,1,1,1982,0,0,0,0,14,0,0,0,0,0
482642,2,1,1982,0,4,0,12,0,0,7,11,0,0
482643,1,1,1982,23,15,12,12,6,25,4,5,13,15
482644,1,1,1982,22,15,34,17,16,21,0,25,12,26
482645,1,1,1982,21,0,0,8,0,0,0,0,0,17
482646,1,1,1982,0,0,0,0,0,0,0,0,0,0
482646,2,1,1982,0,20,0,0,10,0,0,19,0,2
482647,0,1,1982,4,9,23,40,0,31,31,0,0,0
482647,1,1,1982,9,0,0,0,0,17,13,9,0,11
482648,1,1,1982,6,0,0,0,0,0,0,0,0,0
482648,2,1,1982,0,0,0,0,0,0,0,0,0,0
482649,1,1,1982,0,0,0,0,0,0,0,0,0,0
482649,2,1,1982,0,0,0,0,0,0,0,0,0,0
482650,1,1,1982,17,8,21,15,33,0,11,0,10,12
482651,1,1,1982,0,0,16,0,0,0,0,0,0,16
482651,2,1,1982,15,0,0,0,0,0,13,0,18,0
482652,0,1,1982,35,19,21,23,0,21,12,12,18,20
482652,1,1,1982,0,3,15,18,0,0,0,0,10,0
482653,0,1,1982,19,0,39,0,17,22,0,8,0,19
482653,1,1,1982,0,0,5,0,0,10,0,21,8,21
482654,1,1,1982,0,8,16,17,0,7,9,22,33,25
482655,1,1,1982,21,33,10,22,7,23,19,21,20,8
482655,2,1,1982,0,13,15,0,0,23,0,0,0,9
482656,1,1,1982,15,19,8,4,12,11,0,12,0,6
482657,1,1,1982,0,24,4,10,0,12,0,17,0,15
482658,0,1,1982,15,22,28,19,18,26,38,0,40,20
482658,1,1,1982,0,0,0,0,0,0,0,0,0,15
482659,1,1,1982,0,0,0,19,0,0,0,0,0,0
482659,2,1,1982,4,0,12,24,0,0,0,0,0,9
482660,1,1,1982,10,6,12,3,10,12,4,12,42,0
482661,1,1,1982,0,27,0,0,15,10,0,0,0,0
482661,2,1,1982,0,0,4,0,0,0,0,0,0,0
482662,1,1,1982,0,0,0,0,0,0,0,0,0,0
482662,2,1,1982,0,0,0,0,0,0,0,0,0,0
482663,1,1,1982,14,0,27,0,0,18,14,20,3,12
482664,1,1,1982,16,16,24,27,30,0,33,23,11,22
482665,1,1,1982,11,7,21,7,21,12,21,10,6,10
482665,2,1,1982,0,0,2,12,0,0,24,13,0,6
482666,1,1,1982,0,0,19,0,0,0,0,0,0,0
482666,2,1,1982,24,0,0,0,0,20,0,0,0,0
482667,1,1,1982,7,21,18,16,13,16,14,11,24,24
482668,1,1,1982,0,23,0,13,31,20,5,21,17,27
482669,1,1,1982,0,0,0,33,0,0,17,16,10,0
482670,0,1,1982,0,0,0,0,0,0,0,0,0,0
482670,1,1,1982,0,8,0,0,0,18,14,0,0,0
482671,1,1,1982,0,0,0,0,9,13,0,0,32,22
482671,2,1,1982,0,0,0,0,0,0,0,8,15,0
482672,1,1,1982,0,0,0,0,0,9,0,0,0,0
482672,2,1,1982,25,25,25,25,25,25,25,25,25,25
482673,1,1,1982,0,0,0,0,0,29,0,0,0,0
482673,2,1,1982,7,15,0,0,0,0,0,0,0,0
482673,3,1,1982,0,0,0,0,0,0,0,0,0,0
482674,1,1,1982,17,0,15,30,17,19,29,15,0,7
482674,2,1,1982,0,0,0,0,0,0,0,0,0,0
482675,0,1,1982,47,0,29,20,17,18,23,20,25,8
482675,1,1,1982,21,8,0,11,0,11,27,0,15,14
482676,1,1,1982,0,28,0,0,0,9,0,0,0,0
482677,1,1,1982,28,20,10,5,29,25,6,0,11,7
482678,1,1,1982,1,18,25,24,16,18,24,3,7,15
482679,1,1,1982,0,0,0,17,0,0,0,0,0,0
482679,2,1,1982,16,7,19,0,33,13,6,19,17,13
482680,1,1,1982,0,26,30,0,37,7,28,16,33,22
482681,1,1,1982,0,0,0,0,0,0,0,0,0,23
482681,2,1,1982,0,0,0,0,0,0,0,0,0,0
482682,1,1,1982,23,6,20,26,6,31,23,36,7,24
482683,1,1,1982,0,6,10,28,21,11,0,22,6,9
482684,1,1,1982,7,11,0,25,29,10,7,15,20,15
482684,2,1,1982,9,4,0,0,10,8,5,10,0,8
482685,1,1,1982,0,0,13,4,10,17,3,16,3,22
482686,1,1,1982,11,0,10,0,11,0,0,6,0,0
482687,1,1,1982,4,13,23,43,12,16,0,28,15,27
482688,1,1,1982,6,0,10,0,14,15,35,0,10,14
482688,2,1,1982,17,0,34,13,16,9,30,4,7,0
482689,1,1,1982,21,0,0,0,0,0,0,0,0,0
482690,1,1,1982,21,12,12,18,16,0,22,27,16,27
482691,1,1,1982,19,21,0,0,0,0,0,0,20,12
482692,1,1,1982,20,9,18,0,0,23,9,0,20,0
482692,2,1,1982,0,0,0,0,0,0,0,0,0,0
482693,1,1,1982,11,25,27,19,11,13,0,15,12,22
482693,2,1,1982,0,23,5,0,21,0,13,21,28,35
482694,1,1,1982,0,15,11,5,13,0,32,2,20,20
482695,1,1,1982,30,22,25,23,19,18,20,32,17,20
482696,1,1,1982,11,10,15,8,9,13,6,24,14,14
482696,2,1,1982,11,24,0,15,16,11,14,16,21,0
482697,1,1,1982,26,26,26,26,26,26,26,26,26,26
482698,1,1,1982,6,6,6,6,6,6,6,6,6,6
482698,2,1,1982,0,0,0,10,0,0,0,25,13,0
482699,1,1,1982,25,17,13,11,28,13,12,17,16,6
482699,2,1,1982,19,22,14,19,20,0,26,21,27,19
482700,1,1,1982,0,0,0,0,18,0,0,20,0,0
482700,2,1,1982,0,17,0,0,0,12,0,0,0,0
482701,1,1,1982,3,23,7,21,6,24,9,0,24,18
482702,1,1,1982,6,14,22,12,16,16,0,13,18,13
482703,1,1,1982,16,0,25,0,5,0,0,9,0,10
482703,2,1,1982,0,19,9,0,24,13,0,0,10,0
482704,1,1,1982,23,10,8,4,24,12,10,14,12,15
482705,1,1,1982,0,0,0,6,12,7,0,7,0,0
482706,0,1,1982,17,21,0,16,0,13,0,12,28,45
482706,1,1,1982,12,12,17,15,17,22,0,25,15,4
482707,0,1,1982,0,0,0,0,0,0,0,0,0,0
482707,1,1,1982,0,0,0,0,0,0,0,14,0,6
482708,1,1,1982,0,0,0,0,0,0,0,0,0,12
482709,1,1,1982,0,0,12,0,0,0,0,0,0,0
482709,2,1,1982,0,0,0,0,0,0,0,0,0,0
482710,1,1,1982,12,0,25,0,21,26,0,15,13,18
482711,1,1,1982,0,14,0,0,6,8,0,0,0,10
482711,2,1,1982,0,0,0,0,0,0,0,0,3,0
482712,1,1,1982,6,8,33,16,24,24,17,7,25,22
482713,1,1,1982,17,20,24,38,23,18,39,15,10,19
482714,0,1,1982,0,0,0,0,0,0,0,0,0,0
482714,1,1,1982,0,0,0,0,0,0,0,7,0,0
482715,1,1,1982,0,0,0,0,0,0,0,0,0,0
482716,1,1,1982,9,18,0,22,10,12,27,26,21,17
482717,1,1,1982,0,0,0,0,0,0,0,0,0,0
482718,0,1,1982,26,16,0,0,30,0,11,0,0,7
482719,1,1,1982,6,14,0,37,11,36,0,26,0,26
482720,1,1,1982,15,22,23,0,19,15,0,18,0,17
482720,2,1,1982,0,15,20,26,21,23,10,0,21,11
482721,1,1,1982,11,0,0,14,8,0,16,18,13,0
482721,2,1,1982,15,7,0,0,0,0,0,0,3,0
482722,1,1,1982,7,5,22,19,25,11,19,14,15,18
482723,1,1,1982,18,6,13,9,16,14,12,0,13,14
482724,1,1,1982,8,20,9,7,18,10,11,18,0,18
482725,0,1,1982,27,24,9,21,33,15,5,16,0,16
482725,1,1,1982,0,7,0,0,29,0,16,0,0,0
482726,1,1,1982,0,15,0,0,0,0,0,0,0,0
482726,2,1,1982,0,0,0,0,0,0,0,0,0,0
482727,0,1,1982,31,18,0,0,0,6,12,0,0,10
482727,1,1,1982,0,11,0,0,4,0,20,12,22,12
482728,1,1,1982,0,10,0,0,0,0,0,0,12,0
482728,2,1,1982,19,13,0,16,0,21,0,28,0,0
482729,1,1,1982,31,22,33,11,18,16,17,14,22,23
482730,1,1,1982,11,25,15,21,11,20,0,10,6,39
482731,1,1,1982,16,0,14,0,16,7,0,17,0,0
482732,1,1,1982,0,19,14,10,11,8,8,21,22,12
482732,2,1,1982,10,10,17,28,17,18,15,12,19,20
482733,1,1,1982,12,0,16,19,0,0,0,0,0,0
482733,2,1,1982,0,0,0,0,0,0,0,0,0,12
482734,1,1,1982,0,0,0,13,0,0,0,0,13,0
482735,1,1,1982,0,13,17,23,0,13,0,0,16,0
482735,2,1,1982,0,0,4,0,0,0,0,0,0,0
482736,1,1,1982,0,0,0,0,0,0,0,0,0,0
482736,2,1,1982,4,0,36,8,0,22,17,24,19,13
482737,1,1,1982,15,3,33,25,30,31,22,0,34,19
482738,1,1,1982,0,0,0,0,0,0,0,0,0,0
482739,1,1,1982,0,0,0,6,0,12,0,0,0,0
482739,2,1,1982,19,14,0,23,7,11,18,35,0,0
482740,0,1,1982,13,19,0,29,0,0,0,0,20,11
482740,1,1,1982,0,0,35,8,27,0,24,0,0,6
482741,1,1,1982,0,6,0,0,0,0,15,0,0,0
482742,0,1,1982,0,15,7,0,0,0,0,14,0,0
482742,1,1,1982,0,0,0,0,0,0,0,0,0,0
482743,1,1,1982,12,14,14,21,0,12,14,12,18,20
482744,0,1,1982,0,0,0,0,0,0,0,0,0,0
482744,1,1,1982,0,0,0,0,18,0,0,0,0,0
482745,0,1,1982,12,38,3,25,10,20,27,0,27,0
482745,1,1,1982,0,8,0,29,0,0,33,14,0,12
482746,1,1,1982,48,19,22,21,15,0,19,14,26,17
482747,1,1,1982,0,0,0,0,0,0,0,0,0,0
482748,1,1,1982,0,0,0,0,0,0,0,0,0,0
482749,1,1,1982,13,16,0,0,0,0,0,0,0,14
482749,2,1,1982,0,21,0,0,0,0,0,0,0,13
482750,1,1,1982,4,22,23,15,10,11,26,16,22,10
482751,0,1,1982,0,0,0,0,0,0,0,0,0,0
482751,1,1,1982,0,0,0,0,0,0,17,6,0,6
482752,1,1,1982,16,0,0,16,4,17,8,3,8,7
482753,1,1,1982,0,0,11,0,0,0,0,0,0,0
482753,2,1,1982,0,14,0,0,0,0,0,0,0,0
482754,1,1,1982,15,20,13,3,21,22,15,0,0,0
482754,2,1,1982,0,10,11,23,27,0,0,9,0,20
482755,1,1,1982,10,19,8,4,12,14,29,8,13,16
482755,2,1,1982,0,10,10,0,20,0,0,10,8,0