ST_CASE,VEH_NO,PER_NO,YEAR,P1,P2,P3,P4,P5,P6,P7,P8,P9,P10
482756,1,1,1982,0,3,0,0,12,0,0,0,0,0
482756,2,1,1982,0,0,0,0,0,0,11,0,0,0
482757,0,1,1982,0,0,0,16,0,0,0,22,0,28
482757,1,1,1982,0,0,0,0,0,0,0,0,0,0
482758,1,1,1982,0,7,0,11,0,0,0,0,0,0
482758,2,1,1982,0,9,0,16,9,17,0,25,17,0
482759,1,1,1982,0,0,0,0,0,0,0,0,0,0
482759,2,1,1982,5,10,14,0,0,0,11,15,3,11
482760,1,1,1982,9,10,13,10,9,6,7,10,12,23
482760,2,1,1982,32,21,12,29,15,19,0,13,17,18
482761,0,1,1982,5,0,20,0,0,0,0,0,0,9
482761,0,2,1982,0,11,0,0,0,0,0,17,0,7
482761,0,3,1982,11,9,7,0,0,0,23,5,0,12
482761,1,1,1982,21,13,11,15,0,0,0,0,0,18
482762,0,1,1982,13,22,22,21,25,19,13,19,24,0
482762,1,1,1982,0,0,19,0,11,0,14,0,0,0
482763,1,1,1982,0,0,0,0,0,0,0,0,0,0
482764,1,1,1982,9,8,5,12,23,0,7,11,12,3
482764,2,1,1982,32,7,6,20,0,0,9,0,0,0
482765,1,1,1982,4,11,4,13,0,12,5,20,19,3
482765,2,1,1982,4,0,11,0,13,0,0,0,14,10
482766,0,1,1982,0,0,0,27,13,0,26,0,0,0
482766,0,2,1982,21,0,29,0,12,0,17,16,15,16
482766,1,1,1982,24,19,28,10,15,0,12,18,29,12
482767,1,1,1982,7,0,22,21,20,0,5,20,0,15
482767,2,1,1982,2,0,0,10,25,0,0,29,0,0
482768,1,1,1982,0,0,13,0,0,0,0,0,0,0
482768,2,1,1982,0,0,0,0,0,0,9,21,21,0
482769,1,1,1982,7,18,13,11,0,9,16,0,12,26
482769,2,1,1982,15,11,4,0,0,18,23,8,15,25
482770,0,1,1982,5,0,0,0,33,15,13,0,0,0
482770,0,2,1982,0,8,0,0,0,17,18,0,0,0
482770,1,1,1982,4,4,4,4,4,4,4,4,4,4
482771,1,1,1982,21,0,0,0,0,0,0,0,0,0
482771,2,1,1982,0,0,0,14,0,0,0,0,25,16
482772,1,1,1982,0,12,0,2,0,0,0,0,12,3
482772,2,1,1982,25,15,14,15,20,10,11,12,25,5
482773,0,1,1982,40,18,27,9,17,32,0,0,32,0
482773,1,1,1982,15,15,15,15,15,15,15,15,15,15
482774,0,1,1982,18,0,23,0,18,0,36,31,0,25
482774,0,2,1982,17,17,36,22,27,27,32,6,0,19
482774,1,1,1982,19,0,9,8,5,20,14,13,11,12
482775,0,1,1982,0,0,0,0,0,0,0,0,0,0
482775,1,1,1982,0,0,0,0,0,0,0,0,0,0
482776,1,1,1982,17,20,20,11,25,19,13,30,10,24
482777,1,1,1982,0,20,0,9,0,0,19,14,7,0
482777,2,1,1982,30,29,18,24,11,12,15,15,6,25
482778,0,1,1982,10,50,10,23,21,7,32,20,21,28
482778,1,1,1982,10,8,28,6,0,17,9,0,16,14
482779,0,1,1982,13,0,5,14,23,0,0,0,0,21
482779,1,1,1982,14,0,14,0,0,0,0,0,0,0
482780,1,1,1982,22,0,0,16,0,0,0,20,0,0
482781,1,1,1982,0,0,0,14,0,0,0,0,16,11
482781,2,1,1982,0,0,0,0,9,17,0,22,0,0
482782,1,1,1982,16,27,17,16,13,14,22,33,9,28
482783,1,1,1982,0,10,13,0,26,15,8,0,3,11
482784,0,2,1982,9,0,15,7,4,19,0,8,0,0
482784,0,3,1982,6,0,0,0,0,0,5,10,0,0
482784,1,1,1982,25,10,15,12,12,13,18,14,19,9
482785,1,1,1982,8,12,14,22,12,16,17,9,21,12
482786,1,1,1982,7,18,0,0,0,18,15,0,14,0
482787,1,1,1982,0,6,12,16,14,32,28,7,8,16
482788,1,1,1982,0,0,22,0,0,0,22,0,10,11
482789,0,1,1982,17,17,37,53,31,45,13,26,23,37
482789,0,2,1982,6,27,16,22,18,0,22,17,12,29
482789,1,1,1982,23,0,0,0,6,10,6,0,0,16
482790,1,1,1982,26,26,26,26,26,26,26,26,26,26
482790,2,1,1982,0,0,12,0,19,18,13,35,0,21
482791,1,1,1982,0,0,0,0,0,0,0,0,0,0
482791,2,1,1982,0,20,0,25,0,15,0,0,0,14
482792,1,1,1982,11,15,7,13,10,11,16,15,11,10
482793,1,1,1982,11,18,30,15,11,16,20,10,9,17
482793,2,1,1982,0,0,0,14,0,18,4,0,10,5
482794,1,1,1982,6,21,0,0,0,0,35,0,0,0
482794,2,1,1982,0,0,0,0,0,0,0,0,0,0
482795,1,1,1982,0,0,0,17,0,0,0,0,0,0
482795,2,1,1982,0,17,15,0,0,0,0,0,0,0
482796,0,1,1982,0,0,0,0,0,0,0,0,0,0
482796,1,1,1982,0,0,12,0,0,0,0,0,0,0
482797,1,1,1982,0,0,0,0,0,0,9,0,0,7
482797,2,1,1982,0,0,20,0,0,0,0,0,0,0
482797,3,1,1982,12,0,11,0,0,0,0,0,0,0
482797,4,1,1982,11,17,0,0,14,0,0,10,0,0
482797,5,1,1982,0,0,0,0,0,32,6,10,0,0
482798,1,1,1982,8,15,0,30,28,0,18,0,27,9
482799,1,1,1982,12,13,13,5,17,14,0,0,0,22
482800,1,1,1982,7,13,0,0,0,0,0,0,0,0
482800,2,1,1982,0,0,0,0,0,0,0,0,0,0
482801,1,1,1982,7,34,18,24,9,18,15,24,9,0
482802,1,1,1982,16,13,28,16,17,9,24,20,22,25
482803,0,1,1982,0,6,0,0,0,0,0,0,0,0
482803,1,1,1982,12,23,14,11,19,14,17,13,16,17
482804,1,1,1982,0,0,20,0,0,0,20,0,18,14
482804,2,1,1982,33,21,16,21,0,18,7,21,0,11
482804,3,1,1982,0,0,0,0,0,29,0,0,15,0
482805,1,1,1982,0,5,10,0,0,21,0,11,0,0
482805,2,1,1982,0,22,0,0,0,13,6,0,0,0
482806,1,1,1982,0,0,0,0,0,13,13,0,0,15
482807,0,1,1982,26,21,20,8,11,27,17,23,31,23
482807,1,1,1982,15,16,11,0,0,11,0,24,0,0
482808,1,1,1982,0,0,0,0,0,0,0,0,0,0
482808,2,1,1982,0,0,6,15,0,0,0,0,13,25
482809,1,1,1982,0,0,0,0,0,0,0,0,0,0
482809,2,1,1982,0,33,0,0,0,20,19,0,21,0
482810,1,1,1982,15,9,18,16,18,15,10,16,15,17
482810,2,1,1982,0,0,10,15,19,0,0,0,0,0
482811,1,1,1982,12,7,0,0,11,0,0,0,0,6
482811,2,1,1982,0,0,8,0,0,28,10,0,0,0
482812,1,1,1982,17,0,0,0,12,18,0,0,0,0
482812,2,1,1982,0,0,0,0,0,0,0,0,6,0
482813,1,1,1982,0,0,0,8,0,16,0,20,20,0
482814,1,1,1982,18,0,21,19,14,13,20,26,15,25
482815,1,1,1982,21,0,0,0,17,11,21,23,0,13
482816,1,1,1982,23,7,11,21,21,17,0,7,8,14
482817,1,1,1982,27,0,0,12,0,13,0,0,27,17
482817,2,1,1982,0,27,0,0,24,0,10,0,0,4
482818,0,1,1982,0,9,14,9,0,0,2,0,8,14
482818,1,1,1982,11,21,16,15,9,20,6,7,7,7
482819,0,1,1982,0,0,0,0,0,0,0,0,0,0
482819,1,1,1982,0,0,0,0,0,10,0,0,0,0
482820,1,1,1982,0,0,0,0,0,0,0,0,0,0
482820,2,1,1982,0,0,0,0,0,0,0,0,10,0
482821,1,1,1982,0,0,0,0,0,0,0,0,0,0
482821,2,1,1982,30,19,22,15,10,21,3,19,14,0
482822,1,1,1982,20,21,0,11,0,15,0,21,0,22
482822,2,1,1982,0,4,0,8,0,0,0,0,0,0
482823,1,1,1982,24,11,21,23,0,21,7,18,10,25
482824,0,1,1982,28,26,26,6,22,0,5,0,12,18
482824,1,1,1982,0,0,22,0,0,6,0,9,21,0
482825,0,1,1982,6,0,6,10,36,20,0,0,16,0
482825,1,1,1982,0,13,26,0,13,19,13,0,8,7
482826,1,1,1982,0,17,0,0,0,21,0,0,13,0
482827,0,1,1982,43,41,8,0,0,9,24,26,0,18
482827,1,1,1982,0,0,0,0,0,27,0,0,8,12
482828,1,1,1982,34,0,35,0,8,12,26,19,15,13
482829,1,1,1982,30,9,0,15,19,28,13,8,28,20
482830,1,1,1982,8,14,17,15,27,7,17,7,22,11
482831,1,1,1982,26,16,9,37,30,18,23,21,22,14
482832,1,1,1982,0,19,36,15,0,22,21,21,6,0
482832,2,1,1982,24,16,9,23,0,11,0,7,25,21
482833,1,1,1982,14,0,0,16,13,0,15,0,13,0
482834,1,1,1982,0,13,20,17,0,13,0,0,0,0
482834,2,1,1982,0,0,0,0,0,0,0,10,13,18
482835,0,1,1982,0,10,0,0,0,3,10,24,0,25
482835,1,1,1982,19,15,44,0,0,18,21,38,34,0
482836,1,1,1982,6,8,18,12,9,10,3,13,24,12
482837,1,1,1982,18,4,8,18,6,2,7,5,0,14
482838,0,1,1982,0,0,0,0,0,0,0,0,0,0
482838,1,1,1982,0,0,0,0,0,0,10,0,0,0
482839,1,1,1982,22,11,7,0,20,16,0,9,0,19
482840,1,1,1982,16,5,22,20,0,15,9,24,9,22
482840,2,1,1982,0,0,0,2,0,0,0,0,0,0
482841,1,1,1982,0,0,16,0,0,0,0,0,0,0
482841,2,1,1982,0,0,0,0,0,0,11,0,0,0
482842,1,1,1982,0,0,0,0,0,0,0,0,0,0
482842,2,1,1982,0,0,14,0,0,0,0,0,0,0
482843,1,1,1982,0,0,0,0,0,8,0,0,0,0
482843,2,1,1982,0,0,20,32,19,0,0,35,22,0
482844,1,1,1982,0,0,0,0,0,0,0,0,0,0
482844,2,1,1982,0,21,0,0,0,0,0,0,0,0
482845,1,1,1982,0,0,0,0,0,0,0,0,0,0
482845,2,1,1982,0,8,0,18,0,8,0,0,0,0
482846,1,1,1982,0,0,15,0,20,0,0,0,0,0
482847,1,1,1982,0,23,18,0,0,0,0,0,0,0
482847,2,1,1982,0,0,0,0,0,0,0,15,0,0
482848,0,1,1982,0,13,0,0,21,21,29,32,0,7
482848,1,1,1982,0,0,6,17,11,21,0,0,19,0
482849,0,1,1982,22,0,0,12,0,0,0,0,0,0
482849,1,1,1982,0,0,0,0,0,0,0,0,0,0
482850,0,1,1982,0,0,0,0,0,0,0,0,0,0
482850,1,1,1982,0,0,0,0,0,0,0,0,0,0
482851,1,1,1982,0,0,0,0,0,0,0,0,0,0
482851,2,1,1982,0,0,6,4,0,0,0,0,0,0
482852,0,1,1982,0,0,0,0,7,2,0,0,0,33
482852,1,1,1982,3,20,0,4,6,0,0,0,11,18
482853,1,1,1982,0,10,0,0,0,0,0,0,0,0
482853,2,1,1982,24,28,22,29,20,37,9,35,29,9
482854,1,1,1982,16,0,18,0,0,0,0,0,0,0
482855,1,1,1982,0,32,0,0,13,0,0,19,25,0
482855,2,1,1982,11,0,0,0,19,0,29,0,0,0
482856,1,1,1982,0,0,0,19,0,0,10,0,0,35
482856,2,1,1982,0,0,0,0,0,0,0,0,0,0
482857,0,1,1982,4,0,0,0,0,0,13,0,0,0
482857,1,1,1982,0,0,0,0,0,0,20,0,0,0
482858,1,1,1982,0,0,0,0,10,0,0,0,0,0
482858,2,1,1982,0,25,19,0,16,12,21,0,31,24
482859,1,1,1982,0,4,4,15,15,19,20,23,5,9
482859,2,1,1982,10,22,0,0,14,0,0,0,20,9
482860,0,1,1982,0,0,0,0,0,0,0,0,0,0
482860,1,1,1982,0,0,0,0,0,0,0,0,0,0
482861,1,1,1982,0,15,0,0,0,0,4,0,0,0
482861,2,1,1982,0,15,9,6,0,11,0,0,0,0
482862,0,1,1982,29,26,17,14,0,0,20,22,24,0
482862,1,1,1982,0,20,0,0,0,0,0,0,0,0
482863,1,1,1982,16,23,31,15,26,18,9,24,22,7
482864,1,1,1982,9,6,6,0,19,12,6,11,10,15
482865,0,1,1982,20,28,25,15,17,14,20,25,0,14
482865,1,1,1982,0,0,0,0,27,0,0,0,14,0
482866,1,1,1982,0,28,0,25,28,26,4,0,13,14
482867,1,1,1982,10,8,17,9,16,12,28,16,6,20
482868,1,1,1982,22,16,14,6,14,12,32,20,15,12
482869,1,1,1982,32,25,30,8,10,13,18,20,14,21
482870,1,1,1982,25,18,29,24,51,16,19,15,21,25
482870,2,1,1982,24,0,0,0,0,15,0,0,0,0
482871,0,1,1982,47,22,31,0,17,15,0,0,34,0
482871,1,1,1982,0,16,0,0,28,13,24,10,13,0
482872,1,1,1982,10,19,22,4,0,8,35,15,0,5
482872,2,1,1982,0,11,0,27,0,0,0,0,0,0
482873,1,1,1982,0,0,0,0,0,0,27,0,0,13
482874,1,1,1982,0,0,18,18,7,0,0,19,22,0
482875,0,1,1982,16,25,14,30,21,10,25,37,24,27
482875,1,1,1982,0,0,0,14,0,0,38,0,12,0
482876,1,1,1982,30,20,19,14,18,27,20,30,39,28
482877,0,1,1982,10,14,13,0,15,18,0,0,19,0
482877,1,1,1982,0,0,0,0,0,19,19,0,0,0
482878,1,1,1982,10,0,0,17,0,0,0,0,0,0
482878,2,1,1982,0,0,0,0,0,0,0,0,0,0
482879,1,1,1982,25,26,8,23,13,0,21,20,22,28
482880,0,1,1982,4,23,24,10,30,26,6,22,20,9
482880,1,1,1982,0,0,14,0,0,1,7,0,0,4
482881,1,1,1982,5,6,14,16,27,14,8,21,41,21
482882,1,1,1982,13,2,20,22,23,34,4,31,12,17
482883,0,1,1982,0,0,0,0,0,0,0,0,0,0
482883,1,1,1982,12,0,0,0,23,0,14,0,0,0
482884,1,1,1982,0,0,0,0,20,0,0,0,0,0
482884,2,1,1982,0,0,0,0,6,0,14,0,0,0
482885,1,1,1982,15,0,0,0,0,0,0,16,0,0
482886,1,1,1982,0,0,0,11,0,0,22,0,0,0
482887,0,1,1982,0,0,0,0,5,0,33,0,0,0
482887,1,1,1982,0,0,0,0,0,0,0,0,0,0
482888,1,1,1982,27,35,22,11,13,7,46,16,19,12
482888,2,1,1982,0,12,24,0,23,14,24,9,0,29
482889,0,1,1982,43,27,20,18,13,23,29,31,9,14
482889,1,1,1982,11,0,7,40,23,0,24,13,20,12
482890,0,1,1982,13,3,0,0,22,0,26,0,2,0
482890,1,1,1982,10,10,10,10,10,10,10,10,10,10
482891,1,1,1982,18,11,20,10,0,8,13,16,12,1
482891,2,1,1982,0,0,0,0,0,0,0,0,0,0
482892,0,1,1982,15,18,22,30,30,40,25,37,29,40
482892,1,1,1982,14,25,14,3,0,0,0,0,11,0
482893,1,1,1982,17,0,0,21,24,0,18,7,4,20
482894,0,1,1982,20,26,21,23,15,16,17,25,23,15
482894,1,1,1982,5,10,0,0,0,30,0,10,0,14
482895,1,1,1982,18,0,0,0,0,0,19,0,0,25
482896,1,1,1982,9,26,18,22,14,0,12,21,12,23
482896,2,1,1982,5,22,14,25,27,10,0,0,16,13
482897,1,1,1982,25,12,10,18,8,9,25,36,23,26
482898,0,1,1982,21,24,15,33,19,28,33,20,25,27
482898,1,1,1982,4,20,0,9,10,0,7,0,13,4
482899,1,1,1982,25,0,0,9,0,0,0,0,0,0
482900,1,1,1982,14,24,8,23,12,14,10,19,14,8
482901,0,1,1982,45,15,0,29,22,13,25,0,39,19
482901,0,2,1982,14,17,10,31,18,17,18,21,13,27
482901,1,1,1982,18,0,0,0,0,14,0,0,0,13
482902,1,1,1982,0,0,0,0,0,0,0,0,0,0
482903,1,1,1982,18,23,36,23,10,16,23,5,11,13
482904,1,1,1982,0,0,0,0,10,0,0,0,0,0
482904,2,1,1982,0,0,0,0,0,0,0,0,0,0
482905,1,1,1982,0,0,9,0,0,23,9,0,0,0
482905,2,1,1982,0,12,0,0,0,0,0,0,0,14
482906,1,1,1982,2,0,8,12,19,18,4,10,0,18
482907,0,1,1982,0,0,0,0,0,0,0,0,0,0
482907,1,1,1982,25,16,0,19,0,21,12,0,10,0
482908,1,1,1982,0,0,16,0,0,0,0,0,0,0
482908,2,1,1982,0,0,0,0,15,0,0,0,0,0
482909,1,1,1982,9,0,0,0,8,11,13,0,15,0
482910,1,1,1982,24,13,16,5,10,11,9,13,13,17
482910,2,1,1982,15,0,0,17,0,20,24,13,0,0
482911,1,1,1982,0,0,0,11,0,0,0,0,0,22
482911,2,1,1982,0,0,0,0,0,0,0,10,0,0
482912,1,1,1982,12,0,0,0,0,0,0,0,0,0
482912,2,1,1982,0,0,0,0,32,20,0,10,0,0
482913,1,1,1982,0,22,0,15,0,0,11,0,0,0
482913,2,1,1982,35,23,22,35,19,19,17,34,15,0
482914,1,1,1982,22,10,15,12,9,5,0,15,9,22
482915,1,1,1982,0,13,0,0,0,0,0,0,0,0
482916,1,1,1982,19,16,0,21,20,35,20,25,13,0
482917,1,1,1982,0,0,0,0,0,0,0,0,0,0
482918,1,1,1982,17,11,0,0,19,0,0,0,0,0
482918,2,1,1982,0,0,0,0,0,0,15,0,0,0
482919,0,1,1982,0,0,2,0,0,10,0,0,14,0
482919,1,1,1982,9,19,8,28,0,30,5,11,0,22
482920,1,1,1982,10,34,17,24,4,27,10,4,15,16
482921,1,1,1982,0,0,0,0,0,0,0,0,0,0
482921,2,1,1982,0,0,0,16,0,0,0,0,0,0
482922,1,1,1982,20,17,37,13,5,0,22,27,16,18
482923,0,1,1982,19,23,10,23,24,25,17,13,24,11
482923,1,1,1982,15,38,19,17,0,0,8,0,26,10
482924,1,1,1982,23,9,22,27,18,2,26,13,11,7
482925,1,1,1982,13,25,21,13,18,28,16,24,29,18
482925,2,1,1982,0,0,0,0,0,15,0,0,6,0
482926,1,1,1982,0,0,0,0,0,0,20,0,0,0
482926,2,1,1982,16,21,19,0,3,9,0,0,11,0
482927,1,1,1982,0,0,0,0,0,0,0,0,0,0
482927,2,1,1982,9,15,10,20,18,12,0,8,8,23
482928,1,1,1982,0,0,11,10,0,0,0,0,0,0
482928,2,1,1982,15,16,14,9,0,0,12,0,0,7
482929,1,1,1982,21,0,0,0,25,0,7,21,21,0
482930,1,1,1982,0,0,17,0,8,14,15,11,0,23
482931,1,1,1982,11,13,9,28,26,20,23,24,28,13
482932,1,1,1982,20,0,22,34,0,0,21,0,0,23
482932,2,1,1982,0,13,0,0,0,25,0,0,0,13
482933,1,1,1982,0,0,5,0,0,0,18,0,0,0
482934,1,1,1982,0,0,4,5,0,10,0,0,0,0
482934,2,1,1982,0,0,2,7,0,0,19,15,0,0
482935,1,1,1982,0,0,0,0,0,0,0,0,0,0
482935,2,1,1982,0,0,0,0,0,0,0,21,0,0
482936,1,1,1982,22,9,7,12,14,19,24,3,16,13
482936,2,1,1982,0,0,16,8,11,19,9,8,17,4
482937,1,1,1982,0,0,0,0,0,0,0,13,0,0
482937,2,1,1982,18,21,14,25,0,0,0,10,0,33
482938,0,1,1982,19,15,29,23,41,19,22,29,21,31
482938,1,1,1982,25,0,5,13,0,2,17,18,5,4
482939,1,1,1982,12,19,0,32,3,24,16,29,20,21
482940,0,1,1982,25,15,15,20,17,19,0,11,0,24
482940,1,1,1982,0,0,0,0,0,0,0,17,0,16
482941,1,1,1982,23,26,11,8,11,11,17,30,16,19
482942,1,1,1982,27,11,27,29,30,0,21,11,27,14
482943,1,1,1982,11,7,17,19,0,18,17,14,24,8
482944,1,1,1982,21,0,0,19,0,0,0,22,22,0
482945,1,1,1982,24,24,30,28,0,21,23,14,26,16
482945,2,1,1982,0,24,0,0,0,0,0,0,0,0
482946,1,1,1982,4,16,0,12,15,6,31,9,5,13
482946,2,1,1982,24,8,22,27,12,25,25,13,26,18
482947,1,1,1982,16,10,13,27,16,25,0,18,20,0
482948,1,1,1982,0,16,0,0,0,0,0,16,0,0
482948,2,1,1982,0,0,0,9,4,7,0,0,0,0
482949,1,1,1982,27,15,11,10,32,0,27,5,0,14
482949,2,1,1982,18,19,0,0,19,14,0,22,0,26
482950,1,1,1982,8,23,11,31,0,20,22,16,4,17
482950,2,1,1982,0,0,0,0,0,0,0,0,0,0
482951,1,1,1982,0,18,9,0,18,0,24,36,0,10
482951,2,1,1982,23,23,23,23,23,23,23,23,23,23
482952,1,1,1982,10,18,32,13,13,10,0,0,0,7
482952,2,1,1982,0,0,0,3,0,0,0,0,0,0
482953,1,1,1982,16,39,9,0,16,17,19,21,37,0
482954,1,1,1982,0,37,14,18,5,11,17,18,19,17
482955,1,1,1982,0,13,16,0,14,0,8,0,0,8
482955,2,1,1982,17,19,0,10,0,0,0,0,0,0
482956,1,1,1982,47,7,0,31,42,40,14,23,13,14
482957,1,1,1982,11,11,0,13,13,11,0,29,14,21
482958,1,1,1982,12,0,5,0,10,13,10,5,0,0
482959,1,1,1982,14,16,23,9,12,11,12,9,23,11
482960,1,1,1982,0,0,11,0,0,16,0,0,12,0
482960,2,1,1982,0,0,0,0,0,0,0,0,0,0
482961,1,1,1982,0,0,0,0,22,15,17,27,32,25
482962,0,1,1982,0,0,0,0,0,0,0,0,15,0
482962,1,1,1982,0,0,0,0,0,0,0,0,0,0
482963,1,1,1982,0,23,34,0,18,25,14,16,15,26
482964,1,1,1982,15,12,0,0,14,11,14,23,26,26
482964,2,1,1982,3,9,0,0,8,0,0,6,0,13
482965,1,1,1982,9,11,13,0,0,0,13,25,3,15
482965,2,1,1982,0,0,0,0,0,0,6,0,0,0
482966,1,1,1982,0,0,0,0,0,0,18,0,0,0
482966,2,1,1982,0,0,0,0,0,0,0,0,0,0
482967,1,1,1982,0,0,0,0,0,0,0,0,0,30
482967,2,1,1982,0,0,0,0,0,0,0,0,0,0
482968,1,1,1982,0,0,9,0,0,0,0,6,0,0
482968,2,1,1982,26,24,21,36,16,13,19,15,19,0
482969,1,1,1982,0,0,0,12,0,0,0,26,0,0
482970,1,1,1982,0,0,0,0,0,0,0,0,0,0
482970,2,1,1982,0,0,0,0,0,0,0,0,0,0
482971,1,1,1982,0,0,0,0,0,0,0,0,0,0
482971,2,1,1982,0,37,0,19,0,0,19,37,0,28
482972,0,1,1982,0,0,0,0,0,0,0,0,0,0
482972,1,1,1982,0,0,0,0,0,0,7,5,11,0
482973,1,1,1982,9,11,8,21,13,11,14,16,22,9
482973,2,1,1982,0,0,0,7,0,0,0,4,0,0
482974,1,1,1982,11,17,12,20,31,16,0,16,22,8
482975,0,1,1982,0,0,6,23,0,0,0,0,0,0
482975,1,1,1982,0,0,0,0,0,0,0,0,0,0
482976,1,1,1982,18,0,0,0,0,19,0,16,2,0
482976,2,1,1982,11,21,0,9,16,33,0,26,0,10
482976,3,1,1982,0,0,0,0,0,15,0,0,0,0
482977,1,1,1982,16,0,0,20,26,0,11,0,0,16
482977,2,1,1982,0,0,0,17,0,0,0,0,0,0
482978,1,1,1982,17,0,13,0,14,32,22,20,14,28
482979,1,1,1982,12,16,10,14,0,27,11,19,15,13
482980,1,1,1982,15,0,0,9,8,0,0,16,0,14
482980,2,1,1982,0,0,5,0,12,0,0,0,0,0
482981,1,1,1982,28,22,0,26,16,15,22,20,25,33
482982,1,1,1982,24,9,10,0,22,0,19,18,23,18
482982,2,1,1982,0,0,0,0,0,0,0,0,0,0
482983,0,1,1982,0,0,0,10,0,0,0,12,0,0
482983,1,1,1982,11,10,35,19,16,12,18,22,16,6
482984,1,1,1982,0,23,0,0,7,0,0,7,0,0
482984,2,1,1982,0,0,0,28,0,0,3,17,0,0
482985,1,1,1982,34,38,12,25,24,20,14,20,0,0
482986,1,1,1982,12,6,0,27,16,21,22,15,0,19
482986,2,1,1982,0,23,0,16,0,0,0,0,0,0
482987,1,1,1982,14,16,13,38,18,30,20,36,22,21
482988,1,1,1982,30,31,12,23,24,23,22,17,17,20
482989,1,1,1982,0,0,0,0,0,0,0,18,0,0
482989,2,1,1982,0,0,0,0,0,0,0,0,0,21
482990,1,1,1982,18,9,10,23,15,15,2,14,9,11
482990,2,1,1982,9,0,0,0,0,0,0,0,19,0
482991,1,1,1982,21,18,21,6,15,16,23,18,17,27
482992,0,1,1982,17,6,12,15,19,0,0,0,21,20
482992,1,1,1982,8,8,8,8,8,8,8,8,8,8
482993,1,1,1982,9,0,0,22,0,0,13,13,0,0
482993,2,1,1982,0,0,18,0,0,18,14,10,0,13
482994,1,1,1982,36,17,0,0,0,26,0,0,0,0
482995,1,1,1982,18,0,17,23,22,0,6,6,18,26
482995,2,1,1982,15,0,0,0,7,0,0,0,9,13
482996,0,1,1982,0,21,17,0,17,14,3,22,23,0
482996,1,1,1982,0,0,18,0,0,0,0,16,0,0
482997,1,1,1982,0,0,0,0,0,19,0,0,21,16
482998,1,1,1982,42,24,35,26,30,15,0,25,15,20
482999,1,1,1982,21,14,14,23,19,0,20,32,18,5
483000,0,1,1982,32,22,24,0,0,26,7,0,16,17
483000,0,2,1982,8,29,11,11,0,0,18,16,9,21
483000,0,3,1982,0,0,0,0,0,0,0,0,0,0
483000,0,4,1982,0,0,0,0,0,0,0,0,0,0
483000,1,1,1982,7,16,14,21,18,30,8,5,15,6
483001,1,1,1982,29,0,10,18,12,26,18,15,26,22
483002,1,1,1982,9,20,0,0,15,0,3,0,0,0
483002,2,1,1982,7,17,0,11,0,0,0,0,0,0
483003,1,1,1982,9,39,15,22,20,17,18,12,16,24
483003,2,1,1982,0,0,0,0,0,16,0,0,0,0
483004,1,1,1982,0,0,0,0,0,3,0,0,35,0
483005,1,1,1982,24,15,8,19,0,16,24,24,21,31
483006,0,1,1982,28,22,20,50,21,32,20,17,32,17
483006,1,1,1982,17,0,0,0,13,10,0,0,0,0
483007,1,1,1982,0,0,0,0,0,0,0,0,0,0
483007,2,1,1982,11,0,11,0,22,0,0,20,24,8
483008,1,1,1982,21,9,17,0,0,0,16,0,17,0
483009,0,1,1982,0,0,0,0,0,0,0,0,0,0
483009,1,1,1982,0,0,0,0,0,7,0,0,0,0
483010,1,1,1982,11,8,11,14,8,9,17,10,22,13
483010,2,1,1982,7,16,27,0,25,11,0,26,0,5
483011,1,1,1982,12,11,6,15,2,21,3,6,9,11
483012,1,1,1982,0,27,0,8,0,0,24,0,15,0
483013,1,1,1982,0,0,0,0,0,14,0,0,10,0
483013,2,1,1982,0,14,0,0,17,0,43,16,0,0
483014,1,1,1982,0,0,0,0,0,0,0,0,0,0
483014,2,1,1982,0,0,20,0,0,0,0,0,0,0
483015,1,1,1982,0,0,8,11,0,0,0,8,0,0
483015,2,1,1982,14,12,10,24,5,19,14,23,12,17
483016,0,1,1982,0,0,0,0,0,0,0,0,0,0
483016,1,1,1982,0,0,0,0,0,0,0,0,0,0
483017,0,1,1982,18,22,13,0,11,22,0,28,0,0
483017,1,1,1982,8,29,9,17,16,0,9,15,14,0
483018,1,1,1982,32,24,35,29,22,12,22,18,20,11
483019,1,1,1982,29,17,18,12,9,9,29,9,27,22
483019,2,1,1982,0,0,0,0,0,0,0,0,0,0
483020,1,1,1982,19,3,19,0,20,4,27,11,19,23
483021,1,1,1982,0,0,0,0,0,37,0,0,0,0
483022,1,1,1982,26,0,19,0,4,4,0,0,19,8
483023,1,1,1982,0,0,20,11,0,12,0,21,0,0
483023,2,1,1982,0,0,0,16,0,0,0,0,0,0
483024,1,1,1982,12,15,7,11,0,0,32,15,13,0
483025,0,1,1982,16,35,32,34,8,12,0,59,10,25
483025,1,1,1982,0,0,0,0,0,0,0,0,0,0
483026,0,1,1982,17,22,25,16,18,24,12,30,15,16
483026,1,1,1982,10,17,8,0,13,0,3,23,11,0