ST_CASE,VEH_NO,PER_NO,YEAR,P1,P2,P3,P4,P5,P6,P7,P8,P9,P10
483027,1,1,1982,0,8,0,0,0,0,0,18,19,13
483028,0,1,1982,0,0,0,9,0,0,0,0,0,31
483028,1,1,1982,0,0,4,0,0,9,0,0,0,0
483029,1,1,1982,0,0,0,0,0,11,0,15,0,2
483029,2,1,1982,22,15,0,15,0,0,12,11,0,17
483030,1,1,1982,0,28,9,5,10,0,0,0,0,0
483030,2,1,1982,0,8,0,0,0,0,0,0,0,0
483031,1,1,1982,0,0,0,0,0,0,0,0,0,8
483031,2,1,1982,0,0,0,0,8,0,0,0,0,11
483032,1,1,1982,0,0,23,14,0,0,0,8,0,0
483032,2,1,1982,0,0,0,0,0,0,0,10,4,0
483033,1,1,1982,0,0,5,0,0,0,0,0,13,20
483034,0,1,1982,0,0,0,0,0,0,0,0,0,0
483034,1,1,1982,0,0,0,7,0,14,0,10,0,0
483035,1,1,1982,25,20,10,12,25,14,15,5,17,20
483036,1,1,1982,35,0,34,0,0,0,0,0,15,8
483037,1,1,1982,0,0,0,0,0,0,0,0,0,0
483037,2,1,1982,0,0,0,0,0,4,0,0,0,0
483038,0,1,1982,30,13,25,24,24,31,21,27,39,16
483038,0,2,1982,0,0,0,0,0,11,18,20,16,0
483038,1,1,1982,19,0,12,4,15,0,16,21,33,0
483039,0,1,1982,17,0,0,0,19,15,25,0,0,11
483039,0,2,1982,0,0,0,0,0,0,0,0,0,0
483039,0,3,1982,10,1,3,12,12,9,18,0,0,19
483039,0,4,1982,0,0,0,0,0,0,0,0,0,0
483039,1,1,1982,0,18,8,16,16,14,11,27,14,18
483040,1,1,1982,0,0,25,22,0,14,0,0,6,9
483040,2,1,1982,0,0,0,0,0,0,0,0,0,0
483041,1,1,1982,0,27,31,0,0,0,19,33,32,9
483042,1,1,1982,0,0,0,2,0,0,0,0,0,0
483042,2,1,1982,0,0,16,0,0,0,0,0,0,0
483043,1,1,1982,0,10,0,0,0,0,5,0,0,0
483043,2,1,1982,20,0,0,0,0,0,3,0,0,0
483044,1,1,1982,30,0,0,0,0,19,0,0,0,0
483044,2,1,1982,0,0,0,0,0,0,0,0,0,0
483045,0,1,1982,11,23,29,33,26,2,38,26,14,17
483045,1,1,1982,36,13,18,16,38,14,14,0,12,19
483046,1,1,1982,23,21,20,0,7,8,14,18,24,30
483047,0,1,1982,0,0,44,0,0,0,0,0,37,0
483047,1,1,1982,9,0,0,6,0,0,0,0,0,14
483048,1,1,1982,0,18,27,0,0,25,17,19,0,24
483048,2,1,1982,0,0,22,0,0,16,0,0,20,7
483049,1,1,1982,17,36,22,12,9,16,21,17,27,16
483050,1,1,1982,0,0,0,0,0,0,0,0,0,0
483051,1,1,1982,12,10,0,0,0,11,26,12,17,15
483051,2,1,1982,0,5,0,0,0,0,0,0,0,7
483052,1,1,1982,0,0,0,3,0,0,0,0,0,0
483052,2,1,1982,0,18,0,0,18,17,41,28,14,17
483053,1,1,1982,0,0,14,0,0,0,0,0,21,0
483054,1,1,1982,10,14,8,26,2,21,20,4,11,12
483055,1,1,1982,13,16,0,20,16,15,8,23,17,0
483056,1,1,1982,17,17,17,17,17,17,17,17,17,17
483057,1,1,1982,21,30,0,11,30,15,22,14,9,20
483058,1,1,1982,0,0,0,0,0,0,0,0,0,0
483058,2,1,1982,0,0,0,0,0,0,0,0,19,0
483059,0,1,1982,11,4,0,5,0,0,0,0,0,8
483059,1,1,1982,17,41,0,35,31,0,16,5,0,13
483060,0,1,1982,11,12,14,0,0,0,18,0,12,18
483060,1,1,1982,0,7,0,11,19,0,24,5,16,0
483061,1,1,1982,0,18,0,12,10,0,20,5,8,13
483061,2,1,1982,0,0,0,2,2,0,0,0,0,0
483062,1,1,1982,9,13,17,0,9,11,14,26,21,0
483063,1,1,1982,20,17,29,14,20,29,7,14,21,12
483064,0,1,1982,9,31,30,15,29,0,19,0,0,20
483064,1,1,1982,0,26,8,0,0,0,17,14,17,15
483065,1,1,1982,28,29,65,0,13,0,0,16,22,10
483065,2,1,1982,0,0,8,26,5,25,0,0,4,15
483066,1,1,1982,0,0,0,12,13,0,0,0,0,0
483066,2,1,1982,0,0,0,0,0,0,0,0,0,0
483067,0,1,1982,16,33,28,50,28,32,0,13,26,33
483067,1,1,1982,22,0,4,0,13,20,0,0,4,0
483068,1,1,1982,0,0,0,0,0,0,0,0,0,0
483068,2,1,1982,0,0,0,0,0,0,0,0,0,0
483069,1,1,1982,0,20,0,0,0,24,0,0,0,0
483069,2,1,1982,5,16,0,6,0,5,0,0,19,0
483070,1,1,1982,20,20,23,23,0,16,25,15,10,18
483070,2,1,1982,0,0,18,0,0,18,0,0,0,10
483071,0,1,1982,0,0,0,3,0,0,8,0,0,0
483071,1,1,1982,3,8,0,0,0,0,0,0,0,14
483072,0,1,1982,0,0,14,23,8,25,0,0,0,5
483072,1,1,1982,18,5,0,0,3,0,0,0,0,0
483073,1,1,1982,17,18,0,0,0,0,0,0,0,0
483073,2,1,1982,0,0,0,3,0,0,0,0,0,0
483074,1,1,1982,0,0,0,0,0,0,12,0,0,0
483075,1,1,1982,0,21,0,10,9,0,14,0,13,0
483075,2,1,1982,15,0,29,0,0,0,0,0,0,12
483076,1,1,1982,7,13,6,13,18,7,15,13,19,14
483076,2,1,1982,0,0,0,0,0,0,0,0,7,0
483077,1,1,1982,13,32,0,13,22,23,16,27,27,8
483078,1,1,1982,2,2,2,2,2,2,2,2,2,2
483078,2,1,1982,11,11,11,11,11,11,11,11,11,11
483079,1,1,1982,14,19,15,25,31,9,14,36,14,25
483080,1,1,1982,18,22,16,0,16,0,21,36,29,21
483081,1,1,1982,0,0,0,7,0,0,0,0,0,0
483081,2,1,1982,0,0,0,0,0,0,0,0,0,0
483082,0,1,1982,0,22,18,0,11,0,13,22,14,20
483082,1,1,1982,0,0,0,15,0,0,0,0,48,13
483083,1,1,1982,0,0,0,0,0,6,24,7,4,0
483084,1,1,1982,4,0,0,0,0,0,0,0,0,0
483084,2,1,1982,0,14,0,0,0,0,0,0,0,0
483085,1,1,1982,0,0,0,0,0,13,0,0,0,0
483085,2,1,1982,0,0,18,0,0,16,0,0,0,0
483086,0,1,1982,0,0,12,16,0,0,0,0,0,0
483086,0,2,1982,0,0,0,0,0,0,0,0,0,0
483086,1,1,1982,13,13,10,24,2,10,0,24,28,0
483087,1,1,1982,9,0,0,6,20,20,11,18,0,31
483088,1,1,1982,13,10,8,15,5,5,0,12,6,13
483088,2,1,1982,5,0,0,9,0,0,0,17,0,6
483089,0,1,1982,0,0,0,0,0,0,0,0,0,0
483089,1,1,1982,0,0,0,0,0,0,16,17,0,0
483090,1,1,1982,14,7,7,10,8,9,10,0,0,26
483090,2,1,1982,0,0,0,21,18,0,0,0,3,0
483090,3,1,1982,0,16,0,0,0,0,0,0,0,0
483091,1,1,1982,0,0,0,30,0,0,0,10,0,0
483092,1,1,1982,4,33,0,25,0,0,7,25,21,15
483093,1,1,1982,0,20,20,17,23,21,16,19,24,19
483094,0,1,1982,19,30,42,0,15,15,0,0,0,25
483094,1,1,1982,0,0,0,0,0,16,0,0,2,19
483095,0,1,1982,0,0,0,11,3,25,0,22,0,0
483095,1,1,1982,0,0,0,0,0,0,16,0,0,0
483096,1,1,1982,17,14,3,0,9,0,0,12,27,16
483096,2,1,1982,0,0,0,0,0,0,0,0,0,0
483097,1,1,1982,20,0,0,0,21,9,14,0,14,20
483098,0,1,1982,0,14,0,5,0,12,0,0,0,0
483098,1,1,1982,15,12,16,20,13,22,15,11,19,27
483099,1,1,1982,0,0,0,0,0,27,0,0,0,0
483099,2,1,1982,0,0,0,0,0,0,0,0,0,6
483100,1,1,1982,20,13,17,31,15,33,21,15,16,14
483101,0,1,1982,0,16,18,40,0,0,20,28,18,0
483101,1,1,1982,0,0,14,0,0,0,11,7,0,19
483102,0,1,1982,0,0,0,0,23,0,0,0,0,0
483102,1,1,1982,0,0,0,0,0,0,0,0,0,0
483103,1,1,1982,16,11,7,16,17,9,44,11,14,8
483103,2,1,1982,8,0,0,0,5,7,6,0,4,17
483104,1,1,1982,0,0,0,0,0,0,0,0,0,0
483104,2,1,1982,0,0,0,0,0,0,0,0,0,0
483105,0,1,1982,0,0,0,0,0,0,0,0,38,20
483105,1,1,1982,0,0,0,0,0,0,0,0,0,0
483106,1,1,1982,19,29,13,14,14,17,11,14,11,20
483107,1,1,1982,23,0,19,0,0,12,44,18,0,9
483108,1,1,1982,0,0,0,9,0,1,0,0,0,0
483108,2,1,1982,0,13,0,0,0,0,0,0,0,0
483109,1,1,1982,15,29,26,14,0,27,19,14,26,16
483110,1,1,1982,0,19,0,0,40,0,0,0,0,0
483110,2,1,1982,0,0,0,0,0,0,0,0,0,0
483111,1,1,1982,0,0,0,0,0,0,7,0,0,0
483111,2,1,1982,0,0,0,0,0,0,2,0,0,0
483111,3,1,1982,0,0,0,11,0,0,0,0,0,0
483112,0,1,1982,0,0,18,15,15,0,19,0,18,9
483112,1,1,1982,0,0,10,0,0,0,0,0,12,0
483113,1,1,1982,3,3,3,3,3,3,3,3,3,3
483113,2,1,1982,5,5,5,5,5,5,5,5,5,5
483114,1,1,1982,18,20,18,8,14,20,6,17,13,8
483115,1,1,1982,6,0,11,19,12,6,13,20,23,19
483115,2,1,1982,7,7,0,9,12,0,0,0,7,4
483116,1,1,1982,0,8,0,9,0,14,25,12,15,0
483116,2,1,1982,0,0,19,14,16,19,0,27,16,0
483117,1,1,1982,0,0,0,0,8,0,0,0,0,17
483117,2,1,1982,0,0,0,0,18,0,0,9,14,0
483118,1,1,1982,5,13,19,0,20,0,15,44,0,17
483119,1,1,1982,15,2,8,12,14,0,24,19,19,18
483120,1,1,1982,17,38,12,19,26,23,16,15,11,12
483121,1,1,1982,19,19,19,19,19,19,19,19,19,19
483122,1,1,1982,19,17,0,0,18,43,25,9,15,22
483122,2,1,1982,0,18,10,0,0,0,0,0,0,0
483123,1,1,1982,21,0,18,8,11,16,45,0,15,14
483124,0,1,1982,30,12,38,24,13,0,47,16,21,35
483124,1,1,1982,14,0,15,19,13,0,18,22,22,13
483125,1,1,1982,0,0,0,0,0,12,22,0,0,19
483125,2,1,1982,0,0,0,0,29,0,0,17,0,0
483126,1,1,1982,27,18,28,13,16,5,24,26,11,28
483126,2,1,1982,25,0,11,2,0,15,0,8,14,32
483127,1,1,1982,0,11,13,0,16,0,0,30,0,0
483127,2,1,1982,18,13,0,0,0,0,0,0,21,0
483128,1,1,1982,22,0,0,0,4,0,15,0,0,4
483128,2,1,1982,22,0,0,0,11,0,9,11,0,0
483129,1,1,1982,0,0,0,0,0,0,0,0,0,0
483129,2,1,1982,0,0,0,0,0,0,0,0,0,0
483130,1,1,1982,26,14,20,17,0,18,12,0,18,21
483131,1,1,1982,25,29,37,22,12,27,24,4,20,29
483132,0,1,1982,0,5,0,0,0,0,0,0,0,0
483132,1,1,1982,11,6,0,0,0,0,0,0,0,0
483133,1,1,1982,14,0,29,0,0,11,0,0,0,0
483133,2,1,1982,0,27,3,14,0,16,0,0,0,0
483134,1,1,1982,0,0,0,0,11,0,25,0,13,0
483134,2,1,1982,0,0,0,0,0,0,0,0,12,26
483135,0,1,1982,0,0,0,0,35,0,0,0,0,0
483135,1,1,1982,0,0,23,0,0,0,0,0,0,0
483136,0,1,1982,0,0,25,25,0,26,0,29,30,0
483136,1,1,1982,0,0,0,0,0,0,0,8,0,0
483137,1,1,1982,12,21,21,22,24,18,13,19,31,16
483138,1,1,1982,30,31,0,15,18,15,27,13,25,0
483139,1,1,1982,19,27,6,28,14,13,36,16,25,12
483140,1,1,1982,0,3,18,24,19,11,0,34,0,0
483140,2,1,1982,0,0,0,0,0,8,0,0,0,0
483141,1,1,1982,7,0,0,0,0,0,0,3,0,10
483142,1,1,1982,16,0,0,23,13,0,0,5,10,6
483142,2,1,1982,0,0,0,0,0,0,0,0,0,0
483143,1,1,1982,0,0,0,0,0,0,0,0,17,0
483144,1,1,1982,0,0,0,0,0,0,0,0,0,0
483144,2,1,1982,0,0,0,0,0,0,0,0,0,0
483145,0,1,1982,0,0,3,0,0,0,0,0,0,0
483145,1,1,1982,0,0,0,0,0,28,0,0,0,0
483146,1,1,1982,0,0,13,0,0,0,0,16,0,16
483147,1,1,1982,3,12,0,0,0,0,0,0,0,0
483148,1,1,1982,25,7,9,16,10,10,15,23,7,13
483148,2,1,1982,11,11,0,0,0,0,26,12,7,13
483148,3,1,1982,13,11,0,0,13,7,13,0,0,0
483149,1,1,1982,24,17,27,18,12,0,19,0,26,21
483150,1,1,1982,0,14,7,21,16,18,25,17,13,4
483151,1,1,1982,16,22,13,14,10,0,2,22,20,23
483152,1,1,1982,0,14,12,17,0,0,0,0,0,0
483152,2,1,1982,22,0,6,0,10,0,0,0,0,20
483153,1,1,1982,0,0,0,12,0,0,0,0,0,0
483153,2,1,1982,10,0,0,0,0,0,0,0,18,12
483154,1,1,1982,13,21,23,20,12,28,8,11,19,18
483155,1,1,1982,19,23,44,9,26,10,22,41,13,25
483156,0,1,1982,0,0,0,8,0,0,0,0,0,0
483156,0,2,1982,0,0,10,0,0,0,11,16,10,0
483156,1,1,1982,25,0,13,28,22,0,16,17,20,7
483157,1,1,1982,19,33,9,17,19,16,0,15,0,0
483158,0,1,1982,0,0,0,0,0,0,0,0,0,0
483158,1,1,1982,9,10,19,0,0,19,18,0,11,22
483159,1,1,1982,0,0,0,0,0,0,0,0,0,0
483159,2,1,1982,0,0,0,28,0,0,0,0,0,0
483160,1,1,1982,28,13,0,16,16,3,14,19,16,12
483160,2,1,1982,17,0,17,13,13,6,0,0,12,0
483161,1,1,1982,12,22,0,15,23,28,22,44,19,0
483162,1,1,1982,0,0,0,20,0,0,0,0,0,0
483162,2,1,1982,23,17,31,8,22,8,5,0,12,13
483163,1,1,1982,14,23,15,0,13,8,22,17,14,18
483164,1,1,1982,34,24,0,24,26,17,20,12,12,29
483165,1,1,1982,0,4,0,27,0,0,3,0,9,13
483165,2,1,1982,24,14,17,20,12,34,32,18,19,28
483166,1,1,1982,13,15,8,12,15,11,18,17,9,3
483167,1,1,1982,30,0,0,0,22,0,0,0,0,0
483168,1,1,1982,0,0,0,0,10,0,0,0,0,0
483169,1,1,1982,12,0,6,0,0,17,12,24,4,11
483169,2,1,1982,31,25,9,24,20,26,23,7,29,7
483170,1,1,1982,25,14,45,33,17,18,23,23,10,19
483171,1,1,1982,0,12,0,0,0,0,0,0,0,0
483171,2,1,1982,18,25,12,12,12,9,37,26,21,0
483172,1,1,1982,19,22,17,12,19,19,16,27,30,18
483173,1,1,1982,13,0,18,16,12,23,8,27,20,10
483173,2,1,1982,6,13,15,15,22,10,11,0,9,15
483174,1,1,1982,0,0,0,0,0,0,0,0,0,0
483175,0,1,1982,10,0,0,0,0,12,33,0,0,0
483175,1,1,1982,14,19,10,18,10,5,19,18,10,14
483176,1,1,1982,0,6,0,0,11,0,13,0,14,0
483177,1,1,1982,0,16,38,0,13,8,0,17,22,16
483178,1,1,1982,33,15,10,13,20,6,25,0,20,39
483179,1,1,1982,0,32,12,10,11,14,22,24,16,18
483180,1,1,1982,28,29,6,0,0,0,0,0,0,0
483180,2,1,1982,12,0,0,15,0,0,7,0,14,0
483181,1,1,1982,28,0,0,0,21,0,0,20,15,12
483182,1,1,1982,20,22,14,6,12,16,26,24,8,16
483183,0,1,1982,0,0,0,0,0,0,0,0,0,0
483183,1,1,1982,0,0,7,0,0,0,0,0,0,0
483184,0,1,1982,10,9,20,14,27,20,21,13,21,15
483184,1,1,1982,15,16,17,27,0,13,0,15,13,9
483185,1,1,1982,21,19,0,14,0,0,15,22,28,26
483186,1,1,1982,10,21,17,4,7,9,30,24,16,19
483186,2,1,1982,13,0,13,21,19,0,14,13,18,16
483187,1,1,1982,0,0,0,0,0,0,6,0,0,0
483187,2,1,1982,0,0,0,8,0,0,0,0,0,0
483188,0,1,1982,0,21,4,23,0,15,16,27,0,10
483188,1,1,1982,21,0,0,0,0,10,5,0,0,0
483189,1,1,1982,0,25,0,8,0,0,0,0,0,0
483189,2,1,1982,20,0,9,0,0,0,0,0,0,0
483190,1,1,1982,8,11,13,14,7,19,28,13,10,0
483191,1,1,1982,0,22,8,0,30,0,0,0,0,19
483191,2,1,1982,0,26,0,0,33,10,19,0,24,0
483192,1,1,1982,16,0,25,0,0,0,0,0,0,0
483192,2,1,1982,0,11,0,0,0,0,0,0,0,0
483193,1,1,1982,0,0,0,21,26,18,0,19,16,0
483194,1,1,1982,18,11,17,0,27,16,9,13,20,0
483194,2,1,1982,30,0,29,18,0,19,0,0,16,34
483195,0,1,1982,23,29,30,19,39,22,20,13,13,16
483195,1,1,1982,8,0,0,0,0,0,7,0,0,14
483196,1,1,1982,25,22,25,15,41,13,15,16,14,11
483197,1,1,1982,0,0,10,0,0,0,0,27,0,9
483197,2,1,1982,0,0,0,0,0,0,13,26,0,0
483198,1,1,1982,0,11,21,18,32,0,0,0,20,23
483199,1,1,1982,0,0,0,10,0,0,19,27,0,10
483199,2,1,1982,0,0,0,0,0,0,0,0,0,0
483200,1,1,1982,0,0,0,0,0,0,0,0,0,0
483200,2,1,1982,0,0,0,0,15,0,0,0,0,0
483201,1,1,1982,0,0,0,0,4,0,0,0,0,0
483201,2,1,1982,6,0,0,0,18,13,0,0,20,0
483202,1,1,1982,0,0,8,0,0,0,0,27,0,0
483202,2,1,1982,0,11,14,0,0,0,0,0,0,0
483203,0,1,1982,18,17,34,26,21,14,16,16,15,11
483203,1,1,1982,0,3,16,0,0,0,18,0,12,8
483204,1,1,1982,16,20,14,20,2,6,29,4,8,0
483205,0,1,1982,0,0,0,0,0,0,0,0,0,0
483205,0,2,1982,0,0,0,0,0,0,0,0,0,0
483205,1,1,1982,0,0,0,0,8,0,0,0,0,0
483206,1,1,1982,0,0,0,0,15,9,0,0,0,0
483206,2,1,1982,0,0,0,0,0,0,0,0,0,0
483207,1,1,1982,0,29,0,0,10,0,0,11,0,0
483207,2,1,1982,0,0,0,0,0,0,0,0,0,0
483208,1,1,1982,31,20,39,17,20,24,22,19,23,20
483209,1,1,1982,25,0,0,0,0,0,0,0,0,8
483209,2,1,1982,16,0,17,14,14,17,0,10,13,4
483210,1,1,1982,0,0,0,0,0,0,0,3,0,0
483210,2,1,1982,23,15,35,0,8,0,28,9,12,8
483211,0,1,1982,18,9,22,0,19,0,14,6,3,27
483211,1,1,1982,5,23,11,0,15,24,0,0,38,19
483212,1,1,1982,13,17,15,27,20,16,17,34,11,10
483213,1,1,1982,18,18,18,18,18,18,18,18,18,18
483213,2,1,1982,0,0,8,0,5,18,8,4,13,0
483214,0,1,1982,17,14,21,13,16,33,39,24,25,17
483214,1,1,1982,12,0,5,0,10,0,13,8,0,12
483215,1,1,1982,0,26,21,21,0,10,13,19,13,0
483215,2,1,1982,20,5,0,0,17,0,8,8,0,0
483216,0,1,1982,0,0,0,0,0,0,0,0,0,0
483216,1,1,1982,0,0,0,0,0,0,0,14,0,24
483217,0,1,1982,0,0,0,0,0,0,0,0,0,0
483217,1,1,1982,0,0,0,0,0,0,4,0,0,0
483218,1,1,1982,0,12,33,22,42,21,19,35,21,0
483219,1,1,1982,0,0,27,0,20,0,7,22,20,0
483219,2,1,1982,0,0,7,10,0,13,5,17,9,10
483220,1,1,1982,0,0,11,0,29,12,0,0,24,15
483221,1,1,1982,11,37,20,16,34,10,19,10,13,11
483222,1,1,1982,8,29,29,15,29,0,14,16,16,0
483223,1,1,1982,14,16,31,0,17,0,28,24,16,0
483224,1,1,1982,0,25,32,0,9,26,11,28,10,8
483224,2,1,1982,15,16,9,12,15,6,10,0,12,9
483225,1,1,1982,12,17,0,18,21,10,12,15,25,27
483226,1,1,1982,24,22,10,20,25,25,33,0,19,23
483226,2,1,1982,12,7,15,0,12,0,10,7,9,0
483227,0,1,1982,0,0,13,9,0,0,2,23,0,0
483227,1,1,1982,0,39,0,27,0,25,0,0,22,0
483228,1,1,1982,14,35,16,20,9,17,20,0,11,0
483229,1,1,1982,0,0,0,0,0,0,0,0,5,0
483229,2,1,1982,8,0,23,0,0,0,0,0,21,0
483230,1,1,1982,10,3,6,25,0,21,27,12,16,14
483231,1,1,1982,15,20,0,15,0,25,11,0,22,0
483232,1,1,1982,24,22,14,9,25,26,21,39,22,37
483233,1,1,1982,0,0,11,0,32,0,27,4,22,13
483234,1,1,1982,17,15,0,0,18,0,0,0,0,0
483234,2,1,1982,17,10,20,0,11,13,13,22,13,16
483235,1,1,1982,0,31,30,0,0,27,0,15,0,0
483236,1,1,1982,0,0,0,0,14,10,0,11,0,5
483236,2,1,1982,0,0,0,0,0,0,10,0,0,0
483237,1,1,1982,0,16,0,0,0,0,0,0,0,0
483238,1,1,1982,0,0,5,0,0,0,0,9,5,0
483238,2,1,1982,25,6,12,2,10,11,10,0,11,27
483239,1,1,1982,0,0,0,15,0,0,0,19,0,0
483240,1,1,1982,0,0,0,0,0,0,0,0,0,0
483241,1,1,1982,13,18,20,5,10,19,19,19,16,5
483241,2,1,1982,28,16,5,0,18,0,0,0,0,0
483242,1,1,1982,6,12,0,0,22,0,0,21,23,16
483242,2,1,1982,0,0,0,18,0,0,0,0,0,0
483243,1,1,1982,13,0,17,18,14,17,19,0,12,0
483244,0,1,1982,0,0,0,0,17,0,0,0,0,0
483244,1,1,1982,10,0,10,0,0,0,0,0,0,0
483245,1,1,1982,0,9,8,0,0,0,0,0,16,0
483246,1,1,1982,0,0,0,0,0,0,8,0,0,0
483246,2,1,1982,0,0,0,0,7,13,0,0,0,0
483247,1,1,1982,21,0,12,0,16,0,15,0,9,3
483247,2,1,1982,0,0,22,19,9,10,11,29,18,15
483248,1,1,1982,10,23,0,0,5,30,8,0,6,0
483249,1,1,1982,16,13,2,15,21,2,18,21,27,13
483249,2,1,1982,3,0,5,0,11,10,24,0,0,0
483250,1,1,1982,0,0,14,17,19,17,0,0,22,0
483251,1,1,1982,0,22,0,0,21,0,0,0,0,0
483252,0,1,1982,0,0,0,0,0,0,0,0,17,0
483252,1,1,1982,10,0,18,8,0,0,0,0,0,0
483253,1,1,1982,0,0,0,0,0,19,0,9,0,0
483254,1,1,1982,0,0,17,0,25,24,0,15,0,0
483255,1,1,1982,12,8,17,9,11,0,17,0,26,0
483256,0,1,1982,0,0,0,0,0,0,11,0,31,0
483256,1,1,1982,26,16,43,0,5,8,26,33,0,0
483257,0,1,1982,26,25,42,0,31,28,36,27,17,20
483257,1,1,1982,2,0,0,0,0,0,0,0,0,0
483258,0,1,1982,22,16,0,16,11,15,20,25,23,25
483258,1,1,1982,16,16,16,16,16,16,16,16,16,16
483259,1,1,1982,0,0,0,0,20,0,0,0,0,0
483260,1,1,1982,0,0,0,0,0,0,0,0,0,0
483260,2,1,1982,0,0,0,0,0,3,16,0,0,0
483261,0,1,1982,19,8,23,0,0,26,0,21,0,0
483261,1,1,1982,0,0,0,0,0,0,0,0,0,0
483262,1,1,1982,25,27,17,20,15,0,31,21,26,31
483263,0,1,1982,11,0,0,0,0,0,0,0,0,0
483263,1,1,1982,0,0,8,0,0,0,0,17,15,8
483264,1,1,1982,26,25,21,15,17,7,26,25,8,18
483264,2,1,1982,11,15,11,20,14,0,19,23,21,6
483265,0,1,1982,0,14,0,0,0,0,0,24,6,15
483265,1,1,1982,0,0,0,0,15,10,18,0,18,11
483266,1,1,1982,0,0,0,11,18,0,0,0,0,22
483267,0,1,1982,0,12,24,21,42,13,14,8,14,3
483267,1,1,1982,17,0,14,0,0,11,21,25,21,12
483268,1,1,1982,13,10,0,0,0,0,12,0,0,0
483268,2,1,1982,15,23,32,34,27,24,22,20,0,23
483269,0,1,1982,15,13,21,14,19,6,26,10,0,4
483269,1,1,1982,0,0,0,0,0,0,0,15,18,8
483270,0,1,1982,31,20,16,4,18,30,13,40,0,17
483270,1,1,1982,0,22,0,15,11,0,0,27,14,0
483271,1,1,1982,19,15,17,31,17,36,9,0,24,11
483271,2,1,1982,20,6,0,15,14,0,14,12,0,26
483272,1,1,1982,0,0,21,0,0,18,0,4,0,17
483272,2,1,1982,0,0,0,0,0,0,0,0,15,0
483273,1,1,1982,7,18,30,24,17,30,25,31,3,12
483273,2,1,1982,0,0,0,0,0,0,0,0,13,13
483273,3,1,1982,0,0,11,0,0,0,0,0,0,0
483274,1,1,1982,0,0,0,15,0,0,0,0,18,0
483275,1,1,1982,26,25,12,13,38,19,33,14,0,22
483276,0,1,1982,0,0,24,0,0,0,0,0,18,0
483276,1,1,1982,28,21,23,0,12,6,13,19,7,36
483277,1,1,1982,19,0,0,0,0,27,0,0,0,0
483277,2,1,1982,0,18,0,0,0,13,0,0,0,0
483278,1,1,1982,17,23,13,23,13,10,0,15,0,21
483278,2,1,1982,14,0,0,20,10,16,0,0,16,23
483279,1,1,1982,23,14,12,29,8,5,16,21,21,9
483279,2,1,1982,13,7,13,13,18,0,14,34,0,12
483280,1,1,1982,16,0,0,0,0,0,0,0,0,0
483280,2,1,1982,0,0,0,0,0,0,0,0,0,0
483280,3,1,1982,0,0,0,0,12,0,0,0,0,0
483281,0,1,1982,0,0,0,0,0,0,0,0,0,0
483281,1,1,1982,12,0,0,0,0,19,0,0,2,13
483282,1,1,1982,22,0,20,0,0,0,11,0,0,0
483283,1,1,1982,15,29,22,21,17,35,29,30,0,20
483284,1,1,1982,26,12,14,18,17,30,25,27,6,18
483285,1,1,1982,0,0,16,20,9,10,5,10,3,11
483285,2,1,1982,32,16,0,0,0,0,0,13,14,0
483286,1,1,1982,0,14,0,0,11,0,0,0,0,0
483286,2,1,1982,14,0,12,8,24,25,14,18,17,28
483286,3,1,1982,0,0,0,0,0,0,0,0,0,0
483287,1,1,1982,14,0,10,19,19,6,0,21,0,18
483288,1,1,1982,0,0,0,0,0,0,0,0,0,0
483288,2,1,1982,0,0,0,0,0,0,0,0,0,0
483289,1,1,1982,0,0,0,12,0,0,0,0,0,0
483289,2,1,1982,15,0,0,0,0,0,0,0,11,0
483290,1,1,1982,0,0,0,0,0,0,0,0,16,18
483290,2,1,1982,0,0,0,0,0,18,0,0,0,0
483291,1,1,1982,33,17,7,14,35,15,25,20,13,20
483292,1,1,1982,12,12,12,12,12,12,12,12,12,12
483293,1,1,1982,4,18,22,18,9,14,29,34,18,26
483294,0,1,1982,0,0,0,0,0,0,0,0,0,0
483294,1,1,1982,0,0,0,16,0,0,0,0,14,11
483295,1,1,1982,0,0,7,0,0,16,0,20,0,0
483296,1,1,1982,0,19,16,0,12,20,0,22,29,33
483297,1,1,1982,0,0,0,0,0,0,0,0,0,0
483298,1,1,1982,0,6,0,0,0,0,0,0,0,50
483298,2,1,1982,0,0,5,0,24,0,0,0,0,23
483299,0,1,1982,0,0,0,0,0,0,12,13,19,0
483299,1,1,1982,26,0,9,9,9,0,6,0,24,0
483300,0,1,1982,36,0,12,0,7,0,11,9,0,0
483300,1,1,1982,13,0,10,0,0,5,0,0,14,37
483301,1,1,1982,0,0,5,0,17,0,0,11,0,0
483302,1,1,1982,0,0,0,0,0,0,0,0,0,0
483302,2,1,1982,0,20,0,0,30,0,5,0,16,0
483303,1,1,1982,0,13,0,0,25,29,0,21,11,0
483304,1,1,1982,9,0,0,0,8,0,3,0,2,17
483304,2,1,1982,0,0,0,0,0,0,0,0,0,0
483305,0,1,1982,0,0,0,16,0,0,0,0,0,0