ST_CASE,VEH_NO,PER_NO,YEAR,P1,P2,P3,P4,P5,P6,P7,P8,P9,P10
483305,1,1,1982,12,12,12,12,12,12,12,12,12,12
483306,0,1,1982,0,31,0,0,14,0,0,0,0,8
483306,1,1,1982,15,15,15,15,15,15,15,15,15,15
483307,1,1,1982,16,6,13,19,10,33,18,17,24,21
483307,2,1,1982,0,0,0,0,0,17,0,0,0,0
483308,1,1,1982,0,21,33,20,6,18,9,0,23,0
483309,1,1,1982,5,13,11,12,17,12,20,18,3,17
483310,1,1,1982,23,14,31,15,37,16,21,5,20,14
483311,1,1,1982,0,0,10,18,5,22,0,7,3,6
483313,1,1,1982,0,5,0,22,35,0,20,0,12,0
483314,0,1,1982,23,23,0,21,16,14,21,32,0,17
483314,1,1,1982,11,24,19,14,12,6,11,8,0,31
483315,0,1,1982,0,0,0,0,0,0,0,0,0,0
483315,1,1,1982,0,0,26,9,9,17,0,5,16,0
483316,1,1,1982,9,18,33,30,20,19,20,14,11,19
483317,0,1,1982,17,43,15,0,0,11,0,0,0,0
483317,1,1,1982,5,5,5,5,5,5,5,5,5,5
483318,0,1,1982,27,22,14,23,27,0,23,25,19,35
483318,1,1,1982,6,9,0,0,0,21,27,0,0,0
483319,0,1,1982,0,0,0,0,0,0,0,0,0,0
483319,1,1,1982,0,0,0,0,0,0,0,0,0,0
483320,0,1,1982,0,21,0,10,6,31,20,13,27,25
483320,1,1,1982,11,0,11,37,14,0,22,11,9,13
483321,1,1,1982,9,0,22,0,0,3,10,7,10,19
483322,1,1,1982,0,0,0,0,0,0,22,0,0,0
483322,2,1,1982,21,0,18,0,12,14,23,24,0,18
483323,1,1,1982,14,34,37,27,34,39,49,0,30,30
483324,0,1,1982,12,34,23,12,0,16,30,9,23,0
483324,1,1,1982,8,20,0,0,0,0,13,0,13,0
483325,1,1,1982,0,0,0,0,0,19,0,0,0,0
483326,1,1,1982,0,0,0,0,0,9,0,0,0,0
483326,2,1,1982,0,0,14,21,0,0,15,0,0,0
483327,1,1,1982,0,0,0,0,0,0,25,0,15,0
483328,0,1,1982,22,23,25,13,25,33,22,22,16,16
483328,1,1,1982,17,18,21,18,22,0,0,0,11,16
483329,1,1,1982,13,0,29,0,0,7,0,16,19,0
483330,1,1,1982,11,15,19,22,15,10,23,20,8,28
483331,1,1,1982,0,0,0,0,0,0,0,0,0,0
483332,1,1,1982,0,47,20,3,0,0,0,0,0,0
483332,2,1,1982,10,0,0,0,13,8,12,0,0,0
483333,1,1,1982,8,13,13,16,14,13,22,28,14,9
483334,1,1,1982,0,0,0,14,0,0,0,0,0,8
483335,0,1,1982,0,0,0,0,0,0,0,0,0,0
483335,1,1,1982,0,0,0,0,0,0,0,0,0,0
483336,1,1,1982,34,22,24,33,7,8,16,32,27,20
483336,2,1,1982,0,0,0,0,0,0,0,0,0,0
483337,0,1,1982,27,17,0,0,0,25,18,28,12,22
483337,1,1,1982,0,0,0,0,0,0,0,0,0,0
483338,1,1,1982,0,0,0,14,17,0,0,0,0,0
483338,2,1,1982,0,0,0,0,0,0,0,0,0,0
483339,1,1,1982,12,24,18,15,42,16,11,4,21,18
483339,2,1,1982,0,0,0,2,0,0,0,19,0,0
483340,1,1,1982,24,31,12,21,12,27,0,10,21,6
483340,2,1,1982,0,0,0,0,14,0,0,0,10,0
483340,3,1,1982,0,0,0,0,0,15,0,0,10,0
483341,1,1,1982,25,0,7,33,0,20,0,17,0,17
483342,1,1,1982,29,15,13,0,7,0,0,0,15,17
483343,1,1,1982,28,12,28,23,25,24,7,0,8,21
483344,0,1,1982,0,17,13,7,32,14,35,22,0,24
483344,1,1,1982,27,0,0,13,27,32,0,0,0,0
483345,0,1,1982,16,39,29,16,18,35,27,45,6,42
483345,1,1,1982,0,0,0,0,0,0,0,0,10,0
483346,1,1,1982,0,20,6,21,18,16,25,0,17,0
483347,1,1,1982,14,12,0,13,0,0,25,0,0,19
483347,2,1,1982,9,0,0,21,24,28,0,11,27,7
483348,1,1,1982,26,0,11,23,10,28,0,0,13,15
483349,0,1,1982,0,0,0,0,0,0,0,0,0,0
483349,1,1,1982,0,0,0,0,0,0,0,0,0,0
483350,0,1,1982,0,0,0,0,0,0,0,0,0,0
483350,1,1,1982,0,0,7,0,0,0,0,19,16,0
483351,1,1,1982,0,0,0,0,0,2,0,0,0,0
483351,2,1,1982,0,0,0,0,0,0,0,0,30,0
483352,1,1,1982,11,20,20,10,16,11,30,24,21,15
483353,1,1,1982,0,0,0,0,0,0,0,0,0,0
483354,0,1,1982,26,24,28,18,29,14,0,10,22,15
483354,1,1,1982,0,0,0,0,9,0,0,0,0,0
483355,0,1,1982,24,13,21,17,21,18,17,18,18,42
483355,0,2,1982,22,21,33,14,12,0,8,24,29,0
483355,1,1,1982,20,14,22,0,0,0,0,3,0,16
483356,1,1,1982,10,17,20,0,17,9,15,0,0,0
483357,1,1,1982,13,15,20,22,11,14,0,0,18,25
483358,0,1,1982,25,8,22,25,21,8,26,12,0,26
483358,1,1,1982,8,0,20,0,0,21,0,0,20,11
483359,1,1,1982,0,30,14,0,0,0,12,0,0,0
483359,2,1,1982,0,0,0,0,0,0,0,0,0,0
483360,1,1,1982,28,23,25,27,28,8,23,22,17,18
483360,2,1,1982,0,0,11,0,0,0,16,0,0,0
483361,1,1,1982,28,0,19,0,0,0,0,0,0,0
483361,2,1,1982,0,26,0,0,0,0,0,0,0,27
483362,0,1,1982,0,0,0,0,0,0,0,0,0,0
483362,1,1,1982,0,0,0,0,0,0,0,0,0,0
483363,1,1,1982,3,12,39,13,19,28,14,25,15,18
483364,1,1,1982,0,0,0,0,0,0,0,0,0,0
483364,2,1,1982,0,0,5,0,0,0,0,0,14,0
483365,1,1,1982,8,10,14,7,8,0,22,23,11,5
483366,1,1,1982,0,0,0,0,0,0,0,0,0,0
483366,2,1,1982,9,2,13,12,14,18,18,14,0,14
483367,1,1,1982,0,0,0,0,0,0,8,18,0,8
483367,2,1,1982,0,0,0,0,8,0,11,0,0,0
483368,1,1,1982,14,15,10,15,21,15,16,9,3,15
483368,2,1,1982,7,14,0,16,0,7,19,14,20,0
483369,1,1,1982,33,30,28,28,21,34,25,15,23,6
483370,1,1,1982,26,12,21,15,41,21,29,28,0,0
483371,1,1,1982,15,0,24,0,5,9,0,14,6,17
483371,2,1,1982,23,26,24,16,18,0,10,25,20,10
483372,1,1,1982,15,26,0,2,22,19,21,17,0,13
483373,1,1,1982,18,20,24,17,27,19,22,29,5,23
483373,2,1,1982,0,0,7,6,0,0,0,0,0,0
483374,1,1,1982,23,29,26,24,16,21,19,12,26,18
483375,1,1,1982,20,10,16,3,20,10,14,30,8,12
483376,1,1,1982,8,18,9,17,11,15,16,16,21,25
483377,1,1,1982,12,17,23,7,15,15,12,10,26,20
483378,0,1,1982,19,10,0,19,0,0,0,18,0,16
483378,1,1,1982,2,9,26,0,4,0,7,12,0,8
483379,1,1,1982,27,10,23,9,10,16,20,20,0,22
483380,1,1,1982,14,27,23,13,21,12,19,28,0,14
483381,1,1,1982,12,16,27,12,17,16,18,13,7,6
483382,1,1,1982,0,0,0,4,0,0,0,0,0,0
483382,2,1,1982,32,14,18,31,24,22,22,24,14,19
483383,0,1,1982,0,0,0,0,0,0,0,0,0,0
483383,1,1,1982,0,0,0,28,35,0,0,0,12,0
483384,1,1,1982,21,14,25,17,23,0,16,19,17,7
483385,0,1,1982,0,0,0,0,0,0,0,0,0,0
483385,1,1,1982,0,0,0,0,0,0,0,0,0,0
483386,0,1,1982,18,0,15,27,26,0,0,12,22,18
483386,1,1,1982,0,0,20,5,0,7,0,6,33,14
483387,1,1,1982,0,0,0,0,0,0,0,0,0,30
483387,2,1,1982,0,0,0,0,0,0,9,0,0,14
483388,1,1,1982,0,0,0,20,17,11,0,0,13,0
483389,1,1,1982,17,0,16,33,10,25,25,31,23,15
483390,1,1,1982,13,24,14,20,28,19,31,19,24,17
483391,1,1,1982,18,22,18,29,21,38,22,23,12,20
483392,1,1,1982,0,0,0,0,0,0,0,0,0,0
483392,2,1,1982,0,0,0,0,26,13,0,0,0,9
483393,1,1,1982,0,9,0,0,0,26,18,0,0,15
483394,1,1,1982,12,12,12,12,12,12,12,12,12,12
483394,2,1,1982,16,8,0,13,0,10,2,9,0,24
483395,1,1,1982,12,13,0,9,4,23,23,19,13,5
483396,1,1,1982,12,20,6,20,9,3,5,17,10,25
483396,2,1,1982,0,0,14,0,8,0,0,0,0,0
483397,0,1,1982,6,24,24,20,0,25,47,16,19,26
483398,1,1,1982,19,19,26,28,16,12,27,21,0,13
483399,1,1,1982,0,0,0,0,0,0,0,0,0,0
483399,2,1,1982,0,0,0,21,0,0,13,0,0,0
483400,1,1,1982,9,3,0,0,0,4,0,0,0,0
483401,1,1,1982,25,10,19,13,0,31,40,0,0,0
483402,1,1,1982,24,18,11,13,22,20,12,9,16,20
483403,0,1,1982,0,0,0,0,0,0,0,0,0,3
483403,1,1,1982,19,12,0,16,12,24,0,13,13,17
483404,1,1,1982,0,8,0,0,0,0,0,0,15,0
483404,2,1,1982,0,0,0,0,17,0,0,0,0,0
483405,0,1,1982,13,31,13,38,17,34,26,0,0,0
483405,1,1,1982,0,6,0,0,26,18,0,0,8,0
483406,1,1,1982,0,0,20,19,0,0,0,0,0,0
483407,1,1,1982,0,0,0,0,13,5,0,17,0,0
483407,2,1,1982,0,0,0,0,0,0,0,0,0,0
483408,1,1,1982,13,0,25,0,11,0,0,0,0,0
483408,2,1,1982,22,0,22,0,6,0,0,0,19,0
483409,1,1,1982,0,0,15,0,0,0,0,0,0,0
483409,2,1,1982,12,23,28,20,12,13,0,19,17,33
483410,1,1,1982,11,41,14,0,12,0,0,0,0,16
483410,2,1,1982,0,0,0,0,0,0,0,0,0,0
483411,0,1,1982,19,15,18,0,0,0,0,15,0,0
483411,0,2,1982,0,0,9,0,0,0,8,0,0,10
483411,0,3,1982,0,5,11,0,0,33,10,0,0,0
483411,1,1,1982,11,0,0,0,0,0,0,0,26,9
483412,0,1,1982,0,0,0,6,20,0,0,0,0,0
483412,1,1,1982,0,0,2,6,0,0,25,0,0,0
483413,0,1,1982,0,29,17,0,0,22,0,5,0,29
483413,1,1,1982,0,0,0,0,0,23,0,0,20,0
483414,0,1,1982,16,0,17,0,0,0,0,0,0,0
483414,1,1,1982,15,0,33,31,12,12,0,0,13,17
483415,1,1,1982,0,0,0,21,20,9,0,24,0,0
483415,2,1,1982,23,0,0,0,8,0,0,12,18,0
483416,1,1,1982,18,19,15,14,21,19,18,11,20,24
483417,1,1,1982,15,17,22,22,20,0,0,21,12,15
483418,1,1,1982,15,19,0,23,21,13,0,11,0,0
483419,1,1,1982,0,10,10,23,7,18,18,17,12,22
483419,2,1,1982,0,0,27,0,0,0,0,0,13,0
483420,1,1,1982,0,0,35,0,0,12,12,0,0,29
483421,1,1,1982,28,15,21,22,29,27,21,15,27,8
483422,1,1,1982,0,0,0,0,0,0,0,0,0,0
483423,0,1,1982,5,11,17,14,31,20,10,30,20,2
483423,1,1,1982,0,6,0,0,18,8,0,15,20,9
483424,1,1,1982,0,0,0,0,0,0,0,0,8,0
483425,1,1,1982,22,7,35,24,0,27,23,15,1,13
483426,1,1,1982,11,23,10,18,22,26,29,8,18,13
483427,0,1,1982,0,12,0,38,7,10,0,0,0,0
483427,1,1,1982,0,0,19,24,16,13,10,21,0,18
483428,1,1,1982,25,14,5,10,13,13,14,15,9,5
483429,1,1,1982,0,0,0,0,0,11,0,0,0,0
483429,2,1,1982,0,0,0,0,0,0,0,0,0,0
483430,1,1,1982,21,15,11,10,6,20,18,14,17,12
483430,2,1,1982,7,20,6,15,9,0,0,5,12,0
483431,0,1,1982,17,22,24,18,12,14,25,36,6,32
483431,1,1,1982,0,30,0,21,0,0,16,21,14,19
483432,0,1,1982,19,16,24,24,23,29,26,7,6,22
483432,1,1,1982,0,7,0,9,0,0,0,14,12,0
483433,1,1,1982,31,0,19,22,32,0,0,41,28,21
483434,1,1,1982,23,0,21,6,20,0,11,28,0,0
483435,1,1,1982,0,0,0,5,0,0,0,0,0,0
483435,2,1,1982,11,0,0,0,0,0,0,0,0,0
483436,1,1,1982,24,0,26,25,21,14,0,10,12,14
483436,2,1,1982,0,0,0,0,0,0,0,0,0,0
483437,1,1,1982,56,33,0,0,14,0,26,35,28,7
483438,0,1,1982,5,0,19,14,0,0,24,10,0,6
483438,1,1,1982,17,0,7,0,0,0,15,17,0,0
483439,1,1,1982,5,24,0,10,17,26,19,3,0,12
483440,1,1,1982,8,10,9,21,0,27,8,0,6,6
483441,0,1,1982,0,0,0,0,0,0,0,0,0,0
483441,1,1,1982,0,24,0,0,9,0,0,0,0,0
483442,1,1,1982,26,31,10,24,24,23,10,35,34,19
483443,1,1,1982,27,13,30,17,18,21,6,14,15,21
483444,1,1,1982,0,0,26,0,0,0,0,26,0,0
483445,0,1,1982,21,26,11,26,9,16,0,0,15,15
483445,1,1,1982,19,0,22,27,13,0,15,0,0,6
483446,1,1,1982,0,0,0,0,0,0,0,0,0,0
483446,2,1,1982,0,0,0,0,0,0,0,0,0,18
483447,1,1,1982,25,21,15,40,18,35,0,0,14,0
483447,2,1,1982,0,0,0,0,0,0,0,4,0,0
483448,1,1,1982,24,16,26,31,11,18,15,11,27,20
483449,1,1,1982,17,0,19,9,14,21,23,6,0,17
483450,1,1,1982,14,17,18,27,4,20,7,19,14,0
483451,0,1,1982,0,0,0,0,0,14,0,0,0,0
483451,1,1,1982,26,13,0,9,17,14,16,31,0,3
483452,1,1,1982,24,10,20,2,21,0,27,14,6,9
483453,1,1,1982,13,13,13,13,13,13,13,13,13,13
483453,2,1,1982,0,0,0,0,0,13,0,0,0,0
483454,1,1,1982,0,0,0,0,0,0,0,0,0,21
483454,2,1,1982,20,0,0,17,12,0,0,0,32,6
483455,1,1,1982,19,10,22,8,46,21,33,29,18,10
483456,1,1,1982,22,14,19,17,20,21,26,0,11,25
483457,1,1,1982,0,22,0,0,13,18,11,25,14,22
483458,0,1,1982,0,0,0,0,0,0,0,0,0,0
483458,1,1,1982,0,0,0,0,0,9,18,0,0,0
483459,0,1,1982,0,0,0,0,0,0,0,0,0,0
483459,1,1,1982,0,0,0,0,0,0,0,0,0,0
483460,1,1,1982,16,18,10,25,16,21,11,9,10,24
483461,0,1,1982,24,44,34,26,42,8,27,23,10,37
483461,1,1,1982,19,0,0,0,0,0,0,11,16,0
483462,1,1,1982,0,13,0,0,0,0,0,0,0,0
483462,2,1,1982,0,0,0,0,0,0,0,0,0,0
483463,0,1,1982,0,0,0,0,0,0,0,0,0,0
483463,1,1,1982,0,0,0,0,0,0,10,0,0,0
483464,1,1,1982,0,0,0,0,27,6,0,0,13,0
483464,2,1,1982,0,0,8,23,0,0,0,0,0,0
483465,0,1,1982,0,13,22,23,11,16,0,0,0,0
483465,1,1,1982,0,8,15,0,9,0,0,0,23,24
483466,1,1,1982,19,16,23,33,22,24,31,15,22,20
483466,2,1,1982,0,16,6,0,21,0,0,0,22,19
483467,1,1,1982,10,0,0,16,17,9,0,0,4,13
483468,1,1,1982,0,21,0,0,21,13,12,32,32,0
483468,2,1,1982,0,0,0,0,0,0,0,0,0,0
483469,1,1,1982,0,0,19,0,0,22,0,17,9,0
483470,1,1,1982,30,24,0,0,14,21,11,0,21,8
483470,2,1,1982,16,18,24,23,0,30,8,7,7,5
483471,1,1,1982,0,0,0,0,0,0,18,0,0,13
483471,2,1,1982,0,0,0,0,0,0,0,0,0,0
483472,1,1,1982,16,22,0,25,24,34,0,12,0,18
483473,1,1,1982,30,20,19,0,8,23,20,33,0,12
483474,1,1,1982,24,14,0,0,0,0,0,0,12,0
483474,2,1,1982,0,0,0,16,0,0,0,0,0,0
483475,1,1,1982,0,0,6,0,0,0,0,0,0,0
483475,2,1,1982,0,0,11,0,0,0,0,0,0,0
483476,1,1,1982,17,19,13,30,16,42,14,25,12,23
483477,1,1,1982,12,14,21,11,0,7,14,0,0,10
483478,1,1,1982,18,21,17,24,10,12,19,17,16,28
483479,1,1,1982,0,0,0,4,9,4,0,2,0,0
483479,2,1,1982,0,6,12,0,11,0,0,0,14,24
483480,1,1,1982,11,0,0,0,0,32,9,11,0,0
483481,0,1,1982,28,14,21,18,11,12,31,25,27,51
483481,1,1,1982,0,0,0,0,0,0,0,0,19,12
483482,1,1,1982,0,0,0,0,0,0,0,0,0,0
483482,2,1,1982,0,0,0,0,0,0,0,0,0,0
483483,0,1,1982,19,0,0,0,26,0,0,0,0,0
483483,1,1,1982,0,0,0,0,0,0,0,7,6,0
483484,0,1,1982,30,12,13,0,0,0,0,0,0,0
483484,1,1,1982,0,0,0,0,0,27,0,0,11,33
483485,1,1,1982,20,29,20,13,21,21,6,26,20,18
483485,2,1,1982,13,23,0,6,0,19,5,0,15,12
483486,1,1,1982,3,3,3,3,3,3,3,3,3,3
483486,2,1,1982,0,24,0,26,1,22,19,0,0,12
483487,0,1,1982,34,0,20,9,29,25,4,21,8,12
483487,1,1,1982,11,18,24,19,12,8,10,13,22,8
483488,0,1,1982,0,16,33,0,0,27,19,0,15,3
483488,2,1,1982,0,6,28,0,0,0,0,0,0,0
483489,1,1,1982,30,27,17,14,22,12,21,18,17,19
483490,1,1,1982,0,0,0,0,0,0,0,1,0,0
483490,2,1,1982,0,0,0,0,0,0,0,0,0,0
483491,1,1,1982,0,29,20,0,0,27,0,0,16,24
483492,1,1,1982,0,0,0,23,0,0,0,8,0,0
483492,2,1,1982,0,0,0,0,0,0,0,0,0,0
483493,1,1,1982,11,11,14,8,17,0,0,15,22,9
483494,1,1,1982,15,0,0,15,0,12,0,0,20,25
483494,2,1,1982,9,0,0,0,0,0,18,0,0,0
483495,1,1,1982,0,19,0,0,11,18,7,15,9,25
483496,1,1,1982,0,0,28,0,0,0,0,0,11,0
483496,2,1,1982,0,9,0,14,0,21,5,0,7,15
483497,1,1,1982,0,0,0,0,0,0,0,0,0,0
483497,2,1,1982,17,0,0,0,29,0,7,24,19,13
483498,1,1,1982,15,13,13,22,16,23,14,19,18,0
483498,2,1,1982,12,13,5,0,0,0,9,15,0,0
483499,1,1,1982,29,5,6,2,14,13,13,17,24,22
483500,1,1,1982,0,15,14,0,0,0,0,0,0,17
483500,2,1,1982,0,0,3,0,0,0,0,0,0,23
483501,1,1,1982,0,0,0,0,16,0,0,0,0,9
483501,2,1,1982,0,0,0,0,0,0,16,0,0,0
483502,1,1,1982,0,26,0,0,0,0,0,12,0,0
483503,1,1,1982,0,0,29,0,10,0,0,0,0,0
483504,1,1,1982,5,0,0,8,0,0,0,0,0,0
483504,2,1,1982,0,0,0,0,0,0,8,0,0,0
483504,3,1,1982,0,22,0,0,0,0,0,0,0,0
483505,1,1,1982,17,6,14,22,14,9,13,19,20,11
483505,2,1,1982,11,0,0,0,0,16,9,0,13,19
483506,0,1,1982,0,0,0,0,0,0,12,0,0,0
483506,1,1,1982,14,0,0,0,0,0,0,0,0,14
483507,1,1,1982,0,0,0,5,0,0,0,0,0,17
483507,2,1,1982,0,0,0,0,0,0,0,0,0,0
483508,1,1,1982,0,0,0,0,0,0,0,0,23,13
483508,2,1,1982,0,0,0,0,0,0,0,0,8,0
483509,1,1,1982,6,0,24,15,0,14,0,3,14,0
483510,0,1,1982,34,31,24,17,15,32,0,36,13,19
483510,1,1,1982,0,21,20,0,15,2,9,0,0,0
483511,1,1,1982,0,0,0,0,0,0,0,0,0,0
483511,2,1,1982,24,0,0,0,0,0,0,0,0,0
483512,1,1,1982,0,20,0,12,0,0,22,19,14,0
483512,2,1,1982,0,0,0,0,0,0,0,0,0,0
483513,1,1,1982,16,16,0,12,12,21,0,20,26,20
483513,2,1,1982,30,20,9,14,11,0,25,33,31,24
483514,1,1,1982,23,18,26,14,28,33,15,32,12,14
483515,0,1,1982,15,0,16,13,18,9,22,0,13,26
483515,1,1,1982,0,5,7,20,10,21,16,0,0,22
483516,1,1,1982,24,0,0,27,26,15,19,12,18,20
483517,0,1,1982,14,36,36,46,29,24,0,0,16,15
483517,1,1,1982,12,0,22,15,10,0,0,18,0,0
483518,1,1,1982,0,23,15,17,19,0,17,0,16,0
483518,2,1,1982,4,9,0,14,3,0,10,7,0,13
483519,1,1,1982,0,0,0,25,0,0,31,0,15,13
483520,1,1,1982,0,0,0,0,0,0,0,0,0,0
483520,2,1,1982,0,11,0,0,7,0,21,0,0,0
483521,1,1,1982,31,12,13,0,12,25,24,23,11,12
483521,2,1,1982,0,18,14,0,14,0,0,14,0,0
483522,1,1,1982,0,0,0,0,0,8,17,0,0,0
483522,2,1,1982,0,0,0,0,0,0,4,0,0,0
483523,0,1,1982,0,0,0,0,0,0,0,0,0,0
483523,1,1,1982,13,0,0,0,22,0,0,0,0,20
483524,1,1,1982,24,0,11,21,0,26,25,0,10,19
483525,1,1,1982,0,0,0,0,0,0,0,0,0,0
483525,2,1,1982,0,0,7,0,10,0,0,0,0,0
483526,1,1,1982,22,0,17,10,0,11,24,6,0,0
483527,1,1,1982,23,10,15,16,25,12,17,13,12,17
483528,1,1,1982,4,19,31,19,0,19,27,19,24,36
483529,1,1,1982,0,22,31,37,23,0,26,25,33,16
483530,1,1,1982,11,22,10,20,0,10,24,20,15,10
483530,2,1,1982,19,0,8,0,15,9,22,20,0,0
483531,1,1,1982,0,0,0,0,0,0,0,0,0,22
483532,1,1,1982,16,0,19,0,14,19,10,0,23,15
483533,1,1,1982,0,0,0,11,0,0,0,0,8,8
483533,2,1,1982,22,0,0,0,0,0,0,0,0,30
483534,1,1,1982,0,0,0,0,0,0,0,0,7,0
483534,2,1,1982,13,0,0,0,0,15,0,19,4,0
483534,3,1,1982,0,0,0,0,0,0,0,0,0,0
483535,0,1,1982,0,0,15,18,0,0,0,0,23,7
483535,1,1,1982,10,0,0,0,7,0,0,0,0,16
483536,0,1,1982,0,0,0,0,0,0,0,0,0,0
483536,1,1,1982,0,9,0,0,0,0,0,0,0,0
483537,1,1,1982,0,0,0,0,0,0,0,0,0,0
483537,2,1,1982,16,15,22,10,14,19,17,36,12,31
483538,1,1,1982,0,20,0,0,20,0,0,3,0,0
483538,2,1,1982,10,7,14,13,24,0,0,20,0,14
483539,1,1,1982,21,9,15,14,0,12,14,12,22,20
483540,1,1,1982,6,10,15,6,21,11,8,23,7,8
483540,2,1,1982,15,0,15,20,21,9,20,0,0,14
483541,1,1,1982,9,24,29,18,19,0,12,22,25,32
483542,1,1,1982,0,0,0,0,0,0,10,18,3,0
483542,2,1,1982,0,0,0,0,0,0,0,0,0,0
483543,1,1,1982,11,11,11,11,11,11,11,11,11,11
483544,1,1,1982,6,7,14,0,14,0,0,0,18,12
483544,2,1,1982,11,20,9,11,15,16,4,5,13,19
483545,1,1,1982,0,0,12,0,11,0,0,14,0,24
483545,2,1,1982,0,12,0,14,0,6,0,7,11,0
483546,1,1,1982,2,0,0,0,29,0,13,8,9,5
483547,1,1,1982,16,10,17,16,3,32,17,7,10,0
483547,2,1,1982,0,14,18,7,0,10,0,10,0,0
483548,1,1,1982,13,16,30,14,20,14,26,13,15,19
483549,1,1,1982,0,0,0,0,0,0,18,0,0,0
483549,2,1,1982,0,6,0,0,0,0,0,0,0,12
483550,0,1,1982,0,0,0,0,17,18,0,0,0,0
483550,1,1,1982,3,9,0,0,0,0,0,0,0,11
483551,1,1,1982,24,15,0,0,0,19,0,20,0,0
483552,1,1,1982,0,0,0,0,0,0,0,0,0,0
483552,2,1,1982,8,0,0,0,0,25,0,0,0,0
483553,1,1,1982,0,0,0,0,0,0,19,12,0,0
483554,1,1,1982,0,0,16,0,0,0,0,12,0,0
483554,2,1,1982,11,3,20,2,10,10,15,15,18,14
483555,1,1,1982,15,25,0,20,0,22,24,3,0,0
483555,2,1,1982,7,3,0,15,0,19,0,8,0,0
483556,1,1,1982,0,0,0,0,0,0,0,0,0,0
483556,2,1,1982,0,0,0,0,0,0,0,0,0,0
483557,1,1,1982,0,14,28,2,10,22,0,8,0,8
483558,1,1,1982,0,0,0,0,0,0,0,12,0,0
483558,2,1,1982,0,0,0,0,11,0,0,5,0,0
483559,1,1,1982,18,18,18,18,18,18,18,18,18,18
483560,1,1,1982,0,15,14,9,19,24,19,16,12,19
483560,2,1,1982,14,33,6,9,9,18,15,0,21,35
483561,1,1,1982,0,0,23,0,0,0,0,0,0,0
483562,1,1,1982,18,9,11,27,0,19,15,18,0,21
483563,0,1,1982,25,16,23,0,16,24,23,27,16,25
483563,1,1,1982,0,0,0,0,5,0,0,0,0,0
483564,1,1,1982,15,0,0,0,0,0,0,0,0,15
483565,1,1,1982,0,0,17,0,0,13,0,0,0,0
483565,2,1,1982,0,24,0,0,0,0,0,0,0,0
483566,1,1,1982,0,0,0,0,0,0,0,0,0,0
483566,2,1,1982,0,0,0,0,0,0,0,0,0,0
483567,1,1,1982,0,10,0,17,8,0,9,10,0,16
483568,1,1,1982,0,0,16,0,0,0,10,12,0,0
483568,2,1,1982,0,0,13,0,0,0,0,16,5,0
483568,3,1,1982,0,0,0,0,19,0,9,0,19,7
483569,1,1,1982,11,7,16,0,0,12,12,13,26,15
483570,1,1,1982,28,7,0,15,18,31,27,29,29,9
483571,0,1,1982,24,25,22,11,4,40,8,9,27,24
483571,1,1,1982,0,0,0,0,11,0,0,12,0,13
483572,1,1,1982,0,15,0,14,25,23,12,16,0,21
483573,0,1,1982,29,20,28,13,29,11,10,23,14,35
483573,1,1,1982,0,0,0,0,0,0,0,8,0,0
483574,1,1,1982,0,15,0,0,0,8,0,0,12,12
483574,2,1,1982,0,14,0,8,0,18,0,0,0,8
483575,1,1,1982,31,16,33,24,0,0,14,9,0,11
483576,1,1,1982,12,28,0,0,0,0,19,29,0,0
483576,2,1,1982,9,0,0,0,0,0,0,0,0,0
483577,1,1,1982,15,9,14,9,14,0,0,18,5,17
483578,1,1,1982,0,0,0,11,0,0,0,0,0,0
483578,2,1,1982,0,0,0,0,0,0,0,0,0,0
483579,1,1,1982,0,0,0,9,0,0,0,0,0,0
483579,2,1,1982,0,0,0,0,0,0,0,0,0,0
483580,1,1,1982,11,0,21,7,0,14,22,22,32,19
483581,0,4,1982,23,0,16,0,39,23,0,15,0,0
483581,0,5,1982,25,9,11,0,0,17,0,18,0,25
483581,0,6,1982,17,23,12,15,17,14,28,25,0,20
483581,1,1,1982,0,0,8,0,0,0,0,0,0,0
483582,1,1,1982,0,0,0,25,13,0,0,17,0,21
483582,2,1,1982,0,20,13,10,13,22,19,0,28,11
483583,1,1,1982,0,10,0,0,33,10,0,0,13,24
483584,1,1,1982,9,9,9,9,9,9,9,9,9,9
483585,1,1,1982,0,0,0,0,0,0,0,16,0,0
483585,2,1,1982,0,0,15,0,0,0,0,0,0,0
483586,1,1,1982,13,13,30,0,10,26,31,19,14,10
483587,1,1,1982,0,0,0,0,0,0,11,0,0,0
483587,2,1,1982,0,0,5,0,0,0,0,0,0,0
483588,1,1,1982,0,0,25,0,0,24,0,7,39,0
483588,2,1,1982,0,0,0,0,0,0,0,17,0,10
483589,1,1,1982,0,0,0,0,0,0,0,0,0,0
483589,2,1,1982,0,0,0,0,0,0,0,0,18,0
483590,1,1,1982,25,11,0,0,0,0,24,36,13,0
483591,1,1,1982,28,13,0,13,20,10,18,0,24,14
483591,2,1,1982,9,0,0,0,0,0,0,0,0,0