ST_CASE,VEH_NO,PER_NO,YEAR,P1,P2,P3,P4,P5,P6,P7,P8,P9,P10
483592,1,1,1982,0,0,0,0,0,0,0,0,0,0
483592,2,1,1982,0,0,33,19,18,0,0,0,16,17
483593,1,1,1982,0,0,0,15,0,0,0,0,0,0
483593,2,1,1982,0,0,0,0,0,0,0,0,0,0
483594,1,1,1982,17,27,30,15,20,15,23,27,22,23
483595,1,1,1982,0,0,0,0,0,0,0,0,0,7
483595,2,1,1982,0,0,0,0,0,0,18,0,0,0
483595,3,1,1982,0,0,0,0,0,14,0,0,0,0
483596,0,1,1982,0,0,0,0,0,0,0,0,0,0
483596,1,1,1982,30,0,0,0,0,0,15,0,0,0
483597,1,1,1982,9,0,20,18,0,0,0,0,0,0
483597,2,1,1982,0,0,0,0,0,0,0,0,0,0
483598,0,1,1982,0,0,0,0,0,0,0,0,0,0
483598,1,1,1982,0,0,0,16,0,10,0,12,14,0
483599,0,1,1982,3,18,18,0,0,18,0,0,0,0
483599,1,1,1982,0,0,0,0,0,0,0,0,0,0
483600,1,1,1982,19,22,30,10,18,13,15,19,19,19
483601,1,1,1982,0,0,0,0,0,0,0,0,0,0
483601,2,1,1982,0,12,0,0,0,0,0,0,0,0
483602,1,1,1982,31,20,15,22,30,7,9,16,17,34
483602,2,1,1982,10,14,20,41,20,8,17,26,16,16
483603,1,1,1982,20,12,7,13,21,22,7,21,11,18
483604,1,1,1982,0,0,0,0,0,0,0,0,0,0
483604,2,1,1982,0,0,0,0,0,0,0,0,25,0
483605,1,1,1982,5,0,0,0,19,0,13,0,3,17
483606,1,1,1982,20,0,18,17,24,21,22,11,31,0
483607,1,1,1982,12,26,20,0,20,20,0,22,34,18
483607,2,1,1982,5,0,0,1,7,0,24,0,6,0
483608,1,1,1982,0,0,9,13,0,0,12,0,11,27
483609,1,1,1982,9,8,20,22,4,27,13,21,22,10
483609,2,1,1982,13,18,14,21,24,5,20,8,13,38
483610,1,1,1982,0,0,0,0,0,0,0,0,0,0
483610,2,1,1982,0,11,10,0,11,15,0,0,0,0
483611,1,1,1982,0,0,0,0,8,0,0,0,0,0
483612,1,1,1982,8,19,26,6,9,22,22,19,15,18
483613,1,1,1982,0,8,0,0,9,0,0,0,0,0
483613,2,1,1982,7,0,12,0,0,0,0,18,0,0
483614,0,1,1982,30,30,30,30,30,30,30,30,30,30
483614,1,1,1982,29,0,0,0,14,15,12,0,0,5
483615,0,1,1982,0,35,0,3,0,0,6,6,32,16
483615,1,1,1982,0,0,15,39,0,0,0,0,0,0
483616,0,1,1982,15,0,0,0,0,0,0,20,0,0
483616,1,1,1982,0,0,0,0,0,20,0,18,11,18
483617,0,1,1982,0,0,0,0,0,0,0,26,0,0
483617,1,1,1982,0,0,0,0,0,0,0,0,0,0
483618,1,1,1982,27,0,13,8,13,14,3,18,11,31
483619,1,1,1982,0,0,0,0,0,0,4,0,0,0
483619,2,1,1982,0,0,0,0,0,0,0,0,0,0
483620,0,1,1982,7,0,0,0,0,0,0,0,0,0
483620,1,1,1982,0,14,0,0,0,15,0,0,0,0
483621,1,1,1982,20,15,0,0,16,20,26,7,33,0
483622,1,1,1982,12,12,12,12,12,12,12,12,12,12
483622,2,1,1982,0,13,8,0,12,0,0,0,3,14
483623,1,1,1982,6,16,36,16,20,17,11,7,15,3
483623,2,1,1982,6,0,0,0,0,0,0,0,0,0
483624,1,1,1982,4,18,16,16,23,17,43,29,14,29
483624,2,1,1982,9,0,0,0,14,0,0,0,11,0
483625,1,1,1982,14,26,21,17,18,26,26,38,13,36
483625,2,1,1982,0,0,0,0,16,0,0,0,14,0
483626,0,1,1982,39,31,30,10,0,15,0,21,0,0
483626,1,1,1982,0,12,19,7,13,0,0,0,28,17
483627,0,1,1982,0,20,0,27,13,31,25,0,18,0
483627,1,1,1982,22,24,0,0,0,11,14,14,17,0
483628,1,1,1982,2,22,7,0,17,13,21,21,6,0
483629,1,1,1982,0,33,0,0,0,0,0,0,0,0
483630,1,1,1982,6,4,0,0,0,0,5,0,0,0
483630,2,1,1982,0,0,0,0,0,17,0,0,0,0
483631,1,1,1982,0,14,0,0,0,8,0,29,0,0
483632,1,1,1982,44,8,30,17,33,11,13,25,16,4
483633,1,1,1982,12,2,9,15,0,12,21,17,0,9
483634,1,1,1982,0,0,0,0,28,0,0,28,0,0
483635,0,1,1982,0,0,0,0,0,0,0,0,0,0
483635,1,1,1982,18,17,0,17,0,0,16,8,0,0
483636,1,1,1982,21,0,0,19,24,0,0,0,0,10
483637,1,1,1982,0,0,0,0,0,0,0,0,10,0
483637,2,1,1982,0,0,0,0,0,0,15,0,0,0
483638,0,1,1982,27,11,16,0,0,0,14,29,15,22
483638,1,1,1982,0,17,0,0,0,0,0,0,0,0
483639,1,1,1982,14,20,0,15,15,9,0,23,10,23
483640,1,1,1982,26,16,17,9,7,23,13,11,0,22
483640,2,1,1982,5,9,3,16,14,19,19,14,8,14
483641,1,1,1982,0,6,0,0,0,0,0,0,0,0
483641,2,1,1982,0,4,0,3,0,0,0,0,0,0
483642,1,1,1982,7,18,0,15,25,14,5,11,17,0
483643,0,1,1982,19,22,28,25,27,19,15,17,34,20
483643,1,1,1982,7,0,0,0,0,7,26,0,20,0
483644,0,1,1982,20,7,23,11,0,36,0,0,0,0
483644,0,2,1982,0,0,0,0,0,0,16,13,0,3
483644,1,1,1982,9,9,7,15,0,0,27,0,6,8
483645,1,1,1982,20,16,12,16,28,16,15,20,12,14
483646,1,1,1982,11,26,0,0,22,0,0,7,24,0
483647,1,1,1982,0,0,0,0,0,0,8,0,0,0
483648,1,1,1982,0,0,0,9,0,0,14,0,17,0
483648,2,1,1982,0,14,0,0,0,0,0,0,0,0
483649,1,1,1982,19,0,0,0,25,0,0,19,0,5
483650,0,1,1982,11,0,3,13,8,0,19,0,0,0
483650,1,1,1982,0,0,16,7,0,0,0,5,18,24
483651,1,1,1982,0,0,0,0,0,0,0,0,0,0
483651,2,1,1982,0,0,0,6,0,0,0,0,0,0
483652,1,1,1982,23,7,12,18,4,4,17,7,13,8
483653,0,1,1982,0,0,0,0,0,0,9,0,0,23
483653,1,1,1982,5,5,5,5,5,5,5,5,5,5
483654,0,1,1982,0,0,0,0,0,0,0,0,0,0
483654,1,1,1982,0,0,0,0,0,0,0,0,0,0
483655,1,1,1982,16,6,15,0,0,19,0,10,0,0
483656,1,1,1982,4,12,24,17,0,18,0,14,0,15
483657,1,1,1982,0,9,0,5,11,0,0,0,0,0
483657,2,1,1982,0,0,0,0,0,4,0,11,22,0
483658,0,1,1982,0,0,0,0,0,0,0,0,0,0
483658,1,1,1982,0,0,0,0,9,0,0,0,0,0
483659,0,1,1982,11,0,0,0,0,0,0,22,0,15
483659,1,1,1982,0,17,0,0,0,0,0,0,0,12
483660,0,1,1982,12,27,14,0,0,0,6,20,13,0
483660,1,1,1982,0,0,0,0,0,0,0,0,0,4
483661,1,1,1982,9,15,2,0,18,11,15,0,12,9
483662,1,1,1982,33,33,33,33,33,33,33,33,33,33
483662,2,1,1982,0,0,0,0,10,6,0,8,0,0
483663,1,1,1982,0,0,0,22,0,0,0,0,0,0
483664,1,1,1982,25,19,17,18,3,10,10,29,10,10
483664,2,1,1982,10,13,7,0,10,0,0,0,0,0
483665,1,1,1982,30,0,0,0,0,0,0,0,0,0
483666,1,1,1982,4,19,19,22,0,10,4,18,14,10
483666,2,1,1982,0,0,0,14,0,5,0,10,0,0
483667,1,1,1982,16,11,23,0,6,32,29,33,34,4
483668,1,1,1982,0,0,25,0,0,0,0,0,23,11
483669,1,1,1982,0,20,16,0,9,16,28,24,27,0
483670,0,1,1982,0,0,23,0,0,15,0,20,22,13
483670,1,1,1982,0,0,0,0,0,0,0,9,0,2
483671,1,1,1982,0,0,0,0,0,0,0,12,0,0
483672,1,1,1982,23,0,12,8,7,13,2,0,0,0
483672,2,1,1982,35,22,0,0,0,21,0,0,0,11
483673,1,1,1982,25,0,14,15,0,22,0,17,14,24
483674,1,1,1982,0,0,0,0,10,0,10,0,0,2
483674,2,1,1982,0,0,0,0,0,0,0,10,2,0
483675,1,1,1982,0,0,0,0,0,0,0,0,0,0
483675,2,1,1982,16,7,12,17,26,17,12,10,0,27
483676,1,1,1982,0,15,22,0,0,0,20,0,9,0
483677,1,1,1982,9,0,0,0,0,16,0,25,0,0
483677,2,1,1982,0,0,0,0,0,0,12,0,0,0
483678,1,1,1982,13,22,14,0,35,11,9,28,11,26
483679,0,1,1982,0,0,23,25,0,19,23,29,0,34
483679,1,1,1982,0,0,0,0,16,0,0,13,0,13
483680,1,1,1982,6,6,18,0,15,23,21,28,22,25
483681,1,1,1982,0,0,0,0,0,0,0,0,0,0
483681,2,1,1982,0,0,0,0,7,0,7,22,0,0
483682,0,1,1982,0,33,0,0,0,10,0,0,15,0
483682,1,1,1982,4,12,21,25,11,8,0,18,8,27
483683,0,1,1982,21,12,28,26,25,19,38,21,11,24
483683,1,1,1982,20,0,13,0,0,0,0,0,0,0
483684,1,1,1982,0,20,8,0,0,0,0,39,13,0
483684,2,1,1982,30,8,0,0,0,0,0,0,0,0
483685,1,1,1982,0,0,0,12,19,22,11,0,29,14
483685,2,1,1982,12,0,2,0,0,0,0,0,0,0
483686,1,1,1982,11,18,0,6,31,23,36,0,22,16
483687,1,1,1982,0,0,0,0,0,15,0,0,0,0
483687,2,1,1982,0,0,0,0,0,0,0,0,0,0
483688,1,1,1982,0,0,0,0,0,0,0,19,16,0
483688,2,1,1982,28,0,4,0,0,0,0,0,0,0
483689,0,1,1982,22,26,7,9,25,0,15,19,30,19
483689,1,1,1982,17,10,0,10,8,20,0,0,20,31
483690,1,1,1982,0,0,0,0,0,0,7,0,0,28
483691,1,1,1982,0,0,0,0,0,0,0,0,0,0
483691,2,1,1982,0,0,0,0,0,0,0,0,0,0
483692,1,1,1982,0,0,0,0,0,0,0,0,0,0
483693,1,1,1982,30,0,0,0,17,0,22,0,17,13
483694,1,1,1982,0,20,24,16,0,44,17,28,32,12
483695,0,1,1982,0,0,0,20,23,0,5,0,18,0
483695,1,1,1982,0,0,0,0,0,0,0,0,0,0
483696,0,1,1982,0,20,23,2,0,0,5,0,0,28
483696,1,1,1982,0,0,0,0,0,0,0,0,0,6
483697,1,1,1982,0,0,0,0,0,0,0,0,0,0
483697,2,1,1982,0,0,0,0,0,0,18,0,0,0
483698,0,1,1982,20,25,14,4,14,23,20,9,26,29
483698,1,1,1982,13,20,23,13,0,0,0,0,0,20
483699,1,1,1982,0,0,0,10,0,7,0,0,0,0
483699,2,1,1982,0,0,0,31,25,0,0,31,19,19
483700,1,1,1982,0,0,0,0,0,16,0,0,0,0
483700,2,1,1982,0,0,0,0,0,0,0,0,0,8
483701,1,1,1982,0,0,5,12,0,0,22,0,0,0
483701,2,1,1982,0,0,0,0,0,0,0,0,0,0
483702,0,1,1982,17,27,0,33,30,15,19,8,37,39
483702,1,1,1982,0,0,28,0,0,7,0,0,25,7
483703,0,1,1982,23,4,8,23,0,20,22,23,19,10
483703,1,1,1982,0,14,3,5,17,0,19,16,20,16
483704,1,1,1982,0,0,0,0,0,0,0,0,0,0
483705,0,1,1982,27,28,7,32,16,18,15,16,6,9
483705,1,1,1982,0,0,0,0,0,0,0,25,0,7
483706,0,1,1982,0,0,0,0,0,0,0,0,0,0
483706,1,1,1982,0,0,0,0,0,0,0,0,0,0
490001,1,1,1982,0,0,0,0,5,0,0,0,0,0
490001,2,1,1982,0,0,0,0,0,0,0,0,0,0
490002,1,1,1982,0,0,0,0,0,0,0,0,0,0
490002,2,1,1982,0,0,0,0,0,0,0,0,0,0
490004,1,1,1982,0,0,0,0,0,0,0,0,0,0
490004,2,1,1982,0,0,0,0,0,0,0,0,0,0
490005,1,1,1982,0,0,0,0,0,0,0,0,0,0
490005,2,1,1982,0,0,0,0,0,0,0,0,0,0
490005,3,1,1982,0,0,0,0,0,0,0,0,0,0
490006,1,1,1982,0,0,0,0,0,0,0,0,0,0
490006,2,1,1982,0,0,0,0,0,0,0,0,0,0
490007,1,1,1982,0,0,0,0,0,0,0,0,0,0
490007,2,1,1982,0,0,0,0,0,0,0,0,0,0
490008,1,1,1982,0,0,0,0,0,0,0,0,0,0
490008,2,1,1982,0,0,0,0,0,0,0,0,0,0
490009,1,1,1982,22,22,22,22,22,22,22,22,22,22
490010,0,1,1982,0,0,0,0,0,0,0,0,0,0
490010,1,1,1982,19,19,19,19,19,19,19,19,19,19
490011,1,1,1982,0,0,0,0,0,0,0,0,0,0
490011,2,1,1982,0,0,0,0,0,0,0,0,0,0
490012,1,1,1982,2,2,2,2,2,2,2,2,2,2
490013,1,1,1982,0,0,2,0,0,20,0,4,0,3
490014,1,1,1982,14,14,14,14,14,14,14,14,14,14
490015,1,1,1982,0,0,0,0,0,0,0,0,0,0
490015,2,1,1982,0,0,0,0,0,0,0,0,0,0
490016,1,1,1982,10,10,10,10,10,10,10,10,10,10
490016,2,1,1982,3,3,3,3,3,3,3,3,3,3
490017,0,1,1982,28,28,28,28,28,28,28,28,28,28
490017,1,1,1982,0,0,0,0,0,0,0,0,0,0
490018,0,1,1982,0,0,0,0,0,0,0,0,0,0
490018,1,1,1982,0,0,0,0,0,0,0,0,0,0
490019,0,1,1982,0,0,0,0,0,0,0,0,0,0
490019,1,1,1982,0,0,0,0,0,0,0,0,0,0
490020,1,1,1982,0,0,0,0,0,0,0,0,0,0
490020,2,1,1982,0,0,0,0,0,0,0,0,0,0
490021,1,1,1982,16,23,13,13,0,8,0,0,24,22
490022,1,1,1982,0,0,0,0,0,0,0,0,0,0
490023,1,1,1982,0,0,0,0,0,0,0,0,0,0
490024,1,1,1982,19,19,19,19,19,19,19,19,19,19
490025,1,1,1982,17,17,17,17,17,17,17,17,17,17
490026,1,1,1982,0,0,0,0,0,0,0,0,0,0
490026,2,1,1982,0,0,0,0,0,0,0,0,0,0
490027,1,1,1982,0,0,0,0,0,0,0,0,0,0
490028,1,1,1982,0,0,0,0,0,0,0,0,0,0
490029,1,1,1982,0,0,0,0,0,0,0,0,0,0
490030,1,1,1982,0,0,0,0,0,0,0,0,0,0
490030,2,1,1982,0,0,0,0,0,0,0,0,0,0
490031,0,1,1982,0,0,0,0,9,0,0,0,0,0
490031,0,2,1982,0,0,7,0,10,0,12,0,0,0
490031,0,3,1982,0,0,0,19,0,0,0,0,0,9
490031,1,1,1982,0,0,0,0,0,0,0,0,0,4
490033,1,1,1982,19,19,19,19,19,19,19,19,19,19
490034,1,1,1982,0,0,0,0,0,0,0,0,0,0
490034,2,1,1982,0,0,0,0,0,0,0,0,0,0
490036,1,1,1982,7,7,7,7,7,7,7,7,7,7
490036,2,1,1982,0,0,0,0,0,0,0,0,0,0
490037,1,1,1982,0,0,0,0,0,0,0,0,0,0
490037,2,1,1982,0,0,0,0,0,0,0,0,0,0
490038,1,1,1982,0,0,0,0,0,0,0,0,0,0
490038,2,1,1982,2,2,2,2,2,2,2,2,2,2
490038,3,1,1982,8,0,0,4,0,0,0,0,0,0
490038,4,1,1982,0,0,0,0,0,0,0,24,0,0
490039,1,1,1982,26,26,26,26,26,26,26,26,26,26
490040,1,1,1982,0,0,0,0,0,0,0,28,0,13
490040,2,1,1982,0,0,11,0,0,0,0,0,0,0
490041,1,1,1982,16,16,16,16,16,16,16,16,16,16
490041,2,1,1982,20,20,20,20,20,20,20,20,20,20
490042,1,1,1982,11,11,11,11,11,11,11,11,11,11
490042,2,1,1982,7,7,7,7,7,7,7,7,7,7
490043,1,1,1982,14,14,14,14,14,14,14,14,14,14
490044,1,1,1982,13,13,13,13,13,13,13,13,13,13
490045,1,1,1982,0,0,0,0,0,0,0,0,0,0
490046,1,1,1982,10,10,10,10,10,10,10,10,10,10
490047,1,1,1982,0,0,0,0,0,0,0,0,0,0
490047,2,1,1982,0,0,0,0,0,0,0,0,0,0
490048,0,1,1982,0,0,0,0,0,0,0,0,0,0
490048,0,2,1982,0,10,0,0,0,0,0,0,0,24
490048,1,1,1982,5,5,5,5,5,5,5,5,5,5
490049,1,1,1982,0,0,0,0,0,0,0,0,0,0
490049,2,1,1982,25,25,25,25,25,25,25,25,25,25
490049,3,1,1982,0,0,0,0,0,0,0,0,0,0
490050,1,1,1982,14,14,12,29,14,24,15,27,19,11
490051,1,1,1982,0,0,0,0,0,0,0,0,0,0
490051,2,1,1982,0,0,0,0,0,0,0,0,0,0
490052,1,1,1982,0,0,0,0,0,0,0,0,0,0
490053,1,1,1982,14,14,14,14,14,14,14,14,14,14
490054,1,1,1982,0,0,0,0,0,6,0,0,0,0
490054,2,1,1982,0,0,0,8,0,0,0,0,0,0
490055,0,1,1982,25,25,25,25,25,25,25,25,25,25
490055,1,1,1982,0,0,0,0,0,0,0,0,0,0
490056,1,1,1982,19,19,19,19,19,19,19,19,19,19
490057,0,1,1982,0,0,0,0,0,0,0,0,0,0
490057,0,2,1982,0,0,0,0,0,0,0,0,0,0
490057,1,1,1982,18,18,18,18,18,18,18,18,18,18
490058,1,1,1982,17,17,17,17,17,17,17,17,17,17
490058,2,1,1982,9,9,9,9,9,9,9,9,9,9
490059,0,1,1982,0,0,0,0,0,0,0,0,0,0
490059,1,1,1982,0,0,0,0,0,0,0,0,0,0
490060,1,1,1982,0,0,0,0,0,0,0,0,0,0
490060,2,1,1982,0,0,0,0,0,0,0,0,0,0
490061,1,1,1982,23,23,23,23,23,23,23,23,23,23
490061,2,1,1982,0,0,0,0,0,0,0,0,0,0
490062,1,1,1982,0,0,0,0,0,0,0,0,0,0
490063,0,1,1982,0,0,0,0,0,0,0,0,0,0
490063,1,1,1982,0,0,0,0,0,0,0,0,0,0
490064,0,1,1982,0,0,0,0,0,0,0,0,0,0
490064,1,1,1982,0,0,0,0,0,0,0,0,0,0
490065,1,1,1982,0,0,0,0,0,0,0,0,0,0
490066,0,1,1982,17,17,17,17,17,17,17,17,17,17
490066,1,1,1982,7,7,7,7,7,7,7,7,7,7
490067,1,1,1982,0,0,0,0,0,0,0,0,0,0
490069,1,1,1982,0,0,0,0,0,0,0,0,0,0
490070,1,1,1982,14,14,14,14,14,14,14,14,14,14
490071,1,1,1982,0,0,0,0,0,0,0,0,0,0
490072,1,1,1982,0,0,0,0,0,0,0,0,0,0
490073,1,1,1982,14,14,14,14,14,14,14,14,14,14
490073,2,1,1982,0,0,0,0,0,0,0,0,0,0
490074,1,1,1982,13,13,13,13,13,13,13,13,13,13
490075,1,1,1982,0,0,0,0,0,0,0,0,0,0
490075,2,1,1982,0,0,0,0,0,0,0,0,0,0
490076,1,1,1982,0,0,0,0,0,0,0,0,0,0
490076,2,1,1982,0,0,0,0,0,0,0,0,0,0
490077,1,1,1982,29,0,29,14,17,41,9,5,21,25
490078,1,1,1982,14,14,14,14,14,14,14,14,14,14
490078,2,1,1982,8,8,8,8,8,8,8,8,8,8
490079,1,1,1982,0,0,0,0,0,0,0,0,0,0
490080,1,1,1982,0,0,0,0,0,0,0,0,0,0
490081,1,1,1982,0,0,0,0,0,0,0,0,0,0
490082,1,1,1982,0,0,0,0,0,0,0,0,0,0
490082,2,1,1982,0,0,0,0,0,0,0,0,0,0
490083,0,1,1982,0,0,0,0,0,0,0,0,0,0
490083,1,1,1982,1,1,1,1,1,1,1,1,1,1
490084,1,1,1982,0,0,0,0,0,0,0,0,0,0
490085,1,1,1982,0,0,0,0,0,0,0,0,0,0
490085,2,1,1982,0,0,0,0,0,0,0,0,0,0
490086,1,1,1982,11,11,11,11,11,11,11,11,11,11
490086,2,1,1982,6,6,6,6,6,6,6,6,6,6
490087,1,1,1982,0,0,0,0,0,0,0,0,0,0
490088,1,1,1982,0,0,0,0,0,0,0,0,0,0
490088,2,1,1982,0,0,0,0,0,0,0,0,0,0
490089,1,1,1982,19,19,19,19,19,19,19,19,19,19
490090,1,1,1982,0,0,0,0,0,0,0,0,0,0
490091,1,1,1982,0,0,0,0,0,0,0,0,0,0
490092,1,1,1982,7,7,7,7,7,7,7,7,7,7
490093,1,1,1982,11,11,11,11,11,11,11,11,11,11
490094,0,1,1982,20,20,20,20,20,20,20,20,20,20
490094,1,1,1982,0,0,0,0,0,0,0,9,0,0
490095,1,1,1982,11,11,11,11,11,11,11,11,11,11
490096,1,1,1982,0,0,0,0,0,0,0,0,0,18
490096,2,1,1982,0,0,0,0,0,0,0,0,0,0
490097,1,1,1982,0,0,0,0,9,0,0,0,0,0
490098,2,1,1982,0,0,0,0,0,0,0,0,0,0
490099,1,1,1982,0,0,0,0,0,0,0,0,0,0
490099,2,1,1982,0,0,0,0,0,0,0,0,0,0
490100,1,1,1982,30,30,30,30,30,30,30,30,30,30
490100,2,1,1982,0,0,0,0,0,0,0,0,0,0
490102,1,3,1982,0,0,0,0,0,0,0,0,0,0
490103,1,1,1982,16,16,16,16,16,16,16,16,16,16
490104,1,1,1982,15,15,15,15,15,15,15,15,15,15
490105,1,1,1982,0,0,0,0,0,0,0,0,0,0
490106,1,1,1982,0,0,0,0,0,0,0,0,0,0
490107,1,1,1982,15,15,15,15,15,15,15,15,15,15
490108,1,1,1982,0,0,0,0,0,0,0,0,0,0
490108,2,1,1982,0,0,0,0,0,0,0,0,0,0
490108,3,1,1982,0,0,0,0,0,0,0,0,0,0
490109,1,1,1982,0,0,0,0,0,0,0,0,0,0
490109,2,1,1982,0,0,0,0,0,0,0,0,0,0
490110,0,1,1982,0,0,0,0,0,0,0,0,0,0
490110,1,1,1982,0,0,0,0,0,0,6,0,0,0
490111,1,1,1982,0,0,0,0,0,0,0,0,0,0
490111,2,1,1982,0,0,0,0,0,0,0,0,0,0
490112,1,1,1982,0,0,0,0,0,0,0,0,0,0
490113,1,1,1982,7,7,7,7,7,7,7,7,7,7
490113,2,1,1982,0,0,0,0,0,0,0,0,0,0
490114,1,1,1982,12,12,12,12,12,12,12,12,12,12
490115,1,1,1982,0,0,0,0,0,0,0,0,0,0
490115,2,1,1982,0,0,0,0,0,0,0,0,0,0
490116,0,1,1982,27,27,27,27,27,27,27,27,27,27
490116,0,2,1982,32,32,32,32,32,32,32,32,32,32
490116,1,1,1982,0,0,0,0,16,0,10,0,0,0
490117,1,1,1982,11,11,11,11,11,11,11,11,11,11
490118,1,1,1982,25,25,25,25,25,25,25,25,25,25
490119,1,1,1982,0,0,0,0,0,0,0,0,0,0
490119,2,1,1982,0,0,0,0,0,0,0,0,0,0
490120,1,1,1982,0,0,0,0,0,0,0,0,0,0
490120,2,1,1982,0,0,0,0,0,0,0,0,0,0
490121,1,1,1982,0,0,0,0,0,0,0,0,0,0
490122,1,1,1982,0,0,0,0,0,0,0,0,0,0
490122,2,1,1982,0,0,0,0,0,0,0,0,0,0
490123,0,1,1982,0,0,0,0,0,0,0,0,0,0
490123,1,1,1982,0,0,11,0,0,0,0,0,0,0
490124,1,1,1982,0,0,0,0,5,0,0,0,0,0
490125,1,1,1982,0,0,0,26,0,0,0,0,0,0
490125,2,1,1982,0,0,0,0,0,0,0,0,0,0
490127,1,1,1982,0,0,0,0,0,0,0,0,0,0
490128,1,1,1982,0,0,0,0,0,0,0,0,0,0
490130,1,1,1982,0,0,0,0,0,0,0,0,0,0
490130,2,1,1982,6,0,0,0,0,0,0,0,0,0
490131,1,1,1982,0,0,0,0,0,0,0,0,0,0
490132,1,1,1982,0,0,0,0,0,0,0,0,0,0
490134,1,1,1982,0,0,0,0,0,0,0,0,0,0
490135,1,1,1982,0,0,0,0,0,0,0,0,0,0
490135,2,1,1982,0,0,0,0,0,0,0,0,0,0
490135,3,1,1982,0,0,0,0,0,0,0,0,0,0
490136,1,1,1982,24,24,24,24,24,24,24,24,24,24
490137,1,1,1982,5,5,5,5,5,5,5,5,5,5
490137,2,1,1982,5,5,5,5,5,5,5,5,5,5
490138,1,1,1982,0,0,0,0,0,0,0,0,0,0
490140,1,1,1982,0,0,0,0,0,0,0,0,0,0
490140,2,1,1982,0,0,0,0,0,0,0,0,0,0
490141,1,1,1982,0,0,0,0,0,0,0,0,0,0
490141,2,1,1982,0,0,0,0,0,0,0,0,0,0
490143,1,1,1982,8,8,8,8,8,8,8,8,8,8
490143,2,1,1982,0,23,16,10,14,15,7,6,25,18
490144,1,1,1982,0,0,0,0,0,0,0,7,0,0
490144,2,1,1982,0,0,0,0,0,0,0,0,0,0
490145,1,1,1982,0,0,0,0,9,0,0,0,0,0
490146,1,1,1982,0,0,0,0,0,0,0,0,0,0
490147,1,1,1982,0,0,0,0,0,0,0,0,0,0
490147,2,1,1982,0,0,0,0,0,0,0,0,0,0
490148,1,1,1982,7,7,7,7,7,7,7,7,7,7
490149,1,1,1982,0,0,0,0,0,0,0,0,0,0
490149,2,1,1982,28,28,28,28,28,28,28,28,28,28
490150,1,1,1982,14,16,18,0,20,24,4,12,12,11
490151,1,1,1982,0,0,0,0,0,0,0,0,0,0
490151,2,1,1982,0,0,19,0,0,0,0,0,19,0
490152,1,1,1982,0,0,0,0,0,0,0,0,0,0
490153,1,1,1982,0,0,0,0,0,0,0,0,0,0
490153,2,1,1982,12,12,12,12,12,12,12,12,12,12
490154,1,1,1982,17,17,17,17,17,17,17,17,17,17
490155,1,2,1982,0,0,0,0,0,0,0,0,0,0
490156,1,1,1982,21,29,7,25,20,34,0,0,0,10
490157,1,1,1982,14,0,0,0,0,0,0,0,0,0
490158,1,1,1982,13,13,13,13,13,13,13,13,13,13
490158,2,1,1982,0,0,0,0,0,0,0,0,0,0
490159,1,1,1982,17,17,17,17,17,17,17,17,17,17
490160,1,1,1982,22,15,0,0,18,0,0,0,0,0
490161,0,1,1982,0,0,0,0,0,12,21,0,20,25
490161,1,1,1982,0,0,0,0,0,0,0,0,0,0
490162,1,1,1982,15,15,15,15,15,15,15,15,15,15
490163,1,1,1982,14,14,14,14,14,14,14,14,14,14
490164,1,1,1982,0,0,0,0,0,0,0,0,0,0
490165,1,1,1982,28,28,28,28,28,28,28,28,28,28
490165,2,1,1982,7,0,0,0,0,0,0,0,0,0
490166,0,1,1982,0,0,0,0,0,0,0,0,0,0
490166,1,1,1982,0,0,0,0,0,0,0,0,0,0
490167,1,1,1982,25,25,25,25,25,25,25,25,25,25
490168,1,1,1982,0,0,0,0,0,0,0,0,0,0
490169,1,1,1982,13,13,13,13,13,13,13,13,13,13
490169,2,1,1982,0,0,0,0,0,0,0,0,8,0
490170,1,1,1982,0,0,0,0,0,7,0,0,0,0
490170,2,1,1982,0,0,0,0,0,0,0,0,0,0
490171,0,1,1982,0,0,0,0,0,0,0,0,0,0
490171,0,2,1982,0,0,0,0,0,0,0,0,0,0
490171,0,3,1982,0,0,0,0,0,0,0,0,0,0
490171,0,4,1982,0,0,0,0,9,0,0,0,0,0
490171,1,1,1982,22,22,22,22,22,22,22,22,22,22
490172,1,1,1982,9,9,9,9,9,9,9,9,9,9
490173,1,1,1982,0,0,0,0,0,0,0,0,0,0
490173,2,1,1982,0,0,0,0,0,0,0,0,0,0
490174,1,1,1982,0,0,0,0,0,0,0,16,13,25
490175,1,1,1982,17,17,17,17,17,17,17,17,17,17
490176,1,1,1982,27,27,27,27,27,27,27,27,27,27
490177,1,1,1982,17,17,17,17,17,17,17,17,17,17
490177,2,1,1982,0,16,10,0,0,0,0,0,0,0
490178,1,1,1982,30,30,30,30,30,30,30,30,30,30
490179,0,1,1982,0,0,0,0,0,0,0,0,0,0
490179,1,1,1982,0,0,0,0,0,0,0,0,0,0
490180,1,1,1982,11,11,11,11,11,11,11,11,11,11
490181,1,1,1982,0,0,0,0,0,0,0,0,0,0
490181,2,1,1982,0,0,0,0,0,0,0,0,0,0
490181,3,1,1982,0,0,0,0,0,0,0,0,0,0
490182,1,1,1982,10,0,0,0,0,0,0,0,0,0
490182,2,1,1982,0,0,0,0,0,0,0,0,0,0
490182,3,1,1982,0,0,0,0,0,0,0,0,0,0
490183,1,1,1982,0,0,0,0,0,0,0,0,0,0
490183,2,1,1982,0,0,0,0,0,0,0,0,0,0
490183,3,1,1982,0,0,0,0,0,4,0,0,0,0
490184,1,1,1982,0,0,0,0,0,0,0,0,0,0
490184,2,1,1982,0,0,0,0,0,0,0,0,0,0
490185,1,1,1982,0,17,0,0,25,14,0,7,0,2
490186,1,1,1982,0,0,0,0,0,0,0,0,0,0