ST_CASE,VEH_NO,PER_NO,YEAR,P1,P2,P3,P4,P5,P6,P7,P8,P9,P10
490186,2,1,1982,0,0,29,19,0,0,0,0,0,0
490187,1,1,1982,0,0,0,0,0,0,0,0,0,0
490187,2,1,1982,0,0,0,0,0,0,0,0,0,0
490188,1,1,1982,2,2,2,2,2,2,2,2,2,2
490188,2,1,1982,22,22,22,22,22,22,22,22,22,22
490189,0,1,1982,0,0,0,0,0,0,0,0,0,0
490189,1,1,1982,0,0,0,0,0,0,0,0,0,0
490190,0,1,1982,0,0,0,0,0,0,0,0,0,0
490190,1,1,1982,0,0,0,0,0,0,0,0,0,0
490191,0,1,1982,0,0,0,0,0,0,0,0,0,0
490191,1,1,1982,0,0,0,0,0,0,0,0,0,0
490192,0,1,1982,0,0,0,0,0,0,0,0,0,0
490192,1,1,1982,0,0,0,0,0,0,0,0,0,0
490193,1,1,1982,0,0,0,0,0,0,0,0,0,0
490193,2,1,1982,0,0,0,0,0,0,0,0,0,0
490194,1,1,1982,0,0,0,0,0,0,0,0,0,0
490194,2,1,1982,0,0,0,0,0,0,0,0,0,0
490195,0,1,1982,0,0,0,0,0,0,0,0,0,0
490195,1,1,1982,0,0,0,0,0,0,0,0,0,0
490196,1,1,1982,10,10,10,10,10,10,10,10,10,10
490197,0,1,1982,0,0,0,0,0,0,0,0,0,0
490197,1,1,1982,0,0,0,0,0,0,0,0,0,0
490198,1,1,1982,0,0,0,0,0,0,0,0,0,0
490199,1,1,1982,12,12,12,12,12,12,12,12,12,12
490200,1,1,1982,22,22,22,22,22,22,22,22,22,22
490201,1,1,1982,0,0,0,0,0,0,0,0,0,0
490201,2,1,1982,0,0,0,0,0,0,0,0,0,0
490202,1,1,1982,8,21,20,0,0,0,0,0,0,0
490202,2,1,1982,0,0,0,0,0,0,0,0,14,8
490203,0,1,1982,0,31,13,0,0,0,0,0,0,0
490203,1,1,1982,0,0,0,0,0,0,0,0,0,0
490204,1,1,1982,0,0,0,0,0,0,0,0,0,0
490205,0,1,1982,0,0,0,0,0,0,0,0,0,0
490205,1,1,1982,0,0,0,0,0,0,0,0,0,0
490206,1,1,1982,0,0,0,0,0,0,0,0,0,0
490207,1,1,1982,0,0,0,0,0,0,0,0,0,0
490207,2,1,1982,0,7,1,9,0,0,0,0,0,0
490208,1,1,1982,0,0,18,0,0,0,0,0,0,0
490209,1,1,1982,0,0,0,0,0,0,0,0,0,0
490210,1,1,1982,5,0,0,0,3,0,0,0,3,0
490210,2,1,1982,0,0,0,0,0,0,0,0,0,0
490211,1,1,1982,0,0,0,0,0,0,0,0,0,0
490211,2,1,1982,22,22,22,22,22,22,22,22,22,22
490212,1,1,1982,0,0,0,0,0,0,0,0,0,0
490213,0,1,1982,0,0,0,0,0,0,0,0,0,0
490213,1,1,1982,0,0,0,0,0,0,0,0,0,0
490214,1,1,1982,0,0,0,0,0,0,0,0,0,0
490214,2,1,1982,0,0,0,0,0,0,0,0,0,0
490215,1,1,1982,0,0,0,0,0,0,0,0,0,0
490216,1,1,1982,0,0,0,0,0,0,0,0,0,0
490216,2,1,1982,0,0,0,0,0,0,0,0,0,0
490217,1,1,1982,21,21,21,21,21,21,21,21,21,21
490218,1,1,1982,0,0,0,0,0,0,0,0,0,0
490219,1,1,1982,0,0,0,0,0,0,0,0,0,0
490220,1,1,1982,0,0,0,14,0,0,0,0,0,0
490220,2,1,1982,0,0,0,0,0,0,0,0,0,0
490221,0,1,1982,0,0,0,0,0,0,0,0,0,0
490221,1,1,1982,0,0,0,0,0,0,0,0,0,0
490222,1,1,1982,0,0,0,0,0,0,0,0,0,0
490223,1,1,1982,14,14,14,14,14,14,14,14,14,14
490224,0,1,1982,20,20,20,20,20,20,20,20,20,20
490224,1,1,1982,0,0,0,0,0,0,0,0,0,0
490224,2,1,1982,0,0,0,0,0,0,0,0,0,0
490224,3,1,1982,0,0,0,0,0,0,0,0,0,0
490225,1,1,1982,20,0,0,12,0,0,0,0,18,0
490226,0,1,1982,0,0,0,0,0,0,0,0,0,0
490226,1,1,1982,11,11,11,11,11,11,11,11,11,11
490227,1,1,1982,0,0,0,0,0,0,0,0,0,0
490227,2,1,1982,0,0,0,0,0,0,0,0,0,0
490228,0,1,1982,0,0,0,0,0,0,0,0,0,0
490228,1,1,1982,0,0,0,0,0,0,0,0,0,0
490229,1,1,1982,0,0,0,0,0,0,0,0,0,0
490229,2,1,1982,0,0,0,0,0,0,0,0,0,0
490230,1,1,1982,0,0,0,0,0,0,0,0,0,0
490230,2,1,1982,0,0,0,0,0,0,0,0,0,0
490230,3,1,1982,0,0,0,20,0,12,0,0,0,0
490231,1,1,1982,0,0,0,0,0,0,0,0,0,0
490232,0,1,1982,0,0,0,0,35,0,14,6,0,10
490232,1,1,1982,19,19,19,19,19,19,19,19,19,19
490233,1,1,1982,0,0,13,0,0,0,0,8,0,0
490234,1,1,1982,17,17,17,17,17,17,17,17,17,17
490234,2,1,1982,0,0,0,0,0,0,0,0,0,0
490235,1,1,1982,18,18,18,18,18,18,18,18,18,18
490236,1,1,1982,0,0,0,0,0,0,0,0,0,0
490237,0,1,1982,0,0,0,0,26,0,0,28,0,0
490237,0,2,1982,0,26,0,0,0,11,11,0,0,0
490237,1,1,1982,0,0,0,0,0,0,0,0,0,0
490238,1,1,1982,0,0,0,0,0,0,0,0,0,0
490239,1,1,1982,25,25,25,25,25,25,25,25,25,25
490239,2,1,1982,0,0,0,0,0,0,0,0,0,0
490240,1,1,1982,12,12,12,12,12,12,12,12,12,12
490241,1,1,1982,12,12,12,12,12,12,12,12,12,12
490242,1,1,1982,0,0,0,0,0,0,0,0,0,0
490243,1,1,1982,26,26,26,26,26,26,26,26,26,26
490243,2,1,1982,0,0,0,0,0,0,0,0,0,0
490244,1,1,1982,0,0,0,0,0,0,0,0,0,0
490244,2,1,1982,0,0,0,0,0,0,0,0,0,0
490244,3,1,1982,0,0,0,0,0,0,0,0,0,0
490245,1,1,1982,0,0,0,0,0,0,0,0,0,0
490245,2,1,1982,0,0,0,0,0,0,0,0,0,0
490246,1,1,1982,0,0,0,0,0,0,0,0,0,0
490246,2,1,1982,0,0,0,0,0,0,0,0,0,0
490246,3,1,1982,0,0,0,0,0,0,0,0,0,0
490247,0,1,1982,0,0,0,0,0,0,0,0,0,0
490247,1,1,1982,0,0,0,0,0,0,0,0,0,0
490248,0,1,1982,38,38,38,38,38,38,38,38,38,38
490248,1,1,1982,0,0,0,0,0,0,0,0,0,0
490249,1,1,1982,0,0,0,0,0,0,0,0,0,0
490250,1,1,1982,0,0,0,0,0,0,0,0,0,0
490251,1,1,1982,0,0,0,0,0,0,0,0,0,0
490252,1,1,1982,0,0,0,0,0,0,0,0,0,0
490253,1,1,1982,23,23,23,23,23,23,23,23,23,23
490254,1,1,1982,9,18,14,10,30,16,4,8,13,13
490255,0,1,1982,23,23,23,23,23,23,23,23,23,23
490255,1,1,1982,0,0,0,0,8,16,0,0,0,0
490256,1,1,1982,0,0,0,0,0,0,0,0,0,0
490256,2,1,1982,0,0,0,0,0,0,0,0,0,0
490257,0,1,1982,5,5,5,5,5,5,5,5,5,5
490257,1,1,1982,5,5,5,5,5,5,5,5,5,5
490258,1,1,1982,0,0,0,0,0,0,0,0,0,0
490258,2,1,1982,0,0,0,0,0,0,0,0,0,0
490259,1,1,1982,0,0,0,0,0,0,0,0,0,0
490260,1,1,1982,0,0,0,0,0,0,0,0,0,0
490260,2,1,1982,0,9,0,0,0,0,0,0,0,0
490261,1,1,1982,0,0,0,0,0,0,0,0,0,0
490261,2,1,1982,29,29,29,29,29,29,29,29,29,29
490262,1,1,1982,27,27,27,27,27,27,27,27,27,27
490262,2,1,1982,0,0,0,0,0,0,0,0,0,0
490263,1,1,1982,0,0,0,0,0,0,0,0,0,0
490264,0,1,1982,0,0,0,0,0,0,0,0,0,0
490264,1,1,1982,6,6,6,6,6,6,6,6,6,6
490265,0,1,1982,10,10,10,10,10,10,10,10,10,10
490265,1,1,1982,0,0,0,0,0,0,0,0,0,0
490266,1,1,1982,24,24,24,24,24,24,24,24,24,24
490267,0,1,1982,0,0,0,0,0,0,0,0,0,0
490267,1,1,1982,0,0,0,0,0,0,0,0,0,0
490268,1,1,1982,0,0,0,0,0,0,0,0,0,0
490269,0,1,1982,0,0,0,0,0,0,0,0,0,0
490269,1,1,1982,0,0,0,0,0,0,0,0,0,0
490270,0,1,1982,0,22,0,0,0,0,0,0,0,0
490270,1,1,1982,0,0,0,0,0,0,0,0,0,0
490271,1,1,1982,0,0,0,0,0,0,0,0,0,0
490271,2,1,1982,0,0,0,0,0,0,0,0,0,0
490272,1,1,1982,0,0,0,0,0,0,0,0,0,0
490273,1,1,1982,13,13,13,13,13,13,13,13,13,13
500001,1,1,1982,18,18,18,18,18,18,18,18,18,18
500001,2,1,1982,0,0,0,0,0,0,0,0,0,0
500002,1,1,1982,5,5,5,5,5,5,5,5,5,5
500002,2,1,1982,0,0,0,0,0,0,0,0,0,0
500003,0,1,1982,0,0,0,0,0,0,0,0,0,0
500003,0,2,1982,7,7,7,7,7,7,7,7,7,7
500003,0,3,1982,12,0,18,19,22,6,22,20,0,6
500003,1,1,1982,0,0,0,0,0,0,0,0,0,0
500003,2,1,1982,19,12,0,0,0,0,0,25,0,0
500004,0,1,1982,0,0,0,0,0,0,0,0,0,0
500004,1,1,1982,0,0,28,7,0,28,7,0,19,19
500005,1,1,1982,0,0,0,0,0,0,0,0,0,0
500006,1,1,1982,20,20,20,20,20,20,20,20,20,20
500006,2,1,1982,0,19,7,17,0,0,28,0,0,0
500007,1,1,1982,0,0,0,0,0,0,0,0,0,0
500007,2,1,1982,10,6,13,0,10,11,18,17,13,5
500008,1,1,1982,14,14,14,14,14,14,14,14,14,14
500009,1,1,1982,0,0,0,0,0,0,0,0,0,0
500009,2,1,1982,0,0,0,0,0,0,0,0,0,0
500010,0,1,1982,0,0,0,0,0,0,0,24,0,0
500010,1,1,1982,9,9,9,9,9,9,9,9,9,9
500011,1,1,1982,14,16,11,18,26,11,8,6,0,19
500012,1,1,1982,14,14,14,14,14,14,14,14,14,14
500013,1,1,1982,0,0,0,0,0,0,0,0,0,0
500013,2,1,1982,21,21,21,21,21,21,21,21,21,21
500014,1,1,1982,1,1,1,1,1,1,1,1,1,1
500015,1,1,1982,0,0,0,0,0,0,0,0,0,0
500015,2,1,1982,0,0,0,0,0,0,0,0,0,0
500016,1,1,1982,21,21,21,21,21,21,21,21,21,21
500016,2,1,1982,0,0,0,0,0,0,0,0,0,0
500017,1,1,1982,1,1,1,1,1,1,1,1,1,1
500017,2,1,1982,0,0,0,0,0,0,0,0,0,0
500018,1,1,1982,0,0,0,0,0,0,0,0,0,0
500018,2,1,1982,0,0,0,0,0,0,0,0,0,0
500019,1,1,1982,0,0,0,0,0,0,0,0,0,0
500020,1,1,1982,31,31,31,31,31,31,31,31,31,31
500022,1,1,1982,0,0,0,0,0,0,0,0,0,0
500023,1,1,1982,10,10,10,10,10,10,10,10,10,10
500024,1,1,1982,2,2,2,2,2,2,2,2,2,2
500024,2,1,1982,0,0,0,0,0,0,0,0,0,0
500025,1,1,1982,7,7,7,7,7,7,7,7,7,7
500026,1,1,1982,34,34,34,34,34,34,34,34,34,34
500026,2,1,1982,0,0,0,0,0,0,0,0,0,0
500027,1,1,1982,10,10,10,10,10,10,10,10,10,10
500028,1,1,1982,0,7,0,0,0,0,0,0,0,0
500029,1,1,1982,15,15,15,15,15,15,15,15,15,15
500030,1,1,1982,24,24,24,24,24,24,24,24,24,24
500030,2,1,1982,2,2,2,2,2,2,2,2,2,2
500031,1,1,1982,8,8,8,8,8,8,8,8,8,8
500032,1,1,1982,0,0,0,0,0,0,0,0,0,0
500033,1,1,1982,0,0,0,0,0,0,0,0,0,0
500033,2,1,1982,0,0,0,0,0,0,0,0,0,0
500034,1,1,1982,0,13,0,0,0,0,0,0,0,14
500035,1,1,1982,0,0,0,0,0,0,0,0,0,0
500036,1,1,1982,0,0,0,0,0,0,0,0,0,0
500037,1,1,1982,11,11,11,11,11,11,11,11,11,11
500037,2,1,1982,12,12,12,12,12,12,12,12,12,12
500038,1,1,1982,0,0,0,0,0,0,0,0,0,0
500039,1,1,1982,0,0,0,0,0,0,0,0,0,0
500040,1,1,1982,0,0,0,0,0,0,0,0,0,0
500041,0,1,1982,0,0,0,0,0,0,0,0,0,0
500041,1,1,1982,0,13,16,7,0,0,0,23,0,0
500042,1,1,1982,16,16,16,16,16,16,16,16,16,16
500043,1,1,1982,0,0,0,0,0,0,0,0,0,0
500043,2,1,1982,8,8,8,8,8,8,8,8,8,8
500044,1,1,1982,22,0,26,20,11,14,14,0,19,9
500044,2,1,1982,0,0,0,0,0,0,0,0,0,0
500045,1,1,1982,16,16,16,16,16,16,16,16,16,16
500046,0,1,1982,12,12,12,12,12,12,12,12,12,12
500046,1,1,1982,0,0,0,0,0,0,0,0,0,0
500047,1,1,1982,26,26,26,26,26,26,26,26,26,26
500047,2,1,1982,0,0,0,0,0,0,0,0,0,9
500048,1,1,1982,10,10,10,10,10,10,10,10,10,10
500049,1,1,1982,0,0,0,0,0,0,0,0,0,0
500049,2,1,1982,0,0,0,0,0,0,0,0,0,0
500050,1,1,1982,0,0,7,0,0,0,5,0,0,12
500051,0,1,1982,25,25,25,25,25,25,25,25,25,25
500051,1,1,1982,0,0,28,42,26,0,0,8,0,0
500052,1,1,1982,15,15,15,15,15,15,15,15,15,15
500053,1,1,1982,64,64,64,64,64,64,64,64,64,64
500054,1,1,1982,0,0,0,0,0,0,14,0,0,0
500055,0,1,1982,12,34,8,0,0,24,0,8,0,18
500055,0,2,1982,0,0,12,4,14,5,27,18,15,30
500055,1,1,1982,0,0,0,0,0,0,0,0,0,0
500056,1,1,1982,30,30,30,30,30,30,30,30,30,30
500057,1,1,1982,15,15,15,15,15,15,15,15,15,15
500057,2,1,1982,0,0,0,0,0,10,0,0,0,0
500057,3,1,1982,2,2,2,2,2,2,2,2,2,2
500057,4,1,1982,0,0,0,0,0,0,0,0,0,0
500058,1,1,1982,1,1,1,1,1,1,1,1,1,1
500059,1,1,1982,0,0,0,0,24,0,0,0,18,0
500059,2,1,1982,0,0,0,0,0,0,0,0,0,0
500060,1,1,1982,0,0,0,0,0,0,0,0,0,0
500061,1,1,1982,0,0,0,0,0,0,0,0,0,0
500062,1,1,1982,0,0,0,0,0,0,0,0,0,0
500063,0,1,1982,0,0,0,0,0,0,0,0,0,0
500063,1,1,1982,0,0,0,0,0,0,0,0,0,0
500064,1,1,1982,0,0,0,19,0,0,11,0,0,0
500064,2,1,1982,0,0,0,0,0,0,0,0,0,0
500065,0,1,1982,0,0,0,0,0,0,0,0,0,0
500065,0,2,1982,0,0,0,0,0,0,0,0,0,0
500065,1,1,1982,15,0,0,12,0,0,0,0,0,0
500066,1,1,1982,12,14,9,7,26,18,0,18,4,29
500067,1,1,1982,0,0,0,0,0,0,0,0,0,0
500068,1,1,1982,12,5,17,16,17,16,15,0,15,26
500069,0,1,1982,25,25,25,25,25,25,25,25,25,25
500070,1,1,1982,10,10,10,10,10,10,10,10,10,10
500071,1,1,1982,12,21,10,24,9,15,22,10,25,25
500072,1,1,1982,35,35,35,35,35,35,35,35,35,35
500073,1,1,1982,6,6,6,6,6,6,6,6,6,6
500074,1,1,1982,20,20,20,20,20,20,20,20,20,20
500075,1,1,1982,7,7,7,7,7,7,7,7,7,7
500076,0,1,1982,0,0,0,0,0,0,0,0,0,0
500076,1,1,1982,0,0,0,0,0,0,0,0,0,0
500077,1,1,1982,0,0,0,0,0,23,0,0,0,0
500078,1,1,1982,11,11,11,11,11,11,11,11,11,11
500079,1,1,1982,0,0,0,0,0,0,0,0,0,0
500080,1,1,1982,0,0,0,0,0,0,0,0,0,0
500080,2,1,1982,0,0,0,0,0,0,0,0,0,0
500081,0,1,1982,0,0,0,0,0,0,0,0,0,0
500081,1,1,1982,0,0,0,0,0,0,0,0,0,0
500082,1,1,1982,4,4,4,4,4,4,4,4,4,4
500083,1,1,1982,35,35,35,35,35,35,35,35,35,35
500084,1,1,1982,26,26,26,26,26,26,26,26,26,26
500085,1,1,1982,14,14,14,14,14,14,14,14,14,14
500086,1,1,1982,0,0,0,0,0,0,0,0,0,0
500086,2,1,1982,0,0,0,0,0,0,0,0,0,0
500087,0,1,1982,22,22,22,22,22,22,22,22,22,22
500087,1,1,1982,0,0,0,0,0,0,0,0,0,0
500088,0,1,1982,22,22,22,22,22,22,22,22,22,22
500088,1,1,1982,10,10,10,10,10,10,10,10,10,10
500089,0,1,1982,0,0,0,0,0,0,0,0,0,0
500089,1,1,1982,0,0,0,0,0,0,0,0,0,0
500090,1,1,1982,17,17,17,17,17,17,17,17,17,17
500090,2,1,1982,0,0,0,0,0,0,0,0,0,0
500091,1,1,1982,0,0,0,0,0,0,0,0,0,0
500091,2,1,1982,0,0,0,0,0,0,0,0,0,0
500092,0,1,1982,0,0,0,0,0,0,0,0,0,0
500092,1,1,1982,14,14,14,14,14,14,14,14,14,14
500093,1,1,1982,0,0,0,26,0,0,0,0,0,0
500093,2,1,1982,0,0,0,0,0,0,0,0,0,0
510001,0,1,1982,21,21,21,21,21,21,21,21,21,21
510001,1,1,1982,0,0,0,0,0,7,7,0,0,0
510002,1,1,1982,3,8,11,4,9,13,9,20,11,11
510002,2,1,1982,2,2,2,2,2,2,2,2,2,2
510003,1,2,1982,9,0,20,0,4,9,9,11,6,16
510003,2,1,1982,0,0,0,0,0,0,0,0,0,0
510004,0,1,1982,18,10,11,20,10,29,14,14,15,15
510004,1,1,1982,22,0,0,14,17,9,17,0,10,0
510005,1,3,1982,0,0,16,0,0,0,18,0,0,21
510005,2,1,1982,0,0,0,0,4,0,0,0,0,0
510006,1,1,1982,0,0,0,0,0,0,0,0,0,0
510006,2,1,1982,0,0,0,0,0,0,0,0,0,0
510007,1,1,1982,14,16,12,6,27,26,17,24,29,8
510008,1,1,1982,0,0,0,0,0,0,0,0,0,0
510008,2,1,1982,0,0,0,0,0,0,0,0,0,0
510008,3,1,1982,0,0,0,0,7,0,0,0,0,0
510009,0,1,1982,16,16,16,16,16,16,16,16,16,16
510009,1,1,1982,0,0,0,0,0,0,0,0,0,0
510009,2,1,1982,0,0,0,0,0,0,0,5,0,0
510010,1,1,1982,0,10,5,12,20,22,18,13,15,23
510010,2,1,1982,0,0,0,0,0,0,0,21,8,0
510011,1,2,1982,23,23,23,23,23,23,23,23,23,23
510012,1,1,1982,7,18,0,23,15,0,12,12,0,21
510012,2,2,1982,0,0,0,0,0,0,0,0,0,0
510012,3,1,1982,0,0,8,0,0,0,0,0,0,0
510013,1,1,1982,35,35,35,35,35,35,35,35,35,35
510014,1,1,1982,0,11,15,0,6,9,11,15,8,0
510014,2,2,1982,0,0,0,8,0,9,0,0,0,0
510015,1,1,1982,11,22,0,11,19,4,30,34,12,21
510015,2,1,1982,19,19,19,19,19,19,19,19,19,19
510016,1,1,1982,0,12,10,21,13,16,0,0,16,11
510017,1,1,1982,0,0,0,0,0,0,0,0,0,0
510018,1,1,1982,0,0,0,0,0,0,0,0,0,0
510018,2,1,1982,0,0,0,5,0,0,0,0,0,0
510019,1,1,1982,0,0,0,0,0,0,0,0,0,0
510019,2,1,1982,0,9,0,0,0,0,0,0,0,0
510020,0,1,1982,0,0,0,0,0,18,0,0,0,0
510020,1,1,1982,0,0,0,0,0,0,0,0,0,0
510020,2,1,1982,0,9,0,13,0,0,0,0,11,19
510020,3,1,1982,0,0,15,16,7,0,0,0,0,13
510021,1,49,1982,27,22,32,8,22,18,7,34,8,8
510021,2,1,1982,0,0,0,0,0,0,0,0,0,0
510022,1,2,1982,0,13,0,0,0,0,0,0,0,11
510022,2,1,1982,0,0,0,0,0,0,0,0,0,0
510024,1,1,1982,0,0,0,0,0,0,0,0,0,0
510024,2,1,1982,0,0,0,0,0,0,0,0,0,0
510024,3,1,1982,0,0,0,0,0,0,0,0,0,0
510025,1,1,1982,0,0,0,0,0,0,0,0,0,0
510025,2,1,1982,0,0,0,0,0,0,0,0,0,0
510026,1,5,1982,0,8,0,0,0,33,12,0,0,0
510027,1,1,1982,0,0,0,0,0,0,0,7,0,0
510028,1,1,1982,11,11,11,11,11,11,11,11,11,11
510029,1,1,1982,65,65,65,65,65,65,65,65,65,65
510030,1,1,1982,0,0,0,0,0,0,0,0,0,0
510030,2,1,1982,0,0,0,0,0,0,0,0,0,0
510031,1,2,1982,0,0,0,21,0,0,0,0,0,0
510031,2,1,1982,0,19,0,0,0,0,0,0,0,0
510032,1,1,1982,0,0,0,0,0,0,0,0,0,0
510032,2,1,1982,0,0,0,0,0,0,0,0,0,0
510033,1,1,1982,15,16,25,21,20,14,30,17,3,12
510034,1,1,1982,0,0,0,0,0,0,0,0,0,0
510035,1,1,1982,8,0,0,0,0,10,0,0,20,0
510036,1,1,1982,4,0,0,0,4,10,0,0,0,15
510037,1,1,1982,0,7,0,0,0,0,0,0,0,0
510037,2,1,1982,0,0,0,0,0,0,6,0,6,0
510037,3,1,1982,0,0,0,23,0,0,0,0,0,0
510038,1,1,1982,0,0,0,0,0,0,0,7,0,0
510038,2,1,1982,0,0,0,0,0,0,0,0,0,0
510039,1,1,1982,7,8,20,6,16,11,20,28,9,18
510040,0,1,1982,0,0,0,0,3,10,4,16,0,6
510040,1,1,1982,9,20,24,23,0,0,24,4,0,0
510041,1,1,1982,17,11,19,24,23,11,4,22,28,16
510042,1,1,1982,23,20,6,13,15,27,12,12,0,34
510042,2,1,1982,0,0,0,0,0,0,0,0,0,0
510043,1,2,1982,0,0,0,0,0,6,0,0,0,0
510043,2,1,1982,0,0,0,0,0,0,0,0,0,0
510043,3,1,1982,0,0,0,0,0,0,0,0,0,0
510044,1,1,1982,0,0,0,0,0,0,0,0,0,0
510044,2,3,1982,0,16,0,0,0,0,0,0,0,0
510045,1,1,1982,0,0,0,0,0,0,0,0,0,0
510045,2,1,1982,0,0,0,0,0,0,18,0,0,0
510046,1,1,1982,0,0,0,0,0,0,0,0,0,0
510046,2,1,1982,0,0,0,0,0,0,0,0,0,0
510047,1,1,1982,0,0,0,0,0,0,0,0,0,0
510047,2,1,1982,0,13,11,12,15,29,14,11,19,12
510047,3,1,1982,0,0,0,0,0,0,0,0,10,0
510048,1,1,1982,0,0,0,0,0,0,0,0,0,0
510048,2,1,1982,0,11,0,0,0,0,0,17,0,0
510049,0,1,1982,0,0,0,0,0,0,0,0,0,0
510049,1,1,1982,25,5,14,16,14,21,15,13,16,17
510050,0,1,1982,0,0,0,0,0,0,0,0,0,0
510050,1,1,1982,0,0,0,0,0,0,0,0,0,0
510051,0,1,1982,25,38,23,18,42,0,0,25,29,14
510051,1,1,1982,0,0,0,0,0,0,0,0,0,0
510052,1,1,1982,6,0,0,0,0,0,0,4,0,0
510052,2,1,1982,0,0,0,0,0,0,0,0,0,0
510053,1,1,1982,27,27,27,27,27,27,27,27,27,27
510054,1,2,1982,0,0,0,0,0,0,12,0,0,0
510055,1,1,1982,0,0,0,0,0,0,0,0,0,0
510055,2,1,1982,0,0,0,0,0,0,0,0,0,0
510056,0,1,1982,0,0,0,0,3,0,0,0,0,0
510056,1,1,1982,0,0,0,0,0,2,0,0,0,0
510057,1,1,1982,15,10,18,8,11,3,18,15,4,8
510058,1,1,1982,0,0,0,12,0,0,0,0,0,0
510058,2,1,1982,0,0,0,0,0,0,0,0,0,0
510058,3,1,1982,0,0,0,0,0,0,0,0,0,0
510059,1,3,1982,0,0,0,0,0,0,7,0,0,0
510060,1,1,1982,0,0,0,23,0,0,0,0,0,0
510061,1,1,1982,0,0,0,0,0,16,29,0,0,0
510062,1,1,1982,0,0,0,0,0,0,0,0,0,0
510062,2,1,1982,0,0,0,0,0,0,0,0,0,0
510063,1,1,1982,0,0,0,0,0,0,0,0,0,0
510063,2,1,1982,0,0,0,0,0,0,0,0,0,0
510064,1,1,1982,0,0,0,0,0,0,0,0,0,0
510064,2,1,1982,0,0,16,0,0,0,0,19,0,0
510065,0,1,1982,8,8,8,8,8,8,8,8,8,8
510065,1,1,1982,13,20,3,19,9,20,34,13,17,23
510066,1,1,1982,0,0,0,0,0,0,0,0,0,0
510066,2,1,1982,0,0,9,0,0,0,0,0,0,0
510067,1,1,1982,0,0,0,0,0,0,0,0,0,0
510067,2,1,1982,0,0,0,0,0,0,0,0,0,0
510068,1,1,1982,0,0,7,0,0,0,0,0,0,0
510068,2,1,1982,0,0,0,0,0,0,0,0,0,0
510068,3,1,1982,16,0,8,0,30,14,22,20,8,12
510069,0,1,1982,0,0,0,0,0,0,0,0,0,0
510069,0,2,1982,0,0,0,0,13,0,0,0,0,25
510069,1,1,1982,0,0,0,0,0,0,0,12,0,0
510070,1,1,1982,0,0,0,0,0,22,0,0,0,0
510070,2,1,1982,0,0,0,0,0,0,0,0,6,12
510071,1,1,1982,23,23,23,23,23,23,23,23,23,23
510072,1,1,1982,21,13,3,14,6,12,2,18,0,9
510073,1,1,1982,0,0,0,14,0,0,0,0,11,0
510074,1,4,1982,0,0,0,0,0,0,0,0,0,0
510074,2,1,1982,0,0,0,0,0,0,0,0,0,0
510075,1,2,1982,0,0,0,0,0,0,0,0,0,0
510076,0,1,1982,32,32,32,32,32,32,32,32,32,32
510076,1,1,1982,11,7,8,13,21,24,11,20,9,15
510077,1,1,1982,0,0,0,0,0,0,0,0,0,0
510077,2,1,1982,20,23,29,28,16,0,0,0,0,0
510078,1,1,1982,0,0,0,0,0,0,0,0,0,0
510078,2,1,1982,0,0,0,0,0,0,0,0,0,0
510079,1,1,1982,15,15,15,15,15,15,15,15,15,15
510080,1,1,1982,0,0,0,0,0,0,0,0,0,0
510080,2,1,1982,0,0,0,0,0,0,0,0,0,0
510081,1,1,1982,0,0,0,0,0,0,0,0,0,0
510082,1,1,1982,0,0,0,0,0,0,0,0,0,0
510083,1,1,1982,26,26,26,26,26,26,26,26,26,26
510084,1,1,1982,0,0,0,0,0,0,0,0,0,0
510085,1,1,1982,0,0,0,0,0,0,0,0,0,0
510085,2,1,1982,0,0,0,0,0,0,12,0,0,0
510086,1,5,1982,0,0,0,29,0,12,0,0,0,13
510087,0,1,1982,18,18,18,18,18,18,18,18,18,18
510087,1,1,1982,15,15,16,28,10,20,20,17,12,14
510088,1,1,1982,18,0,11,12,17,34,23,19,12,12
510089,1,1,1982,0,9,0,5,0,0,0,0,0,0
510089,2,1,1982,0,0,0,0,0,0,0,0,14,0
510090,0,1,1982,0,0,0,0,0,0,0,0,0,0
510090,1,1,1982,14,10,21,21,0,22,15,12,19,7
510091,1,1,1982,28,28,28,28,28,28,28,28,28,28
510092,0,1,1982,0,0,0,0,0,0,0,0,0,0
510092,1,1,1982,0,0,0,16,0,0,0,0,0,26
510093,1,3,1982,23,20,37,9,0,14,21,21,7,11
510094,0,1,1982,0,0,0,0,26,0,2,0,0,0
510094,1,1,1982,0,0,0,0,0,0,0,0,0,0
510095,0,1,1982,0,0,0,0,0,0,0,0,0,0
510095,1,1,1982,0,0,0,0,0,0,0,0,0,0
510096,1,1,1982,0,0,0,0,0,0,0,0,0,0
510096,2,2,1982,0,6,0,0,0,0,0,0,0,0
510097,1,1,1982,14,14,17,12,5,10,2,19,8,11
510098,1,1,1982,10,10,10,10,10,10,10,10,10,10
510098,2,2,1982,0,0,0,0,0,0,0,0,0,0
510099,1,1,1982,0,0,0,0,0,0,0,0,0,0
510100,0,1,1982,34,34,34,34,34,34,34,34,34,34
510100,1,1,1982,0,0,0,0,0,0,0,0,0,0
510101,1,1,1982,0,0,0,0,8,0,0,0,0,0
510102,0,1,1982,0,0,0,0,0,0,0,0,0,0
510102,1,1,1982,25,19,0,0,0,0,0,10,0,0
510103,1,1,1982,11,16,11,17,6,7,22,14,5,26
510103,2,1,1982,18,18,18,18,18,18,18,18,18,18
510104,1,1,1982,0,0,0,0,0,0,0,0,0,0
510105,1,1,1982,0,0,0,11,0,0,0,0,0,0
510105,2,1,1982,0,0,0,0,0,0,0,0,0,0
510106,1,1,1982,0,0,0,0,0,0,0,0,0,0
510107,0,1,1982,11,11,11,11,11,11,11,11,11,11
510107,1,1,1982,0,0,0,0,13,0,0,6,0,0
510107,2,1,1982,0,0,19,0,0,0,0,0,0,0
510107,3,1,1982,0,0,0,0,0,0,0,0,0,0