ST_CASE,VEH_NO,PER_NO,YEAR,P1,P2,P3,P4,P5,P6,P7,P8,P9,P10
510694,1,1,1982,0,0,0,0,0,0,0,0,0,0
510695,1,1,1982,0,4,0,0,0,0,0,0,0,0
510695,2,1,1982,26,9,13,7,12,14,12,13,9,0
510696,1,2,1982,0,11,0,9,9,0,0,0,0,0
510697,1,1,1982,15,15,15,15,15,15,15,15,15,15
510698,0,1,1982,29,29,29,29,29,29,29,29,29,29
510698,1,1,1982,4,11,12,10,28,12,0,17,13,0
510699,0,1,1982,0,0,0,0,0,0,0,0,0,0
510699,1,1,1982,0,0,0,0,0,0,0,0,0,0
510700,1,1,1982,0,0,0,0,0,0,0,0,0,0
510700,2,1,1982,0,4,4,0,0,0,0,0,0,0
510701,1,1,1982,10,10,10,10,10,10,10,10,10,10
510702,1,1,1982,10,10,10,10,10,10,10,10,10,10
510703,1,1,1982,14,14,23,16,7,9,20,6,19,24
510704,1,1,1982,0,0,0,0,0,0,0,0,0,0
510705,0,1,1982,0,0,0,0,0,0,0,0,0,0
510705,1,1,1982,18,20,18,0,0,12,8,17,21,17
510706,0,1,1982,0,0,0,0,0,0,0,0,0,0
510706,0,2,1982,0,0,0,0,0,0,0,0,0,0
510706,1,1,1982,0,0,0,0,3,24,9,0,0,0
510707,1,2,1982,0,0,0,0,0,0,0,0,0,0
510707,2,1,1982,28,13,20,0,14,17,14,3,8,11
510708,0,1,1982,0,14,14,9,17,11,5,10,0,0
510708,1,1,1982,13,13,13,13,13,13,13,13,13,13
510709,1,1,1982,0,0,0,17,0,0,0,0,0,0
510709,2,1,1982,0,0,0,0,0,0,0,0,0,0
510709,3,1,1982,0,0,0,0,0,0,0,0,0,0
510709,4,1,1982,0,0,0,0,0,0,0,0,0,0
510710,1,1,1982,0,24,20,14,14,21,10,11,8,12
510710,2,1,1982,0,0,0,0,0,0,0,0,0,0
510711,1,1,1982,0,0,0,0,0,0,0,0,9,0
510712,0,1,1982,0,0,0,0,0,0,0,0,0,0
510712,1,1,1982,21,13,17,19,19,20,20,25,30,25
510713,0,1,1982,0,7,7,0,0,8,20,0,0,0
510713,1,1,1982,18,7,19,13,18,7,14,32,28,23
510714,0,1,1982,18,18,18,18,18,18,18,18,18,18
510714,1,1,1982,0,0,6,0,0,0,11,0,12,0
510714,2,1,1982,0,0,0,0,0,0,0,0,0,4
510714,3,1,1982,0,23,0,0,0,0,0,0,0,0
510715,1,1,1982,35,16,0,0,0,9,0,13,0,16
510716,1,1,1982,29,17,29,22,12,19,24,18,27,21
510717,0,1,1982,19,19,19,19,19,19,19,19,19,19
510717,1,1,1982,0,0,0,0,0,0,0,0,0,0
510718,1,1,1982,16,16,16,16,16,16,16,16,16,16
510718,2,1,1982,0,0,0,0,0,0,26,0,0,0
510719,1,2,1982,5,12,7,11,9,8,0,10,6,31
510720,1,1,1982,0,0,0,0,0,0,0,0,0,0
510720,2,1,1982,0,0,0,0,0,0,0,0,0,0
510721,1,1,1982,18,6,11,20,16,13,21,14,4,8
510721,2,1,1982,0,0,0,0,0,0,0,0,0,0
510722,1,1,1982,0,0,19,0,0,0,0,0,18,34
510723,1,1,1982,0,0,0,0,0,0,0,0,0,0
510723,2,9,1982,0,0,0,0,0,0,0,0,0,0
510724,1,1,1982,0,0,0,0,0,0,0,0,0,0
510724,2,1,1982,0,0,0,0,0,0,0,24,0,0
510725,1,1,1982,0,0,0,0,0,0,0,0,0,0
510725,2,1,1982,0,0,0,0,0,0,0,0,0,0
510726,1,1,1982,21,0,19,0,0,28,0,19,0,0
510726,2,1,1982,0,0,0,0,0,2,0,0,0,0
510727,0,1,1982,28,19,19,31,27,19,30,15,0,16
510727,1,1,1982,0,0,0,0,0,0,0,0,25,0
510728,1,1,1982,22,22,22,22,22,22,22,22,22,22
510729,0,1,1982,0,0,0,0,0,14,0,0,0,0
510729,1,1,1982,0,0,0,0,0,0,0,0,0,0
510730,1,1,1982,0,0,0,18,0,0,0,0,0,0
510730,2,1,1982,6,10,9,16,7,0,11,0,19,6
510731,1,1,1982,23,23,23,23,23,23,23,23,23,23
510732,1,1,1982,0,0,0,0,0,0,0,0,0,0
510733,1,1,1982,0,0,0,0,0,0,0,0,0,0
510733,2,3,1982,7,10,11,13,6,7,9,7,0,6
510734,1,1,1982,0,0,0,0,0,0,14,0,0,0
510734,2,1,1982,0,14,0,0,0,0,21,0,0,0
510735,1,2,1982,18,18,18,18,18,18,18,18,18,18
510736,1,1,1982,0,0,0,0,0,0,0,0,9,0
510736,2,2,1982,0,0,0,0,0,0,0,0,0,0
510737,0,1,1982,0,14,0,0,0,0,0,22,0,0
510737,1,1,1982,0,0,13,0,0,0,0,0,0,0
510738,1,1,1982,1,1,1,1,1,1,1,1,1,1
510739,0,1,1982,5,5,5,5,5,5,5,5,5,5
510739,1,1,1982,0,0,0,0,0,0,0,0,0,0
510739,2,1,1982,0,0,0,22,0,0,0,18,0,14
510739,3,1,1982,0,0,0,0,0,0,7,0,0,0
510740,1,1,1982,0,0,0,0,0,0,0,0,0,0
510740,2,1,1982,0,0,0,0,0,0,0,0,0,0
510741,1,1,1982,34,21,0,18,25,15,8,9,0,13
510741,2,1,1982,0,0,0,0,0,0,0,0,0,0
510742,0,1,1982,34,34,34,34,34,34,34,34,34,34
510742,1,1,1982,0,0,0,0,0,0,0,0,0,0
510743,1,1,1982,18,18,18,18,18,18,18,18,18,18
510744,1,1,1982,10,10,10,10,10,10,10,10,10,10
510745,1,1,1982,0,0,0,0,0,0,0,0,0,0
510746,0,1,1982,0,0,0,0,0,0,0,0,0,0
510746,1,1,1982,0,0,0,0,0,0,0,0,0,0
510747,0,1,1982,35,35,35,35,35,35,35,35,35,35
510747,1,1,1982,0,0,0,0,0,0,0,0,0,0
510748,1,1,1982,0,0,0,0,0,7,14,16,0,0
510748,2,1,1982,0,0,0,0,0,0,7,0,0,0
510749,1,1,1982,19,19,19,19,19,19,19,19,19,19
510750,1,1,1982,0,7,11,0,0,0,0,0,0,22
510750,2,1,1982,0,0,0,0,0,0,0,0,0,0
510751,1,1,1982,0,0,0,0,0,0,0,0,0,0
510751,2,1,1982,0,0,0,0,0,0,0,0,0,0
510752,1,1,1982,0,15,0,0,5,0,0,0,0,13
510753,1,1,1982,0,0,0,0,0,0,0,0,0,0
510753,2,1,1982,0,0,0,0,0,0,0,0,0,0
510754,1,1,1982,0,10,0,17,0,12,0,0,8,0
510755,1,1,1982,34,34,34,34,34,34,34,34,34,34
510756,1,1,1982,29,29,29,29,29,29,29,29,29,29
510756,2,1,1982,0,0,0,0,0,0,0,0,0,0
510757,1,1,1982,0,0,0,0,0,0,0,0,0,0
510758,0,1,1982,0,0,0,0,0,0,0,0,0,0
510758,1,1,1982,0,0,0,0,11,0,0,0,0,0
510759,0,1,1982,0,0,0,0,0,0,0,0,0,0
510759,0,2,1982,0,0,0,8,0,0,0,0,0,0
510759,1,1,1982,0,0,0,0,0,0,0,0,0,0
510760,1,1,1982,0,0,0,0,0,0,0,0,0,0
510760,2,1,1982,0,0,0,0,0,0,0,0,0,0
510761,1,1,1982,20,20,20,20,20,20,20,20,20,20
510762,1,4,1982,0,0,0,15,0,0,0,0,0,0
510763,1,1,1982,0,0,0,0,0,11,0,0,0,0
510763,2,1,1982,0,0,0,14,0,0,0,0,0,3
510764,1,1,1982,41,41,41,41,41,41,41,41,41,41
510764,2,1,1982,0,0,0,0,0,0,0,0,0,0
510765,0,1,1982,23,23,23,23,23,23,23,23,23,23
510765,1,1,1982,21,0,23,11,3,10,20,13,9,10
510766,1,1,1982,28,28,28,28,28,28,28,28,28,28
510767,1,1,1982,20,14,20,12,21,19,4,17,27,12
510767,2,1,1982,10,7,14,9,19,10,16,22,23,10
510768,1,1,1982,0,7,9,12,22,0,15,15,0,9
510768,2,2,1982,0,0,0,0,0,0,0,0,0,0
510769,1,1,1982,0,0,0,0,4,0,12,0,0,9
510769,2,1,1982,0,0,0,0,0,0,0,0,0,0
510770,1,1,1982,0,0,0,0,0,0,0,0,0,0
510771,1,1,1982,0,0,0,0,0,0,0,0,0,0
510771,2,1,1982,0,0,0,0,0,0,0,0,0,0
510772,1,1,1982,0,20,9,0,0,21,0,0,3,0
510772,2,1,1982,0,0,0,0,0,0,0,0,0,0
510772,3,1,1982,0,0,0,0,0,0,0,0,0,0
510773,1,1,1982,24,24,24,24,24,24,24,24,24,24
510774,0,1,1982,19,19,19,19,19,19,19,19,19,19
510774,1,1,1982,0,0,0,0,0,0,0,0,0,0
510775,1,1,1982,17,17,17,17,17,17,17,17,17,17
510776,1,1,1982,13,11,20,20,16,4,0,14,20,9
510776,2,1,1982,0,0,0,0,0,0,0,0,0,0
510777,0,1,1982,0,0,0,0,0,0,0,0,0,32
510777,1,1,1982,0,0,0,0,0,0,0,0,0,0
510777,2,1,1982,0,0,0,0,0,0,0,0,0,0
510777,3,1,1982,0,0,0,0,0,0,0,0,0,0
510777,4,1,1982,0,0,0,0,0,0,0,0,0,0
510778,1,1,1982,13,19,11,31,16,15,12,16,8,31
510778,2,1,1982,0,0,0,0,0,0,0,0,0,0
510779,1,1,1982,0,0,0,0,0,0,0,0,0,0
510780,1,1,1982,0,0,0,0,0,0,0,0,0,0
510780,2,1,1982,0,0,0,0,0,0,0,0,0,0
510781,1,1,1982,20,25,0,20,36,27,30,0,23,27
510781,2,2,1982,0,0,14,0,0,0,0,0,0,0
510782,1,2,1982,0,0,0,0,21,0,0,0,0,0
510785,1,1,1982,7,7,7,7,7,7,7,7,7,7
510785,2,2,1982,12,0,0,24,26,36,25,18,14,23
510786,1,1,1982,5,5,0,26,12,0,0,20,0,31
510787,1,1,1982,0,0,0,0,0,0,0,0,0,0
510789,0,1,1982,8,15,28,7,22,16,20,29,49,29
510789,1,1,1982,0,0,0,0,0,7,0,0,0,0
510790,1,1,1982,4,0,0,0,0,0,0,0,0,0
510790,2,1,1982,0,0,0,0,0,0,0,0,0,0
510791,1,2,1982,0,0,0,0,0,0,0,0,0,0
510792,0,1,1982,0,0,0,0,0,0,24,0,0,16
510792,1,1,1982,0,0,0,0,0,0,0,0,0,0
510793,0,1,1982,21,21,21,21,21,21,21,21,21,21
510793,1,1,1982,0,0,0,0,0,0,0,24,0,0
530001,1,1,1982,18,18,18,18,18,18,18,18,18,18
530002,1,1,1982,0,0,0,0,0,0,0,0,0,0
530003,1,1,1982,23,23,23,23,23,23,23,23,23,23
530004,1,1,1982,31,31,31,31,31,31,31,31,31,31
530005,0,1,1982,0,0,0,0,0,0,0,0,0,0
530005,1,1,1982,0,0,0,0,0,0,0,0,7,18
530006,0,1,1982,0,0,0,0,0,0,0,0,0,0
530006,1,1,1982,0,18,0,11,0,0,0,0,0,0
530007,1,1,1982,0,0,0,0,0,0,0,0,0,0
530007,2,1,1982,0,0,0,0,14,21,0,0,11,0
530008,0,1,1982,0,0,0,4,0,34,9,0,0,18
530008,1,1,1982,11,27,13,10,0,9,10,11,23,9
530009,1,1,1982,0,0,0,0,0,0,0,9,0,0
530009,2,1,1982,28,28,28,28,28,28,28,28,28,28
530009,3,1,1982,0,0,12,0,26,30,22,0,0,0
530010,1,1,1982,14,0,0,0,0,0,12,0,0,0
530010,2,1,1982,19,19,19,19,19,19,19,19,19,19
530011,1,1,1982,18,18,18,18,18,18,18,18,18,18
530012,1,1,1982,24,24,24,24,24,24,24,24,24,24
530013,1,1,1982,9,9,9,9,9,9,9,9,9,9
530013,2,1,1982,9,9,9,9,9,9,9,9,9,9
530014,1,1,1982,18,18,18,18,18,18,18,18,18,18
530015,1,1,1982,0,0,0,0,0,0,0,0,0,0
530015,2,1,1982,0,0,0,0,0,0,0,0,0,0
530016,1,1,1982,0,0,0,0,0,0,0,0,0,0
530016,2,1,1982,0,0,0,0,0,0,0,0,0,0
530016,3,1,1982,0,0,0,0,0,0,0,0,0,0
530017,1,1,1982,0,0,0,0,0,0,0,0,0,0
530018,1,1,1982,0,0,0,0,0,0,0,0,0,0
530018,2,1,1982,0,0,0,3,0,0,0,0,0,0
530019,1,1,1982,25,15,11,22,9,11,16,8,19,12
530019,2,1,1982,0,0,0,0,0,0,0,0,0,0
530020,1,1,1982,0,0,0,20,16,0,0,24,16,0
530021,1,1,1982,9,12,16,23,4,19,23,8,17,21
530021,2,1,1982,14,14,14,14,14,14,14,14,14,14
530022,1,1,1982,21,21,21,21,21,21,21,21,21,21
530022,2,1,1982,0,0,0,0,0,0,0,0,0,0
530023,1,1,1982,0,0,0,0,0,0,0,0,0,0
530024,1,1,1982,0,0,0,0,0,0,0,0,0,0
530024,2,1,1982,9,9,9,9,9,9,9,9,9,9
530025,1,1,1982,12,12,12,12,12,12,12,12,12,12
530025,2,1,1982,0,0,0,0,0,0,0,0,0,0
530026,1,1,1982,29,29,29,29,29,29,29,29,29,29
530027,1,1,1982,9,9,9,9,9,9,9,9,9,9
530028,1,1,1982,29,24,9,19,14,27,16,34,19,23
530029,1,1,1982,14,14,14,14,14,14,14,14,14,14
530029,2,1,1982,22,22,22,22,22,22,22,22,22,22
530030,0,1,1982,0,0,0,0,0,0,0,0,0,0
530030,1,1,1982,0,0,0,0,0,0,0,0,0,0
530031,1,1,1982,0,0,0,0,0,0,0,0,0,0
530032,0,1,1982,25,25,25,25,25,25,25,25,25,25
530032,1,1,1982,14,19,0,0,0,0,0,0,0,0
530033,1,1,1982,25,25,25,25,25,25,25,25,25,25
530033,2,1,1982,4,4,4,4,4,4,4,4,4,4
530034,1,1,1982,12,12,12,12,12,12,12,12,12,12
530035,1,1,1982,0,0,0,0,22,0,0,0,0,0
530035,2,1,1982,0,0,0,0,0,0,0,0,0,0
530036,0,1,1982,13,13,13,13,13,13,13,13,13,13
530036,0,2,1982,0,0,0,0,23,9,20,8,0,29
530036,3,1,1982,14,14,14,14,14,14,14,14,14,14
530036,4,1,1982,3,17,17,32,2,0,11,19,15,11
530037,1,1,1982,0,0,0,0,0,0,0,0,0,0
530038,1,1,1982,23,0,0,0,0,29,0,31,3,5
530039,1,1,1982,0,0,2,11,0,0,9,13,0,0
530040,1,1,1982,17,17,17,17,17,17,17,17,17,17
530041,0,1,1982,0,0,0,0,0,0,0,23,0,0
530041,1,1,1982,0,0,0,0,0,0,0,0,0,0
530042,0,1,1982,0,0,0,0,0,0,0,0,0,0
530042,1,1,1982,0,0,0,0,0,0,0,0,0,0
530043,1,1,1982,22,22,22,22,22,22,22,22,22,22
530044,1,1,1982,0,0,0,0,14,0,0,0,0,0
530045,1,1,1982,16,16,16,16,16,16,16,16,16,16
530046,1,1,1982,23,23,23,23,23,23,23,23,23,23
530047,1,1,1982,0,0,0,0,0,0,0,0,0,0
530047,2,1,1982,0,8,0,0,0,0,0,0,0,0
530047,3,1,1982,0,0,0,0,0,0,0,0,0,0
530048,1,1,1982,30,30,30,30,30,30,30,30,30,30
530049,1,1,1982,0,0,0,0,0,0,0,0,0,0
530049,2,1,1982,0,0,0,0,0,0,0,0,0,0
530049,3,1,1982,0,0,0,0,0,14,0,0,0,0
530050,1,1,1982,11,18,20,13,29,14,18,11,29,29
530050,2,1,1982,0,0,0,0,0,0,0,0,0,0
530051,1,1,1982,19,0,0,0,0,0,0,0,0,0
530052,0,1,1982,0,0,0,0,0,0,0,0,0,0
530052,1,1,1982,0,0,0,0,0,0,0,0,0,0
530053,0,1,1982,31,17,25,27,40,18,20,25,25,25
530053,1,1,1982,0,0,0,0,0,0,0,0,0,0
530054,1,1,1982,20,25,10,16,5,30,24,16,21,11
530055,1,1,1982,16,16,16,16,16,16,16,16,16,16
530055,2,1,1982,0,0,0,0,0,0,3,0,0,0
530056,1,1,1982,25,25,25,25,25,25,25,25,25,25
530057,1,1,1982,13,7,16,23,11,12,16,11,15,0
530057,2,1,1982,0,0,0,0,0,0,0,0,0,0
530057,3,1,1982,0,0,0,0,0,0,0,0,0,0
530058,1,1,1982,20,25,22,29,28,32,19,13,27,44
530059,1,1,1982,16,16,16,16,16,16,16,16,16,16
530060,0,1,1982,0,0,0,0,0,0,0,0,0,0
530060,1,1,1982,0,0,0,0,0,0,0,0,0,0
530061,0,1,1982,0,0,0,0,0,0,0,0,0,0
530061,1,1,1982,0,0,0,0,0,0,0,0,0,0
530062,1,1,1982,0,0,0,0,0,0,0,0,0,0
530063,1,1,1982,0,0,0,0,0,0,0,0,0,0
530063,2,1,1982,0,0,0,0,0,0,0,0,0,0
530064,1,1,1982,0,0,0,0,0,0,0,0,0,0
530064,2,1,1982,0,0,0,0,0,0,0,0,0,0
530064,3,1,1982,0,0,0,0,0,0,0,0,0,0
530064,4,1,1982,0,0,16,0,0,0,0,0,0,0
530064,5,1,1982,0,0,0,0,0,0,0,0,0,0
530064,6,1,1982,24,24,24,24,24,24,24,24,24,24
530065,1,1,1982,33,33,33,33,33,33,33,33,33,33
530066,1,1,1982,12,12,12,12,12,12,12,12,12,12
530067,1,1,1982,12,12,12,12,12,12,12,12,12,12
530067,2,1,1982,0,0,0,0,15,18,0,0,0,0
530068,1,1,1982,13,13,13,13,13,13,13,13,13,13
530068,2,1,1982,3,11,22,13,14,11,18,34,21,9
530069,1,1,1982,6,17,21,16,26,8,12,24,10,16
530070,1,1,1982,11,22,14,12,15,16,16,13,13,25
530071,0,1,1982,0,0,0,0,0,0,0,0,14,0
530071,0,2,1982,0,0,10,0,0,0,0,0,0,0
530071,0,3,1982,0,0,0,0,0,19,4,29,0,0
530071,1,1,1982,0,0,0,0,0,0,0,0,0,0
530072,0,1,1982,0,0,0,0,0,0,0,0,0,0
530072,1,1,1982,0,0,0,0,0,0,0,0,0,0
530073,1,1,1982,13,13,13,13,13,13,13,13,13,13
530073,2,1,1982,18,18,18,18,18,18,18,18,18,18
530074,0,1,1982,9,0,0,0,0,0,0,18,0,0
530074,1,1,1982,0,0,0,0,0,0,0,0,0,0
530075,1,1,1982,0,0,0,0,0,0,0,0,0,0
530075,2,1,1982,0,0,0,0,0,0,12,0,0,0
530075,3,1,1982,10,0,0,0,18,0,0,0,0,0
530076,1,1,1982,29,29,29,29,29,29,29,29,29,29
530077,1,1,1982,0,0,0,0,0,0,0,0,0,0
530077,2,1,1982,0,0,0,0,0,0,0,17,0,0
530078,1,1,1982,15,15,15,15,15,15,15,15,15,15
530079,1,1,1982,0,0,0,0,0,0,0,0,0,0
530079,2,1,1982,1,1,1,1,1,1,1,1,1,1
530080,1,1,1982,18,18,18,18,18,18,18,18,18,18
530081,1,1,1982,0,29,0,0,0,0,0,0,0,0
530082,0,1,1982,0,0,0,0,0,0,0,0,0,0
530082,1,1,1982,0,0,0,0,0,0,0,0,0,0
530082,2,1,1982,0,0,0,0,0,0,0,0,0,0
530083,1,1,1982,13,13,13,13,13,13,13,13,13,13
530084,0,1,1982,0,0,0,0,0,0,0,0,0,0
530084,1,1,1982,0,0,0,0,0,0,0,0,0,0
530085,1,1,1982,17,17,17,17,17,17,17,17,17,17
530086,1,1,1982,17,17,17,17,17,17,17,17,17,17
530087,1,1,1982,7,11,9,0,15,6,6,0,0,11
530088,1,1,1982,0,0,0,0,8,0,0,0,0,0
530088,2,1,1982,0,5,0,0,0,0,0,0,12,0
530089,1,1,1982,28,28,28,28,28,28,28,28,28,28
530090,1,1,1982,0,0,0,0,0,0,0,0,0,0
530090,2,1,1982,0,0,0,0,0,0,0,0,0,0
530091,1,1,1982,0,0,0,0,0,0,0,0,0,0
530091,2,1,1982,0,0,0,0,0,0,0,0,0,0
530092,1,1,1982,18,11,10,18,13,23,8,12,6,13
530093,1,1,1982,12,12,12,12,12,12,12,12,12,12
530094,1,1,1982,12,16,12,5,19,4,0,11,12,13
530096,1,1,1982,9,9,9,9,9,9,9,9,9,9
530097,0,1,1982,0,21,0,0,0,16,0,0,30,0
530097,1,1,1982,0,0,0,0,0,0,0,0,0,0
530098,1,1,1982,8,8,8,8,8,8,8,8,8,8
530099,1,1,1982,22,22,22,22,22,22,22,22,22,22
530100,0,1,1982,0,0,0,0,0,0,0,0,0,0
530100,1,1,1982,13,0,16,0,6,5,7,0,0,0
530101,0,1,1982,12,0,0,0,0,0,0,0,0,0
530101,0,2,1982,0,0,0,12,0,0,0,0,0,0
530101,1,1,1982,19,20,16,14,15,0,20,18,8,12
530102,1,1,1982,0,0,0,0,0,0,0,0,0,0
530102,2,1,1982,0,0,0,0,0,0,0,0,0,0
530103,2,1,1982,0,0,0,0,0,0,0,0,0,0
530104,1,1,1982,12,12,12,12,12,12,12,12,12,12
530104,2,1,1982,0,0,0,0,0,0,0,0,0,0
530105,1,1,1982,16,16,16,16,16,16,16,16,16,16
530106,1,1,1982,20,20,20,20,20,20,20,20,20,20
530107,1,1,1982,20,20,20,20,20,20,20,20,20,20
530108,1,1,1982,0,0,0,0,0,0,0,0,0,0
530109,1,1,1982,0,0,0,0,0,0,0,0,0,0
530109,2,1,1982,0,0,0,0,0,0,0,0,0,0
530110,1,1,1982,0,0,0,0,0,0,0,0,0,0
530110,2,1,1982,0,0,0,0,0,0,0,0,0,0
530111,0,1,1982,0,0,0,0,0,0,0,0,0,0
530111,1,1,1982,0,0,0,0,0,22,0,0,0,0
530112,0,1,1982,0,0,0,0,0,0,0,0,0,0
530112,1,1,1982,0,0,0,0,0,0,0,0,0,0
530113,1,1,1982,16,16,16,16,16,16,16,16,16,16
530113,2,1,1982,0,0,0,0,0,0,0,0,0,0
530114,1,1,1982,13,13,13,13,13,13,13,13,13,13
530115,1,1,1982,0,0,0,0,0,0,0,0,0,0
530115,2,1,1982,0,0,0,0,0,0,0,0,0,0
530116,0,1,1982,0,0,0,0,0,0,0,0,0,0
530116,1,1,1982,8,0,7,0,0,0,0,0,0,0
530118,1,1,1982,20,9,26,19,10,7,15,34,15,17
530118,2,1,1982,0,0,0,0,0,0,0,0,0,0
530119,1,1,1982,15,15,15,15,15,15,15,15,15,15
530120,1,1,1982,20,20,20,20,20,20,20,20,20,20
530121,1,1,1982,20,13,0,20,17,16,8,7,8,7
530122,1,1,1982,0,0,0,0,0,0,0,0,0,0
530123,1,1,1982,26,26,26,26,26,26,26,26,26,26
530124,1,1,1982,37,7,16,6,23,15,13,25,26,17
530125,1,1,1982,12,13,8,5,11,15,12,10,4,15
530126,1,1,1982,0,0,0,0,0,0,0,0,0,0
530126,2,1,1982,0,0,0,0,0,0,0,0,0,0
530126,3,1,1982,0,0,0,0,0,0,0,0,0,0
530126,4,1,1982,0,0,0,0,0,0,0,0,0,0
530126,5,1,1982,0,0,0,0,0,0,0,0,0,0
530126,6,1,1982,0,0,0,0,0,0,0,0,0,0
530127,1,1,1982,24,24,24,24,24,24,24,24,24,24
530127,2,1,1982,25,25,25,25,25,25,25,25,25,25
530128,1,1,1982,19,19,19,19,19,19,19,19,19,19
530129,1,1,1982,0,0,0,0,0,0,0,0,0,0
530130,0,1,1982,0,0,0,0,0,0,0,0,0,0
530130,1,1,1982,6,0,10,8,11,0,0,0,0,0
530131,1,1,1982,27,28,26,17,17,22,27,10,24,21
530132,1,1,1982,25,25,25,25,25,25,25,25,25,25
530132,2,1,1982,23,23,23,23,23,23,23,23,23,23
530133,1,1,1982,0,0,0,6,0,0,0,0,0,0
530133,2,1,1982,0,0,0,0,0,0,0,0,0,0
530134,0,1,1982,0,0,0,0,0,0,0,0,0,0
530134,1,1,1982,0,0,0,0,0,0,0,0,0,0
530135,1,1,1982,12,12,12,12,12,12,12,12,12,12
530136,1,1,1982,0,0,0,0,0,0,0,0,0,0
530137,0,1,1982,0,0,0,0,0,0,0,0,0,0
530137,1,1,1982,0,0,0,0,0,0,0,0,0,0
530138,1,1,1982,25,25,25,25,25,25,25,25,25,25
530139,1,1,1982,17,17,17,17,17,17,17,17,17,17
530140,1,1,1982,17,17,17,17,17,17,17,17,17,17
530141,1,1,1982,11,11,11,11,11,11,11,11,11,11
530142,1,1,1982,16,16,16,16,16,16,16,16,16,16
530142,2,1,1982,0,19,0,0,0,0,0,15,0,0
530143,1,1,1982,21,21,21,21,21,21,21,21,21,21
530143,2,1,1982,4,4,4,4,4,4,4,4,4,4
530144,1,1,1982,0,0,0,0,0,0,0,0,0,0
530145,0,1,1982,0,0,0,0,0,0,0,0,0,0
530145,1,1,1982,0,0,0,0,0,0,0,0,0,0
530146,1,1,1982,20,20,20,20,20,20,20,20,20,20
530147,1,1,1982,0,0,0,0,0,0,0,0,0,0
530148,1,1,1982,6,0,0,0,0,0,0,0,0,0
530148,2,1,1982,13,13,13,13,13,13,13,13,13,13
530149,1,1,1982,11,11,11,11,11,11,11,11,11,11
530150,1,1,1982,20,20,20,20,20,20,20,20,20,20
530151,1,1,1982,18,18,18,18,18,18,18,18,18,18
530151,2,1,1982,6,14,15,5,16,9,14,0,12,6
530152,1,1,1982,15,15,15,15,15,15,15,15,15,15
530153,1,1,1982,0,0,0,0,0,0,0,0,0,0
530153,2,1,1982,0,0,0,0,0,0,0,0,0,0
530154,1,1,1982,0,0,10,0,0,0,0,0,0,0
530155,1,1,1982,11,11,11,11,11,11,11,11,11,11
530156,1,1,1982,0,0,13,0,0,0,0,0,0,0
530156,2,1,1982,6,6,6,6,6,6,6,6,6,6
530157,1,1,1982,0,0,0,0,0,0,0,0,0,0
530158,1,1,1982,0,0,0,0,0,0,0,0,0,0
530159,1,1,1982,21,21,21,21,21,21,21,21,21,21
530160,0,1,1982,0,0,0,0,0,0,0,0,0,0
530160,1,1,1982,0,0,17,0,0,0,0,0,4,0
530161,1,1,1982,0,0,0,0,0,0,0,0,0,0
530161,2,1,1982,0,0,0,0,0,0,0,0,0,0
530162,1,1,1982,0,0,0,0,0,0,0,0,0,0
530162,2,1,1982,0,0,7,0,0,0,0,0,0,0
530163,0,1,1982,0,0,0,0,0,0,0,0,0,0
530163,1,1,1982,0,0,0,0,0,0,0,0,0,0
530164,0,1,1982,0,0,0,0,0,0,0,0,0,0
530164,1,1,1982,0,0,0,0,0,0,0,0,0,0
530165,1,1,1982,0,0,0,0,0,0,0,0,0,0
530166,1,1,1982,0,0,0,0,0,0,0,0,0,0
530166,2,1,1982,0,0,0,0,0,0,0,0,0,0
530167,1,1,1982,28,28,28,28,28,28,28,28,28,28
530167,2,1,1982,0,0,0,0,0,0,0,0,0,0
530167,3,1,1982,0,0,0,0,0,0,0,6,0,0
530168,1,1,1982,4,4,4,4,4,4,4,4,4,4
530168,2,1,1982,16,16,16,16,16,16,16,16,16,16
530169,1,1,1982,10,17,7,18,9,16,23,18,22,24
530170,1,1,1982,19,19,19,19,19,19,19,19,19,19
530170,2,1,1982,0,0,0,0,0,0,0,0,0,0
530171,1,1,1982,20,20,20,20,20,20,20,20,20,20
530172,1,1,1982,22,22,22,22,22,22,22,22,22,22
530173,1,1,1982,0,19,0,0,0,0,0,0,20,0
530174,1,1,1982,12,12,12,12,12,12,12,12,12,12
530174,2,1,1982,0,0,0,0,0,0,0,0,0,7
530175,1,1,1982,28,28,28,28,28,28,28,28,28,28
530175,2,1,1982,9,7,14,8,18,8,19,16,18,13
530176,1,1,1982,21,21,21,21,21,21,21,21,21,21
530177,1,1,1982,12,12,12,12,12,12,12,12,12,12
530178,1,1,1982,0,0,0,0,0,0,0,0,0,0
530178,2,1,1982,12,12,12,12,12,12,12,12,12,12
530179,1,1,1982,18,18,18,18,18,18,18,18,18,18
530179,2,1,1982,0,0,0,0,0,7,6,0,0,0
530180,0,1,1982,22,22,22,22,22,22,22,22,22,22
530180,1,1,1982,19,18,11,0,0,13,20,16,6,21
530181,0,1,1982,0,0,0,0,0,0,0,0,0,0
530181,1,1,1982,17,16,3,18,30,20,15,15,15,35
530182,1,1,1982,10,7,0,0,0,19,12,2,11,0