ST_CASE,VEH_NO,PER_NO,YEAR,P1,P2,P3,P4,P5,P6,P7,P8,P9,P10
530183,1,1,1982,9,15,8,5,19,6,9,16,13,17
530184,1,1,1982,0,0,0,0,0,0,0,0,0,0
530185,1,1,1982,18,21,0,6,8,11,3,18,13,20
530186,1,1,1982,0,0,0,0,0,0,0,0,0,0
530186,2,1,1982,0,0,0,0,0,0,0,0,0,0
530187,1,1,1982,22,22,22,22,22,22,22,22,22,22
530188,1,1,1982,21,21,21,21,21,21,21,21,21,21
530188,2,1,1982,3,3,3,3,3,3,3,3,3,3
530189,1,1,1982,14,14,14,14,14,14,14,14,14,14
530190,1,1,1982,18,18,18,18,18,18,18,18,18,18
530191,1,1,1982,30,13,14,10,17,24,29,23,17,17
530192,1,1,1982,0,0,0,0,0,0,40,0,0,20
530193,1,1,1982,18,18,18,18,18,18,18,18,18,18
530194,1,1,1982,0,0,0,0,0,0,0,0,0,0
530194,2,1,1982,0,23,22,19,0,23,15,21,0,0
530195,0,1,1982,0,0,0,0,0,0,0,0,0,0
530195,1,1,1982,0,0,0,0,0,0,0,0,0,0
530196,1,1,1982,14,14,14,14,14,14,14,14,14,14
530197,1,1,1982,0,0,0,0,0,0,0,0,0,0
530197,2,1,1982,0,0,0,0,0,0,0,0,0,0
530198,1,1,1982,21,21,21,21,21,21,21,21,21,21
530198,2,1,1982,14,17,11,17,7,22,21,17,12,18
530199,1,1,1982,22,26,28,19,11,19,18,24,23,25
530200,1,1,1982,0,0,0,0,0,0,0,0,0,0
530201,0,1,1982,36,0,50,24,21,35,3,0,13,19
530201,1,1,1982,11,25,14,6,11,23,27,31,41,9
530202,1,1,1982,0,0,0,0,0,0,0,0,0,0
530203,1,1,1982,0,13,14,14,8,11,0,5,0,0
530203,2,1,1982,0,0,0,0,0,0,0,0,0,0
530204,1,1,1982,2,0,0,0,0,0,0,0,0,0
530205,1,1,1982,0,0,0,0,0,0,0,0,0,0
530206,1,1,1982,10,10,10,10,10,10,10,10,10,10
530207,0,1,1982,12,12,12,12,12,12,12,12,12,12
530207,1,1,1982,0,0,7,0,0,18,12,0,0,0
530208,1,1,1982,0,0,0,0,15,0,3,0,8,0
530208,2,1,1982,18,0,0,0,0,22,0,7,25,0
530209,1,1,1982,0,0,0,0,0,0,0,0,0,0
530210,1,1,1982,0,0,0,0,0,0,0,0,0,0
530211,1,1,1982,18,18,18,18,18,18,18,18,18,18
530212,1,1,1982,0,0,0,0,0,0,0,0,0,0
530212,2,1,1982,0,0,0,0,0,0,0,0,0,0
530213,1,1,1982,18,18,18,18,18,18,18,18,18,18
530214,1,1,1982,0,25,12,0,0,18,0,0,0,0
530215,1,1,1982,14,14,14,14,14,14,14,14,14,14
530216,1,1,1982,47,47,47,47,47,47,47,47,47,47
530216,2,1,1982,0,0,0,0,0,0,9,10,0,0
530217,1,1,1982,23,23,23,23,23,23,23,23,23,23
530217,2,1,1982,0,0,0,0,0,0,0,0,0,6
530218,0,1,1982,7,7,7,7,7,7,7,7,7,7
530218,1,1,1982,25,13,11,20,0,19,16,0,19,23
530219,1,1,1982,24,24,24,24,24,24,24,24,24,24
530220,1,1,1982,15,15,15,15,15,15,15,15,15,15
530221,0,1,1982,17,17,17,17,17,17,17,17,17,17
530221,1,1,1982,17,17,17,17,17,17,17,17,17,17
530222,1,1,1982,22,22,22,22,22,22,22,22,22,22
530223,1,1,1982,25,25,25,25,25,25,25,25,25,25
530224,1,1,1982,22,0,18,13,0,10,0,13,16,0
530225,1,1,1982,0,0,0,0,0,0,0,0,0,0
530225,2,1,1982,0,0,0,0,0,0,0,0,0,0
530226,1,1,1982,4,4,4,4,4,4,4,4,4,4
530226,2,1,1982,0,0,0,0,0,0,0,8,6,0
530226,3,1,1982,0,0,0,23,0,0,0,0,0,0
530227,1,1,1982,16,16,16,16,16,16,16,16,16,16
530227,2,1,1982,20,20,20,20,20,20,20,20,20,20
530228,1,1,1982,0,21,5,2,26,0,16,9,11,12
530228,2,1,1982,24,24,24,24,24,24,24,24,24,24
530229,1,1,1982,3,3,3,3,3,3,3,3,3,3
530230,1,1,1982,0,15,11,0,0,0,14,4,5,13
530230,2,1,1982,0,0,0,0,0,0,0,0,0,0
530231,1,1,1982,12,12,12,12,12,12,12,12,12,12
530231,2,1,1982,20,0,0,0,0,0,0,0,0,0
530232,1,1,1982,31,31,31,31,31,31,31,31,31,31
530232,2,1,1982,0,0,0,0,0,18,0,0,0,0
530233,1,1,1982,9,9,9,9,9,9,9,9,9,9
530234,1,1,1982,0,0,0,0,0,0,0,0,0,0
530235,1,1,1982,19,15,7,22,20,20,18,4,11,0
530236,1,1,1982,0,0,17,13,0,11,12,12,7,0
530237,1,1,1982,0,0,0,0,0,0,0,0,0,0
530238,1,1,1982,21,21,21,21,21,21,21,21,21,21
530239,1,1,1982,4,4,4,4,4,4,4,4,4,4
530239,2,1,1982,0,0,0,0,0,0,0,0,0,0
530240,1,1,1982,0,0,0,0,0,0,0,0,0,0
530241,1,1,1982,0,0,0,0,0,0,11,0,4,0
530241,2,1,1982,0,19,0,5,0,11,0,0,0,0
530242,1,1,1982,0,0,0,0,0,0,0,0,0,0
530242,2,1,1982,0,0,0,0,0,0,0,0,0,0
530243,1,1,1982,12,12,12,12,12,12,12,12,12,12
530243,2,1,1982,23,23,23,23,23,23,23,23,23,23
530244,1,1,1982,11,0,0,0,0,0,0,0,0,0
530244,2,1,1982,0,0,0,0,0,0,0,0,0,0
530245,0,1,1982,20,20,20,20,20,20,20,20,20,20
530245,1,1,1982,0,0,0,0,0,0,0,0,0,0
530246,0,1,1982,0,0,0,0,0,0,0,0,0,0
530246,0,2,1982,0,0,0,0,0,0,0,11,0,0
530246,1,1,1982,0,0,15,31,16,0,0,15,13,0
530247,0,1,1982,30,15,6,0,17,11,0,0,0,23
530247,1,1,1982,3,3,3,3,3,3,3,3,3,3
530248,1,1,1982,0,0,0,0,0,0,0,0,0,0
530248,2,1,1982,0,0,0,0,0,0,0,0,0,0
530249,0,1,1982,0,0,0,0,0,0,0,0,0,0
530249,1,1,1982,0,10,0,0,28,0,17,6,9,0
530250,1,1,1982,0,0,0,0,0,0,0,0,0,0
530251,1,1,1982,5,5,5,5,5,5,5,5,5,5
530252,1,1,1982,27,27,27,27,27,27,27,27,27,27
530253,1,1,1982,29,29,29,29,29,29,29,29,29,29
530254,1,1,1982,10,10,10,10,10,10,10,10,10,10
530254,2,1,1982,16,16,16,16,16,16,16,16,16,16
530255,1,1,1982,20,20,20,20,20,20,20,20,20,20
530256,1,1,1982,0,0,0,0,0,0,0,0,0,0
530256,2,1,1982,0,0,0,0,0,0,0,0,0,0
530256,3,1,1982,0,0,0,0,0,0,0,0,0,0
530256,4,1,1982,0,0,0,0,0,8,0,0,0,0
530256,5,1,1982,16,0,0,0,0,17,0,20,0,0
530257,0,1,1982,18,18,18,18,18,18,18,18,18,18
530257,1,1,1982,21,0,22,16,15,13,6,0,0,23
530258,1,1,1982,0,8,25,24,28,23,21,0,0,0
530259,1,1,1982,19,0,17,12,0,15,21,18,0,15
530260,1,1,1982,0,0,0,0,0,0,0,0,0,0
530260,2,1,1982,0,6,0,0,0,0,0,0,0,0
530260,3,1,1982,0,0,0,0,0,0,0,0,0,0
530261,0,1,1982,0,0,0,0,0,0,0,0,0,0
530261,1,1,1982,24,15,10,7,17,24,18,32,22,20
530262,1,1,1982,9,16,23,4,8,10,17,7,18,10
530263,1,1,1982,13,11,13,12,16,17,9,8,0,0
530263,2,1,1982,20,20,20,20,20,20,20,20,20,20
530264,1,1,1982,28,28,28,28,28,28,28,28,28,28
530265,1,1,1982,25,25,25,25,25,25,25,25,25,25
530266,1,1,1982,0,0,0,0,0,0,0,0,0,0
530266,2,1,1982,0,0,0,0,0,0,0,0,10,9
530267,1,1,1982,14,14,14,14,14,14,14,14,14,14
530268,1,1,1982,0,0,7,12,6,18,0,6,8,0
530268,2,1,1982,0,0,0,0,0,0,0,0,0,0
530269,1,1,1982,20,20,20,20,20,20,20,20,20,20
530269,2,1,1982,14,0,0,0,0,0,0,0,15,0
530270,1,1,1982,22,22,22,22,22,22,22,22,22,22
530271,1,1,1982,21,21,21,21,21,21,21,21,21,21
530272,0,1,1982,22,22,22,22,22,22,22,22,22,22
530272,1,1,1982,0,0,6,0,14,24,0,0,0,19
530273,1,1,1982,13,13,13,13,13,13,13,13,13,13
530273,2,1,1982,0,0,0,0,0,0,0,0,0,0
530274,1,1,1982,15,15,15,15,15,15,15,15,15,15
530275,1,1,1982,0,0,0,0,0,0,0,0,0,0
530275,2,1,1982,0,0,0,0,0,0,0,0,0,0
530276,1,1,1982,4,4,4,4,4,4,4,4,4,4
530277,1,1,1982,0,0,0,0,23,0,0,0,0,0
530278,1,1,1982,8,8,8,8,8,8,8,8,8,8
530279,1,1,1982,8,8,8,8,8,8,8,8,8,8
530280,0,1,1982,9,0,13,0,10,0,0,0,13,13
530280,1,1,1982,0,0,0,0,0,0,0,0,0,0
530281,1,1,1982,0,0,0,0,0,0,0,0,0,0
530282,1,1,1982,0,0,0,0,0,0,0,0,0,0
530283,1,1,1982,19,19,19,19,19,19,19,19,19,19
530284,1,1,1982,17,2,24,10,0,27,27,9,17,16
530285,1,1,1982,13,13,13,13,13,13,13,13,13,13
530285,2,1,1982,0,0,0,0,0,0,0,0,0,0
530286,1,1,1982,0,0,0,0,0,0,0,0,0,0
530286,2,1,1982,0,0,0,0,0,0,0,0,0,0
530287,1,1,1982,14,9,28,23,0,7,30,0,15,17
530287,2,1,1982,0,0,0,0,0,0,0,0,0,0
530288,0,1,1982,15,15,17,19,18,22,32,8,18,26
530288,1,1,1982,0,0,0,0,0,0,0,0,0,0
530289,1,1,1982,10,10,10,10,10,10,10,10,10,10
530290,1,1,1982,0,0,0,0,0,0,0,0,0,0
530290,2,1,1982,0,0,0,0,0,0,0,0,0,0
530291,1,1,1982,0,0,0,0,0,0,0,0,0,0
530291,2,1,1982,8,31,14,0,9,15,0,0,18,10
530292,1,1,1982,20,29,19,1,16,23,14,12,21,7
530293,0,1,1982,0,0,0,13,0,0,17,0,21,0
530293,1,1,1982,14,0,0,0,0,0,0,14,0,0
530294,1,1,1982,19,19,19,19,19,19,19,19,19,19
530294,2,1,1982,0,0,0,0,0,0,0,4,0,0
530295,1,1,1982,0,0,0,0,0,0,0,0,0,0
530296,1,1,1982,29,9,17,17,26,9,12,8,23,21
530297,1,1,1982,21,0,16,0,12,0,0,0,17,22
530297,2,1,1982,0,0,0,0,0,0,0,0,0,0
530298,1,1,1982,0,0,0,0,0,0,0,0,0,8
530299,1,1,1982,0,0,0,0,0,0,0,0,0,0
530300,1,1,1982,0,0,0,0,0,0,0,0,0,0
530300,2,1,1982,0,0,0,0,0,0,0,0,0,0
530301,1,1,1982,22,11,21,17,3,11,13,12,11,22
530302,0,1,1982,0,0,0,0,0,0,0,0,0,0
530302,1,1,1982,0,0,0,0,0,0,0,0,0,0
530303,1,1,1982,9,40,17,17,39,14,26,20,19,19
530304,1,1,1982,8,8,8,8,8,8,8,8,8,8
530305,1,1,1982,20,20,20,20,20,20,20,20,20,20
530306,1,1,1982,0,0,0,0,0,0,0,0,0,0
530306,2,1,1982,0,0,0,0,0,0,0,0,0,0
530307,1,1,1982,0,0,0,0,0,0,0,0,0,0
530307,2,1,1982,0,0,0,0,0,0,0,0,0,0
530308,0,1,1982,15,15,15,15,15,15,15,15,15,15
530308,1,1,1982,0,16,0,0,0,0,0,0,0,0
530308,2,1,1982,0,0,9,0,0,0,0,0,0,0
530309,1,1,1982,13,13,13,13,13,13,13,13,13,13
530310,1,1,1982,10,0,18,8,11,23,7,3,9,3
530311,1,1,1982,22,22,22,22,22,22,22,22,22,22
530311,2,1,1982,17,17,17,17,17,17,17,17,17,17
530312,1,1,1982,13,13,13,13,13,13,13,13,13,13
530313,1,1,1982,30,30,30,30,30,30,30,30,30,30
530314,1,1,1982,0,0,0,0,0,0,0,0,0,0
530315,1,1,1982,13,13,13,13,13,13,13,13,13,13
530316,1,1,1982,0,0,0,0,0,0,0,0,0,0
530316,2,1,1982,0,0,0,0,0,0,0,0,0,0
530317,1,1,1982,19,19,19,19,19,19,19,19,19,19
530317,2,1,1982,0,0,0,0,0,0,0,0,0,0
530318,0,1,1982,16,16,16,16,16,16,16,16,16,16
530318,1,1,1982,0,0,0,0,0,10,0,0,0,0
530319,1,1,1982,21,25,9,21,28,28,21,28,9,9
530320,0,1,1982,0,0,0,0,0,0,0,0,0,0
530320,1,1,1982,16,16,16,16,16,16,16,16,16,16
530321,1,1,1982,19,19,19,19,19,19,19,19,19,19
530321,2,1,1982,0,0,0,0,0,0,0,12,0,0
530322,1,1,1982,10,10,10,10,10,10,10,10,10,10
530323,1,1,1982,22,22,22,22,22,22,22,22,22,22
530325,1,1,1982,0,0,0,0,0,0,0,0,0,0
530325,2,1,1982,0,0,0,0,0,0,0,0,0,0
530326,1,1,1982,27,27,27,27,27,27,27,27,27,27
530327,1,1,1982,23,12,15,9,3,22,22,9,34,24
530328,0,1,1982,11,11,11,11,11,11,11,11,11,11
530328,1,1,1982,2,2,2,2,2,2,2,2,2,2
530329,1,1,1982,21,12,0,10,18,13,17,21,11,8
530330,1,1,1982,0,0,0,0,0,0,0,0,0,0
530331,1,1,1982,20,20,20,20,20,20,20,20,20,20
530331,2,1,1982,0,20,0,0,0,0,0,0,0,0
530332,1,1,1982,31,31,31,31,31,31,31,31,31,31
530332,2,1,1982,0,0,0,0,0,0,14,13,22,0
530333,1,1,1982,24,24,24,24,24,24,24,24,24,24
530334,1,1,1982,19,19,19,19,19,19,19,19,19,19
530335,1,1,1982,19,24,11,12,0,11,18,11,0,10
530336,1,1,1982,20,20,20,20,20,20,20,20,20,20
530337,1,1,1982,20,20,20,20,20,20,20,20,20,20
530338,1,1,1982,0,0,0,0,0,0,0,0,0,0
530338,2,1,1982,0,0,0,0,0,0,0,0,0,0
530339,1,1,1982,21,13,29,20,16,8,28,14,14,30
530340,1,1,1982,17,17,17,17,17,17,17,17,17,17
530340,2,1,1982,0,0,0,0,0,0,0,0,0,0
530341,1,1,1982,15,15,15,15,15,15,15,15,15,15
530342,1,1,1982,0,0,0,0,0,0,0,0,0,0
530343,1,1,1982,0,0,0,0,0,0,0,0,0,0
530343,2,1,1982,0,0,0,0,0,0,0,21,0,0
530344,1,1,1982,23,23,23,23,23,23,23,23,23,23
530344,2,1,1982,0,0,0,0,21,0,7,0,0,0
530345,1,1,1982,18,18,18,18,18,18,18,18,18,18
530346,0,1,1982,0,5,0,19,0,0,0,0,0,0
530346,1,1,1982,23,23,23,23,23,23,23,23,23,23
530347,1,1,1982,0,0,0,0,0,0,0,0,0,0
530348,1,1,1982,0,0,0,0,0,0,0,0,0,0
530348,2,1,1982,16,19,0,0,0,0,0,0,0,0
530350,1,1,1982,24,24,24,24,24,24,24,24,24,24
530350,2,1,1982,0,0,0,0,0,0,0,0,0,0
530351,0,1,1982,22,22,22,22,22,22,22,22,22,22
530351,1,1,1982,0,0,5,21,23,11,8,15,18,4
530352,1,1,1982,0,0,0,0,0,0,0,0,0,0
530353,1,1,1982,9,9,9,9,9,9,9,9,9,9
530354,1,1,1982,0,0,0,0,0,0,0,0,0,0
530355,1,1,1982,18,18,18,18,18,18,18,18,18,18
530355,2,1,1982,10,10,10,10,10,10,10,10,10,10
530355,3,1,1982,15,26,5,15,0,0,23,10,0,0
530356,1,1,1982,0,0,0,0,0,0,0,0,0,0
530356,2,1,1982,0,0,0,0,0,0,0,0,0,0
530357,1,1,1982,0,0,0,0,0,0,0,0,0,0
530357,2,1,1982,0,0,0,0,0,0,0,10,0,0
530358,1,1,1982,0,0,0,0,0,0,0,0,0,0
530359,1,1,1982,0,0,0,0,0,0,0,0,0,0
530359,2,1,1982,0,0,0,0,10,0,0,0,0,0
530360,1,1,1982,22,8,23,2,21,23,20,8,19,7
530361,1,1,1982,4,4,4,4,4,4,4,4,4,4
530362,1,1,1982,19,19,19,19,19,19,19,19,19,19
530362,2,1,1982,0,0,0,0,0,0,0,0,0,0
530363,1,1,1982,0,0,0,0,0,0,0,0,0,0
530364,1,1,1982,21,21,21,21,21,21,21,21,21,21
530365,1,1,1982,10,10,10,10,10,10,10,10,10,10
530366,1,1,1982,20,18,0,5,6,11,8,16,17,32
530367,1,1,1982,31,31,31,31,31,31,31,31,31,31
530368,1,1,1982,23,23,13,15,8,6,13,25,17,18
530369,1,1,1982,22,22,22,22,22,22,22,22,22,22
530370,1,1,1982,0,0,0,0,8,27,6,0,0,0
530371,1,1,1982,17,17,17,17,17,17,17,17,17,17
530372,1,1,1982,17,17,17,17,17,17,17,17,17,17
530373,1,1,1982,9,9,9,9,9,9,9,9,9,9
530374,1,1,1982,12,12,12,12,12,12,12,12,12,12
530375,1,1,1982,25,25,25,25,25,25,25,25,25,25
530376,1,1,1982,0,0,0,0,0,0,0,0,0,0
530376,2,1,1982,0,13,0,0,0,0,0,0,3,0
530377,1,1,1982,21,21,21,21,21,21,21,21,21,21
530378,1,1,1982,9,9,9,9,9,9,9,9,9,9
530379,0,1,1982,0,0,0,0,0,0,0,0,0,0
530379,1,1,1982,0,0,0,0,0,0,0,0,0,0
530380,0,1,1982,15,15,15,15,15,15,15,15,15,15
530380,1,1,1982,15,21,11,8,29,11,18,25,0,22
530381,1,1,1982,17,17,17,17,17,17,17,17,17,17
530381,2,1,1982,5,0,0,0,0,18,12,0,0,12
530382,0,1,1982,23,0,0,0,0,19,0,10,0,15
530382,0,2,1982,14,22,2,0,11,20,23,10,10,9
530382,1,1,1982,12,20,22,15,18,21,23,13,0,20
530383,1,1,1982,23,23,23,23,23,23,23,23,23,23
530384,1,1,1982,15,15,15,15,15,15,15,15,15,15
530385,1,1,1982,21,21,21,21,21,21,21,21,21,21
530386,1,1,1982,0,0,0,0,0,0,0,0,0,0
530386,2,1,1982,0,0,0,0,0,0,0,0,0,0
530387,1,1,1982,0,0,0,0,0,0,0,0,0,0
530387,2,1,1982,0,0,0,0,0,0,0,0,0,0
530387,3,1,1982,0,0,0,0,0,0,0,0,0,0
530388,1,1,1982,0,0,0,0,0,0,0,0,0,0
530388,2,1,1982,0,0,0,0,0,0,0,0,0,0
530389,1,1,1982,11,19,9,21,12,16,15,15,20,5
530390,1,1,1982,20,20,20,20,20,20,20,20,20,20
530391,1,1,1982,0,0,0,0,0,0,0,0,0,0
530391,2,1,1982,0,0,0,0,0,0,0,0,0,0
530391,3,1,1982,0,0,0,0,0,0,0,0,0,0
530392,1,1,1982,0,0,0,0,0,0,0,0,17,0
530393,1,1,1982,0,0,0,0,0,0,0,0,0,0
530393,2,1,1982,0,0,0,0,0,0,0,0,0,0
530394,1,1,1982,11,11,11,11,11,11,11,11,11,11
530396,1,1,1982,9,9,9,9,9,9,9,9,9,9
530397,1,1,1982,0,0,0,0,0,0,10,0,0,9
530397,2,1,1982,0,0,0,0,0,0,12,0,0,0
530398,1,1,1982,16,16,16,16,16,16,16,16,16,16
530399,1,1,1982,10,10,10,10,10,10,10,10,10,10
530400,1,1,1982,13,13,13,13,13,13,13,13,13,13
530400,2,1,1982,0,0,0,0,0,0,0,0,0,0
530400,3,1,1982,0,0,0,0,0,0,15,0,0,0
530400,4,1,1982,0,0,0,0,0,0,0,0,0,0
530401,1,1,1982,15,15,15,15,15,15,15,15,15,15
530402,1,1,1982,20,20,20,20,20,20,20,20,20,20
530402,2,1,1982,0,0,0,0,0,0,0,0,0,0
530402,3,1,1982,7,7,7,7,7,7,7,7,7,7
530402,4,1,1982,0,0,0,0,0,0,0,0,0,0
530403,1,1,1982,28,28,28,28,28,28,28,28,28,28
530404,1,1,1982,0,0,0,0,0,0,0,0,0,0
530405,0,1,1982,7,7,7,7,7,7,7,7,7,7
530405,1,1,1982,0,0,0,0,0,0,0,0,0,0
530406,1,1,1982,17,27,6,0,13,28,18,13,26,0
530407,1,1,1982,0,0,0,0,0,0,0,0,0,0
530408,1,1,1982,0,0,0,0,0,0,0,0,0,0
530408,2,1,1982,0,0,0,0,0,0,0,0,0,0
530409,1,1,1982,11,11,11,11,11,11,11,11,11,11
530409,2,1,1982,0,0,0,0,0,0,0,0,0,0
530410,1,1,1982,8,0,23,0,0,22,21,12,6,0
530410,2,1,1982,0,0,0,0,0,0,0,0,0,0
530411,1,1,1982,0,0,0,0,0,0,0,0,0,0
530411,2,1,1982,21,0,32,10,17,11,0,0,0,7
530412,1,1,1982,18,18,18,18,18,18,18,18,18,18
530413,1,1,1982,0,0,0,0,0,0,0,0,0,0
530413,2,1,1982,4,13,15,0,0,0,0,0,0,0
530414,1,1,1982,20,20,20,20,20,20,20,20,20,20
530415,1,1,1982,17,17,17,17,17,17,17,17,17,17
530415,2,1,1982,0,4,0,0,0,0,0,0,0,0
530416,0,1,1982,0,0,0,0,0,0,0,0,0,0
530416,1,1,1982,0,0,0,0,9,0,0,15,0,0
530417,1,1,1982,24,10,7,20,21,17,13,13,14,21
530417,2,1,1982,0,0,0,0,0,0,0,0,0,13
530418,1,1,1982,21,21,21,21,21,21,21,21,21,21
530419,1,1,1982,16,16,16,16,16,16,16,16,16,16
530420,1,1,1982,21,24,20,19,17,32,15,33,14,30
530421,1,1,1982,17,18,17,25,16,21,23,9,18,24
530422,1,1,1982,2,16,0,7,20,17,18,16,4,10
530422,2,1,1982,0,0,0,0,0,0,0,0,0,0
530423,1,1,1982,19,19,19,19,19,19,19,19,19,19
530424,1,1,1982,23,23,23,23,23,23,23,23,23,23
530424,2,1,1982,0,0,0,0,0,0,0,0,16,0
530425,1,1,1982,0,0,0,9,11,0,0,0,0,0
530426,1,1,1982,28,28,28,28,28,28,28,28,28,28
530426,2,1,1982,0,0,0,18,0,0,0,0,0,0
530427,1,1,1982,20,20,20,20,20,20,20,20,20,20
530427,2,1,1982,14,14,14,14,14,14,14,14,14,14
530428,1,1,1982,0,0,0,0,0,0,0,0,0,0
530428,2,1,1982,0,0,0,0,0,0,0,0,0,0
530429,1,1,1982,15,15,15,15,15,15,15,15,15,15
530430,1,1,1982,0,0,0,0,0,0,0,0,0,0
530431,1,1,1982,16,16,16,16,16,16,16,16,16,16
530432,1,1,1982,20,14,9,0,9,32,29,22,17,10
530433,0,1,1982,0,0,0,0,0,0,0,0,0,0
530433,1,1,1982,0,0,0,0,0,0,0,17,0,0
530434,1,1,1982,25,25,25,25,25,25,25,25,25,25
530435,1,1,1982,14,14,14,14,14,14,14,14,14,14
530435,2,1,1982,8,16,4,44,14,25,18,12,13,11
530436,1,1,1982,0,0,0,0,0,0,0,0,0,0
530436,2,1,1982,0,0,0,0,0,0,0,0,0,0
530437,1,1,1982,18,18,18,18,18,18,18,18,18,18
530437,2,1,1982,0,0,24,0,0,16,0,16,0,0
530438,1,1,1982,28,17,22,27,27,20,4,19,19,14
530439,1,1,1982,0,0,0,0,0,0,0,0,0,0
530440,1,1,1982,20,20,20,20,20,20,20,20,20,20
530441,1,1,1982,23,23,23,23,23,23,23,23,23,23
530442,1,1,1982,22,22,22,22,22,22,22,22,22,22
530443,1,1,1982,0,0,0,0,0,0,0,0,0,0
530443,2,1,1982,0,0,0,0,0,0,0,0,0,0
530444,0,1,1982,15,15,15,15,15,15,15,15,15,15
530444,1,1,1982,10,10,10,10,10,10,10,10,10,10
530445,1,1,1982,0,0,0,0,0,0,0,0,0,0
530445,2,1,1982,0,0,0,0,0,18,0,0,0,0
530446,1,1,1982,0,0,0,0,0,0,0,0,0,0
530447,1,1,1982,26,5,23,12,15,25,24,19,23,5
530449,0,1,1982,0,0,0,0,0,0,0,0,0,0
530449,1,1,1982,0,0,0,0,0,0,0,0,0,0
530450,1,1,1982,15,15,15,15,15,15,15,15,15,15
530451,1,1,1982,0,0,0,0,0,0,0,0,0,0
530451,2,1,1982,0,0,0,0,0,0,0,17,0,0
530452,1,1,1982,0,0,0,0,12,0,0,0,0,0
530452,2,1,1982,0,0,2,0,0,0,0,0,0,0
530453,1,1,1982,15,15,15,15,15,15,15,15,15,15
530454,1,1,1982,11,11,11,11,11,11,11,11,11,11
530455,1,1,1982,0,0,0,0,0,0,0,0,0,0
530456,1,1,1982,9,15,8,8,16,11,20,18,22,0
530456,2,1,1982,0,0,0,0,0,0,0,0,0,0
530457,1,1,1982,0,0,0,0,0,0,0,0,0,0
530458,1,1,1982,8,0,0,0,0,0,0,0,0,0
530458,2,1,1982,29,29,29,29,29,29,29,29,29,29
530459,1,1,1982,20,9,14,8,11,9,0,14,13,0
530460,0,1,1982,0,0,0,0,0,0,0,0,0,0
530460,1,1,1982,4,12,17,20,30,18,9,19,14,13
530461,0,1,1982,24,24,24,24,24,24,24,24,24,24
530461,1,1,1982,15,15,15,15,15,15,15,15,15,15
530462,1,1,1982,21,21,21,21,21,21,21,21,21,21
530463,1,1,1982,0,0,0,0,0,0,0,0,0,0
530463,2,1,1982,17,17,17,17,17,17,17,17,17,17
530464,1,1,1982,25,10,23,17,31,23,27,9,0,23
530465,1,1,1982,0,0,0,0,0,0,0,0,0,0
530466,1,1,1982,31,31,31,31,31,31,31,31,31,31
530467,1,1,1982,19,19,19,19,19,19,19,19,19,19
530467,2,1,1982,0,0,0,0,0,18,8,6,13,7
530467,3,1,1982,0,0,0,0,0,0,0,0,0,0
530468,1,1,1982,0,0,0,0,0,0,0,0,0,0
530469,1,1,1982,15,15,15,15,15,15,15,15,15,15
530470,1,1,1982,3,3,3,3,3,3,3,3,3,3
530471,1,1,1982,32,28,31,24,22,14,27,0,19,17
530472,1,1,1982,21,22,22,7,14,8,11,15,23,27
530472,2,1,1982,0,0,20,0,0,0,18,11,0,0
530473,1,1,1982,20,17,12,17,19,14,21,27,24,14
530474,1,1,1982,4,4,4,4,4,4,4,4,4,4
530474,2,1,1982,0,0,0,0,0,0,0,0,0,0
530475,1,1,1982,27,0,0,0,0,0,0,0,0,0
530475,2,1,1982,0,0,0,0,0,0,0,0,0,0
530476,1,1,1982,26,26,26,26,26,26,26,26,26,26
530477,1,1,1982,26,26,26,26,26,26,26,26,26,26
530477,2,1,1982,0,0,0,0,0,0,0,0,10,0
530478,0,1,1982,0,0,0,0,0,0,0,0,0,0
530478,1,1,1982,0,0,0,0,0,0,0,0,0,0
530479,1,1,1982,5,5,5,5,5,5,5,5,5,5
530479,2,1,1982,0,0,0,0,0,0,0,0,0,0
530479,3,1,1982,0,0,0,0,0,0,0,0,0,0
530480,0,1,1982,0,0,0,0,0,0,0,0,0,0
530480,1,1,1982,0,0,0,0,0,0,0,0,0,5
530481,0,1,1982,28,28,28,28,28,28,28,28,28,28
530481,1,1,1982,0,0,0,0,0,0,0,0,0,0
530481,2,1,1982,8,0,0,0,0,0,0,0,0,17
530481,3,1,1982,0,0,0,0,0,0,0,0,0,0
530482,1,1,1982,18,18,18,18,18,18,18,18,18,18
530483,0,1,1982,0,0,0,0,0,0,0,0,0,0
530483,1,1,1982,0,0,0,0,0,0,0,0,0,0
530484,1,1,1982,24,24,24,24,24,24,24,24,24,24
530484,2,1,1982,0,0,0,0,0,0,0,0,0,0