ST_CASE,VEH_NO,PER_NO,YEAR,P1,P2,P3,P4,P5,P6,P7,P8,P9,P10
530485,1,1,1982,22,22,22,22,22,22,22,22,22,22
530486,1,1,1982,0,0,0,0,0,0,0,0,0,0
530486,2,1,1982,0,0,0,0,0,0,0,0,0,0
530487,1,1,1982,17,17,17,17,17,17,17,17,17,17
530488,1,1,1982,5,19,0,15,10,19,0,15,22,0
530488,2,1,1982,0,0,0,0,0,0,0,0,0,0
530489,1,1,1982,11,18,0,0,0,17,0,14,0,0
530491,1,1,1982,15,15,15,15,15,15,15,15,15,15
530492,1,1,1982,21,21,21,21,21,21,21,21,21,21
530492,2,1,1982,0,0,0,0,0,0,0,0,0,0
530492,3,1,1982,0,0,0,0,0,0,0,0,0,0
530493,1,1,1982,15,15,15,15,15,15,15,15,15,15
530494,1,1,1982,17,17,17,17,17,17,17,17,17,17
530495,1,1,1982,0,0,0,0,0,0,0,0,0,0
530495,2,1,1982,0,0,0,0,0,0,0,0,0,0
530496,1,1,1982,18,18,18,18,18,18,18,18,18,18
530496,2,1,1982,0,0,0,0,0,0,0,0,0,0
530496,3,1,1982,0,0,0,0,0,0,0,0,0,0
530497,1,1,1982,0,0,0,0,0,0,0,0,0,0
530497,2,1,1982,8,8,8,8,8,8,8,8,8,8
530498,1,1,1982,2,2,2,2,2,2,2,2,2,2
530498,2,1,1982,0,0,0,0,0,0,0,0,0,0
530499,1,1,1982,21,21,21,21,21,21,21,21,21,21
530500,0,1,1982,0,0,0,0,0,0,0,0,0,0
530500,1,1,1982,0,0,0,0,0,0,0,5,0,0
530501,1,1,1982,8,8,8,8,8,8,8,8,8,8
530502,1,1,1982,12,12,12,12,12,12,12,12,12,12
530502,2,1,1982,12,0,17,0,10,4,12,22,5,20
530503,1,1,1982,16,16,16,16,16,16,16,16,16,16
530504,1,1,1982,15,15,15,15,15,15,15,15,15,15
530504,2,1,1982,4,0,0,0,0,0,10,0,0,0
530505,0,1,1982,0,0,0,0,0,0,0,0,0,0
530505,1,1,1982,5,15,13,13,25,28,14,18,20,14
530506,1,1,1982,22,22,28,0,23,17,20,6,40,15
530507,1,1,1982,0,0,0,0,0,0,0,0,0,0
530507,2,1,1982,0,0,0,0,0,0,0,0,0,0
530508,1,1,1982,0,0,0,0,0,0,0,0,0,0
530508,2,1,1982,0,13,0,0,0,0,0,0,0,0
530509,1,1,1982,5,5,5,5,5,5,5,5,5,5
530510,1,1,1982,0,0,0,0,0,0,0,24,0,20
530510,2,1,1982,0,0,0,0,0,0,0,0,0,0
530511,1,1,1982,14,14,14,14,14,14,14,14,14,14
530511,2,1,1982,17,17,17,17,17,17,17,17,17,17
530512,1,1,1982,0,0,0,0,0,0,0,0,12,0
530512,2,1,1982,0,0,14,0,0,0,0,0,0,0
530513,1,1,1982,0,0,0,0,0,0,0,0,0,0
530513,2,1,1982,0,0,0,0,0,0,0,0,0,0
530514,1,1,1982,9,9,9,9,9,9,9,9,9,9
530515,0,1,1982,24,24,24,24,24,24,24,24,24,24
530515,1,1,1982,18,6,10,13,17,21,3,21,24,6
530516,0,1,1982,22,22,22,22,22,22,22,22,22,22
530516,1,1,1982,0,0,0,0,0,0,0,0,0,0
530517,1,1,1982,19,19,19,19,19,19,19,19,19,19
530517,2,1,1982,20,20,20,20,20,20,20,20,20,20
530518,1,1,1982,24,24,24,24,24,24,24,24,24,24
530518,2,1,1982,0,0,0,0,0,0,0,0,0,0
530519,1,1,1982,0,0,0,0,0,0,0,0,0,0
530519,2,1,1982,0,0,0,0,0,0,0,0,0,0
530520,1,1,1982,48,48,48,48,48,48,48,48,48,48
530521,1,1,1982,0,0,0,0,0,0,0,0,0,0
530521,2,1,1982,0,0,0,0,0,0,0,0,0,0
530522,1,1,1982,0,0,0,0,0,0,0,0,0,0
530522,2,1,1982,8,8,8,8,8,8,8,8,8,8
530523,0,1,1982,0,0,0,0,0,0,0,0,0,0
530523,1,1,1982,0,0,0,0,0,0,0,0,0,0
530524,0,1,1982,0,0,21,18,0,0,0,0,9,0
530524,1,1,1982,0,0,0,0,0,0,0,0,0,0
530526,1,1,1982,20,20,20,20,20,20,20,20,20,20
530526,2,1,1982,0,0,0,0,0,0,0,0,0,0
530527,1,1,1982,20,20,20,20,20,20,20,20,20,20
530527,2,1,1982,0,0,0,0,0,0,0,0,0,0
530528,1,1,1982,0,0,0,0,0,0,0,0,0,0
530528,2,1,1982,0,0,0,0,0,0,0,0,0,0
530528,3,1,1982,0,0,0,0,0,0,0,0,0,0
530529,1,1,1982,25,0,13,28,8,16,10,18,10,30
530529,2,1,1982,0,5,0,9,0,0,0,0,0,0
530530,1,1,1982,19,19,19,19,19,19,19,19,19,19
530531,1,1,1982,0,0,0,0,0,0,0,0,0,0
530531,2,1,1982,0,0,0,0,0,0,0,0,0,0
530532,1,1,1982,0,0,0,0,0,0,0,0,0,0
530533,1,1,1982,0,0,0,0,0,0,10,0,0,0
530534,1,1,1982,0,0,0,0,0,0,0,0,0,0
530535,1,1,1982,0,0,0,0,0,0,0,0,0,0
530535,2,1,1982,0,0,0,11,0,0,3,0,0,0
530536,1,1,1982,24,24,24,24,24,24,24,24,24,24
530537,1,1,1982,0,0,0,0,0,0,0,0,0,0
530538,1,1,1982,12,12,12,12,12,12,12,12,12,12
530539,1,1,1982,17,17,17,17,17,17,17,17,17,17
530540,1,1,1982,24,24,24,24,24,24,24,24,24,24
530541,1,1,1982,0,0,0,0,0,0,0,0,0,0
530541,2,1,1982,24,24,24,24,24,24,24,24,24,24
530542,1,1,1982,26,0,0,12,0,7,0,0,14,0
530543,0,1,1982,20,20,20,20,20,20,20,20,20,20
530543,1,1,1982,0,0,0,0,0,0,0,0,0,0
530544,0,1,1982,15,15,15,15,15,15,15,15,15,15
530544,1,1,1982,0,0,0,0,0,0,0,0,0,0
530545,1,1,1982,0,0,0,0,0,0,0,0,0,0
530545,2,1,1982,0,0,0,0,0,0,0,0,0,0
530546,1,1,1982,7,7,7,7,7,7,7,7,7,7
530547,1,1,1982,20,20,20,20,20,20,20,20,20,20
530548,1,1,1982,22,22,22,22,22,22,22,22,22,22
530548,2,1,1982,0,0,0,0,0,0,0,0,0,0
530548,3,1,1982,0,0,0,0,0,0,0,0,0,0
530548,4,1,1982,0,0,0,0,0,0,0,0,0,0
530549,0,1,1982,11,11,11,11,11,11,11,11,11,11
530549,1,1,1982,0,0,0,0,0,0,13,0,11,0
530550,1,1,1982,19,19,19,19,19,19,19,19,19,19
530550,2,1,1982,0,0,0,0,0,0,0,0,0,0
530551,0,1,1982,26,26,26,26,26,26,26,26,26,26
530551,1,1,1982,0,0,0,0,0,5,0,0,0,6
530552,1,1,1982,0,0,0,0,0,0,0,0,0,0
530552,2,1,1982,0,0,0,0,0,0,0,0,0,0
530553,0,1,1982,15,15,15,15,15,15,15,15,15,15
530553,1,1,1982,13,25,15,31,25,12,17,0,8,22
530554,1,1,1982,21,21,21,21,21,21,21,21,21,21
530555,0,1,1982,0,12,0,0,0,0,0,0,0,0
530555,1,1,1982,0,0,0,0,0,0,0,0,0,0
530556,1,1,1982,9,9,9,9,9,9,9,9,9,9
530556,2,1,1982,0,0,0,0,0,0,0,0,0,0
530557,1,1,1982,0,0,0,0,0,0,0,0,0,0
530557,2,1,1982,0,0,0,0,0,0,0,0,0,0
530558,0,1,1982,2,2,2,2,2,2,2,2,2,2
530558,1,1,1982,0,0,0,0,0,0,0,0,0,0
530559,1,1,1982,0,26,13,5,10,24,7,17,19,24
530559,2,1,1982,0,0,0,0,0,0,0,0,0,0
530560,1,1,1982,0,0,0,0,0,0,0,0,0,0
530560,2,1,1982,0,0,0,0,0,0,0,0,0,0
530561,1,1,1982,20,18,22,14,20,20,23,20,5,17
530562,1,1,1982,36,36,36,36,36,36,36,36,36,36
530563,2,1,1982,18,18,18,18,18,18,18,18,18,18
530565,1,1,1982,0,0,0,0,0,0,0,0,0,0
530565,2,1,1982,0,0,0,0,0,0,0,0,0,0
530566,1,1,1982,15,8,28,13,0,7,21,11,4,27
530567,1,1,1982,0,0,0,0,0,4,0,0,0,0
530567,2,1,1982,0,0,0,0,0,0,0,0,0,0
530568,1,1,1982,24,24,24,24,24,24,24,24,24,24
530569,1,1,1982,26,26,26,26,26,26,26,26,26,26
530570,0,1,1982,0,0,0,0,0,0,0,0,0,0
530570,1,1,1982,15,16,4,9,23,13,33,20,22,21
530571,1,1,1982,14,14,14,14,14,14,14,14,14,14
530573,0,1,1982,0,0,0,0,0,0,0,0,0,0
530573,1,1,1982,0,0,0,0,0,0,0,0,0,0
530574,1,1,1982,30,30,30,30,30,30,30,30,30,30
530575,1,1,1982,9,20,8,16,31,12,12,15,22,7
530576,0,1,1982,17,17,17,17,17,17,17,17,17,17
530576,1,1,1982,0,0,0,0,0,16,15,0,4,16
530576,2,1,1982,21,0,0,10,0,6,0,30,7,16
530577,1,1,1982,17,17,17,17,17,17,17,17,17,17
530578,1,1,1982,0,0,0,0,0,0,0,0,0,0
530579,1,1,1982,5,5,5,5,5,5,5,5,5,5
530580,1,1,1982,20,20,20,20,20,20,20,20,20,20
530581,1,1,1982,24,24,24,24,24,24,24,24,24,24
530582,1,1,1982,26,26,26,26,26,26,26,26,26,26
530583,0,1,1982,0,0,0,0,0,0,0,0,0,0
530583,1,1,1982,0,0,0,0,0,0,0,0,0,0
530584,0,1,1982,0,0,0,0,0,0,0,0,0,0
530584,1,1,1982,0,0,0,0,0,0,0,0,0,0
530585,1,1,1982,0,0,0,0,0,0,0,0,0,0
530585,2,1,1982,0,0,0,0,0,0,0,0,0,0
530586,1,1,1982,0,0,0,0,0,0,0,0,0,0
530586,2,1,1982,0,0,0,0,0,0,0,0,0,0
530588,1,1,1982,0,0,0,0,0,0,0,0,0,0
530588,2,1,1982,0,0,0,0,0,0,0,0,0,0
530589,1,1,1982,27,27,27,27,27,27,27,27,27,27
530590,1,1,1982,18,18,18,18,18,18,18,18,18,18
530591,1,1,1982,0,0,0,0,0,0,0,0,0,0
530591,2,1,1982,0,0,0,0,0,0,0,0,0,0
530592,1,1,1982,4,4,4,4,4,4,4,4,4,4
530593,1,1,1982,18,18,18,18,18,18,18,18,18,18
530594,1,1,1982,9,9,9,9,9,9,9,9,9,9
530595,1,1,1982,19,19,19,19,19,19,19,19,19,19
530595,2,1,1982,0,0,0,0,0,0,0,0,0,0
530596,1,1,1982,9,0,0,0,0,0,20,0,20,0
530596,2,1,1982,0,0,0,0,15,0,0,0,0,0
530596,3,1,1982,0,0,0,0,0,0,0,0,0,0
530596,4,1,1982,0,0,0,0,33,0,0,0,0,0
530597,1,1,1982,0,0,0,0,0,0,0,0,0,0
530597,2,1,1982,0,0,0,14,0,0,0,0,0,0
530598,0,1,1982,19,19,19,19,19,19,19,19,19,19
530598,1,1,1982,0,0,0,0,0,0,0,0,0,0
530599,1,1,1982,22,22,22,22,22,22,22,22,22,22
530600,1,1,1982,0,0,0,0,0,0,0,0,0,0
530600,2,1,1982,0,0,0,0,0,0,0,0,0,0
530601,0,1,1982,0,0,0,0,13,0,0,31,0,0
530601,1,1,1982,0,0,0,0,0,0,0,0,0,0
530602,0,1,1982,27,27,27,27,27,27,27,27,27,27
530602,0,2,1982,29,29,29,29,29,29,29,29,29,29
530602,1,1,1982,0,0,0,0,0,0,0,0,0,0
530603,0,1,1982,0,0,0,18,12,0,0,0,0,0
530603,1,1,1982,8,0,16,9,2,6,16,13,18,11
530604,1,1,1982,0,0,0,0,0,0,0,0,0,0
530605,1,1,1982,18,18,18,18,18,18,18,18,18,18
530606,1,1,1982,19,19,19,19,19,19,19,19,19,19
530607,1,1,1982,26,26,26,26,26,26,26,26,26,26
530607,2,1,1982,0,0,0,0,0,0,0,0,0,0
530608,0,1,1982,0,0,0,0,0,0,0,0,0,0
530608,1,1,1982,0,0,0,0,0,0,0,0,0,0
530609,1,1,1982,0,0,0,0,0,0,0,0,0,0
530610,0,1,1982,13,0,0,0,0,0,0,0,12,0
530610,1,1,1982,0,12,0,0,9,0,0,0,0,0
530611,1,1,1982,19,0,0,18,15,9,0,0,0,27
530611,2,1,1982,0,0,0,0,0,0,0,0,6,0
530612,1,1,1982,26,26,26,26,26,26,26,26,26,26
530612,2,1,1982,0,0,0,0,0,0,0,0,0,0
530613,0,1,1982,35,0,11,16,17,0,37,18,20,29
530613,0,2,1982,0,0,0,0,0,0,0,0,0,0
530613,1,1,1982,0,0,0,0,0,0,0,0,0,0
530614,1,1,1982,0,0,0,0,0,0,0,0,0,0
530615,0,1,1982,0,16,0,0,0,0,12,0,13,0
530615,1,1,1982,0,0,0,0,0,0,0,0,0,0
530616,0,1,1982,0,0,0,0,0,0,0,0,0,0
530617,1,1,1982,11,17,16,10,13,17,13,15,23,9
530617,2,1,1982,0,0,0,0,0,0,0,0,0,0
530618,1,1,1982,0,0,0,0,0,0,0,0,0,0
530618,2,1,1982,0,0,0,0,0,0,0,0,0,0
530618,3,1,1982,0,0,0,0,0,0,0,0,0,0
530618,4,1,1982,0,0,0,0,0,0,0,0,0,0
530619,1,1,1982,17,17,17,17,17,17,17,17,17,17
530620,0,1,1982,0,0,0,0,0,0,0,0,0,0
530620,1,1,1982,0,0,0,0,0,0,0,0,0,0
530621,0,1,1982,0,0,0,0,0,0,0,0,0,0
530621,1,1,1982,0,0,0,0,0,0,0,0,0,0
530622,1,1,1982,0,0,0,0,0,0,0,0,0,0
530623,1,1,1982,6,6,6,6,6,6,6,6,6,6
530624,1,1,1982,0,0,0,0,0,0,0,0,0,0
530625,1,1,1982,0,0,0,0,0,0,0,0,0,0
530625,2,1,1982,0,0,0,0,0,0,0,0,0,0
530626,1,1,1982,0,0,0,0,0,0,0,0,0,0
530626,2,1,1982,0,0,0,0,0,0,0,0,0,0
530627,1,1,1982,22,19,19,8,18,18,22,16,16,18
530627,2,1,1982,0,5,0,7,0,0,0,0,0,0
530628,1,1,1982,0,11,0,15,0,0,0,0,0,0
530628,2,1,1982,0,0,0,0,0,0,0,0,0,0
530630,1,1,1982,0,0,0,0,0,0,0,0,0,0
530630,2,1,1982,0,0,0,0,0,0,31,0,0,0
530631,0,1,1982,0,0,12,0,0,0,8,0,0,10
530631,1,1,1982,0,0,0,0,0,0,0,0,0,0
530632,1,1,1982,22,22,22,22,22,22,22,22,22,22
530632,2,1,1982,0,0,0,0,0,0,0,0,0,0
530633,1,1,1982,16,16,16,16,16,16,16,16,16,16
530633,2,1,1982,4,4,4,4,4,4,4,4,4,4
530634,1,1,1982,0,0,0,0,0,0,0,0,0,0
530634,2,1,1982,0,0,0,0,0,0,0,0,0,0
530635,1,1,1982,3,3,3,3,3,3,3,3,3,3
530636,1,1,1982,0,0,0,0,0,0,0,0,0,0
530636,2,1,1982,0,0,0,0,0,0,0,0,0,0
530637,1,1,1982,2,2,2,2,2,2,2,2,2,2
530637,2,1,1982,0,0,0,0,0,0,0,0,0,0
530638,1,1,1982,10,0,0,0,0,0,0,0,0,0
530638,2,1,1982,0,0,0,0,0,0,0,0,8,0
530639,1,1,1982,14,14,14,14,14,14,14,14,14,14
530640,1,1,1982,14,14,14,14,14,14,14,14,14,14
530641,0,1,1982,0,0,0,0,0,0,0,0,0,0
530641,1,1,1982,0,0,0,16,4,0,17,0,0,0
530642,1,1,1982,0,0,0,0,0,0,0,0,0,0
530642,2,1,1982,0,0,0,0,0,0,0,0,0,0
530643,1,1,1982,10,10,10,10,10,10,10,10,10,10
530643,2,1,1982,0,0,22,0,0,0,0,0,0,0
530644,1,1,1982,8,8,22,0,9,8,15,16,18,15
530645,0,1,1982,0,0,0,0,0,0,0,0,0,0
530645,0,2,1982,0,0,0,11,0,14,24,8,13,0
530645,1,1,1982,0,0,0,0,0,0,0,0,0,0
530646,1,1,1982,0,0,0,0,0,0,0,0,0,0
530646,2,1,1982,0,0,8,0,0,0,0,0,0,0
530647,0,1,1982,0,23,19,0,0,21,4,0,22,0
530647,1,1,1982,22,23,9,11,20,0,29,10,22,11
530648,1,1,1982,0,0,0,0,0,0,0,0,0,12
530648,2,1,1982,0,0,0,0,0,0,0,0,0,0
530649,1,1,1982,10,10,10,10,10,10,10,10,10,10
530650,1,1,1982,0,5,0,0,0,0,0,22,23,21
530650,2,1,1982,0,8,0,0,0,7,0,0,0,6
530651,1,1,1982,0,0,0,0,0,0,0,0,0,0
530652,0,1,1982,0,0,0,0,0,0,0,0,0,0
530652,1,1,1982,0,0,0,0,0,0,0,0,0,0
530653,1,1,1982,0,0,0,0,0,0,0,0,0,0
530654,0,1,1982,24,24,24,24,24,24,24,24,24,24
530654,1,1,1982,0,0,0,0,0,0,0,0,0,0
530654,2,1,1982,0,0,0,0,0,0,0,0,0,0
530655,0,1,1982,0,0,0,0,0,0,0,0,0,0
530655,1,1,1982,0,0,0,0,0,0,0,0,0,0
530656,1,1,1982,0,0,0,0,0,0,0,0,0,0
530657,0,1,1982,0,17,28,0,0,0,0,0,0,0
530657,1,1,1982,0,0,0,8,0,0,0,0,0,0
530658,1,1,1982,0,0,0,0,0,0,0,0,0,0
530659,1,1,1982,0,0,0,0,0,0,0,0,0,12
530659,2,1,1982,0,0,0,0,0,0,0,0,0,0
530660,1,1,1982,0,0,0,0,0,0,0,0,0,6
530660,2,1,1982,8,8,8,8,8,8,8,8,8,8
530660,3,1,1982,0,0,0,0,14,0,0,0,0,0
530661,1,1,1982,0,0,0,0,0,0,0,0,0,0
530662,1,1,1982,0,0,0,0,0,0,0,0,0,0
530662,2,1,1982,0,0,0,0,0,0,0,0,0,0
530663,1,1,1982,19,19,19,19,19,19,19,19,19,19
530664,1,1,1982,0,0,0,0,0,0,0,0,0,0
530664,2,1,1982,0,0,0,0,0,0,0,0,0,0
530664,3,1,1982,0,13,22,0,15,0,0,0,12,0
530665,1,1,1982,22,22,22,22,22,22,22,22,22,22
530666,1,1,1982,14,14,14,14,14,14,14,14,14,14
530666,2,1,1982,11,13,12,17,16,13,6,12,12,24
530667,1,1,1982,17,0,0,0,0,0,0,0,0,0
530667,2,1,1982,10,0,0,0,31,0,11,32,0,0
530668,1,1,1982,16,16,16,16,16,16,16,16,16,16
530669,1,1,1982,11,28,0,17,28,15,11,9,15,0
530670,1,1,1982,16,16,16,16,16,16,16,16,16,16
530671,1,1,1982,0,0,0,0,0,0,0,0,0,0
530672,1,1,1982,27,25,16,22,43,27,20,13,34,15
530672,2,1,1982,0,0,0,0,0,0,0,0,0,0
530673,1,1,1982,0,0,0,0,0,0,0,0,0,0
530674,1,1,1982,0,0,0,0,0,0,0,0,0,0
530674,2,1,1982,0,0,0,0,0,0,0,10,0,0
530675,1,1,1982,0,0,0,0,0,0,0,0,0,0
530676,1,1,1982,29,29,29,29,29,29,29,29,29,29
530677,0,1,1982,11,19,19,20,9,0,16,15,9,30
530677,1,1,1982,18,18,9,5,15,13,18,13,16,15
530678,0,1,1982,0,0,0,0,0,0,0,0,0,0
530678,1,1,1982,0,0,0,0,0,16,0,0,23,0
530679,1,1,1982,24,24,24,24,24,24,24,24,24,24
530680,0,1,1982,0,0,0,0,0,0,0,0,0,0
530680,1,1,1982,0,0,0,0,0,0,0,0,0,0
530681,0,1,1982,0,0,0,0,0,0,16,0,0,0
530681,1,1,1982,0,0,0,0,0,0,0,0,0,0
530682,1,1,1982,0,0,0,0,0,0,0,0,0,0
530682,2,1,1982,0,0,0,0,0,0,0,0,0,12
530682,3,1,1982,0,0,4,0,0,0,0,0,15,0
530683,1,1,1982,5,5,5,5,5,5,5,5,5,5
540001,1,1,1982,0,0,0,0,0,0,0,0,0,0
540001,2,1,1982,29,29,29,29,29,29,29,29,29,29
540002,1,1,1982,0,0,0,0,7,0,0,0,0,0
540003,1,1,1982,0,0,0,0,0,0,0,0,0,0
540004,1,1,1982,0,0,0,0,14,0,0,0,0,0
540004,2,1,1982,0,0,0,0,0,0,0,0,9,0
540005,1,1,1982,0,0,0,0,0,0,0,0,0,0
540005,2,1,1982,0,15,11,0,0,0,0,0,20,2
540006,1,1,1982,0,0,0,0,0,0,0,0,0,0
540006,2,1,1982,0,0,0,0,0,0,0,0,0,0
540006,3,1,1982,0,0,0,0,0,0,19,0,0,0
540006,4,1,1982,0,0,0,0,0,0,0,0,0,0
540007,1,1,1982,0,10,0,0,0,0,0,0,0,0
540007,2,1,1982,0,0,0,0,0,0,0,0,0,0
540008,1,1,1982,20,20,20,20,20,20,20,20,20,20
540009,1,1,1982,0,0,0,0,0,0,0,0,0,0
540009,2,1,1982,0,0,0,0,0,0,0,0,0,0
540009,3,1,1982,0,0,0,0,19,0,0,0,0,0
540009,4,1,1982,0,15,0,0,0,0,0,0,0,0
540010,1,1,1982,0,0,0,0,0,0,0,0,0,0
540011,1,1,1982,0,0,0,0,0,0,0,0,0,0
540011,2,1,1982,0,0,9,0,0,0,0,0,0,0
540013,1,1,1982,0,0,0,0,0,0,0,0,0,0
540013,2,1,1982,7,7,7,7,7,7,7,7,7,7
540014,1,1,1982,6,12,0,0,2,37,25,20,29,11
540015,1,1,1982,0,0,0,0,0,0,0,0,0,0
540015,2,1,1982,0,0,0,0,0,0,0,0,0,0
540015,3,1,1982,0,0,0,10,0,0,0,0,0,0
540016,1,1,1982,0,0,0,0,0,0,0,0,0,0
540017,0,1,1982,0,0,0,0,0,0,0,0,0,0
540017,1,1,1982,33,12,2,14,20,21,21,12,14,3
540018,1,1,1982,25,25,25,25,25,25,25,25,25,25
540019,1,1,1982,34,34,34,34,34,34,34,34,34,34
540020,1,1,1982,15,0,20,14,0,16,5,30,3,0
540020,2,1,1982,0,0,0,8,17,30,0,0,18,24
540021,1,1,1982,0,0,0,0,0,0,0,0,0,0
540021,2,1,1982,0,0,0,0,0,0,0,0,0,0
540022,1,1,1982,0,0,0,0,0,0,0,0,0,0
540023,1,1,1982,12,12,12,12,12,12,12,12,12,12
540024,0,1,1982,0,25,40,0,0,0,10,0,26,14
540024,1,1,1982,0,0,0,0,0,0,0,0,0,0
540025,1,1,1982,15,0,0,18,0,2,0,0,0,0
540026,1,1,1982,21,21,21,21,21,21,21,21,21,21
540027,1,1,1982,0,0,0,7,0,0,0,0,0,0
540027,2,1,1982,0,0,0,39,0,22,13,0,11,0
540028,1,1,1982,14,0,9,4,0,21,0,7,0,0
540029,1,1,1982,18,18,18,18,18,18,18,18,18,18
540029,2,1,1982,0,0,0,0,0,0,0,0,0,0
540030,1,1,1982,0,0,0,0,0,7,0,0,0,0
540031,1,1,1982,0,0,0,0,0,0,0,0,0,0
540031,2,1,1982,0,0,0,9,0,0,0,7,0,0
540031,3,1,1982,0,0,0,0,10,15,0,28,0,0
540032,1,1,1982,26,15,23,10,5,11,10,15,15,17
540033,0,1,1982,0,19,0,0,0,18,0,12,0,16
540033,1,1,1982,0,0,0,0,0,0,0,0,0,0
540034,1,1,1982,22,0,0,23,0,0,17,18,0,21
540035,1,1,1982,0,25,18,15,12,0,43,0,0,0
540036,1,1,1982,0,0,0,0,0,0,0,0,0,0
540036,2,1,1982,0,0,0,0,0,0,0,0,0,0
540037,1,1,1982,0,0,0,0,0,0,0,0,0,0
540037,2,1,1982,31,31,31,31,31,31,31,31,31,31
540038,1,1,1982,0,0,0,0,0,0,0,0,0,0
540038,2,1,1982,0,0,0,0,0,0,0,0,0,0
540039,1,1,1982,0,19,0,17,9,0,0,19,0,0
540040,1,1,1982,0,0,0,0,0,0,0,0,0,0
540040,2,1,1982,25,0,0,0,0,28,10,0,25,0
540041,1,1,1982,0,23,20,11,20,19,19,0,11,9
540042,1,1,1982,17,17,17,17,17,17,17,17,17,17
540043,0,1,1982,0,4,20,0,0,9,0,2,0,0
540044,1,1,1982,0,0,0,0,0,16,19,0,0,21
540044,2,1,1982,0,0,0,0,0,0,0,0,0,0
540045,1,1,1982,0,0,0,0,0,0,0,0,0,0
540045,2,1,1982,0,0,0,0,9,0,0,0,0,5
540046,0,1,1982,0,0,0,0,9,0,0,0,0,0
540046,1,1,1982,0,11,0,0,0,0,0,0,0,0
540047,1,1,1982,11,11,11,11,11,11,11,11,11,11
540048,1,1,1982,14,14,14,14,14,14,14,14,14,14
540049,1,1,1982,31,31,31,31,31,31,31,31,31,31
540050,1,1,1982,0,0,12,0,3,0,0,0,0,0
540050,2,1,1982,0,0,0,0,0,0,0,0,0,0
540051,1,1,1982,0,0,0,0,0,0,0,0,0,0
540051,2,1,1982,0,0,0,0,0,0,0,0,0,0
540052,1,1,1982,0,0,0,0,0,0,0,0,0,0
540053,1,1,1982,0,0,0,0,0,0,0,0,0,0
540053,2,1,1982,0,0,0,0,0,0,15,0,0,0
540054,1,1,1982,0,0,0,0,9,0,7,0,0,0
540054,2,1,1982,0,0,13,0,0,0,0,0,11,0
540055,1,1,1982,0,0,0,0,0,0,0,0,0,0
540056,1,1,1982,0,0,0,0,0,0,0,0,0,0
540056,2,1,1982,0,0,0,0,0,0,0,0,0,0
540057,1,1,1982,28,28,28,28,28,28,28,28,28,28
540058,1,1,1982,25,25,25,25,25,25,25,25,25,25
540058,2,1,1982,0,0,0,19,26,0,0,0,0,11
540059,1,1,1982,23,23,23,23,23,23,23,23,23,23
540059,2,1,1982,0,0,0,0,0,0,0,0,0,0
540060,1,1,1982,31,31,31,31,31,31,31,31,31,31
540060,2,1,1982,0,0,0,0,0,0,0,0,0,0
540061,1,1,1982,0,0,0,0,0,0,0,0,0,0
540061,2,1,1982,17,17,17,17,17,17,17,17,17,17
540062,1,1,1982,19,19,19,19,19,19,19,19,19,19
540063,1,1,1982,0,0,0,0,0,0,0,0,0,0
540063,2,1,1982,0,0,0,0,0,0,0,0,0,0
540064,1,1,1982,0,0,0,0,0,0,0,0,0,0
540064,2,1,1982,0,17,0,0,0,0,0,0,0,7
540065,1,1,1982,17,17,17,17,17,17,17,17,17,17
540066,1,1,1982,24,24,24,24,24,24,24,24,24,24
540067,0,1,1982,21,21,21,21,21,21,21,21,21,21
540068,1,1,1982,15,15,15,15,15,15,15,15,15,15
540068,2,1,1982,0,0,0,0,0,0,0,0,0,0
540069,1,1,1982,0,0,0,0,0,0,0,0,0,0
540069,2,1,1982,0,0,0,0,0,0,0,0,7,0
540071,1,1,1982,0,0,0,0,0,0,0,0,0,0
540071,2,1,1982,0,0,0,0,0,0,0,0,0,0
540072,1,1,1982,0,0,0,0,0,0,0,0,0,0
540072,2,1,1982,0,0,0,0,0,0,0,0,0,0
540073,0,1,1982,0,0,0,0,0,0,0,0,0,0
540073,1,1,1982,0,0,0,0,0,0,0,24,0,0
540074,1,1,1982,0,0,0,0,0,0,0,0,0,0
540075,1,1,1982,19,19,19,19,19,19,19,19,19,19
540075,2,1,1982,0,3,0,0,0,0,0,0,0,0
540076,1,1,1982,0,0,0,0,0,0,0,0,0,0
540076,2,1,1982,0,0,5,0,0,0,0,0,0,0
540077,1,1,1982,0,7,3,0,0,0,0,0,0,0
540078,1,1,1982,21,21,21,21,21,21,21,21,21,21
540079,1,1,1982,0,0,0,0,0,0,0,0,7,0
540079,2,1,1982,0,0,0,0,0,0,0,0,0,0
540080,1,1,1982,11,11,11,11,11,11,11,11,11,11
540081,1,1,1982,14,14,14,14,14,14,14,14,14,14
540082,0,1,1982,0,0,0,0,0,0,0,0,0,0
540082,1,1,1982,0,0,0,12,0,0,0,0,20,0
540083,1,1,1982,11,15,0,0,0,17,18,0,0,0
540084,1,1,1982,0,0,0,0,0,0,0,0,0,0
540084,2,1,1982,0,0,0,0,0,0,0,0,0,0
540085,0,1,1982,18,0,35,0,0,12,0,26,0,0
540085,1,1,1982,0,0,0,0,0,0,0,0,0,11
540086,0,1,1982,0,0,0,0,0,0,0,0,0,0
540086,1,1,1982,0,0,0,0,0,0,0,0,0,0
540087,0,1,1982,7,7,7,7,7,7,7,7,7,7
540087,0,2,1982,22,10,0,0,29,26,12,8,22,27
540087,1,1,1982,10,10,10,10,10,10,10,10,10,10
540088,1,1,1982,0,0,0,0,0,0,0,0,0,0
540088,2,1,1982,0,0,0,0,0,0,0,0,0,0
540089,0,1,1982,0,0,0,0,0,0,0,0,0,12