ST_CASE,VEH_NO,PER_NO,YEAR,P1,P2,P3,P4,P5,P6,P7,P8,P9,P10
550001,1,1,1982,9,10,10,22,19,11,17,11,14,14
550001,2,1,1982,4,4,4,4,4,4,4,4,4,4
550002,1,1,1982,20,20,20,20,20,20,20,20,20,20
550003,1,1,1982,0,0,0,0,0,0,0,0,0,0
550003,2,1,1982,0,0,0,0,0,0,0,0,0,0
550004,1,1,1982,0,0,0,0,0,0,0,0,0,0
550004,2,1,1982,0,0,0,0,0,0,0,0,0,0
550005,0,1,1982,18,18,18,18,18,18,18,18,18,18
550005,1,1,1982,8,17,19,12,18,27,19,16,25,11
550006,1,1,1982,30,30,30,30,30,30,30,30,30,30
550007,1,1,1982,28,28,28,28,28,28,28,28,28,28
550008,1,1,1982,0,0,0,0,0,0,0,0,0,0
550008,2,1,1982,23,23,23,23,23,23,23,23,23,23
550009,0,1,1982,0,0,0,0,0,0,0,0,0,0
550009,1,1,1982,0,0,0,0,0,0,0,0,0,0
550010,1,1,1982,0,0,0,0,0,0,0,0,0,0
550011,0,1,1982,26,26,26,26,26,26,26,26,26,26
550011,1,1,1982,0,0,0,0,0,0,0,0,14,0
550012,1,1,1982,0,0,0,0,0,0,0,0,0,0
550012,2,1,1982,0,0,0,0,0,0,0,0,0,0
550013,1,1,1982,0,0,0,0,0,0,0,0,0,0
550013,2,1,1982,0,0,0,0,0,0,0,0,0,0
550014,1,1,1982,0,0,0,0,0,0,0,0,0,0
550014,2,1,1982,0,0,0,0,0,0,0,0,0,0
550015,1,1,1982,0,0,0,0,0,0,0,0,0,0
550016,1,1,1982,20,0,0,0,0,0,0,0,0,0
550017,1,1,1982,0,0,0,0,0,0,0,0,0,0
550017,2,1,1982,0,0,0,0,0,0,0,0,0,0
550018,0,1,1982,31,31,31,31,31,31,31,31,31,31
550018,1,1,1982,12,12,12,12,12,12,12,12,12,12
550019,1,1,1982,0,0,0,0,0,0,0,0,0,0
550019,2,1,1982,0,0,0,0,0,0,0,0,0,0
550020,1,1,1982,18,18,18,18,18,18,18,18,18,18
550020,2,1,1982,0,0,23,0,0,0,0,0,0,0
550021,1,1,1982,0,0,0,0,0,0,0,0,0,0
550021,2,1,1982,0,0,0,0,0,0,0,0,0,0
550022,1,1,1982,12,12,12,12,12,12,12,12,12,12
550022,2,1,1982,0,0,0,0,0,0,0,0,0,0
550023,1,1,1982,0,0,0,0,0,0,0,0,0,0
550024,0,1,1982,0,0,0,0,0,0,0,0,0,0
550024,0,2,1982,14,0,26,0,10,20,19,0,11,20
550024,1,1,1982,20,17,17,21,18,10,0,13,14,23
550025,1,1,1982,0,0,0,0,0,0,0,0,0,0
550025,2,1,1982,0,0,0,0,0,13,0,0,0,0
550026,1,1,1982,0,0,0,0,0,0,0,0,0,0
550026,2,1,1982,0,0,0,0,0,0,0,0,0,0
550027,1,1,1982,0,0,0,0,0,0,0,0,0,0
550027,2,1,1982,0,0,0,0,0,0,0,0,0,0
550028,1,1,1982,14,14,14,14,14,14,14,14,14,14
550028,2,1,1982,0,0,0,0,0,0,0,0,0,0
550030,1,1,1982,0,0,0,0,0,0,0,0,0,0
550030,2,1,1982,0,12,0,0,0,0,0,0,0,0
550031,1,1,1982,0,0,0,0,0,0,0,0,0,0
550031,2,1,1982,0,0,0,0,0,0,0,0,0,0
550032,0,1,1982,18,18,18,18,18,18,18,18,18,18
550032,1,1,1982,24,13,12,13,17,15,23,11,18,16
550033,0,1,1982,0,0,0,10,0,0,0,0,0,0
550033,1,1,1982,0,0,0,0,0,0,0,0,0,0
550034,0,1,1982,32,32,32,32,32,32,32,32,32,32
550034,1,1,1982,0,0,0,0,0,0,0,0,0,0
550034,2,1,1982,11,11,11,11,11,11,11,11,11,11
550035,1,1,1982,0,0,0,0,0,0,0,0,0,0
550035,2,1,1982,0,0,0,0,10,0,0,0,0,0
550036,1,1,1982,0,0,0,0,15,18,0,0,0,22
550036,2,1,1982,27,27,27,27,27,27,27,27,27,27
550037,1,1,1982,0,0,0,0,0,0,0,0,0,0
550038,1,1,1982,0,0,0,0,0,0,0,0,0,0
550038,2,1,1982,0,0,0,0,0,0,0,0,0,0
550039,1,1,1982,6,6,6,6,6,6,6,6,6,6
550039,2,1,1982,0,0,0,0,0,0,0,0,0,0
550040,1,1,1982,0,0,0,0,0,0,0,0,0,0
550041,0,1,1982,0,0,0,0,0,0,0,0,0,0
550041,1,1,1982,0,0,0,0,0,0,0,0,0,0
550042,1,1,1982,25,25,25,25,25,25,25,25,25,25
550042,2,1,1982,6,6,13,18,25,11,20,15,0,5
550043,1,1,1982,7,7,7,7,7,7,7,7,7,7
550044,1,1,1982,35,35,35,35,35,35,35,35,35,35
550045,1,1,1982,0,0,0,0,0,0,0,0,0,0
550046,1,1,1982,0,0,0,0,0,0,0,0,0,0
550046,2,1,1982,0,0,0,0,0,0,0,0,0,0
550047,1,1,1982,0,0,0,0,0,0,0,0,0,0
550047,2,1,1982,0,0,0,0,0,0,0,0,0,0
550048,0,1,1982,0,0,0,0,0,0,0,0,0,0
550048,1,1,1982,0,0,0,0,31,0,0,0,21,0
550049,1,1,1982,19,19,19,19,19,19,19,19,19,19
550049,2,1,1982,0,0,0,0,0,0,0,0,0,0
550050,0,1,1982,0,0,0,0,0,0,0,0,0,0
550050,1,1,1982,0,10,14,0,4,15,0,0,12,2
550051,0,1,1982,5,5,5,5,5,5,5,5,5,5
550051,1,1,1982,26,4,23,22,17,16,17,0,17,11
550052,1,1,1982,0,0,0,0,0,0,0,0,0,0
550053,0,1,1982,0,0,0,0,0,0,0,0,0,0
550053,0,2,1982,0,0,0,0,0,0,9,0,0,0
550053,1,1,1982,0,0,0,0,0,0,0,0,0,0
550054,0,1,1982,31,31,31,31,31,31,31,31,31,31
550054,1,1,1982,9,7,14,7,18,38,21,10,8,0
550055,1,1,1982,10,12,25,18,19,20,15,9,21,11
550056,1,1,1982,11,11,11,11,11,11,11,11,11,11
550056,2,1,1982,0,0,0,0,0,0,0,0,0,0
550057,1,1,1982,19,0,0,0,0,0,0,0,0,0
550058,1,1,1982,0,0,0,11,0,0,0,0,0,0
550058,2,1,1982,0,0,0,0,0,0,0,0,0,0
550059,1,1,1982,0,0,0,0,0,0,0,0,0,0
550059,2,1,1982,31,31,31,31,31,31,31,31,31,31
550060,1,1,1982,24,24,24,24,24,24,24,24,24,24
550061,1,1,1982,0,0,0,0,0,0,0,0,0,0
550061,2,1,1982,0,0,0,0,0,0,0,0,0,0
550062,1,1,1982,13,13,13,13,13,13,13,13,13,13
550062,2,1,1982,8,8,8,8,8,8,8,8,8,8
550063,1,1,1982,0,0,0,0,0,0,0,0,0,0
550063,2,1,1982,0,0,0,0,0,0,0,0,0,0
550064,1,1,1982,0,0,0,0,17,9,0,0,17,0
550064,2,1,1982,0,0,0,0,0,0,0,0,0,0
550065,0,1,1982,8,25,0,13,6,0,23,15,0,0
550065,0,2,1982,48,35,24,11,0,21,31,19,11,15
550065,1,1,1982,18,18,18,18,18,18,18,18,18,18
550066,0,1,1982,22,22,22,22,22,22,22,22,22,22
550066,1,1,1982,0,0,0,0,0,0,0,2,0,0
550067,1,1,1982,19,19,19,19,19,19,19,19,19,19
550067,2,1,1982,0,0,0,0,0,0,0,0,0,0
550068,1,1,1982,5,5,5,5,5,5,5,5,5,5
550069,1,1,1982,0,12,13,13,0,16,18,17,24,12
550069,2,1,1982,0,0,0,0,0,0,0,0,0,0
550070,1,1,1982,29,29,29,29,29,29,29,29,29,29
550071,1,1,1982,0,0,0,0,0,0,0,0,0,0
550071,2,1,1982,23,23,23,23,23,23,23,23,23,23
550072,1,1,1982,30,30,30,30,30,30,30,30,30,30
550073,1,1,1982,0,0,0,0,0,0,0,0,0,0
550073,2,1,1982,0,0,0,0,0,0,0,0,0,0
550074,1,1,1982,26,26,26,26,26,26,26,26,26,26
550074,2,1,1982,0,0,0,0,0,0,0,0,0,0
550075,1,1,1982,0,0,0,0,0,0,0,0,0,0
550075,2,1,1982,25,25,25,25,25,25,25,25,25,25
550076,1,1,1982,19,19,19,19,19,19,19,19,19,19
550077,1,1,1982,0,0,0,0,0,0,0,0,0,0
550077,2,1,1982,0,0,0,0,0,0,0,0,0,0
550078,1,1,1982,30,30,30,30,30,30,30,30,30,30
550079,1,1,1982,18,18,18,18,18,18,18,18,18,18
550080,1,1,1982,18,18,18,18,18,18,18,18,18,18
550080,2,1,1982,0,0,0,0,0,0,0,0,0,0
550081,1,1,1982,12,12,12,12,12,12,12,12,12,12
550081,2,1,1982,10,10,10,10,10,10,10,10,10,10
550082,1,1,1982,0,0,0,0,0,0,0,0,0,0
550082,2,1,1982,0,0,0,0,0,0,0,0,0,0
550083,1,1,1982,28,28,28,28,28,28,28,28,28,28
550084,1,1,1982,0,0,0,0,0,0,0,0,0,0
550084,2,1,1982,24,24,24,24,24,24,24,24,24,24
550085,1,1,1982,0,0,0,0,0,0,0,0,0,0
550086,1,1,1982,26,26,26,26,26,26,26,26,26,26
550087,1,1,1982,17,17,17,17,17,17,17,17,17,17
550087,2,1,1982,21,19,15,13,4,33,22,28,14,11
550088,1,1,1982,0,0,0,0,0,0,0,0,0,0
550088,2,1,1982,21,21,21,21,21,21,21,21,21,21
550089,1,1,1982,25,25,25,25,25,25,25,25,25,25
550090,1,1,1982,0,0,0,0,22,10,5,16,0,0
550091,0,1,1982,0,0,0,0,0,0,0,0,0,0
550091,1,1,1982,0,0,0,0,0,0,0,0,0,0
550092,1,1,1982,0,0,0,0,0,0,0,0,0,0
550092,2,1,1982,0,0,0,0,6,0,0,0,0,0
550093,1,1,1982,0,0,0,0,0,0,0,0,0,0
550093,2,1,1982,31,31,31,31,31,31,31,31,31,31
550094,1,1,1982,0,0,0,0,0,0,0,0,0,0
550094,2,1,1982,0,24,10,0,0,0,0,0,0,0
550095,0,1,1982,0,0,0,0,0,0,0,0,0,0
550095,1,1,1982,0,12,0,0,0,0,0,0,0,0
550096,1,1,1982,23,23,23,23,23,23,23,23,23,23
550096,2,1,1982,0,0,0,0,0,21,0,0,0,0
550097,1,1,1982,0,0,0,0,0,0,0,0,0,0
550097,2,1,1982,0,0,0,0,0,0,0,0,0,0
550098,0,1,1982,0,0,0,0,0,0,0,0,0,0
550098,1,1,1982,7,7,7,7,7,7,7,7,7,7
550099,1,1,1982,19,0,23,2,0,10,12,21,13,0
550100,1,1,1982,0,0,0,13,0,0,0,0,0,0
550100,2,1,1982,0,0,0,0,0,0,0,0,0,0
550100,3,1,1982,12,0,0,0,0,0,0,0,0,0
550101,1,1,1982,0,0,0,0,0,0,0,0,0,0
550102,1,1,1982,21,17,17,2,13,14,11,15,31,6
550102,2,1,1982,4,13,15,5,21,13,14,4,17,12
550103,0,1,1982,0,0,0,0,0,0,0,16,33,15
550103,1,1,1982,0,0,0,0,10,0,0,0,0,0
550104,1,1,1982,0,24,23,5,0,10,10,18,0,0
550104,2,1,1982,0,0,0,0,0,0,0,0,0,0
550105,1,1,1982,0,0,0,0,0,0,0,0,0,0
550105,2,1,1982,0,0,0,0,0,0,0,0,0,0
550107,1,1,1982,0,12,3,0,0,7,0,6,21,10
550107,2,1,1982,0,0,0,0,0,0,0,0,0,0
550108,1,1,1982,0,0,0,0,0,0,0,0,0,0
550108,2,1,1982,0,0,0,0,0,0,0,0,0,0
550109,1,1,1982,34,18,11,18,12,18,43,11,6,16
550110,0,1,1982,0,0,0,0,0,0,0,0,0,0
550110,1,1,1982,0,0,0,0,0,0,2,0,0,7
550111,1,1,1982,0,0,0,0,0,0,0,0,0,0
550111,2,1,1982,18,16,20,16,16,16,23,23,13,24
550112,1,1,1982,0,0,0,0,0,0,0,0,0,0
550112,2,1,1982,0,0,0,0,0,0,0,0,0,0
550113,1,1,1982,0,0,0,0,0,0,0,0,0,0
550113,2,1,1982,26,26,26,26,26,26,26,26,26,26
550114,0,1,1982,0,5,5,0,0,10,14,14,0,19
550114,1,1,1982,0,0,0,0,0,0,0,0,0,0
550115,1,1,1982,14,13,25,28,23,15,14,26,22,36
550116,1,1,1982,0,0,0,0,0,0,0,0,0,0
550116,2,1,1982,0,0,0,0,0,0,0,0,0,0
550117,1,1,1982,0,0,0,0,0,0,0,0,0,0
550118,0,1,1982,2,2,2,2,2,2,2,2,2,2
550118,1,1,1982,17,17,17,17,17,17,17,17,17,17
550119,1,1,1982,28,28,28,28,28,28,28,28,28,28
550119,2,1,1982,9,11,13,11,5,2,14,19,18,4
550120,1,1,1982,10,10,10,10,10,10,10,10,10,10
550120,2,1,1982,13,13,17,19,0,0,0,0,12,0
550121,0,1,1982,17,17,17,17,17,17,17,17,17,17
550121,1,1,1982,13,15,15,11,16,24,21,16,20,11
550122,1,1,1982,0,0,0,0,0,0,0,0,0,0
550122,2,1,1982,0,0,0,0,0,15,0,0,0,0
550123,1,1,1982,0,0,0,0,0,0,8,0,0,11
550123,2,1,1982,5,5,5,5,5,5,5,5,5,5
550123,3,1,1982,0,0,0,0,3,2,0,0,0,0
550124,1,1,1982,14,14,14,14,14,14,14,14,14,14
550124,2,1,1982,0,0,0,0,0,0,0,0,0,0
550125,1,1,1982,18,18,18,18,18,18,18,18,18,18
550126,1,1,1982,0,0,0,0,0,0,0,0,0,0
550126,2,1,1982,16,16,16,16,16,16,16,16,16,16
550127,1,1,1982,0,0,3,0,0,0,0,0,0,0
550127,2,1,1982,0,0,0,0,0,0,0,0,0,0
550128,1,1,1982,0,0,0,0,0,0,0,0,0,0
550128,2,1,1982,0,0,0,0,0,0,0,0,0,0
550129,0,1,1982,0,0,0,0,0,0,0,0,0,0
550129,1,1,1982,27,27,27,27,27,27,27,27,27,27
550130,1,1,1982,20,20,20,20,20,20,20,20,20,20
550131,1,1,1982,0,0,0,0,0,0,0,0,0,0
550131,2,1,1982,21,21,21,21,21,21,21,21,21,21
550132,1,1,1982,0,0,0,0,0,0,0,0,0,0
550132,2,1,1982,10,10,10,10,10,10,10,10,10,10
550133,1,1,1982,24,15,10,26,10,20,11,4,19,19
550133,2,1,1982,18,12,0,26,39,9,19,22,11,20
550134,1,1,1982,0,0,0,0,0,0,0,0,0,0
550134,2,1,1982,0,0,0,0,0,0,0,0,0,0
550135,1,1,1982,0,0,0,0,0,0,0,0,0,0
550135,2,1,1982,26,26,26,26,26,26,26,26,26,26
550136,1,1,1982,17,17,17,17,17,17,17,17,17,17
550136,2,1,1982,2,2,2,2,2,2,2,2,2,2
550137,0,1,1982,0,0,0,0,0,0,0,0,0,0
550137,1,1,1982,0,0,0,0,0,0,0,0,0,0
550138,0,1,1982,0,0,0,0,0,0,0,0,0,0
550138,1,1,1982,0,0,0,0,0,0,0,0,0,0
550139,0,1,1982,0,0,0,0,0,0,0,0,0,0
550139,1,1,1982,13,13,13,13,13,13,13,13,13,13
550140,1,1,1982,17,17,17,17,17,17,17,17,17,17
550141,0,1,1982,12,12,12,12,12,12,12,12,12,12
550141,1,1,1982,16,16,16,16,16,16,16,16,16,16
550142,1,1,1982,19,19,19,19,19,19,19,19,19,19
550143,1,1,1982,17,17,17,17,17,17,17,17,17,17
550144,1,1,1982,3,0,0,0,0,0,0,0,0,0
550144,2,1,1982,0,9,0,0,0,0,0,0,0,0
550145,1,1,1982,0,0,0,0,0,0,0,0,0,0
550145,2,1,1982,0,16,0,0,0,0,0,0,0,0
550146,1,1,1982,0,0,0,0,0,0,0,0,0,0
550146,2,1,1982,0,12,0,0,0,0,0,0,0,0
550147,1,1,1982,22,22,22,22,22,22,22,22,22,22
550148,1,1,1982,0,0,0,0,0,0,0,0,0,0
550148,2,1,1982,0,0,0,0,0,0,0,0,0,0
550149,1,1,1982,13,18,6,26,6,4,29,3,13,12
550149,2,1,1982,9,9,9,9,9,9,9,9,9,9
550150,0,1,1982,0,0,0,0,6,0,0,0,0,0
550150,1,1,1982,0,0,0,0,0,0,0,0,0,0
550151,1,1,1982,13,0,0,0,0,30,17,16,0,17
550151,2,1,1982,0,0,0,0,0,0,0,0,0,0
550152,1,1,1982,0,0,0,0,0,0,0,0,0,0
550152,2,1,1982,0,0,0,0,0,0,0,0,0,0
550153,1,1,1982,21,21,21,21,21,21,21,21,21,21
550153,2,1,1982,0,0,0,0,0,0,0,0,0,0
550154,1,1,1982,0,11,0,0,0,0,0,0,0,0
550154,2,1,1982,0,0,0,0,0,0,0,0,0,0
550154,3,1,1982,0,12,0,0,0,0,0,0,0,0
550155,1,1,1982,10,10,10,10,10,10,10,10,10,10
550155,2,1,1982,0,0,0,21,0,0,0,0,0,0
550156,0,1,1982,0,0,0,0,0,0,0,0,0,0
550156,1,1,1982,0,0,0,0,0,0,10,0,0,0
550157,1,1,1982,26,26,26,26,26,26,26,26,26,26
550158,1,1,1982,22,22,22,22,22,22,22,22,22,22
550158,2,1,1982,0,0,15,0,9,15,0,19,0,3
550159,1,1,1982,0,0,0,0,0,0,0,0,5,0
550159,2,1,1982,0,0,0,0,0,0,0,0,0,0
550160,1,1,1982,25,25,25,25,25,25,25,25,25,25
550161,0,1,1982,35,35,35,35,35,35,35,35,35,35
550161,1,1,1982,4,5,14,0,15,5,0,20,10,12
550162,1,1,1982,24,24,24,24,24,24,24,24,24,24
550162,2,1,1982,13,13,13,13,13,13,13,13,13,13
550163,1,1,1982,14,14,14,14,14,14,14,14,14,14
550164,0,1,1982,19,19,19,19,19,19,19,19,19,19
550164,1,1,1982,0,0,0,0,0,0,0,0,0,0
550165,1,1,1982,25,25,25,25,25,25,25,25,25,25
550165,2,1,1982,0,0,0,0,0,0,0,0,0,0
550166,1,1,1982,0,2,20,13,0,0,0,8,13,0
550166,2,1,1982,19,19,19,19,19,19,19,19,19,19
550167,1,1,1982,0,0,0,0,0,0,0,0,0,0
550167,2,1,1982,0,0,19,0,0,0,0,0,0,0
550167,3,1,1982,0,0,0,0,0,0,0,0,0,0
550168,1,1,1982,19,19,19,19,19,19,19,19,19,19
550169,1,1,1982,27,27,27,27,27,27,27,27,27,27
550170,1,1,1982,11,11,11,11,11,11,11,11,11,11
550170,2,1,1982,9,9,9,9,9,9,9,9,9,9
550171,1,1,1982,29,29,29,29,29,29,29,29,29,29
550172,1,1,1982,0,0,0,0,0,0,0,19,0,0
550172,2,1,1982,0,0,0,0,12,0,0,0,0,0
550173,1,1,1982,24,24,24,24,24,24,24,24,24,24
550173,2,1,1982,0,11,0,0,0,0,0,29,0,0
550173,3,1,1982,19,5,15,2,0,13,6,11,9,0
550174,1,1,1982,11,21,10,0,12,24,17,14,19,20
550174,2,1,1982,0,0,0,0,0,0,0,0,0,0
550175,1,1,1982,0,0,0,0,0,0,0,0,0,0
550175,2,1,1982,4,0,0,0,0,0,0,0,0,0
550176,1,1,1982,12,9,0,0,0,0,0,0,10,12
550176,2,1,1982,19,19,19,19,19,19,19,19,19,19
550177,1,1,1982,5,5,5,5,5,5,5,5,5,5
550177,2,1,1982,4,4,4,4,4,4,4,4,4,4
550178,1,1,1982,14,14,14,14,14,14,14,14,14,14
550179,1,1,1982,11,11,11,11,11,11,11,11,11,11
550180,0,1,1982,0,0,0,0,0,0,0,0,0,0
550180,1,1,1982,0,0,0,0,0,0,0,0,0,0
550181,1,1,1982,15,15,14,25,31,16,12,12,21,9
550181,2,1,1982,14,14,15,0,14,8,7,9,17,15
550182,0,1,1982,0,0,0,0,0,0,0,0,0,0
550182,1,1,1982,0,0,0,0,0,0,0,0,0,0
550182,2,1,1982,0,0,0,0,0,0,0,0,0,0
550183,0,1,1982,31,31,31,31,31,31,31,31,31,31
550183,1,1,1982,0,13,14,10,5,0,0,0,17,14
550184,1,1,1982,0,0,0,0,0,0,0,0,0,0
550184,2,1,1982,0,0,0,0,0,0,0,0,0,0
550185,1,1,1982,19,16,31,14,7,15,0,9,13,23
550186,1,1,1982,15,15,15,15,15,15,15,15,15,15
550187,1,1,1982,0,0,0,10,17,0,0,17,20,0
550188,1,1,1982,18,0,0,0,10,14,7,0,0,11
550189,1,1,1982,0,0,0,0,0,0,0,0,0,0
550189,2,1,1982,0,0,0,0,0,0,0,0,0,0
550190,0,1,1982,0,0,0,0,0,0,0,0,0,0
550190,1,1,1982,0,0,0,0,0,0,0,21,0,0
550191,1,1,1982,9,9,9,9,9,9,9,9,9,9
550191,2,1,1982,0,0,0,0,0,0,0,0,0,0
550192,1,1,1982,0,0,24,24,17,15,5,13,12,14
550193,0,1,1982,16,16,16,16,16,16,16,16,16,16
550193,0,2,1982,0,0,31,2,15,25,0,0,0,26
550193,1,1,1982,14,14,14,14,14,14,14,14,14,14
550194,1,1,1982,36,36,36,36,36,36,36,36,36,36
550195,1,1,1982,20,20,20,20,20,20,20,20,20,20
550196,1,1,1982,23,23,23,23,23,23,23,23,23,23
550197,1,1,1982,21,21,21,21,21,21,21,21,21,21
550198,1,1,1982,19,19,19,19,19,19,19,19,19,19
550199,0,1,1982,0,0,0,0,0,0,0,0,0,0
550199,1,1,1982,0,0,0,0,0,0,0,0,0,0
550200,0,1,1982,8,8,8,8,8,8,8,8,8,8
550200,1,1,1982,2,2,2,2,2,2,2,2,2,2
550201,1,1,1982,18,18,18,18,18,18,18,18,18,18
550201,2,1,1982,0,0,0,0,0,0,0,0,0,0
550202,1,1,1982,11,11,11,11,11,11,11,11,11,11
550203,1,1,1982,0,0,0,0,8,0,0,0,0,0
550204,0,1,1982,0,0,0,0,0,0,0,0,0,0
550204,1,1,1982,0,0,0,0,0,0,0,0,0,0
550205,1,1,1982,23,23,23,23,23,23,23,23,23,23
550207,0,1,1982,0,0,0,0,0,0,0,0,0,0
550207,1,1,1982,0,0,0,11,0,0,0,0,0,0
550208,1,1,1982,0,16,13,0,0,0,18,0,0,0
550209,1,1,1982,0,0,0,0,0,0,0,0,0,0
550210,1,1,1982,26,26,26,26,26,26,26,26,26,26
550211,1,1,1982,0,0,0,0,0,0,0,0,0,0
550211,2,1,1982,0,0,0,0,0,0,0,0,0,0
550212,1,1,1982,6,6,6,6,6,6,6,6,6,6
550213,1,1,1982,15,15,15,15,15,15,15,15,15,15
550214,0,1,1982,16,10,0,19,0,16,26,0,0,23
550214,0,2,1982,0,0,0,0,0,0,0,0,0,0
550214,1,1,1982,0,0,17,0,0,0,10,0,18,22
550215,0,1,1982,0,0,0,0,0,0,0,0,0,0
550215,1,1,1982,0,0,0,22,0,0,0,0,0,0
550216,1,1,1982,21,21,21,21,21,21,21,21,21,21
550217,0,1,1982,0,0,0,0,0,0,0,0,0,0
550217,1,1,1982,0,0,0,0,0,0,0,0,0,0
550218,1,1,1982,0,0,0,0,0,0,0,0,0,0
550218,2,1,1982,0,0,0,0,0,0,0,0,0,0
550219,1,1,1982,0,0,0,0,0,0,0,8,0,0
550220,1,1,1982,15,15,15,15,15,15,15,15,15,15
550221,1,1,1982,0,0,0,0,0,0,0,0,0,0
550222,0,1,1982,26,0,0,0,3,12,0,0,0,0
550222,0,2,1982,0,0,0,0,0,0,0,0,0,0
550222,1,1,1982,0,0,0,18,0,0,0,0,0,0
550223,1,1,1982,0,0,0,0,0,0,0,0,0,0
550223,2,1,1982,0,0,0,0,0,0,0,0,0,0
550224,1,1,1982,23,23,23,23,23,23,23,23,23,23
550225,1,1,1982,29,29,29,29,29,29,29,29,29,29
550225,2,1,1982,0,0,0,0,0,0,0,0,0,0
550226,1,1,1982,7,10,17,14,6,12,0,20,21,0
550226,2,1,1982,0,0,0,0,0,0,0,0,0,0
550227,1,1,1982,7,7,7,7,7,7,7,7,7,7
550228,1,1,1982,29,29,29,29,29,29,29,29,29,29
550229,0,1,1982,0,0,0,0,0,0,0,0,0,0
550229,0,2,1982,22,22,22,22,22,22,22,22,22,22
550229,1,1,1982,3,3,3,3,3,3,3,3,3,3
550230,1,1,1982,11,11,11,11,11,11,11,11,11,11
550231,1,1,1982,0,0,0,0,0,0,0,0,0,0
550231,2,1,1982,0,0,0,0,0,0,0,0,0,0
550232,1,1,1982,0,0,0,0,0,0,0,0,0,0
550232,2,1,1982,0,0,0,0,0,0,0,0,0,0
550233,1,1,1982,0,0,0,0,0,0,0,0,0,0
550233,2,1,1982,0,0,0,0,0,0,0,0,0,0
550234,1,1,1982,19,19,19,19,19,19,19,19,19,19
550235,1,1,1982,12,12,12,12,12,12,12,12,12,12
550235,2,1,1982,11,11,11,11,11,11,11,11,11,11
550236,1,1,1982,12,12,12,12,12,12,12,12,12,12
550237,1,1,1982,0,0,0,0,0,0,0,0,0,0
550238,1,1,1982,18,18,18,18,18,18,18,18,18,18
550238,2,1,1982,11,11,19,10,16,12,14,6,17,16
550239,1,1,1982,20,20,20,20,20,20,20,20,20,20
550240,1,1,1982,0,0,0,0,0,0,0,0,0,0
550240,2,1,1982,14,12,13,21,19,12,10,0,8,18
550241,1,1,1982,0,0,0,0,0,0,0,0,0,0
550241,2,1,1982,0,0,0,0,0,0,0,0,0,0
550242,0,1,1982,11,11,11,11,11,11,11,11,11,11
550242,0,2,1982,20,14,19,8,22,20,10,0,0,18
550242,1,1,1982,14,14,14,14,14,14,14,14,14,14
550243,1,1,1982,0,0,0,0,0,0,0,0,0,0
550244,1,1,1982,24,22,4,0,15,16,12,8,10,6
550245,1,1,1982,11,11,11,11,11,11,11,11,11,11
550246,1,1,1982,20,28,20,15,15,8,3,12,5,6
550247,1,1,1982,19,19,19,19,19,19,19,19,19,19
550248,1,1,1982,24,15,24,16,32,12,11,10,8,30
550248,2,1,1982,0,0,0,0,0,0,0,0,0,0
550249,1,6,1982,0,0,0,0,0,11,4,0,7,0
550250,1,1,1982,14,14,14,14,14,14,14,14,14,14
550250,2,1,1982,13,13,13,13,13,13,13,13,13,13
550251,1,1,1982,19,19,19,19,19,19,19,19,19,19
550252,1,1,1982,12,12,15,26,28,19,7,33,13,14
550252,2,1,1982,15,13,20,8,20,9,34,5,8,22
550253,1,1,1982,2,2,2,2,2,2,2,2,2,2
550254,1,1,1982,0,0,0,0,0,0,0,0,0,0
550255,1,1,1982,25,25,25,25,25,25,25,25,25,25
550255,2,1,1982,0,0,0,0,0,0,0,0,0,0
550256,1,1,1982,15,15,15,15,15,15,15,15,15,15
550256,2,1,1982,29,29,29,29,29,29,29,29,29,29
550257,1,1,1982,30,30,30,30,30,30,30,30,30,30
550258,1,1,1982,0,0,0,0,0,0,0,0,0,0
550258,2,1,1982,0,0,0,0,0,0,0,0,0,0
550259,0,1,1982,15,15,15,15,15,15,15,15,15,15
550259,1,1,1982,0,0,0,0,0,0,0,18,0,0
550260,0,1,1982,14,0,18,4,0,0,8,13,19,0
550260,1,1,1982,18,10,0,35,16,28,16,5,31,22
550261,1,1,1982,17,17,17,17,17,17,17,17,17,17
550262,1,1,1982,17,17,17,17,17,17,17,17,17,17
550263,0,1,1982,0,0,15,0,0,23,0,0,0,0
550263,1,1,1982,6,0,0,0,0,0,17,0,0,0
550264,1,1,1982,14,12,17,10,9,11,35,12,22,25
550265,1,1,1982,19,19,19,19,19,19,19,19,19,19
550266,1,1,1982,20,20,20,20,20,20,20,20,20,20
550266,2,1,1982,19,19,19,19,19,19,19,19,19,19
550267,1,1,1982,30,30,30,30,30,30,30,30,30,30
550268,1,1,1982,16,16,16,16,16,16,16,16,16,16
550268,2,1,1982,19,12,9,0,16,10,6,11,13,15
550269,1,1,1982,0,0,0,0,0,0,0,0,0,0
550269,2,1,1982,0,0,0,13,0,0,13,0,23,13