ST_CASE,VEH_NO,PER_NO,YEAR,P1,P2,P3,P4,P5,P6,P7,P8,P9,P10
550270,1,1,1982,14,14,14,14,14,14,14,14,14,14
550270,2,1,1982,0,0,0,0,0,0,0,0,0,0
550270,3,1,1982,0,0,0,0,0,0,0,0,0,0
550271,1,1,1982,0,0,0,0,0,0,0,0,0,0
550271,2,1,1982,0,0,0,0,20,0,0,0,0,0
550273,1,1,1982,25,25,25,25,25,25,25,25,25,25
550274,1,1,1982,0,0,0,0,0,0,0,0,0,0
550274,2,1,1982,25,25,25,25,25,25,25,25,25,25
550275,1,1,1982,21,21,21,21,21,21,21,21,21,21
550275,2,1,1982,0,0,0,9,0,0,0,0,0,0
550276,1,1,1982,19,19,19,19,19,19,19,19,19,19
550277,1,1,1982,0,0,0,0,0,0,0,0,0,0
550277,2,1,1982,7,0,12,12,0,21,6,0,15,0
550278,1,1,1982,8,8,8,8,8,8,8,8,8,8
550279,1,1,1982,14,14,14,14,14,14,14,14,14,14
550280,1,1,1982,19,28,25,16,16,6,34,0,32,0
550281,1,1,1982,9,6,26,14,12,24,10,12,11,6
550281,2,1,1982,0,0,0,0,0,0,0,0,0,0
550282,1,1,1982,0,0,0,0,0,0,0,0,0,0
550282,2,1,1982,0,0,0,0,0,0,0,0,0,0
550283,1,1,1982,23,23,23,23,23,23,23,23,23,23
550284,0,1,1982,0,0,0,0,0,0,0,0,0,0
550284,1,1,1982,0,0,0,0,0,0,0,0,0,0
550285,1,1,1982,0,0,0,0,0,0,0,0,0,0
550285,2,1,1982,0,0,0,0,0,0,0,0,0,0
550286,1,1,1982,23,23,23,23,23,23,23,23,23,23
550287,1,1,1982,0,0,0,0,0,0,0,0,0,0
550287,2,1,1982,0,0,0,0,0,0,0,0,0,0
550288,1,1,1982,25,25,25,25,25,25,25,25,25,25
550289,1,1,1982,0,0,0,0,0,0,0,2,0,0
550289,2,1,1982,0,0,0,0,0,0,0,0,0,0
550290,1,1,1982,0,0,0,0,0,0,0,0,0,0
550290,2,1,1982,13,13,13,13,13,13,13,13,13,13
550291,1,1,1982,0,0,0,0,0,0,0,0,0,0
550291,2,1,1982,0,0,0,0,0,0,0,0,0,0
550292,1,1,1982,8,8,8,8,8,8,8,8,8,8
550293,0,1,1982,0,0,0,0,0,0,0,0,0,0
550293,1,1,1982,0,0,0,0,0,0,0,0,0,0
550294,1,1,1982,0,0,0,0,0,0,0,0,0,15
550295,1,1,1982,10,10,10,10,10,10,10,10,10,10
550296,1,1,1982,0,0,0,0,0,0,0,0,0,0
550296,2,1,1982,11,17,0,3,23,0,8,16,9,0
550297,1,1,1982,16,16,16,16,16,16,16,16,16,16
550298,0,1,1982,0,0,0,0,0,0,0,0,0,0
550298,1,1,1982,14,15,11,0,10,11,18,0,4,11
550299,1,1,1982,18,17,17,22,10,22,26,7,23,16
550300,1,1,1982,6,13,33,11,8,3,0,20,9,9
550300,2,1,1982,18,18,18,18,18,18,18,18,18,18
550300,3,1,1982,19,11,8,8,11,14,9,0,13,0
550301,1,1,1982,19,17,12,23,0,16,8,5,16,30
550302,1,1,1982,16,0,0,25,0,0,0,0,0,0
550303,1,1,1982,0,0,0,0,0,0,0,0,0,0
550303,2,1,1982,0,0,0,0,0,0,0,0,0,0
550304,1,1,1982,15,15,15,15,15,15,15,15,15,15
550305,1,1,1982,23,23,23,23,23,23,23,23,23,23
550305,2,1,1982,14,9,0,9,3,3,18,18,14,5
550306,0,1,1982,21,21,21,21,21,21,21,21,21,21
550306,1,1,1982,19,14,18,9,14,14,17,20,19,26
550307,1,1,1982,22,22,22,22,22,22,22,22,22,22
550307,2,1,1982,0,0,0,0,0,0,0,0,0,0
550308,0,1,1982,9,0,24,0,23,17,30,20,15,16
550308,1,1,1982,21,7,15,0,25,0,12,25,0,0
550309,1,1,1982,17,17,17,17,17,17,17,17,17,17
550310,1,1,1982,0,0,0,0,0,0,0,0,0,0
550310,2,1,1982,0,0,0,0,0,0,0,0,0,0
550311,1,1,1982,0,0,0,0,0,0,0,0,0,0
550311,2,1,1982,3,3,3,3,3,3,3,3,3,3
550312,1,1,1982,0,0,0,0,0,0,0,0,0,0
550312,2,1,1982,0,0,0,0,0,0,0,0,0,0
550312,3,1,1982,0,0,0,0,0,12,0,0,0,0
550313,1,1,1982,0,0,0,0,0,0,0,0,0,0
550314,1,1,1982,0,0,0,0,0,0,0,0,0,0
550315,1,1,1982,28,28,28,28,28,28,28,28,28,28
550316,1,1,1982,15,15,15,15,15,15,15,15,15,15
550317,1,1,1982,0,0,0,0,0,0,7,14,0,0
550317,2,1,1982,0,0,0,0,0,11,0,0,0,0
550318,1,1,1982,7,24,0,0,0,18,0,0,13,13
550319,1,1,1982,0,0,0,0,0,0,0,0,0,0
550320,1,1,1982,0,0,0,16,0,0,0,19,0,0
550321,1,1,1982,0,8,0,13,0,0,0,0,0,0
550322,0,1,1982,13,13,13,13,13,13,13,13,13,13
550322,1,1,1982,9,0,4,17,10,10,23,7,10,24
550323,1,1,1982,0,0,0,0,0,0,0,0,0,0
550323,2,1,1982,0,0,0,0,0,0,0,0,0,0
550324,1,1,1982,0,0,0,0,0,0,0,0,0,0
550324,2,1,1982,0,0,0,0,0,0,0,0,0,0
550325,1,1,1982,0,18,0,0,14,0,4,0,0,9
550325,2,1,1982,18,10,2,0,21,19,17,10,0,0
550326,1,1,1982,16,16,16,16,16,16,16,16,16,16
550327,1,1,1982,0,0,0,0,0,0,0,0,0,0
550328,1,1,1982,0,0,0,0,0,0,0,0,0,0
550328,2,1,1982,0,0,0,0,0,0,0,10,0,0
550328,3,1,1982,0,0,0,0,0,0,0,0,6,0
550329,1,1,1982,0,0,0,0,0,0,0,0,0,0
550329,2,1,1982,0,0,0,0,0,0,0,0,0,0
550330,1,1,1982,0,0,0,0,0,0,0,0,0,0
550330,2,1,1982,0,0,0,0,0,0,0,0,0,0
550331,0,1,1982,0,0,0,0,0,0,0,0,0,0
550331,1,1,1982,0,0,0,0,0,0,0,0,19,0
550332,1,1,1982,25,25,25,25,25,25,25,25,25,25
550333,1,1,1982,41,41,41,41,41,41,41,41,41,41
550334,1,1,1982,22,22,22,22,22,22,22,22,22,22
550335,1,1,1982,13,13,13,13,13,13,13,13,13,13
550336,1,1,1982,2,2,2,2,2,2,2,2,2,2
550337,1,1,1982,0,22,5,27,0,12,34,0,17,9
550337,2,1,1982,0,0,0,0,0,0,0,0,0,0
550338,0,1,1982,0,0,18,0,4,0,0,17,15,17
550338,1,1,1982,17,17,17,17,17,17,17,17,17,17
550339,1,1,1982,11,15,26,0,13,23,12,14,18,7
550340,0,1,1982,0,0,0,0,0,0,0,0,0,0
550340,1,1,1982,0,0,0,0,0,0,0,0,0,0
550341,0,1,1982,23,0,23,24,11,32,24,31,23,26
550341,0,2,1982,0,0,0,0,0,0,0,0,0,0
550341,0,3,1982,16,23,24,21,19,13,0,34,0,14
550341,1,1,1982,13,11,11,12,5,10,5,7,11,10
550342,1,1,1982,19,16,20,8,15,12,23,13,20,18
550343,1,1,1982,0,0,0,0,0,0,0,0,0,0
550343,2,1,1982,0,0,0,0,0,0,0,0,0,0
550344,1,1,1982,0,0,0,0,0,0,0,0,0,0
550345,1,1,1982,0,0,0,0,0,0,0,0,0,0
550345,2,1,1982,1,1,1,1,1,1,1,1,1,1
550346,1,1,1982,17,17,17,17,17,17,17,17,17,17
550346,2,1,1982,0,0,0,0,0,0,0,0,0,0
550347,1,1,1982,11,11,11,11,11,11,11,11,11,11
550348,1,1,1982,19,9,10,7,25,21,23,9,14,12
550349,1,1,1982,0,0,0,0,0,0,0,0,0,0
550349,2,1,1982,15,15,13,17,21,17,10,14,13,27
550349,3,1,1982,18,16,13,7,10,3,34,23,14,8
550350,1,1,1982,17,17,17,17,17,17,17,17,17,17
550351,1,1,1982,22,22,22,22,22,22,22,22,22,22
550352,1,1,1982,20,20,20,20,20,20,20,20,20,20
550352,2,1,1982,6,0,16,0,20,16,13,8,0,6
550353,1,1,1982,14,14,19,15,16,26,19,14,20,25
550354,1,1,1982,0,0,0,0,0,0,0,0,0,0
550354,2,1,1982,0,0,0,0,0,0,8,0,0,0
550355,1,1,1982,10,10,10,10,10,10,10,10,10,10
550355,2,1,1982,0,20,9,0,0,0,0,0,0,0
550356,1,1,1982,18,18,18,18,18,18,18,18,18,18
550356,2,1,1982,0,15,0,0,0,0,0,0,0,0
550357,1,1,1982,0,0,0,25,0,0,0,0,0,0
550357,2,1,1982,0,0,0,0,0,0,0,0,0,0
550358,1,1,1982,19,19,19,19,19,19,19,19,19,19
550358,2,1,1982,0,0,0,0,0,0,0,0,0,0
550359,1,1,1982,21,21,21,21,21,21,21,21,21,21
550360,0,1,1982,0,0,0,0,0,0,0,0,0,0
550360,0,2,1982,0,0,0,0,8,0,0,0,0,0
550360,1,1,1982,18,0,0,0,0,0,0,0,0,0
550361,1,1,1982,6,6,6,6,6,6,6,6,6,6
550362,1,1,1982,5,16,18,20,16,18,13,15,18,0
550362,2,1,1982,11,10,18,15,4,0,3,0,8,13
550363,1,1,1982,21,21,21,21,21,21,21,21,21,21
550364,1,1,1982,13,13,13,13,13,13,13,13,13,13
550364,2,1,1982,0,0,0,0,0,0,0,0,0,0
550365,1,1,1982,13,13,0,0,22,0,12,34,16,19
550365,2,1,1982,0,0,0,0,0,15,0,0,0,19
550366,1,1,1982,15,30,12,31,19,19,17,10,19,6
550367,1,1,1982,0,0,5,16,23,11,13,13,14,0
550367,2,1,1982,0,19,11,13,24,5,26,0,22,25
550368,1,1,1982,15,15,15,15,15,15,15,15,15,15
550369,1,1,1982,7,7,7,7,7,7,7,7,7,7
550369,2,1,1982,20,20,20,20,20,20,20,20,20,20
550370,1,1,1982,0,0,0,0,0,0,0,0,0,0
550370,2,1,1982,0,0,0,0,0,0,0,0,0,0
550371,1,1,1982,0,0,0,0,0,0,0,0,0,0
550371,2,1,1982,0,0,0,0,0,0,0,0,0,0
550372,0,1,1982,29,29,29,29,29,29,29,29,29,29
550372,1,1,1982,0,0,10,0,0,0,0,0,0,0
550373,1,1,1982,5,5,5,5,5,5,5,5,5,5
550373,2,1,1982,15,0,0,0,0,0,0,23,0,0
550374,1,1,1982,23,5,14,9,21,0,30,14,13,8
550375,1,1,1982,25,25,25,25,25,25,25,25,25,25
550375,2,1,1982,0,0,0,0,0,0,0,0,0,0
550376,1,1,1982,11,11,11,11,11,11,11,11,11,11
550376,2,1,1982,0,0,0,0,0,0,0,0,0,0
550377,1,1,1982,17,17,17,17,17,17,17,17,17,17
550377,2,1,1982,5,5,5,5,5,5,5,5,5,5
550378,1,1,1982,0,0,0,0,0,0,0,0,0,0
550378,2,1,1982,11,11,11,11,11,11,11,11,11,11
550379,1,1,1982,21,21,21,21,21,21,21,21,21,21
550380,1,1,1982,19,19,19,19,19,19,19,19,19,19
550381,1,1,1982,0,0,0,27,0,0,0,0,0,0
550381,2,1,1982,0,0,0,0,0,0,0,0,0,0
550382,1,1,1982,17,26,11,30,18,29,16,31,17,0
550383,1,1,1982,3,3,3,3,3,3,3,3,3,3
550383,2,1,1982,21,14,11,0,0,9,0,16,21,0
550383,3,1,1982,0,0,0,0,0,0,0,22,0,0
550384,1,1,1982,0,0,0,0,0,0,0,0,0,0
550384,2,1,1982,0,0,0,0,0,0,0,0,0,0
550385,1,1,1982,0,0,0,0,0,0,0,0,0,0
550385,2,1,1982,0,0,0,0,0,0,0,0,0,0
550386,0,1,1982,0,0,0,0,0,0,0,0,0,0
550386,1,1,1982,0,0,0,0,0,0,0,0,0,0
550387,1,1,1982,20,19,17,10,15,18,13,12,10,9
550387,2,1,1982,0,0,0,0,0,0,0,0,0,0
550388,1,1,1982,0,0,0,0,17,0,0,0,0,0
550389,1,1,1982,0,0,0,0,0,0,0,0,0,0
550389,2,1,1982,0,0,0,0,0,0,0,0,0,0
550390,0,1,1982,33,33,33,33,33,33,33,33,33,33
550390,1,1,1982,12,12,12,12,12,12,12,12,12,12
550391,0,1,1982,0,0,0,0,0,0,0,0,0,0
550391,0,2,1982,0,25,17,0,25,37,44,0,20,0
550391,2,1,1982,0,0,0,0,0,0,0,0,0,0
550392,0,1,1982,20,20,20,20,20,20,20,20,20,20
550392,1,1,1982,0,0,0,0,0,0,0,0,0,0
550393,1,1,1982,0,0,0,0,0,0,0,0,0,0
550394,1,1,1982,0,0,0,0,0,0,0,0,0,0
550394,2,1,1982,0,0,0,0,0,0,0,0,0,0
550395,1,1,1982,3,3,3,3,3,3,3,3,3,3
550395,2,1,1982,0,0,0,0,0,0,0,0,0,0
550396,1,1,1982,0,0,0,0,0,0,0,0,0,0
550396,2,1,1982,0,0,0,0,0,0,0,17,0,0
550397,1,1,1982,0,0,0,0,0,0,0,0,0,0
550397,2,1,1982,0,0,0,0,0,0,0,0,0,0
550398,1,1,1982,15,15,15,15,15,15,15,15,15,15
550399,1,1,1982,20,20,20,20,20,20,20,20,20,20
550399,2,1,1982,0,0,0,0,0,0,0,0,0,0
550399,3,1,1982,0,0,0,0,0,0,0,0,0,0
550399,4,1,1982,21,16,18,22,6,16,0,10,5,13
550400,0,1,1982,0,0,0,0,0,0,0,0,0,0
550400,0,2,1982,0,0,22,0,0,23,26,0,0,0
550400,1,1,1982,0,0,0,0,0,0,0,0,0,0
550401,1,1,1982,19,0,0,0,11,7,0,21,20,0
550401,2,1,1982,0,0,0,0,0,0,0,0,0,0
550402,1,1,1982,6,6,6,6,6,6,6,6,6,6
550402,2,1,1982,0,0,0,0,0,0,0,0,0,0
550403,1,1,1982,14,31,20,12,21,14,32,19,29,17
550404,1,1,1982,0,0,0,0,0,2,0,0,2,0
550404,2,1,1982,13,19,13,0,0,0,0,29,0,0
550405,1,1,1982,19,19,19,19,19,19,19,19,19,19
550405,2,1,1982,9,9,9,9,9,9,9,9,9,9
550406,1,1,1982,18,18,18,18,18,18,18,18,18,18
550406,2,1,1982,0,0,0,0,0,0,0,0,0,0
550407,1,1,1982,0,0,0,0,0,0,0,0,0,0
550407,2,1,1982,18,18,18,18,18,18,18,18,18,18
550408,1,1,1982,0,0,0,0,0,0,0,0,0,0
550408,2,1,1982,0,0,0,0,0,0,0,0,0,0
550409,1,1,1982,15,15,15,15,15,15,15,15,15,15
550410,1,1,1982,0,0,0,0,0,0,0,0,0,0
550410,2,1,1982,0,0,0,0,0,0,0,0,0,0
550411,1,1,1982,33,31,22,38,19,36,31,11,20,26
550412,1,1,1982,18,18,18,18,18,18,18,18,18,18
550412,2,1,1982,0,0,10,0,0,0,0,0,0,0
550413,1,1,1982,9,9,9,9,9,9,9,9,9,9
550413,2,1,1982,0,0,0,0,0,0,0,0,0,0
550414,1,1,1982,24,24,24,24,24,24,24,24,24,24
550415,0,1,1982,0,6,20,0,0,20,0,0,5,8
550415,1,1,1982,19,19,19,19,19,19,19,19,19,19
550416,0,1,1982,31,43,15,43,14,34,24,28,15,18
550416,1,1,1982,0,0,0,0,0,0,0,0,0,0
550417,1,1,1982,0,0,0,0,0,0,0,0,0,0
550417,2,1,1982,0,0,0,0,0,19,0,0,0,0
550418,0,1,1982,0,19,17,0,0,0,0,0,11,0
550418,1,1,1982,6,17,15,13,5,30,21,14,18,31
550419,1,1,1982,0,0,0,0,0,0,0,0,0,0
550419,2,1,1982,0,0,0,0,0,0,0,0,0,0
550420,1,1,1982,24,10,23,24,10,32,19,17,9,17
550422,1,1,1982,9,9,9,9,9,9,9,9,9,9
550422,2,1,1982,0,0,0,14,8,13,0,7,21,8
550423,1,1,1982,15,0,6,0,0,15,0,0,0,10
550423,2,1,1982,31,31,31,31,31,31,31,31,31,31
550424,1,1,1982,16,16,16,16,16,16,16,16,16,16
550425,1,1,1982,0,0,0,0,0,0,0,0,30,0
550426,1,1,1982,11,15,27,10,0,11,17,3,10,12
550426,2,1,1982,21,21,21,21,21,21,21,21,21,21
550427,1,1,1982,0,0,0,0,0,0,0,0,0,0
550427,2,1,1982,0,0,0,0,0,0,0,0,0,0
550428,1,1,1982,9,9,9,9,9,9,9,9,9,9
550429,1,1,1982,0,0,0,0,0,0,0,0,0,0
550429,2,1,1982,0,0,0,0,0,0,0,0,0,0
550430,1,1,1982,12,12,12,12,12,12,12,12,12,12
550431,1,1,1982,0,0,0,0,0,0,0,0,0,0
550431,2,1,1982,0,0,0,0,0,0,4,0,0,0
550432,0,1,1982,0,0,0,0,0,0,0,0,0,0
550432,0,2,1982,0,0,0,0,0,0,0,0,0,0
550432,1,1,1982,0,0,0,0,0,0,0,0,0,12
550433,1,1,1982,0,0,0,0,0,0,0,0,0,0
550433,2,1,1982,0,0,0,0,0,0,0,0,0,0
550433,3,1,1982,0,0,0,0,0,0,0,0,0,0
550433,4,1,1982,0,0,0,11,0,0,29,0,0,0
550434,1,1,1982,17,17,17,17,17,17,17,17,17,17
550434,2,1,1982,11,5,0,17,8,28,16,8,4,12
550435,1,1,1982,13,13,13,13,13,13,13,13,13,13
550435,2,1,1982,0,0,0,0,0,0,0,0,0,0
550436,1,1,1982,16,16,16,16,16,16,16,16,16,16
550436,2,1,1982,3,3,3,3,3,3,3,3,3,3
550437,1,1,1982,19,19,19,19,19,19,19,19,19,19
550438,1,1,1982,5,9,24,5,0,24,0,24,20,10
550439,1,1,1982,0,0,0,0,0,0,0,0,0,0
550440,1,1,1982,0,16,0,0,0,0,0,0,8,0
550440,2,1,1982,0,0,15,0,0,0,0,0,0,0
550441,1,1,1982,22,22,22,22,22,22,22,22,22,22
550442,1,1,1982,14,14,14,14,14,14,14,14,14,14
550442,2,1,1982,5,5,5,5,5,5,5,5,5,5
550443,1,1,1982,26,26,26,26,26,26,26,26,26,26
550443,2,1,1982,0,0,0,0,0,0,0,0,0,0
550444,0,1,1982,3,3,3,3,3,3,3,3,3,3
550444,1,1,1982,21,17,9,10,16,9,19,15,10,14
550445,1,1,1982,26,0,0,0,0,7,0,0,0,0
550446,1,1,1982,12,12,12,12,12,12,12,12,12,12
550447,1,1,1982,21,21,21,21,21,21,21,21,21,21
550447,2,1,1982,27,17,15,27,0,9,17,15,18,17
550448,0,1,1982,12,12,12,12,12,12,12,12,12,12
550448,1,1,1982,20,20,20,20,20,20,20,20,20,20
550449,1,1,1982,14,14,14,14,14,14,14,14,14,14
550450,1,1,1982,33,2,25,8,7,13,0,5,18,9
550451,1,1,1982,21,21,21,21,21,21,21,21,21,21
550451,2,1,1982,0,0,0,0,0,9,0,0,0,0
550452,1,1,1982,0,0,0,0,0,0,0,0,0,0
550452,2,1,1982,0,0,0,0,0,0,0,0,0,0
550453,0,1,1982,23,23,23,23,23,23,23,23,23,23
550453,1,1,1982,0,0,0,0,0,0,0,0,0,0
550454,1,1,1982,19,19,19,19,19,19,19,19,19,19
550455,0,1,1982,24,9,22,21,0,19,18,9,13,15
550455,1,1,1982,16,16,16,16,16,16,16,16,16,16
550456,1,1,1982,0,0,0,0,0,0,0,0,0,0
550457,1,1,1982,20,20,20,20,20,20,20,20,20,20
550458,0,1,1982,0,0,0,0,0,0,0,0,0,0
550458,1,1,1982,11,0,0,0,0,0,16,0,0,0
550459,1,1,1982,15,15,15,15,15,15,15,15,15,15
550460,1,1,1982,24,24,24,24,24,24,24,24,24,24
550461,0,1,1982,24,24,24,24,24,24,24,24,24,24
550461,1,1,1982,0,0,0,0,0,0,0,0,0,0
550462,1,1,1982,0,0,0,0,0,0,0,0,0,0
550463,1,1,1982,0,0,0,0,0,0,0,0,0,0
550463,2,1,1982,0,0,0,0,0,0,0,0,0,0
550464,1,1,1982,22,22,22,22,22,22,22,22,22,22
550464,2,1,1982,0,0,0,0,0,0,0,0,0,0
550465,1,1,1982,21,21,21,21,21,21,21,21,21,21
550466,1,1,1982,0,0,0,0,0,0,0,0,0,0
550466,2,1,1982,0,0,0,0,0,0,0,0,0,0
550467,1,1,1982,10,18,4,10,10,22,18,17,36,19
550468,0,1,1982,27,27,27,27,27,27,27,27,27,27
550468,1,1,1982,8,14,6,18,14,0,20,13,15,8
550469,1,1,1982,0,0,0,0,0,0,0,0,0,0
550469,2,1,1982,0,0,0,0,0,0,0,0,0,0
550469,3,1,1982,0,0,0,0,0,0,0,0,0,0
550470,1,1,1982,11,8,13,8,15,13,12,13,15,16
550470,2,1,1982,0,0,0,0,0,0,0,0,0,0
550471,1,1,1982,14,14,14,14,14,14,14,14,14,14
550471,2,1,1982,0,0,0,0,0,0,0,0,0,0
550472,0,1,1982,0,0,0,0,0,0,0,0,0,0
550472,1,1,1982,0,0,0,0,0,0,0,0,0,0
550472,2,1,1982,0,0,0,0,0,0,0,0,0,0
550473,1,1,1982,8,4,0,0,13,12,0,7,0,0
550473,2,1,1982,0,0,2,13,14,0,0,12,0,9
550474,1,1,1982,13,16,7,0,10,14,10,18,16,4
550474,2,1,1982,17,0,0,0,0,0,20,18,0,0
550475,1,1,1982,24,24,24,24,24,24,24,24,24,24
550476,0,1,1982,29,29,29,29,29,29,29,29,29,29
550476,1,1,1982,0,0,0,0,0,0,0,0,0,0
550477,1,1,1982,23,23,23,23,23,23,23,23,23,23
550478,1,1,1982,0,19,25,11,0,14,9,16,17,20
550479,1,1,1982,16,16,16,16,16,16,16,16,16,16
550480,1,1,1982,0,0,6,0,0,10,0,0,0,0
550480,2,1,1982,15,25,18,0,3,14,23,0,20,13
550481,1,1,1982,12,0,0,0,0,0,0,0,0,0
550481,2,1,1982,0,0,0,0,0,0,0,0,0,0
550481,3,1,1982,0,0,0,0,0,0,0,0,0,0
550482,1,1,1982,26,26,26,26,26,26,26,26,26,26
550483,1,1,1982,0,0,0,0,0,0,0,0,0,0
550483,2,1,1982,0,0,12,0,0,0,0,0,0,0
550484,1,1,1982,0,0,0,0,0,0,0,0,0,0
550484,2,1,1982,0,0,0,0,0,0,0,37,0,0
550485,1,1,1982,0,0,0,0,0,0,0,0,0,0
550486,1,1,1982,0,0,0,0,0,0,0,0,0,0
550486,2,1,1982,0,0,0,0,0,0,0,0,0,0
550487,1,1,1982,0,0,0,0,0,0,0,10,0,5
550488,0,1,1982,30,30,30,30,30,30,30,30,30,30
550488,1,1,1982,11,9,0,0,0,0,0,17,8,0
550489,0,1,1982,0,42,0,0,0,25,0,0,0,0
550489,1,1,1982,0,0,0,0,0,0,0,0,0,0
550490,1,1,1982,0,0,0,0,0,17,0,0,0,0
550490,2,1,1982,0,0,11,0,0,0,0,0,0,0
550490,3,1,1982,0,0,0,0,0,0,0,0,0,0
550490,4,1,1982,0,0,0,0,0,0,0,0,12,0
550491,1,1,1982,0,0,0,0,0,0,0,0,0,0
550491,2,1,1982,0,0,0,0,0,0,0,0,0,0
550492,1,1,1982,22,22,22,22,22,22,22,22,22,22
550492,2,1,1982,0,0,0,0,0,0,12,0,0,0
550493,1,1,1982,25,14,16,22,35,29,34,19,26,16
550494,1,1,1982,19,19,19,19,19,19,19,19,19,19
550495,1,1,1982,23,23,0,32,15,18,18,0,10,0
550496,1,1,1982,24,13,0,30,13,25,10,4,2,20
550496,2,1,1982,9,15,8,14,24,0,11,0,8,11
550497,1,1,1982,0,0,0,0,0,0,0,0,0,0
550497,2,1,1982,0,0,0,0,0,0,0,0,0,0
550498,1,1,1982,12,14,12,0,22,0,17,0,23,9
550498,2,1,1982,0,0,0,0,0,0,0,0,0,0
550499,1,1,1982,22,22,22,22,22,22,22,22,22,22
550500,1,1,1982,22,22,22,22,22,22,22,22,22,22
550501,1,1,1982,22,22,22,22,22,22,22,22,22,22
550502,0,1,1982,9,9,9,9,9,9,9,9,9,9
550502,1,1,1982,16,19,0,0,22,0,21,0,9,0
550503,1,1,1982,0,0,0,0,0,0,0,0,0,0
550503,2,1,1982,0,0,0,0,0,0,0,0,0,0
550504,1,1,1982,0,0,0,0,0,0,0,0,0,0
550504,2,1,1982,0,0,0,0,0,0,0,0,0,0
550505,1,1,1982,18,18,18,18,18,18,18,18,18,18
550506,1,1,1982,0,13,21,11,16,0,4,8,17,16
550507,1,1,1982,0,0,0,0,0,0,0,0,0,0
550507,2,1,1982,0,0,0,0,0,0,0,0,0,0
550508,1,1,1982,12,17,12,28,32,12,2,12,17,9
550509,0,1,1982,26,4,0,22,0,0,19,0,23,0
550509,1,1,1982,0,0,0,0,0,0,11,0,0,0
550510,1,1,1982,21,21,21,21,21,21,21,21,21,21
550510,2,1,1982,0,0,0,13,0,17,0,21,0,0
550511,1,1,1982,31,31,31,31,31,31,31,31,31,31
550512,1,1,1982,20,20,20,20,20,20,20,20,20,20
550513,1,1,1982,0,0,0,0,0,0,0,0,0,0
550514,0,1,1982,0,0,0,0,0,0,0,0,0,0
550514,1,1,1982,12,16,17,0,22,23,14,0,14,5
550515,1,1,1982,19,19,19,19,19,19,19,19,19,19
550516,1,1,1982,0,0,0,0,0,0,0,0,0,0
550516,2,1,1982,0,0,0,0,0,0,0,0,0,0
550517,1,1,1982,20,20,20,20,20,20,20,20,20,20
550518,1,1,1982,0,13,13,0,16,0,17,0,22,0
550519,0,1,1982,24,24,24,24,24,24,24,24,24,24
550519,1,1,1982,15,15,15,15,15,15,15,15,15,15
550520,1,1,1982,0,0,0,0,0,0,0,0,0,0
550521,1,1,1982,0,0,0,0,0,0,0,0,0,0
550521,2,1,1982,0,0,0,0,0,0,0,15,0,0
550521,3,1,1982,0,0,0,0,0,0,0,0,0,0
550522,1,1,1982,0,0,0,0,0,0,0,0,7,0
550522,2,1,1982,0,0,0,0,0,0,18,0,0,0
550523,1,1,1982,15,15,15,15,15,15,15,15,15,15
550524,1,1,1982,5,5,5,5,5,5,5,5,5,5
550524,2,1,1982,0,0,0,0,0,0,0,0,0,0
550525,1,1,1982,18,18,18,18,18,18,18,18,18,18
550526,1,1,1982,18,18,18,18,18,18,18,18,18,18
550527,1,1,1982,7,7,7,7,7,7,7,7,7,7
550528,1,1,1982,23,23,23,23,23,23,23,23,23,23
550529,1,1,1982,18,18,18,18,18,18,18,18,18,18
550530,1,1,1982,0,11,0,0,0,15,0,0,3,0
550530,2,1,1982,28,28,28,28,28,28,28,28,28,28
550531,1,1,1982,20,20,20,20,20,20,20,20,20,20
550532,1,1,1982,0,0,0,0,0,0,0,0,0,0
550532,2,1,1982,0,0,0,0,0,0,0,0,0,0
550533,0,1,1982,0,0,0,0,0,0,0,0,0,0
550533,1,1,1982,0,0,0,0,0,0,0,0,0,0
550534,0,1,1982,0,0,0,0,0,0,0,0,0,0
550534,1,1,1982,0,0,0,0,0,0,0,0,0,0
550535,1,1,1982,12,9,20,14,32,0,9,20,23,25
550536,1,1,1982,0,0,0,0,0,0,0,0,0,0
550537,1,1,1982,20,22,11,23,16,19,10,12,15,6
550538,1,1,1982,26,26,26,26,26,26,26,26,26,26
550539,1,1,1982,35,21,0,3,18,15,17,25,41,15
550540,1,1,1982,18,18,18,18,18,18,18,18,18,18
550541,1,1,1982,16,16,16,16,16,16,16,16,16,16
550542,1,1,1982,8,8,8,8,8,8,8,8,8,8
550542,2,1,1982,27,27,27,27,27,27,27,27,27,27
550543,0,1,1982,19,19,19,19,19,19,19,19,19,19
550543,1,1,1982,26,14,26,5,12,11,23,0,15,12
550544,1,1,1982,12,12,12,12,12,12,12,12,12,12
550545,1,1,1982,0,0,0,0,0,0,0,0,0,0
550546,1,1,1982,19,13,7,20,15,27,30,0,24,26
550547,0,1,1982,31,31,31,31,31,31,31,31,31,31