ST_CASE,VEH_NO,PER_NO,YEAR,P1,P2,P3,P4,P5,P6,P7,P8,P9,P10
550547,1,1,1982,12,0,11,0,0,8,0,0,27,23
550548,1,1,1982,0,0,0,0,0,0,0,0,0,0
550549,1,1,1982,32,32,32,32,32,32,32,32,32,32
550550,1,1,1982,0,0,0,0,0,0,0,0,0,0
550550,2,1,1982,0,0,0,0,0,0,0,0,0,0
550551,1,1,1982,11,11,11,11,11,11,11,11,11,11
550552,1,1,1982,12,12,12,12,12,12,12,12,12,12
550553,1,1,1982,0,0,0,31,29,0,0,0,0,6
550554,1,1,1982,0,0,0,0,0,0,0,0,0,0
550554,2,1,1982,0,0,0,0,0,0,0,0,0,0
550555,1,1,1982,16,14,9,21,19,27,14,11,18,20
550555,2,1,1982,2,2,2,2,2,2,2,2,2,2
550556,0,1,1982,0,0,0,0,0,0,0,0,0,0
550556,1,1,1982,0,0,0,0,0,0,0,0,0,0
550557,1,1,1982,0,0,0,0,0,0,0,0,10,0
550557,2,1,1982,0,0,12,0,0,17,0,0,17,0
550558,1,1,1982,15,15,15,15,15,15,15,15,15,15
550559,0,1,1982,2,0,0,17,0,0,15,14,0,22
550559,0,2,1982,8,0,11,4,0,0,20,0,0,2
550559,1,1,1982,0,0,0,0,0,0,0,0,6,0
550560,1,1,1982,24,24,24,24,24,24,24,24,24,24
550560,2,1,1982,0,0,0,0,0,0,0,0,0,0
550561,1,1,1982,0,17,0,0,0,14,0,0,0,0
550562,1,1,1982,0,0,0,0,0,0,0,0,0,0
550562,2,1,1982,0,0,0,0,0,0,0,0,0,0
550563,1,1,1982,13,0,13,9,8,7,11,7,21,11
550563,2,1,1982,0,0,0,0,0,0,0,0,10,0
550563,3,1,1982,0,0,0,0,0,0,0,0,0,0
550564,1,1,1982,0,16,0,0,0,0,0,0,0,0
550565,1,1,1982,0,0,0,0,0,0,0,0,0,0
550566,1,1,1982,3,16,17,12,21,20,6,4,7,0
550566,2,1,1982,0,0,0,0,0,0,0,0,0,0
550567,1,1,1982,0,0,0,0,0,0,0,0,0,0
550567,2,1,1982,0,0,0,0,0,0,0,0,0,0
550568,0,1,1982,0,0,0,0,0,0,0,0,0,0
550568,1,1,1982,0,0,15,0,5,0,22,0,0,0
550569,1,1,1982,0,0,0,0,0,0,0,0,0,0
550570,1,1,1982,12,0,0,0,0,0,0,0,0,0
550570,2,1,1982,0,0,0,0,0,0,0,0,0,0
550571,1,1,1982,0,0,0,0,0,0,0,0,0,0
550571,2,1,1982,12,11,0,0,19,49,0,0,0,7
550572,1,1,1982,0,0,0,0,0,0,0,0,0,18
550572,2,1,1982,23,23,23,23,23,23,23,23,23,23
550573,1,1,1982,0,12,0,0,10,0,0,0,8,0
550573,2,1,1982,0,0,0,0,0,0,0,0,0,0
550574,1,1,1982,15,0,24,0,0,0,34,31,0,0
550574,2,1,1982,0,0,0,0,0,0,0,0,0,0
550575,0,1,1982,0,0,0,0,0,0,0,0,0,0
550575,1,1,1982,0,0,0,0,0,0,0,0,9,0
550576,1,1,1982,30,30,30,30,30,30,30,30,30,30
550577,1,1,1982,18,16,23,14,19,14,11,22,13,16
550578,1,1,1982,12,35,0,24,0,11,29,21,14,44
550579,0,1,1982,0,0,0,0,0,0,0,0,0,0
550579,1,1,1982,14,6,32,0,26,13,38,14,13,12
550580,1,1,1982,0,0,17,0,0,0,0,0,13,0
550580,2,1,1982,0,0,0,0,0,0,0,0,0,0
550582,1,1,1982,13,13,13,13,13,13,13,13,13,13
550583,1,1,1982,0,27,18,4,26,9,19,6,14,0
550583,2,1,1982,0,0,0,0,0,0,0,0,10,0
550584,0,1,1982,24,18,5,32,35,23,15,39,12,15
550584,1,1,1982,20,20,20,20,20,20,20,20,20,20
550585,1,1,1982,19,19,19,19,19,19,19,19,19,19
550586,1,1,1982,0,0,0,0,0,0,0,0,0,0
550588,1,1,1982,0,0,0,0,0,0,10,0,0,0
550589,1,1,1982,0,0,0,0,0,0,0,0,0,0
550589,2,1,1982,0,0,0,0,0,0,0,0,0,0
550590,1,1,1982,6,12,11,29,12,31,15,13,6,32
550590,2,1,1982,0,0,0,0,0,0,0,0,0,0
550591,0,1,1982,25,25,25,25,25,25,25,25,25,25
550591,1,1,1982,0,30,19,15,16,9,11,25,16,10
550592,0,1,1982,0,0,0,0,0,0,0,0,0,0
550592,1,1,1982,0,0,6,0,0,0,0,0,0,0
550593,1,1,1982,0,0,0,0,0,0,0,0,0,0
550594,1,1,1982,27,27,27,27,27,27,27,27,27,27
550595,0,1,1982,14,26,10,17,19,23,22,27,18,18
550595,1,1,1982,6,8,10,25,19,0,12,13,42,2
550596,1,1,1982,0,0,0,0,0,0,0,0,0,0
550596,2,1,1982,0,0,0,0,0,0,0,0,0,0
550598,1,1,1982,0,0,0,0,0,0,0,0,0,0
550598,2,1,1982,0,0,0,0,8,0,0,0,0,0
550599,1,1,1982,10,7,16,7,6,0,9,19,11,0
550600,1,1,1982,15,15,15,15,15,15,15,15,15,15
550600,2,1,1982,0,0,0,0,0,0,0,0,0,0
550600,3,1,1982,0,0,7,0,0,0,0,0,0,0
550601,1,1,1982,10,10,10,10,10,10,10,10,10,10
550602,1,1,1982,0,0,0,0,0,0,0,0,0,0
550603,1,1,1982,0,0,0,0,0,0,0,0,0,0
550603,2,1,1982,0,0,0,0,0,0,0,0,0,0
550604,1,1,1982,39,39,39,39,39,39,39,39,39,39
550605,1,1,1982,0,0,0,0,0,0,0,0,0,0
550605,2,1,1982,0,0,0,0,0,0,0,0,0,0
550605,3,1,1982,0,0,0,0,0,0,0,0,0,0
550606,0,1,1982,0,0,0,0,0,0,0,0,0,0
550606,1,1,1982,9,9,9,9,9,9,9,9,9,9
550607,1,1,1982,14,14,14,14,14,14,14,14,14,14
550607,2,1,1982,20,20,20,20,20,20,20,20,20,20
550607,3,1,1982,0,0,0,0,0,0,0,0,0,0
550607,4,1,1982,15,15,15,15,15,15,15,15,15,15
550608,1,1,1982,31,31,31,31,31,31,31,31,31,31
550609,1,1,1982,11,20,15,18,0,0,0,0,12,0
550609,2,1,1982,0,0,8,0,0,0,0,0,0,0
550610,0,1,1982,12,12,12,12,12,12,12,12,12,12
550610,1,1,1982,0,17,4,11,5,0,6,26,11,26
550611,1,1,1982,22,22,22,22,22,22,22,22,22,22
550612,1,1,1982,26,0,20,18,25,16,13,0,25,7
550613,1,1,1982,25,25,18,12,11,8,22,11,15,17
550613,2,1,1982,0,0,0,5,0,0,0,0,0,0
550614,1,1,1982,16,9,10,11,16,22,19,32,7,9
550615,1,1,1982,0,0,0,0,0,0,0,0,0,0
550615,2,1,1982,5,5,5,5,5,5,5,5,5,5
550616,1,1,1982,0,0,0,0,0,0,0,0,0,0
550617,1,1,1982,0,0,0,0,0,0,0,0,0,0
550618,1,1,1982,0,0,0,0,0,0,0,0,0,0
550619,0,1,1982,14,0,0,0,8,0,0,0,0,0
550619,1,1,1982,0,0,0,0,0,0,0,0,0,0
550620,1,1,1982,0,0,0,0,0,0,0,0,0,0
550621,0,1,1982,18,18,18,18,18,18,18,18,18,18
550621,1,1,1982,0,0,0,0,0,0,0,0,0,0
550622,1,1,1982,23,23,23,23,23,23,23,23,23,23
550623,1,1,1982,18,18,18,18,18,18,18,18,18,18
550624,1,1,1982,21,21,21,21,21,21,21,21,21,21
550625,1,1,1982,0,0,0,0,0,0,0,0,0,0
550626,1,1,1982,22,22,22,22,22,22,22,22,22,22
550627,1,1,1982,0,0,0,0,0,0,0,0,0,0
550627,2,1,1982,0,0,0,0,0,0,0,0,0,0
550627,3,1,1982,0,0,0,0,0,0,0,0,0,0
550628,1,1,1982,19,19,19,19,19,19,19,19,19,19
550629,1,1,1982,0,0,0,0,0,0,0,3,0,0
550630,1,1,1982,17,17,17,17,17,17,17,17,17,17
550631,1,1,1982,0,0,0,0,0,0,0,0,0,0
550631,2,1,1982,0,0,0,0,6,0,0,0,0,0
550632,1,1,1982,0,0,0,0,0,0,0,0,0,0
550632,2,1,1982,0,0,0,0,0,0,0,0,0,0
550633,1,1,1982,15,14,9,23,18,20,15,21,20,30
550633,2,1,1982,0,0,0,0,0,0,0,0,0,0
550633,3,1,1982,0,0,0,0,0,0,5,0,0,0
550634,1,1,1982,17,17,17,17,17,17,17,17,17,17
550634,2,1,1982,13,20,12,10,9,7,11,1,15,10
550635,0,1,1982,0,0,0,0,0,0,0,0,0,0
550635,1,1,1982,0,0,0,0,0,0,0,0,0,0
550636,1,1,1982,30,30,30,30,30,30,30,30,30,30
550636,2,1,1982,0,0,0,0,0,0,0,0,0,0
550636,3,1,1982,0,0,0,0,0,0,0,0,5,0
550636,4,1,1982,0,0,0,0,0,0,0,0,0,0
550637,1,1,1982,0,0,8,0,0,0,0,0,0,0
550637,2,1,1982,0,0,0,0,11,0,0,0,0,0
550638,1,1,1982,22,22,22,22,22,22,22,22,22,22
550639,1,1,1982,15,19,8,13,13,8,15,8,23,15
550639,2,1,1982,27,8,10,18,7,17,19,12,13,14
550640,1,1,1982,0,0,0,0,0,0,0,0,0,0
550641,1,1,1982,18,14,16,24,19,22,38,0,15,17
550641,2,1,1982,0,0,0,0,0,0,0,0,0,0
550642,1,1,1982,11,11,11,11,11,11,11,11,11,11
550643,1,1,1982,0,22,0,9,19,10,24,10,0,25
550644,1,1,1982,0,0,0,0,0,0,0,0,0,0
550644,2,1,1982,0,0,0,0,0,0,0,0,0,0
550645,1,1,1982,0,0,0,0,0,0,0,0,0,0
550645,2,1,1982,0,11,0,0,0,7,0,0,0,0
550646,1,1,1982,23,23,23,23,23,23,23,23,23,23
550647,1,1,1982,0,0,0,0,0,0,0,0,0,0
550647,2,1,1982,0,0,0,0,0,0,0,0,0,0
550648,1,1,1982,18,18,18,18,18,18,18,18,18,18
550649,1,1,1982,14,14,14,14,14,14,14,14,14,14
550650,1,1,1982,11,11,11,11,11,11,11,11,11,11
550651,1,1,1982,9,0,0,0,0,0,0,0,0,4
550652,1,1,1982,0,0,0,0,0,9,0,0,0,0
550652,2,1,1982,0,0,0,0,0,0,0,0,0,0
550653,1,1,1982,0,0,0,0,0,0,0,0,0,0
550653,2,1,1982,0,0,0,0,0,0,0,0,0,0
550654,1,1,1982,0,0,0,0,0,0,0,0,0,0
550654,2,1,1982,0,22,13,14,7,0,20,0,26,16
550655,1,1,1982,0,0,0,0,0,0,0,0,0,0
550656,0,1,1982,7,28,20,9,15,20,17,11,13,14
550656,1,1,1982,18,18,18,18,18,18,18,18,18,18
550657,1,1,1982,0,0,14,0,0,0,0,0,0,0
550657,2,1,1982,0,0,0,0,0,0,0,0,0,0
550658,1,1,1982,9,9,9,9,9,9,9,9,9,9
550659,1,1,1982,0,0,0,0,0,0,0,0,0,0
550659,2,1,1982,21,21,21,21,21,21,21,21,21,21
550660,1,1,1982,0,0,0,0,0,17,0,22,0,26
550661,1,1,1982,0,0,0,0,0,0,0,0,0,0
550661,2,1,1982,0,0,0,0,0,0,0,0,0,0
550662,1,1,1982,29,29,29,29,29,29,29,29,29,29
550663,1,1,1982,0,0,0,0,0,0,0,0,0,0
550664,1,1,1982,16,16,16,16,16,16,16,16,16,16
550665,0,1,1982,0,0,0,0,0,0,0,0,0,0
550665,1,1,1982,0,0,0,0,0,0,0,0,0,0
550666,1,1,1982,0,0,0,0,0,0,0,0,0,0
550667,1,1,1982,0,0,0,0,0,0,0,0,0,0
550668,1,1,1982,0,0,0,0,0,0,0,0,0,0
550668,2,1,1982,0,0,0,0,0,0,0,0,0,0
550669,1,1,1982,32,32,32,32,32,32,32,32,32,32
550670,1,1,1982,0,0,0,0,0,0,0,0,0,0
550671,0,1,1982,0,0,0,0,0,0,0,0,0,0
550671,1,1,1982,0,0,0,0,0,0,0,0,0,0
550672,1,1,1982,0,0,0,0,0,0,0,0,0,0
550672,2,1,1982,0,0,9,0,0,0,0,0,0,0
550673,1,1,1982,12,12,12,12,12,12,12,12,12,12
550673,2,1,1982,30,30,30,30,30,30,30,30,30,30
550674,1,1,1982,0,0,0,0,0,0,0,0,0,0
550675,1,1,1982,24,24,24,24,24,24,24,24,24,24
550676,1,1,1982,18,23,14,26,3,18,4,3,15,24
550677,1,1,1982,16,11,13,16,34,17,26,13,22,28
560001,0,1,1982,29,29,29,29,29,29,29,29,29,29
560001,0,2,1982,21,21,21,21,21,21,21,21,21,21
560001,1,1,1982,17,22,5,12,28,30,15,29,15,24
560002,0,1,1982,4,4,4,4,4,4,4,4,4,4
560002,1,1,1982,0,0,0,0,0,13,0,0,0,0
560003,1,1,1982,0,0,0,0,11,0,0,0,0,0
560004,1,1,1982,27,27,27,27,27,27,27,27,27,27
560005,1,1,1982,15,15,15,15,15,15,15,15,15,15
560006,1,1,1982,6,6,6,6,6,6,6,6,6,6
560006,2,1,1982,0,0,0,0,0,0,0,0,0,0
560007,1,1,1982,0,0,0,0,0,0,0,0,0,0
560007,2,1,1982,0,0,0,0,0,0,0,0,0,0
560008,1,1,1982,16,0,0,0,0,0,0,0,0,0
560009,0,1,1982,0,0,0,0,0,0,0,0,0,0
560009,1,1,1982,0,0,0,0,0,0,0,0,0,0
560010,1,1,1982,13,13,13,13,13,13,13,13,13,13
560010,2,1,1982,0,8,0,0,0,0,0,0,20,0
560011,1,1,1982,11,11,11,11,11,11,11,11,11,11
560011,2,1,1982,0,0,0,0,0,0,0,0,0,0
560012,1,1,1982,15,15,15,15,15,15,15,15,15,15
560013,1,1,1982,0,0,0,0,0,0,0,0,0,0
560013,2,1,1982,13,13,13,13,13,13,13,13,13,13
560014,1,1,1982,26,26,26,26,26,26,26,26,26,26
560015,1,1,1982,20,20,20,20,20,20,20,20,20,20
560016,0,1,1982,0,0,0,0,0,22,0,0,0,37
560017,1,1,1982,15,0,3,0,14,9,0,0,3,0
560018,1,1,1982,0,0,0,0,0,0,0,0,0,0
560018,2,1,1982,0,0,0,0,0,0,0,0,0,0
560019,1,1,1982,23,23,23,23,23,23,23,23,23,23
560020,1,1,1982,3,21,10,13,0,0,13,0,20,0
560021,1,1,1982,18,18,18,18,18,18,18,18,18,18
560022,1,1,1982,0,0,0,0,0,0,0,0,0,0
560022,2,1,1982,0,0,0,0,0,0,0,0,0,0
560023,1,1,1982,28,18,0,0,2,0,32,19,13,10
560024,1,1,1982,31,31,31,31,31,31,31,31,31,31
560025,1,1,1982,15,15,23,23,28,15,18,18,23,31
560026,1,1,1982,5,5,5,5,5,5,5,5,5,5
560026,2,1,1982,0,0,0,0,0,0,0,0,0,0
560027,1,1,1982,0,0,0,0,0,0,0,0,33,0
560027,2,1,1982,16,16,16,16,16,16,16,16,16,16
560028,0,1,1982,25,25,25,25,25,25,25,25,25,25
560028,1,1,1982,0,0,0,0,0,0,0,0,0,0
560029,1,1,1982,0,0,0,0,0,0,0,0,0,0
560029,2,1,1982,0,0,0,0,0,0,0,0,0,0
560029,3,1,1982,0,0,0,0,0,0,0,0,0,0
560030,1,1,1982,14,23,16,20,20,10,24,14,18,20
560031,1,1,1982,22,18,14,34,21,30,20,27,23,0
560032,1,1,1982,0,0,0,0,0,0,0,4,0,0
560032,2,1,1982,21,21,21,21,21,21,21,21,21,21
560033,1,1,1982,0,0,0,0,0,0,0,0,0,0
560033,2,1,1982,0,0,0,0,0,0,0,0,0,0
560034,1,1,1982,17,0,0,0,0,17,4,26,4,22
560035,1,1,1982,18,18,18,18,18,18,18,18,18,18
560036,1,1,1982,33,33,33,33,33,33,33,33,33,33
560036,2,1,1982,0,0,0,0,0,0,0,18,0,19
560037,1,1,1982,29,29,29,29,29,29,29,29,29,29
560037,2,1,1982,5,5,5,5,5,5,5,5,5,5
560038,0,1,1982,27,27,27,27,27,27,27,27,27,27
560038,1,1,1982,11,19,13,0,0,0,18,0,0,0
560039,1,1,1982,8,8,8,8,8,8,8,8,8,8
560040,1,1,1982,0,0,0,0,0,0,0,0,0,0
560041,1,1,1982,0,3,0,0,0,3,15,22,14,0
560041,2,1,1982,0,0,0,0,0,0,0,0,0,0
560042,1,1,1982,11,11,11,11,11,11,11,11,11,11
560043,0,1,1982,0,0,0,0,0,0,0,0,0,0
560043,1,1,1982,3,19,18,14,20,12,23,19,18,18
560044,1,1,1982,0,0,0,5,0,0,11,0,10,19
560045,1,1,1982,0,0,0,0,0,0,0,0,0,0
560046,1,1,1982,0,0,0,0,0,0,0,0,0,0
560047,1,1,1982,19,19,19,19,19,19,19,19,19,19
560048,1,1,1982,3,14,18,22,9,12,17,18,24,22
560049,1,1,1982,11,11,11,11,11,11,11,11,11,11
560049,2,1,1982,0,0,0,0,0,0,0,0,0,16
560050,1,1,1982,25,25,25,25,25,25,25,25,25,25
560050,2,1,1982,0,0,0,0,0,0,0,0,8,0
560051,1,1,1982,0,0,0,0,0,0,0,0,0,0
560051,2,1,1982,0,0,0,0,0,0,0,0,0,0
560052,1,1,1982,32,32,32,32,32,32,32,32,32,32
560053,1,1,1982,17,17,17,17,17,17,17,17,17,17
560054,1,1,1982,0,0,0,0,0,0,0,0,0,7
560055,1,1,1982,9,9,9,9,9,9,9,9,9,9
560055,2,1,1982,0,0,0,0,0,0,0,0,0,0
560056,1,1,1982,0,15,0,10,25,24,6,8,4,26
560057,1,1,1982,0,0,0,0,0,0,0,0,0,0
560057,2,1,1982,0,0,0,0,0,0,0,0,14,0
560058,0,1,1982,26,26,26,26,26,26,26,26,26,26
560058,0,2,1982,29,15,30,13,31,21,7,0,8,0
560058,0,3,1982,0,18,13,26,10,40,15,19,0,21
560058,1,1,1982,25,0,7,11,10,7,0,0,0,0
560059,1,1,1982,7,7,7,7,7,7,7,7,7,7
560060,1,1,1982,14,0,0,0,0,0,0,0,15,0
560061,1,1,1982,13,13,13,13,13,13,13,13,13,13
560062,1,1,1982,0,0,0,0,0,0,0,0,0,0
560062,2,1,1982,0,0,0,0,0,0,0,0,0,0
560063,1,1,1982,17,17,17,17,17,17,17,17,17,17
560064,0,1,1982,0,0,0,0,0,0,0,0,0,0
560064,1,1,1982,0,0,24,0,0,0,0,0,0,0
560065,1,1,1982,3,30,22,20,11,12,25,12,11,24
560065,2,1,1982,0,0,0,0,0,0,0,0,0,0
560066,1,1,1982,19,19,19,19,19,19,19,19,19,19
560066,2,1,1982,0,0,0,0,0,0,0,0,0,0
560067,1,1,1982,0,0,0,0,0,0,0,0,0,0
560067,2,1,1982,0,0,0,0,0,21,0,0,0,0
560068,1,1,1982,20,16,23,20,9,45,17,16,16,15
560069,1,1,1982,0,0,0,0,0,0,0,0,0,0
560069,2,1,1982,0,0,0,0,0,0,0,0,9,0
560070,1,1,1982,0,0,0,0,0,0,0,0,0,0
560071,1,1,1982,0,0,0,0,0,0,0,0,0,0
560071,2,1,1982,11,11,11,11,11,11,11,11,11,11
560072,1,1,1982,19,19,19,19,19,19,19,19,19,19
560072,2,1,1982,0,0,0,0,0,0,0,0,0,0
560073,1,1,1982,0,0,0,0,0,0,0,0,0,0
560074,1,1,1982,29,29,29,29,29,29,29,29,29,29
560075,1,1,1982,0,0,0,0,0,0,0,0,0,0
560076,1,1,1982,9,9,9,9,9,9,9,9,9,9
560077,1,1,1982,0,0,0,0,0,0,0,0,0,0
560077,2,1,1982,0,0,0,0,0,0,0,0,0,0
560078,1,1,1982,0,0,0,0,0,0,0,0,0,0
560078,2,1,1982,0,0,0,0,0,0,0,0,0,0
560079,1,1,1982,22,22,22,22,22,22,22,22,22,22
560080,1,1,1982,6,6,6,6,6,6,6,6,6,6
560081,0,1,1982,13,15,17,0,16,0,6,0,0,7
560081,1,1,1982,14,8,16,27,18,25,33,22,0,7
560082,1,1,1982,0,0,0,0,0,0,0,0,0,0
560082,2,1,1982,0,0,0,0,0,0,0,0,0,0
560083,1,1,1982,0,0,0,0,0,0,0,0,0,0
560084,1,1,1982,0,0,0,0,0,0,0,14,0,0
560084,2,1,1982,0,0,0,0,0,0,0,0,0,0
560085,1,1,1982,0,0,0,0,0,0,0,0,0,0
560085,2,1,1982,12,12,12,12,12,12,12,12,12,12
560086,1,1,1982,17,17,17,17,17,17,17,17,17,17
560086,2,1,1982,0,12,0,0,5,0,0,0,0,0
560087,1,1,1982,0,0,8,0,0,0,0,0,0,0
560088,0,1,1982,10,10,10,10,10,10,10,10,10,10
560088,1,1,1982,0,0,4,20,0,0,0,0,2,0
560089,1,1,1982,0,0,0,0,0,0,0,0,0,0
560090,1,1,1982,0,0,0,0,0,0,0,0,0,0
560090,2,1,1982,20,0,0,0,0,0,0,0,0,0
560091,1,1,1982,0,2,2,0,0,0,0,0,0,0
560091,2,1,1982,0,0,0,0,0,0,0,0,0,0
560092,1,1,1982,17,17,17,17,17,17,17,17,17,17
560093,1,1,1982,0,0,0,0,0,0,0,7,0,0
560093,2,1,1982,0,0,0,0,0,0,0,0,0,0
560094,1,1,1982,13,13,13,13,13,13,13,13,13,13
560095,0,1,1982,0,0,0,0,0,0,0,0,0,0
560095,1,1,1982,0,0,0,0,0,0,11,17,0,0
560096,1,1,1982,20,20,20,20,20,20,20,20,20,20
560097,1,1,1982,0,23,0,0,0,0,0,0,0,0
560098,1,1,1982,0,0,0,0,0,0,0,0,0,0
560099,0,1,1982,25,25,25,25,25,25,25,25,25,25
560099,1,1,1982,0,0,0,0,0,0,0,0,0,0
560100,1,1,1982,12,12,12,12,12,12,12,12,12,12
560101,1,1,1982,0,0,0,0,0,0,0,0,0,0
560102,1,1,1982,0,0,0,0,0,0,8,0,0,0
560103,1,1,1982,2,2,2,2,2,2,2,2,2,2
560104,1,1,1982,0,11,9,0,20,0,12,0,0,0
560105,1,1,1982,0,0,0,8,0,0,0,0,0,0
560105,2,1,1982,24,24,24,24,24,24,24,24,24,24
560106,0,1,1982,20,20,20,20,20,20,20,20,20,20
560106,1,1,1982,0,0,31,16,0,10,0,5,6,17
560107,1,1,1982,14,9,33,8,19,14,24,6,6,0
560108,1,1,1982,0,0,0,0,0,0,0,0,0,0
560109,1,1,1982,0,0,0,0,0,0,0,0,0,0
560109,2,1,1982,0,0,0,0,0,0,0,0,0,0
560110,1,1,1982,0,0,0,0,0,0,0,0,0,0
560110,2,1,1982,20,20,20,20,20,20,20,20,20,20
560111,1,1,1982,22,14,8,22,19,31,7,16,21,29
560112,1,1,1982,0,0,0,0,21,0,0,0,0,0
560113,1,1,1982,15,15,15,15,15,15,15,15,15,15
560113,2,1,1982,0,0,0,0,0,11,0,0,0,0
560115,1,1,1982,0,15,0,0,0,0,0,0,0,0
560115,2,1,1982,0,15,0,0,0,0,0,0,13,0
560116,1,1,1982,0,0,0,0,0,0,0,0,0,0
560117,1,1,1982,0,5,0,0,0,0,0,0,0,0
560117,2,1,1982,0,0,0,17,0,0,0,0,7,6
560118,1,1,1982,0,0,0,0,0,0,0,0,0,0
560119,1,1,1982,28,28,28,28,28,28,28,28,28,28
560120,1,1,1982,33,33,33,33,33,33,33,33,33,33
560121,1,1,1982,16,36,34,21,19,26,23,9,38,19
560122,1,1,1982,9,0,0,19,0,0,0,0,0,0
560123,1,1,1982,0,0,0,0,0,0,0,0,0,0
560124,1,1,1982,22,22,22,22,22,22,22,22,22,22
560125,1,1,1982,2,2,2,2,2,2,2,2,2,2
560126,0,1,1982,4,0,0,0,24,0,25,0,0,0
560126,1,1,1982,21,0,0,0,0,0,0,0,0,0
560127,1,1,1982,0,0,0,0,0,0,0,0,0,7
560128,1,1,1982,11,11,11,11,11,11,11,11,11,11
560129,1,1,1982,15,0,0,0,0,0,0,0,0,0
560130,1,1,1982,0,35,0,0,0,0,0,0,0,24
560131,1,1,1982,0,27,16,0,0,0,22,7,0,25
560132,1,1,1982,0,0,0,0,0,0,0,0,0,0
560133,1,1,1982,22,22,22,22,22,22,22,22,22,22
560133,2,1,1982,0,0,0,0,0,0,0,0,0,0
560134,1,1,1982,0,0,0,0,0,0,0,0,0,0
560135,0,1,1982,21,21,21,21,21,21,21,21,21,21
560135,1,1,1982,0,0,0,0,0,0,0,0,0,0
560136,1,1,1982,14,14,14,14,14,14,14,14,14,14
560137,1,1,1982,0,0,0,0,0,0,0,0,0,0
560137,2,1,1982,0,0,0,0,0,0,0,0,0,0
560138,0,1,1982,0,0,0,0,0,0,0,0,0,0
560138,1,1,1982,9,9,9,9,9,9,9,9,9,9
560139,1,1,1982,13,25,12,27,9,10,10,13,28,7
560139,2,1,1982,0,0,0,0,0,0,0,0,0,0
560140,1,1,1982,0,0,4,8,0,0,0,0,26,0
560140,2,1,1982,23,23,23,23,23,23,23,23,23,23
560141,1,1,1982,0,0,0,11,0,0,0,9,0,15
560142,1,1,1982,0,0,0,0,0,0,0,0,0,0
560142,2,1,1982,0,0,0,0,0,0,0,0,0,0
560143,1,1,1982,0,0,0,0,0,0,0,0,0,0
560144,1,1,1982,1,1,1,1,1,1,1,1,1,1
560144,2,1,1982,17,0,0,0,0,0,0,0,27,0
560145,1,1,1982,26,26,26,26,26,26,26,26,26,26
560146,1,1,1982,0,0,0,0,0,15,0,0,0,0
560147,1,1,1982,24,24,24,24,24,24,24,24,24,24
560148,1,1,1982,17,17,17,17,17,17,17,17,17,17
560149,0,1,1982,0,0,0,0,0,0,0,0,0,0
560149,1,1,1982,0,0,0,0,0,0,0,0,0,0
560150,1,1,1982,0,0,0,0,0,6,0,0,0,0
560150,2,1,1982,29,0,0,0,0,0,0,0,0,0
560151,1,1,1982,12,12,12,12,12,12,12,12,12,12
560152,0,1,1982,15,15,15,15,15,15,15,15,15,15
560152,1,1,1982,30,9,12,0,5,0,20,12,15,7
560153,0,1,1982,0,0,0,0,0,0,0,0,0,0
560153,1,1,1982,0,0,0,0,0,0,0,0,0,0
560154,0,1,1982,21,21,21,21,21,21,21,21,21,21
560154,1,1,1982,18,18,29,6,11,22,26,15,14,18
560155,1,1,1982,0,0,0,0,0,0,0,0,0,0
560155,2,1,1982,0,0,0,0,0,0,0,0,0,0
560156,1,1,1982,20,20,20,20,20,20,20,20,20,20
560157,1,1,1982,0,0,0,0,0,0,0,0,0,0
560157,2,1,1982,15,15,15,15,15,15,15,15,15,15
560158,1,1,1982,22,22,22,22,22,22,22,22,22,22
560159,1,1,1982,19,19,19,19,19,19,19,19,19,19
560160,1,1,1982,14,14,14,14,14,14,14,14,14,14
560161,1,1,1982,0,0,0,0,0,0,0,0,0,0
560162,1,1,1982,0,0,0,0,0,0,0,10,0,0
560162,2,1,1982,0,0,0,0,0,0,0,0,0,0
560163,1,1,1982,0,0,0,0,0,0,0,0,0,0
560163,2,1,1982,0,0,0,0,0,0,0,0,0,0
560164,1,1,1982,17,17,17,17,17,17,17,17,17,17
560165,1,1,1982,0,0,0,0,0,0,0,0,0,0
560165,2,1,1982,0,0,20,0,0,0,0,0,0,0
560166,1,1,1982,0,0,0,0,0,0,0,0,0,0
560166,2,1,1982,0,0,0,0,0,0,0,0,0,0
560166,3,1,1982,0,0,0,0,0,0,0,0,0,0
560166,4,1,1982,0,0,0,0,0,0,0,0,0,0
560167,1,1,1982,15,15,15,15,15,15,15,15,15,15
560168,1,1,1982,0,0,0,0,0,0,0,0,0,0
560168,2,1,1982,0,0,0,0,0,0,0,0,0,0
560169,1,1,1982,22,22,22,22,22,22,22,22,22,22
560170,0,1,1982,0,11,0,0,0,0,0,0,0,0
560170,1,1,1982,0,0,0,0,0,0,0,0,0,0
560171,1,1,1982,0,0,0,0,0,0,0,0,0,0
560171,2,1,1982,0,5,0,0,0,0,0,0,0,0
560172,1,1,1982,0,0,0,0,0,0,0,0,0,0
560172,2,1,1982,0,0,0,0,0,0,0,0,0,0
560173,1,1,1982,0,0,0,0,0,0,0,0,0,0
560173,2,1,1982,0,0,0,0,0,0,0,0,0,0
560174,1,1,1982,13,20,0,15,0,0,22,0,17,23