ST_CASE,VEH_NO,PER_NO,YEAR,P1,P2,P3,P4,P5,P6,P7,P8,P9,P10
60275,1,1,1982,18,18,18,18,18,18,18,18,18,18
60276,1,1,1982,12,12,12,12,12,12,12,12,12,12
60277,1,1,1982,16,16,16,16,16,16,16,16,16,16
60278,1,1,1982,0,0,0,0,0,0,0,0,0,0
60279,1,1,1982,0,0,0,0,0,0,0,0,0,0
60279,2,1,1982,0,0,0,0,0,21,0,0,0,0
60280,1,1,1982,10,10,10,10,10,10,10,10,10,10
60281,1,1,1982,22,22,22,22,22,22,22,22,22,22
60282,1,1,1982,25,25,25,25,25,25,25,25,25,25
60283,1,1,1982,20,20,20,20,20,20,20,20,20,20
60283,2,1,1982,0,0,0,0,0,0,0,0,0,0
60284,1,1,1982,17,17,17,17,17,17,17,17,17,17
60285,1,1,1982,20,20,20,20,20,20,20,20,20,20
60285,2,1,1982,0,0,0,0,0,0,0,0,0,0
60286,1,1,1982,0,0,0,0,0,0,0,0,0,0
60286,2,1,1982,0,0,0,0,0,0,0,0,0,0
60287,1,1,1982,31,31,31,31,31,31,31,31,31,31
60288,1,1,1982,0,0,0,0,0,0,0,0,0,0
60288,2,1,1982,0,0,0,0,0,0,0,0,0,0
60289,1,1,1982,22,22,22,22,22,22,22,22,22,22
60289,2,1,1982,0,0,0,0,0,0,0,0,0,0
60290,1,1,1982,0,0,0,0,0,0,0,0,0,0
60290,2,1,1982,0,0,0,0,0,0,0,0,0,0
60291,0,1,1982,13,13,13,13,13,13,13,13,13,13
60291,1,1,1982,9,9,9,9,9,9,9,9,9,9
60292,1,1,1982,14,14,14,14,14,14,14,14,14,14
60293,1,1,1982,11,11,11,11,11,11,11,11,11,11
60294,1,1,1982,14,14,14,14,14,14,14,14,14,14
60295,1,1,1982,0,0,0,0,0,0,0,0,0,0
60296,1,1,1982,0,0,0,0,0,0,0,0,0,0
60296,2,1,1982,0,0,0,0,13,0,0,0,0,7
60296,3,1,1982,0,0,0,0,0,0,0,0,0,0
60297,1,1,1982,17,17,17,17,17,17,17,17,17,17
60298,0,1,1982,0,0,0,0,0,0,0,0,0,0
60298,1,1,1982,0,0,0,0,0,0,0,0,0,0
60299,1,1,1982,7,7,7,7,7,7,7,7,7,7
60300,1,1,1982,0,0,0,0,0,0,0,0,0,0
60300,2,1,1982,0,0,0,0,0,0,0,0,0,0
60301,1,1,1982,28,28,28,28,28,28,28,28,28,28
60301,2,1,1982,0,0,0,0,0,0,0,0,0,0
60302,1,1,1982,0,0,0,0,0,0,0,0,0,0
60302,2,1,1982,0,0,0,0,0,0,0,0,0,0
60303,0,1,1982,17,17,17,17,17,17,17,17,17,17
60303,1,1,1982,25,0,0,0,0,0,0,0,5,0
60304,0,1,1982,0,0,0,0,0,0,0,0,0,0
60304,1,1,1982,0,0,0,0,0,0,0,0,0,4
60305,1,1,1982,13,13,13,13,13,13,13,13,13,13
60306,1,1,1982,0,0,0,0,0,0,12,0,0,0
60307,1,1,1982,0,0,0,0,0,0,0,0,0,0
60308,1,1,1982,6,6,6,6,6,6,6,6,6,6
60308,2,1,1982,0,0,0,0,0,0,0,0,0,0
60309,1,1,1982,30,30,30,30,30,30,30,30,30,30
60310,1,1,1982,0,0,0,0,0,0,0,0,0,0
60310,2,1,1982,11,11,11,11,11,11,11,11,11,11
60311,1,1,1982,7,17,0,22,0,25,22,11,14,12
60311,2,1,1982,9,9,9,9,9,9,9,9,9,9
60312,1,1,1982,0,0,0,0,0,0,0,0,0,0
60312,2,1,1982,0,0,0,0,0,0,0,0,0,0
60313,1,1,1982,0,0,0,0,0,0,0,0,0,0
60314,1,1,1982,0,0,0,0,0,0,0,0,0,0
60314,2,1,1982,0,0,0,0,0,0,0,0,0,0
60315,1,1,1982,22,22,22,22,22,22,22,22,22,22
60316,1,1,1982,0,0,0,0,0,0,0,0,0,0
60317,1,1,1982,24,24,24,24,24,24,24,24,24,24
60318,0,1,1982,8,8,8,8,8,8,8,8,8,8
60318,0,2,1982,16,12,0,0,0,15,0,0,8,7
60318,1,1,1982,0,0,0,0,0,0,0,0,3,0
60319,1,1,1982,0,0,0,0,10,0,0,20,0,0
60319,2,1,1982,0,0,0,0,0,0,0,0,0,0
60320,1,1,1982,0,0,0,0,0,0,0,0,0,0
60321,1,1,1982,15,15,15,15,15,15,15,15,15,15
60322,1,1,1982,30,30,30,30,30,30,30,30,30,30
60323,1,1,1982,0,0,0,0,0,0,0,0,0,0
60323,2,1,1982,0,0,0,0,0,0,0,0,0,0
60324,1,1,1982,21,21,21,21,21,21,21,21,21,21
60325,1,1,1982,33,33,33,33,33,33,33,33,33,33
60326,1,1,1982,20,20,20,20,20,20,20,20,20,20
60326,2,1,1982,9,0,0,0,0,0,0,0,0,0
60327,1,1,1982,21,21,21,21,21,21,21,21,21,21
60327,2,1,1982,21,15,18,7,21,0,0,15,0,0
60328,1,1,1982,27,27,27,27,27,27,27,27,27,27
60328,2,1,1982,0,0,0,0,0,0,0,0,0,8
60328,3,1,1982,0,0,0,0,0,0,0,0,0,0
60329,1,3,1982,0,0,0,0,0,14,0,0,0,0
60329,2,4,1982,0,0,12,0,0,0,0,0,0,0
60330,1,1,1982,0,0,0,0,0,0,0,0,0,0
60331,1,1,1982,0,7,0,0,0,0,0,0,0,0
60331,2,2,1982,21,21,21,21,21,21,21,21,21,21
60332,1,1,1982,9,9,9,9,9,9,9,9,9,9
60333,1,1,1982,11,11,11,11,11,11,11,11,11,11
60333,2,1,1982,0,0,0,0,0,0,0,0,0,0
60334,1,1,1982,13,0,0,12,0,0,9,10,0,0
60334,2,1,1982,0,0,0,0,0,0,0,13,0,0
60335,1,1,1982,0,0,0,0,0,0,0,0,0,0
60335,2,1,1982,0,10,17,0,0,23,30,15,15,10
60336,1,1,1982,11,11,11,11,11,11,11,11,11,11
60337,0,1,1982,12,12,12,12,12,12,12,12,12,12
60337,1,1,1982,0,0,0,0,0,3,0,0,0,0
60338,1,1,1982,12,13,25,4,4,24,8,14,8,14
60339,1,1,1982,0,0,0,0,0,0,3,0,0,0
60339,2,1,1982,0,0,0,0,0,0,0,13,0,0
60340,1,1,1982,6,6,6,6,6,6,6,6,6,6
60341,0,1,1982,0,0,0,0,0,0,0,0,0,0
60341,1,1,1982,0,0,0,13,0,0,0,0,0,0
60342,1,1,1982,14,14,14,14,14,14,14,14,14,14
60343,0,1,1982,12,12,12,12,12,12,12,12,12,12
60343,1,1,1982,0,0,0,0,0,0,0,0,0,0
60344,1,1,1982,25,25,25,25,25,25,25,25,25,25
60345,1,1,1982,0,0,0,0,0,0,0,0,0,0
60346,1,1,1982,24,24,24,24,24,24,24,24,24,24
60347,1,1,1982,20,20,20,20,20,20,20,20,20,20
60347,2,1,1982,15,15,15,15,15,15,15,15,15,15
60348,1,1,1982,9,9,9,9,9,9,9,9,9,9
60348,2,1,1982,0,0,3,0,0,0,0,0,4,0
60348,3,1,1982,0,0,7,0,0,0,0,0,0,0
60349,0,1,1982,0,0,0,0,0,0,0,0,0,0
60349,1,1,1982,0,0,0,0,0,0,0,0,0,0
60350,1,1,1982,25,25,25,25,25,25,25,25,25,25
60351,1,1,1982,14,14,14,14,14,14,14,14,14,14
60352,1,1,1982,27,27,27,27,27,27,27,27,27,27
60353,0,1,1982,0,0,0,0,0,0,0,0,0,0
60353,1,1,1982,0,0,0,0,0,0,0,0,0,0
60354,1,1,1982,0,10,0,20,23,34,21,16,18,20
60355,0,1,1982,0,0,0,0,0,0,0,0,0,0
60355,1,1,1982,21,0,0,0,0,0,0,0,0,0
60356,1,1,1982,0,0,0,0,0,0,0,0,0,0
60356,2,1,1982,12,12,12,12,12,12,12,12,12,12
60357,1,1,1982,0,0,0,0,0,0,0,0,0,0
60357,2,1,1982,0,0,0,0,8,0,0,0,0,0
60358,0,1,1982,0,0,0,0,0,0,0,0,0,0
60358,1,1,1982,0,10,0,0,0,0,0,0,0,0
60359,1,1,1982,0,0,0,0,0,0,0,0,0,0
60359,2,1,1982,15,15,15,15,15,15,15,15,15,15
60360,1,1,1982,17,17,17,17,17,17,17,17,17,17
60361,0,1,1982,0,0,0,0,0,0,0,0,0,0
60361,1,1,1982,3,0,0,0,0,0,0,0,0,0
60362,1,1,1982,16,16,16,16,16,16,16,16,16,16
60363,0,1,1982,0,0,0,0,0,0,0,0,0,0
60363,1,1,1982,0,0,0,0,0,0,0,0,0,0
60364,1,1,1982,26,26,26,26,26,26,26,26,26,26
60364,2,1,1982,25,25,25,25,25,25,25,25,25,25
60365,0,1,1982,25,25,25,25,25,25,25,25,25,25
60365,1,1,1982,0,0,0,0,0,0,0,0,7,0
60366,1,3,1982,0,0,15,0,0,0,14,0,11,0
60366,2,1,1982,0,0,0,0,0,0,0,0,0,0
60367,1,1,1982,0,0,0,0,0,0,0,0,0,0
60367,2,1,1982,0,0,0,0,0,0,0,0,0,0
60368,1,1,1982,0,0,0,0,0,0,0,0,0,0
60369,1,1,1982,0,7,0,0,0,0,0,0,0,10
60369,2,1,1982,22,22,22,22,22,22,22,22,22,22
60370,1,1,1982,26,26,26,26,26,26,26,26,26,26
60371,1,1,1982,0,0,0,0,0,0,0,0,0,0
60372,1,1,1982,0,0,0,0,0,0,0,0,0,0
60372,2,1,1982,0,0,13,0,0,0,0,0,0,0
60372,3,1,1982,0,0,0,0,0,0,0,0,0,0
60373,1,1,1982,9,9,9,9,9,9,9,9,9,9
60373,2,1,1982,0,0,0,10,19,0,0,0,14,10
60374,1,1,1982,24,24,24,24,24,24,24,24,24,24
60375,0,1,1982,20,20,20,20,20,20,20,20,20,20
60375,1,1,1982,10,26,11,16,9,18,12,13,14,30
60376,0,1,1982,24,24,24,24,24,24,24,24,24,24
60376,1,1,1982,0,0,0,0,0,0,0,0,0,0
60377,1,1,1982,0,0,0,0,0,0,0,0,0,0
60377,2,1,1982,0,0,0,0,0,0,0,0,0,0
60378,1,1,1982,26,26,26,26,26,26,26,26,26,26
60379,1,1,1982,26,26,26,26,26,26,26,26,26,26
60380,0,1,1982,0,0,0,0,0,0,0,0,0,0
60380,1,1,1982,19,18,16,17,15,17,14,32,11,18
60381,1,1,1982,24,24,24,24,24,24,24,24,24,24
60382,0,1,1982,0,0,10,0,0,0,0,0,9,0
60382,1,1,1982,0,0,0,0,0,0,0,0,0,0
60383,1,1,1982,17,17,17,17,17,17,17,17,17,17
60384,0,1,1982,17,17,17,17,17,17,17,17,17,17
60384,1,1,1982,0,0,11,18,0,6,0,13,6,7
60384,2,1,1982,17,0,16,0,0,0,0,15,0,21
60384,3,1,1982,0,0,0,0,0,0,0,0,0,0
60385,1,1,1982,0,0,0,0,0,0,0,0,0,0
60386,1,1,1982,14,14,14,14,14,14,14,14,14,14
60387,1,1,1982,10,10,10,10,10,10,10,10,10,10
60388,1,1,1982,24,24,24,24,24,24,24,24,24,24
60389,1,1,1982,15,0,29,5,9,17,0,11,15,8
60390,0,2,1982,0,0,0,0,0,0,0,0,0,0
60390,1,1,1982,21,0,0,0,0,9,0,9,0,0
60391,1,2,1982,0,0,21,0,0,0,0,0,0,0
60392,0,1,1982,18,18,18,18,18,18,18,18,18,18
60392,1,1,1982,17,8,18,20,10,22,22,28,12,8
60393,1,1,1982,21,21,21,21,21,21,21,21,21,21
60394,0,1,1982,0,0,0,0,0,0,0,0,0,0
60394,1,1,1982,0,0,0,0,0,0,0,0,0,0
60395,1,1,1982,7,13,4,0,0,0,0,12,0,0
60395,2,1,1982,0,0,0,0,0,0,0,0,0,0
60395,3,1,1982,0,0,0,0,0,3,0,0,0,0
60396,1,1,1982,32,32,32,32,32,32,32,32,32,32
60397,1,1,1982,0,0,0,0,0,0,0,0,0,0
60397,2,1,1982,0,0,0,0,0,0,0,0,0,0
60397,3,1,1982,0,0,0,0,0,0,0,0,0,0
60398,1,1,1982,28,28,28,28,28,28,28,28,28,28
60399,1,1,1982,27,27,27,27,27,27,27,27,27,27
60400,1,1,1982,0,0,0,0,0,0,0,0,0,0
60401,1,1,1982,0,0,0,0,0,0,0,0,0,0
60401,2,1,1982,0,0,0,0,0,0,0,0,0,0
60402,1,1,1982,16,16,16,16,16,16,16,16,16,16
60403,1,1,1982,0,20,0,0,0,9,0,0,15,0
60403,2,1,1982,0,0,0,0,0,0,0,0,0,0
60404,1,1,1982,23,17,11,24,13,9,12,17,9,39
60405,1,1,1982,26,26,26,26,26,26,26,26,26,26
60405,2,1,1982,0,0,0,0,0,0,0,0,0,0
60407,0,1,1982,0,0,0,0,0,0,0,0,0,0
60407,1,1,1982,0,0,0,0,0,0,0,0,0,0
60408,0,1,1982,26,26,26,26,26,26,26,26,26,26
60408,1,1,1982,0,11,0,0,0,0,0,0,0,0
60409,1,1,1982,23,23,23,23,23,23,23,23,23,23
60409,2,1,1982,0,0,0,0,0,0,0,0,0,0
60410,1,1,1982,0,0,0,0,0,0,0,0,0,0
60411,1,1,1982,7,7,7,7,7,7,7,7,7,7
60411,2,1,1982,11,0,0,0,0,0,0,0,0,0
60412,1,1,1982,0,0,0,0,0,0,0,0,0,12
60413,0,1,1982,0,0,0,0,0,0,0,0,0,0
60413,1,1,1982,0,0,0,0,0,0,0,0,0,0
60414,1,1,1982,0,0,0,0,0,0,0,0,0,10
60414,2,1,1982,13,13,13,13,13,13,13,13,13,13
60415,0,1,1982,0,0,0,0,0,0,0,0,0,0
60416,1,1,1982,35,35,35,35,35,35,35,35,35,35
60416,2,1,1982,0,0,0,0,0,0,0,0,0,0
60417,1,1,1982,26,26,26,26,26,26,26,26,26,26
60418,1,1,1982,12,12,12,12,12,12,12,12,12,12
60418,2,1,1982,5,5,5,5,5,5,5,5,5,5
60419,1,1,1982,24,24,24,24,24,24,24,24,24,24
60420,1,1,1982,0,0,0,0,0,0,0,0,0,0
60421,1,1,1982,22,22,22,22,22,22,22,22,22,22
60422,1,1,1982,9,9,9,9,9,9,9,9,9,9
60422,2,1,1982,6,0,0,0,0,0,0,0,0,0
60423,1,1,1982,16,0,0,13,2,20,0,18,17,10
60423,2,1,1982,0,0,0,0,0,0,0,0,0,0
60424,0,1,1982,3,3,3,3,3,3,3,3,3,3
60424,0,2,1982,0,0,0,0,0,0,0,0,0,0
60424,1,1,1982,0,0,0,0,0,0,0,0,4,0
60425,0,1,1982,35,35,35,35,35,35,35,35,35,35
60425,1,1,1982,3,0,0,7,0,0,0,0,0,0
60426,0,1,1982,15,15,15,15,15,15,15,15,15,15
60426,1,1,1982,0,14,0,0,0,0,0,0,0,0
60427,2,1,1982,17,23,0,0,12,9,0,21,0,20
60428,1,1,1982,0,0,0,0,0,0,0,0,0,0
60429,1,1,1982,29,29,29,29,29,29,29,29,29,29
60430,1,1,1982,0,12,0,18,0,0,15,17,0,26
60431,0,1,1982,18,9,6,20,19,0,14,14,25,0
60431,1,1,1982,0,0,0,0,0,0,0,13,0,0
60432,0,1,1982,8,8,8,8,8,8,8,8,8,8
60432,1,1,1982,9,40,27,0,15,19,0,26,18,15
60433,0,1,1982,0,0,0,0,0,0,0,0,0,0
60433,0,2,1982,24,0,0,0,0,18,14,21,16,6
60433,0,3,1982,18,18,0,15,7,23,28,27,13,21
60433,1,1,1982,20,20,20,20,20,20,20,20,20,20
60434,1,1,1982,16,16,16,16,16,16,16,16,16,16
60435,1,1,1982,17,6,4,6,9,17,24,13,28,23
60436,1,1,1982,18,18,18,18,18,18,18,18,18,18
60437,0,1,1982,24,24,24,24,24,24,24,24,24,24
60437,1,1,1982,16,0,0,0,0,0,12,13,18,0
60438,1,1,1982,0,0,0,0,0,0,0,0,0,0
60438,2,1,1982,0,0,11,0,0,0,0,0,0,0
60439,1,1,1982,6,31,0,0,0,0,0,0,0,0
60440,1,1,1982,0,0,0,0,0,0,0,0,0,0
60441,1,1,1982,0,0,0,0,0,0,0,0,0,0
60442,0,1,1982,28,28,28,28,28,28,28,28,28,28
60442,1,1,1982,0,0,0,0,0,0,0,0,0,6
60443,1,1,1982,17,0,0,0,0,0,0,0,0,0
60443,2,1,1982,0,0,0,0,0,0,0,0,0,0
60444,1,1,1982,0,0,0,0,0,0,0,0,0,0
60444,2,1,1982,0,0,0,0,0,0,0,0,0,0
60445,1,1,1982,0,0,0,19,11,0,0,0,21,12
60445,2,1,1982,0,0,0,0,0,0,0,0,0,0
60446,1,1,1982,22,22,22,22,22,22,22,22,22,22
60447,1,1,1982,14,14,14,14,14,14,14,14,14,14
60448,1,1,1982,26,26,26,26,26,26,26,26,26,26
60449,1,1,1982,0,0,0,0,0,0,0,0,0,0
60449,2,1,1982,18,18,18,18,18,18,18,18,18,18
60450,1,1,1982,21,21,21,21,21,21,21,21,21,21
60451,1,1,1982,0,5,0,0,0,0,0,0,0,0
60451,2,1,1982,0,0,0,0,0,0,0,0,0,29
60452,0,1,1982,0,0,0,0,0,0,0,0,0,0
60452,1,1,1982,0,0,0,0,0,0,0,0,0,0
60453,1,1,1982,22,22,22,22,22,22,22,22,22,22
60453,2,1,1982,0,0,0,0,0,0,0,0,0,0
60454,1,1,1982,17,17,17,17,17,17,17,17,17,17
60455,1,1,1982,17,17,17,17,17,17,17,17,17,17
60455,2,1,1982,0,0,0,0,0,0,0,0,0,0
60455,3,1,1982,0,16,0,0,0,0,0,4,0,0
60456,1,1,1982,0,0,0,0,0,0,0,0,0,0
60456,2,1,1982,0,0,0,0,0,0,0,0,0,0
60457,1,1,1982,24,0,18,17,20,19,27,0,19,0
60458,1,1,1982,0,0,0,0,0,0,0,0,0,0
60458,2,1,1982,0,0,0,0,0,0,0,0,0,0
60458,3,1,1982,0,0,0,0,0,0,0,0,0,0
60458,4,1,1982,0,0,0,0,0,0,0,0,0,0
60459,1,1,1982,16,16,16,16,16,16,16,16,16,16
60459,2,1,1982,15,15,15,15,15,15,15,15,15,15
60460,0,1,1982,17,15,26,44,24,14,20,20,18,6
60460,0,2,1982,28,28,28,28,28,28,28,28,28,28
60460,0,3,1982,23,23,23,23,23,23,23,23,23,23
60460,1,1,1982,0,0,12,0,0,0,0,0,0,0
60462,1,1,1982,0,0,0,0,0,0,0,0,0,0
60462,2,1,1982,0,0,0,0,0,0,0,0,0,0
60463,1,1,1982,9,9,9,9,9,9,9,9,9,9
60463,2,1,1982,0,0,0,0,0,0,0,0,0,0
60464,0,1,1982,0,0,0,0,0,0,0,0,0,0
60464,1,1,1982,0,0,0,0,0,0,0,0,0,0
60465,1,1,1982,16,16,16,16,16,16,16,16,16,16
60466,0,1,1982,0,0,0,0,0,0,0,0,0,23
60466,1,1,1982,0,0,0,0,0,0,0,0,0,0
60467,1,1,1982,23,23,23,23,23,23,23,23,23,23
60468,1,1,1982,18,18,18,18,18,18,18,18,18,18
60469,1,1,1982,13,13,13,13,13,13,13,13,13,13
60469,2,1,1982,0,0,0,0,0,0,0,0,0,0
60470,1,1,1982,0,0,0,0,0,0,0,0,0,0
60471,1,1,1982,15,15,16,5,15,6,7,0,11,18
60472,1,1,1982,0,0,0,0,0,0,0,0,0,0
60472,2,1,1982,0,0,0,0,0,0,0,0,0,0
60473,0,1,1982,0,0,0,0,0,0,0,0,0,0
60473,1,1,1982,0,0,0,0,0,0,0,0,0,0
60474,1,1,1982,14,14,14,14,14,14,14,14,14,14
60474,2,1,1982,0,0,0,0,0,0,0,0,0,0
60475,0,1,1982,0,0,0,0,0,0,0,0,0,0
60475,1,1,1982,22,0,26,18,0,0,0,0,0,16
60476,0,1,1982,20,0,0,7,0,15,10,26,9,28
60476,1,1,1982,24,24,24,24,24,24,24,24,24,24
60477,1,1,1982,0,0,0,0,0,0,0,0,0,0
60478,1,1,1982,7,7,7,7,7,7,7,7,7,7
60479,1,1,1982,15,19,9,22,12,24,25,33,18,24
60479,2,1,1982,0,0,0,0,0,0,0,0,0,0
60479,3,1,1982,0,0,0,0,0,0,0,0,0,0
60480,1,1,1982,30,30,30,30,30,30,30,30,30,30
60481,1,1,1982,0,0,0,24,0,0,0,0,0,0
60481,2,1,1982,0,0,0,0,0,0,0,0,0,0
60482,0,1,1982,0,0,0,0,0,0,0,0,0,0
60482,1,1,1982,0,0,0,0,14,0,0,0,0,0
60483,1,1,1982,11,11,11,11,11,11,11,11,11,11
60484,1,1,1982,0,0,0,0,0,0,0,0,0,0
60485,1,1,1982,25,25,25,25,25,25,25,25,25,25
60486,1,1,1982,24,24,24,24,24,24,24,24,24,24
60486,2,1,1982,0,0,0,0,0,0,0,0,0,0
60487,1,1,1982,26,26,26,26,26,26,26,26,26,26
60487,2,1,1982,0,0,0,0,0,0,0,0,0,0
60487,3,1,1982,0,0,0,0,0,0,0,0,0,0
60488,1,1,1982,2,2,2,2,2,2,2,2,2,2
60488,2,1,1982,0,0,0,0,0,0,0,0,0,0
60489,1,1,1982,17,17,17,17,17,17,17,17,17,17
60489,2,1,1982,15,15,15,15,15,15,15,15,15,15
60489,3,1,1982,0,0,0,0,0,0,0,0,0,0
60490,1,1,1982,0,0,0,0,0,0,0,0,0,0
60491,1,1,1982,25,25,25,25,25,25,25,25,25,25
60492,1,1,1982,9,9,9,9,9,9,9,9,9,9
60492,2,1,1982,0,0,0,0,0,0,0,0,0,0
60493,1,1,1982,25,25,25,25,25,25,25,25,25,25
60494,1,1,1982,17,17,17,17,17,17,17,17,17,17
60495,1,1,1982,31,31,31,31,31,31,31,31,31,31
60496,1,1,1982,14,14,14,14,14,14,14,14,14,14
60497,0,1,1982,16,16,16,16,16,16,16,16,16,16
60497,1,1,1982,0,0,0,0,0,0,0,0,0,0
60498,1,2,1982,9,9,9,9,9,9,9,9,9,9
60499,0,1,1982,24,24,24,24,24,24,24,24,24,24
60499,1,1,1982,0,0,0,0,0,0,0,0,2,0
60500,0,1,1982,0,0,0,0,0,0,0,0,0,0
60500,1,1,1982,0,0,0,0,0,0,20,0,0,0
60501,1,1,1982,24,0,0,0,0,0,11,0,0,0
60501,2,1,1982,0,0,0,0,0,14,0,0,0,0
60502,1,1,1982,22,22,22,22,22,22,22,22,22,22
60503,0,1,1982,26,26,26,26,26,26,26,26,26,26
60503,1,1,1982,7,0,0,0,0,0,0,10,0,0
60504,1,4,1982,0,0,0,0,0,0,0,21,0,0
60505,1,1,1982,17,17,17,17,17,17,17,17,17,17
60506,1,1,1982,14,0,0,0,0,0,0,0,0,0
60507,0,1,1982,0,0,0,0,0,0,0,0,0,0
60507,1,1,1982,0,0,0,0,0,0,0,0,0,0
60508,0,1,1982,0,0,0,0,0,0,0,3,0,0
60508,1,1,1982,0,21,21,0,0,0,20,12,26,0
60509,0,1,1982,21,3,0,0,0,17,0,0,0,0
60509,1,1,1982,0,0,0,0,0,0,0,0,0,0
60510,0,1,1982,0,0,16,38,11,29,0,0,0,19
60510,1,1,1982,0,0,0,0,0,0,0,0,0,0
60511,1,1,1982,0,0,0,0,11,0,0,0,0,10
60511,2,1,1982,0,0,0,0,0,0,0,0,0,0
60512,0,1,1982,37,37,37,37,37,37,37,37,37,37
60512,1,1,1982,0,6,23,0,0,0,0,0,0,0
60513,1,1,1982,9,9,9,9,9,9,9,9,9,9
60514,1,1,1982,0,0,0,0,0,0,0,0,0,0
60514,2,1,1982,0,0,0,0,0,0,0,0,0,0
60515,0,1,1982,0,18,0,0,0,0,0,0,0,0
60515,1,1,1982,0,0,0,0,0,0,0,0,0,0
60516,1,1,1982,0,0,0,0,0,0,0,0,0,0
60516,2,1,1982,0,0,0,0,0,0,0,0,0,0
60517,0,1,1982,0,0,0,0,0,0,0,0,0,0
60517,1,1,1982,0,0,0,0,0,0,0,0,0,0
60518,1,1,1982,0,0,0,0,0,0,0,0,0,0
60518,2,1,1982,0,0,0,0,0,0,0,0,0,5
60519,1,1,1982,0,0,0,0,0,0,0,0,0,0
60519,2,1,1982,0,0,0,0,0,0,0,0,0,0
60520,0,1,1982,41,41,41,41,41,41,41,41,41,41
60520,1,1,1982,0,0,0,0,7,0,0,0,2,0
60520,2,1,1982,0,0,0,0,0,0,0,0,0,0
60521,1,1,1982,18,17,39,20,23,24,18,19,11,25
60522,0,1,1982,14,0,0,0,0,12,2,0,0,0
60522,1,1,1982,0,22,0,0,0,0,0,0,0,0
60523,0,1,1982,0,0,0,0,0,0,0,0,0,0
60523,1,1,1982,0,0,0,0,0,0,0,0,0,0
60524,1,1,1982,13,15,0,23,23,12,19,11,23,0
60525,0,1,1982,0,0,0,0,0,0,0,0,0,0
60525,1,1,1982,0,0,0,0,0,0,0,0,0,0
60526,1,1,1982,15,10,0,0,0,17,19,0,16,6
60526,2,1,1982,23,0,0,15,0,0,12,10,9,9
60526,3,1,1982,0,0,0,0,0,0,5,0,0,0
60527,1,1,1982,22,22,22,22,22,22,22,22,22,22
60527,2,1,1982,17,9,9,32,9,7,19,15,7,18
60528,0,1,1982,9,12,31,45,0,9,16,23,18,34
60528,1,1,1982,20,0,0,0,0,0,0,0,22,0
60529,1,1,1982,0,0,0,0,0,0,0,0,0,0
60529,2,1,1982,0,0,0,0,0,0,0,0,0,0
60530,1,1,1982,0,0,0,0,0,0,0,0,0,0
60530,2,1,1982,0,0,0,0,0,0,0,0,0,0
60531,0,1,1982,0,0,0,0,0,0,0,0,0,0
60531,1,1,1982,0,0,0,0,0,0,0,0,0,19
60532,0,1,1982,0,5,0,0,0,0,0,0,0,1
60532,1,1,1982,0,0,0,0,0,0,0,0,0,0
60533,0,1,1982,0,0,0,0,0,0,0,0,0,0
60533,1,1,1982,0,0,0,0,0,19,0,0,0,0
60534,0,1,1982,0,0,0,0,0,0,0,0,0,0
60534,0,2,1982,0,0,0,0,0,0,0,0,0,0
60534,1,1,1982,17,17,17,17,17,17,17,17,17,17
60535,1,1,1982,0,0,0,0,0,0,0,0,0,0
60536,1,1,1982,0,0,0,0,0,0,0,0,0,0
60536,2,1,1982,0,0,0,0,0,0,0,0,0,0
60537,1,1,1982,14,14,14,14,14,14,14,14,14,14
60538,0,1,1982,0,0,0,0,0,0,0,0,0,0
60538,1,1,1982,7,4,7,7,7,0,11,18,11,6
60539,1,1,1982,0,0,0,0,0,0,0,0,0,0
60539,2,1,1982,0,0,0,0,0,0,13,0,0,0
60540,1,1,1982,30,30,30,30,30,30,30,30,30,30
60541,0,1,1982,0,0,0,0,0,0,0,0,0,0
60541,1,1,1982,0,0,0,0,0,0,0,0,0,8
60542,1,1,1982,0,0,0,0,0,0,0,0,0,0
60543,0,1,1982,12,12,12,12,12,12,12,12,12,12
60543,1,1,1982,0,0,0,0,0,0,0,6,0,0
60544,1,1,1982,0,0,0,0,0,0,0,0,0,0
60544,2,1,1982,0,0,0,0,0,0,0,0,0,0
60545,0,1,1982,0,0,0,0,0,0,0,0,0,0
60545,1,1,1982,0,0,0,0,0,27,0,0,0,0
60546,1,1,1982,0,26,20,17,27,0,21,0,27,0
60547,0,1,1982,11,0,0,0,9,0,0,0,25,14
60547,1,1,1982,0,0,0,0,0,0,0,0,0,0
60548,1,1,1982,0,0,0,0,0,0,0,0,0,0
60548,2,1,1982,0,0,0,0,0,0,0,0,0,0
60549,1,1,1982,23,23,23,23,23,23,23,23,23,23
60549,2,1,1982,0,0,0,0,0,0,0,0,0,0
60550,1,1,1982,0,0,0,0,0,0,28,0,0,0
60550,2,1,1982,0,0,0,0,0,0,0,0,0,0
60551,1,1,1982,2,2,2,2,2,2,2,2,2,2
60552,1,1,1982,27,27,27,27,27,27,27,27,27,27
60553,1,1,1982,24,24,24,24,24,24,24,24,24,24