ST_CASE,VEH_NO,PER_NO,YEAR,P1,P2,P3,P4,P5,P6,P7,P8,P9,P10
60818,0,1,1982,0,0,0,0,0,0,0,0,0,0
60818,1,1,1982,0,0,0,0,0,0,0,0,0,0
60819,1,1,1982,0,10,0,0,0,0,0,0,0,0
60820,1,1,1982,9,9,9,9,9,9,9,9,9,9
60820,2,1,1982,0,0,0,0,0,0,0,0,0,0
60821,1,1,1982,25,25,25,25,25,25,25,25,25,25
60822,1,1,1982,0,0,25,0,8,0,0,15,16,0
60822,2,1,1982,0,0,8,0,11,0,0,0,21,0
60823,1,1,1982,12,12,12,12,12,12,12,12,12,12
60824,1,1,1982,25,39,24,12,21,25,15,24,11,18
60824,2,1,1982,11,11,11,11,11,11,11,11,11,11
60825,1,1,1982,0,0,0,0,0,0,0,0,0,0
60825,2,1,1982,16,16,16,16,16,16,16,16,16,16
60826,1,1,1982,21,21,21,21,21,21,21,21,21,21
60827,1,1,1982,14,0,0,0,7,0,21,14,20,5
60828,1,1,1982,0,0,0,0,0,0,0,0,0,0
60828,2,1,1982,0,0,0,0,0,0,0,6,0,0
60829,1,1,1982,24,24,24,24,24,24,24,24,24,24
60829,2,1,1982,0,12,12,7,19,0,14,0,6,0
60830,1,1,1982,10,10,10,10,10,10,10,10,10,10
60831,1,1,1982,15,15,15,15,15,15,15,15,15,15
60832,1,1,1982,0,0,0,0,0,0,0,0,0,0
60832,2,1,1982,0,0,0,0,0,20,0,0,0,0
60833,1,1,1982,0,0,0,0,0,0,0,0,0,0
60833,2,1,1982,0,0,0,0,0,0,0,0,0,0
60834,1,1,1982,0,0,0,0,0,0,0,0,0,0
60834,2,1,1982,0,0,0,0,0,0,0,0,0,0
60834,3,1,1982,0,0,0,0,0,0,0,0,0,0
60834,4,1,1982,0,0,0,0,0,0,0,0,0,0
60834,5,1,1982,0,10,0,0,0,0,0,0,0,0
60835,1,1,1982,0,0,0,0,0,0,0,0,37,0
60836,1,1,1982,0,0,0,0,0,0,0,0,0,0
60836,2,1,1982,0,0,0,0,0,0,0,0,0,0
60837,1,1,1982,0,0,0,0,0,0,0,0,0,0
60837,2,1,1982,0,0,0,0,0,0,0,0,0,0
60838,1,1,1982,0,0,0,8,0,0,12,0,0,0
60839,1,1,1982,11,11,11,11,11,11,11,11,11,11
60840,0,1,1982,0,0,0,0,0,0,0,0,0,0
60840,1,1,1982,0,0,0,0,0,17,0,0,0,0
60840,2,1,1982,0,0,0,0,0,0,0,0,0,0
60841,1,1,1982,0,0,0,0,0,0,16,0,0,0
60841,2,1,1982,0,0,0,0,0,0,0,0,0,0
60842,1,1,1982,25,25,25,25,25,25,25,25,25,25
60843,0,1,1982,0,20,22,17,0,0,17,33,0,29
60843,1,1,1982,26,0,0,0,19,14,9,16,16,7
60844,1,1,1982,19,19,19,19,19,19,19,19,19,19
60844,2,1,1982,0,0,0,0,0,0,0,0,0,0
60845,1,1,1982,0,0,0,0,0,0,0,0,0,0
60846,1,1,1982,0,0,0,0,0,0,0,0,0,0
60847,1,1,1982,22,22,22,22,22,22,22,22,22,22
60848,1,1,1982,10,11,19,19,26,12,21,12,3,6
60848,2,1,1982,6,6,6,6,6,6,6,6,6,6
60849,1,1,1982,0,0,0,0,0,0,0,0,0,0
60850,1,1,1982,17,17,17,17,17,17,17,17,17,17
60851,1,1,1982,0,0,0,0,0,0,0,0,0,0
60851,2,1,1982,0,0,0,0,0,0,0,20,0,0
60851,3,1,1982,13,21,18,13,24,17,17,15,10,11
60852,1,1,1982,16,16,16,16,16,16,16,16,16,16
60853,1,1,1982,4,4,4,4,4,4,4,4,4,4
60853,2,1,1982,0,0,0,0,0,0,0,0,0,0
60853,3,1,1982,0,0,0,0,0,0,0,0,0,0
60854,1,1,1982,0,0,0,0,0,0,0,0,0,0
60854,2,1,1982,0,0,0,0,0,0,0,0,23,0
60855,1,1,1982,0,0,0,0,0,0,0,0,0,0
60855,2,1,1982,0,0,0,0,0,0,0,0,0,0
60856,1,1,1982,0,0,0,7,0,0,0,0,21,0
60857,0,1,1982,0,0,0,0,0,0,0,0,0,0
60857,0,2,1982,0,0,0,0,0,0,0,0,0,0
60857,0,3,1982,0,0,0,0,0,0,0,0,0,0
60857,0,4,1982,0,0,0,0,0,0,0,0,0,0
60857,0,5,1982,0,0,0,0,0,0,0,0,0,0
60857,0,6,1982,0,0,0,0,0,0,0,0,0,10
60857,1,1,1982,0,0,0,0,0,0,0,0,0,0
60858,1,1,1982,26,26,26,26,26,26,26,26,26,26
60859,1,1,1982,14,14,14,14,14,14,14,14,14,14
60860,1,1,1982,20,20,20,20,20,20,20,20,20,20
60861,1,1,1982,0,0,0,0,0,0,0,0,0,0
60863,1,1,1982,26,26,26,26,26,26,26,26,26,26
60864,0,1,1982,32,32,32,32,32,32,32,32,32,32
60864,1,1,1982,0,0,0,0,0,0,0,0,15,0
60865,1,1,1982,14,14,14,14,14,14,14,14,14,14
60866,1,1,1982,17,17,17,17,17,17,17,17,17,17
60866,2,1,1982,0,10,0,10,0,0,0,0,0,0
60867,1,1,1982,0,0,0,0,0,0,0,0,0,0
60868,1,1,1982,0,0,17,0,0,0,18,0,0,24
60868,2,1,1982,0,0,0,0,0,0,0,0,0,0
60869,1,1,1982,5,5,5,5,5,5,5,5,5,5
60869,2,1,1982,0,0,0,0,4,0,0,0,0,0
60870,1,1,1982,0,0,0,0,0,0,0,0,0,0
60870,2,1,1982,0,0,0,0,0,0,0,0,0,0
60871,0,1,1982,0,0,0,0,0,0,0,0,0,0
60871,1,1,1982,0,0,20,23,26,0,22,18,13,7
60872,1,1,1982,9,9,9,9,9,9,9,9,9,9
60872,2,1,1982,0,0,0,0,0,0,0,0,0,0
60873,1,1,1982,15,15,15,15,15,15,15,15,15,15
60874,1,1,1982,26,17,18,15,12,5,19,8,10,5
60875,1,1,1982,0,0,0,0,0,0,0,0,0,0
60875,2,1,1982,0,0,0,0,0,0,0,0,0,0
60876,1,1,1982,0,33,0,12,13,0,0,0,10,0
60876,2,1,1982,0,0,0,0,0,0,0,0,0,0
60877,1,1,1982,0,0,0,0,19,0,0,0,0,0
60877,2,1,1982,25,34,0,0,16,0,0,0,19,20
60878,1,1,1982,20,20,20,20,20,20,20,20,20,20
60879,1,1,1982,0,0,0,0,0,0,0,0,0,22
60880,0,1,1982,0,0,0,0,0,0,0,0,0,0
60880,1,1,1982,0,0,0,0,0,0,0,0,0,0
60881,0,1,1982,0,0,0,0,0,0,0,0,0,0
60881,0,2,1982,0,0,0,0,0,0,0,0,0,0
60881,1,1,1982,6,0,0,0,0,0,0,0,0,0
60882,0,1,1982,0,0,0,0,0,0,0,0,0,0
60882,0,2,1982,0,0,0,0,0,0,0,28,0,0
60882,1,1,1982,0,0,0,0,0,0,0,0,0,0
60883,1,1,1982,20,20,20,20,20,20,20,20,20,20
60883,2,1,1982,10,0,0,0,0,0,0,0,7,0
60883,3,1,1982,0,0,0,0,0,0,0,0,0,0
60884,1,1,1982,12,12,12,12,12,12,12,12,12,12
60885,1,1,1982,11,11,11,11,11,11,11,11,11,11
60886,1,1,1982,15,15,15,15,15,15,15,15,15,15
60887,1,1,1982,0,0,0,0,0,0,0,0,0,0
60887,2,1,1982,0,0,0,0,0,0,0,0,0,0
60888,0,1,1982,31,31,31,31,31,31,31,31,31,31
60888,1,1,1982,0,0,0,0,0,13,0,0,0,0
60889,1,1,1982,14,14,14,14,14,14,14,14,14,14
60890,1,1,1982,10,10,10,10,10,10,10,10,10,10
60891,0,1,1982,13,13,13,13,13,13,13,13,13,13
60891,1,1,1982,34,0,15,37,0,11,0,0,0,12
60892,1,1,1982,3,3,3,3,3,3,3,3,3,3
60893,0,1,1982,17,0,16,11,0,0,0,33,26,0
60893,1,1,1982,17,17,17,17,17,17,17,17,17,17
60894,0,1,1982,0,0,0,0,0,0,0,0,0,0
60894,1,1,1982,0,0,0,0,0,0,0,0,0,0
60895,1,1,1982,69,69,69,69,69,69,69,69,69,69
60896,1,1,1982,17,17,17,17,17,17,17,17,17,17
60896,2,5,1982,0,0,0,0,0,0,0,0,0,0
60897,1,1,1982,0,0,0,0,0,0,0,0,0,0
60897,2,1,1982,0,0,0,0,0,0,0,0,0,0
60898,1,1,1982,25,25,25,25,25,25,25,25,25,25
60899,0,1,1982,0,0,0,0,0,0,0,0,0,0
60899,1,1,1982,0,0,0,0,0,0,0,0,0,0
60900,1,1,1982,0,0,0,0,0,0,0,0,0,0
60900,2,1,1982,0,0,0,0,0,0,0,0,0,0
60901,1,2,1982,16,16,16,16,16,16,16,16,16,16
60902,1,1,1982,4,4,4,4,4,4,4,4,4,4
60903,1,1,1982,18,18,18,18,18,18,18,18,18,18
60904,0,1,1982,21,7,19,12,7,15,22,11,33,25
60904,1,1,1982,0,0,0,0,0,0,0,0,4,0
60905,1,1,1982,16,16,16,16,16,16,16,16,16,16
60905,2,1,1982,3,0,0,0,0,0,0,0,0,0
60906,1,1,1982,16,16,16,16,16,16,16,16,16,16
60907,1,1,1982,21,21,21,21,21,21,21,21,21,21
60907,2,1,1982,0,0,0,0,0,0,0,0,0,0
60908,0,1,1982,0,0,0,0,0,0,0,0,0,0
60908,1,1,1982,0,0,0,0,0,0,0,0,0,0
60909,0,1,1982,29,29,29,29,29,29,29,29,29,29
60909,1,1,1982,17,6,15,9,16,16,18,30,24,13
60910,0,1,1982,1,1,1,1,1,1,1,1,1,1
60910,1,1,1982,0,0,0,0,0,0,0,0,0,0
60911,1,1,1982,19,19,19,19,19,19,19,19,19,19
60911,2,1,1982,2,2,2,2,2,2,2,2,2,2
60912,1,1,1982,10,10,10,10,10,10,10,10,10,10
60913,1,1,1982,0,0,0,0,0,0,0,0,0,0
60913,2,1,1982,19,19,19,19,19,19,19,19,19,19
60914,1,1,1982,18,18,18,18,18,18,18,18,18,18
60915,1,1,1982,19,19,19,19,19,19,19,19,19,19
60916,1,1,1982,9,9,9,9,9,9,9,9,9,9
60917,1,1,1982,0,0,0,0,0,0,0,0,0,0
60918,0,1,1982,0,0,0,0,0,0,0,0,0,0
60918,1,1,1982,0,0,0,0,0,0,0,0,0,0
60919,1,1,1982,25,25,25,25,25,25,25,25,25,25
60920,1,1,1982,0,0,0,0,12,0,0,0,0,0
60921,1,1,1982,0,0,0,0,0,0,0,0,0,0
60921,2,1,1982,0,0,0,0,0,0,6,0,0,0
60922,0,1,1982,11,19,13,0,0,42,31,17,0,15
60922,1,1,1982,0,0,0,18,0,0,0,0,0,0
60923,0,1,1982,10,0,0,18,21,14,27,5,0,14
60923,1,1,1982,13,0,16,0,0,9,34,4,0,0
60924,1,1,1982,0,0,0,0,0,0,0,0,0,0
60924,2,1,1982,22,22,22,22,22,22,22,22,22,22
60925,1,1,1982,0,0,0,0,0,0,0,0,13,0
60925,2,1,1982,0,0,0,0,0,0,0,0,0,0
60926,1,1,1982,16,16,16,16,16,16,16,16,16,16
60927,0,1,1982,23,23,23,23,23,23,23,23,23,23
60927,1,1,1982,0,0,0,0,0,0,22,0,0,0
60928,1,1,1982,0,0,0,0,18,0,0,0,0,0
60928,2,1,1982,27,27,27,27,27,27,27,27,27,27
60929,1,1,1982,12,12,12,12,12,12,12,12,12,12
60930,1,1,1982,20,20,20,20,20,20,20,20,20,20
60930,2,1,1982,0,0,0,0,0,0,0,0,0,0
60930,3,1,1982,0,0,0,0,0,0,0,0,0,0
60931,1,1,1982,21,21,21,21,21,21,21,21,21,21
60931,2,1,1982,2,2,2,2,2,2,2,2,2,2
60932,1,1,1982,19,19,19,19,19,19,19,19,19,19
60933,1,1,1982,0,0,0,0,0,3,0,0,0,0
60933,2,1,1982,0,0,3,0,0,0,0,13,0,0
60934,1,1,1982,0,0,29,8,2,16,0,0,18,8
60934,2,1,1982,8,0,9,0,6,0,0,0,19,8
60935,1,1,1982,0,0,0,0,0,0,0,0,0,0
60935,2,1,1982,0,0,0,0,0,0,0,0,0,0
60936,1,1,1982,24,24,24,24,24,24,24,24,24,24
60936,2,1,1982,0,0,0,0,0,0,18,0,0,0
60937,0,1,1982,22,25,0,0,16,0,15,17,0,27
60937,1,1,1982,25,1,11,10,12,0,14,18,0,9
60938,1,1,1982,9,9,9,9,9,9,9,9,9,9
60938,2,1,1982,0,0,0,0,0,0,0,0,0,0
60939,1,1,1982,0,0,0,0,0,0,0,0,0,0
60940,1,1,1982,0,0,0,0,0,0,0,0,0,0
60941,1,1,1982,18,18,18,18,18,18,18,18,18,18
60942,1,1,1982,31,31,31,31,31,31,31,31,31,31
60943,1,1,1982,12,12,12,12,12,12,12,12,12,12
60943,2,1,1982,0,0,0,0,0,0,0,0,0,0
60944,1,1,1982,0,0,0,0,0,0,0,0,0,0
60944,2,1,1982,0,18,0,0,0,0,0,0,0,0
60945,0,1,1982,0,0,0,0,0,0,0,0,0,0
60945,1,1,1982,0,0,26,30,0,11,26,15,18,19
60946,1,1,1982,17,17,17,17,17,17,17,17,17,17
60947,1,1,1982,0,0,0,0,0,0,0,0,0,0
60948,1,1,1982,15,15,15,15,15,15,15,15,15,15
60949,0,1,1982,0,0,0,0,0,0,0,0,0,0
60949,1,1,1982,0,0,0,0,0,0,0,0,0,0
60950,1,1,1982,21,21,21,21,21,21,21,21,21,21
60950,2,1,1982,3,0,0,0,0,0,0,0,14,0
60951,1,1,1982,17,17,17,17,17,17,17,17,17,17
60951,2,1,1982,0,0,0,0,0,0,0,0,0,0
60952,1,1,1982,0,0,0,0,0,0,0,0,0,0
60952,2,1,1982,0,0,0,0,0,0,0,0,0,0
60953,0,1,1982,29,17,0,0,28,18,5,24,0,0
60953,1,1,1982,12,17,20,0,24,6,9,4,0,11
60954,1,1,1982,28,28,28,28,28,28,28,28,28,28
60954,2,1,1982,0,0,0,0,0,0,0,0,0,0
60955,1,1,1982,0,0,0,0,0,0,0,0,0,0
60956,0,1,1982,24,24,24,24,24,24,24,24,24,24
60956,1,1,1982,0,17,16,12,15,0,0,0,0,30
60957,1,1,1982,0,0,0,0,0,0,0,0,0,0
60958,1,1,1982,19,19,19,19,19,19,19,19,19,19
60958,2,1,1982,0,0,11,0,0,0,0,0,0,0
60959,1,1,1982,31,4,14,22,19,11,20,6,23,21
60960,1,1,1982,24,24,24,24,24,24,24,24,24,24
60961,1,1,1982,0,0,0,0,0,0,0,0,0,0
60962,1,1,1982,22,22,22,22,22,22,22,22,22,22
60963,1,1,1982,0,0,0,9,0,0,0,0,0,0
60963,2,1,1982,0,0,3,0,0,0,0,0,0,0
60964,1,1,1982,0,0,0,0,0,0,0,0,0,0
60964,2,1,1982,0,0,0,0,0,0,0,0,0,0
60965,1,1,1982,10,32,13,10,19,9,21,10,20,20
60966,1,1,1982,21,21,21,21,21,21,21,21,21,21
60967,1,1,1982,16,16,16,16,16,16,16,16,16,16
60968,1,1,1982,19,19,19,19,19,19,19,19,19,19
60968,3,1,1982,0,0,0,0,0,0,0,18,0,0
60969,1,1,1982,16,16,16,16,16,16,16,16,16,16
60969,2,1,1982,0,0,0,0,0,27,5,0,0,0
60970,1,1,1982,31,31,31,31,31,31,31,31,31,31
60971,0,1,1982,19,19,19,19,19,19,19,19,19,19
60971,1,1,1982,0,0,0,0,0,0,7,0,0,0
60972,1,1,1982,21,21,21,21,21,21,21,21,21,21
60972,2,1,1982,0,0,0,0,0,0,0,0,0,0
60973,1,1,1982,0,0,0,0,0,0,0,0,0,0
60973,2,1,1982,0,0,0,0,0,0,0,0,0,0
60973,3,1,1982,0,0,0,0,0,0,0,0,0,0
60974,0,1,1982,35,35,35,35,35,35,35,35,35,35
60974,1,1,1982,0,0,0,0,0,0,0,0,0,0
60975,0,1,1982,0,0,0,0,0,0,0,0,0,0
60975,1,1,1982,9,26,18,15,0,25,0,0,7,0
60976,1,1,1982,5,5,5,5,5,5,5,5,5,5
60976,2,1,1982,0,0,0,0,0,0,0,0,0,0
60977,0,1,1982,10,21,21,0,29,19,0,0,0,0
60977,1,1,1982,22,9,0,0,18,0,26,0,8,14
60978,1,1,1982,14,14,14,14,14,14,14,14,14,14
60979,1,1,1982,21,21,21,21,21,21,21,21,21,21
60980,1,1,1982,0,0,0,0,0,0,0,0,0,0
60980,2,1,1982,0,0,0,0,0,0,0,0,0,0
60980,3,1,1982,0,0,0,0,0,0,0,0,0,0
60981,1,1,1982,0,0,0,0,0,0,0,0,0,0
60981,2,1,1982,0,0,0,0,0,0,0,0,0,0
60982,1,1,1982,0,0,0,0,0,0,0,0,0,0
60982,2,1,1982,0,0,0,0,0,0,0,0,0,0
60983,1,1,1982,0,0,0,0,0,0,0,0,0,0
60983,2,1,1982,0,0,0,0,0,0,0,0,0,0
60984,0,1,1982,12,12,12,12,12,12,12,12,12,12
60984,1,1,1982,8,0,0,21,0,0,14,14,0,0
60985,1,1,1982,15,15,15,15,15,15,15,15,15,15
60985,2,1,1982,0,0,0,0,0,0,0,0,0,0
60986,1,1,1982,21,21,21,21,21,21,21,21,21,21
60987,1,1,1982,12,12,12,12,12,12,12,12,12,12
60987,2,1,1982,0,0,0,0,0,0,0,0,0,0
60987,3,1,1982,0,0,0,0,0,0,0,0,0,0
60988,1,3,1982,12,12,12,12,12,12,12,12,12,12
60989,0,1,1982,24,24,24,24,24,24,24,24,24,24
60989,1,1,1982,0,0,0,0,21,0,0,16,0,11
60990,1,1,1982,11,11,11,11,11,11,11,11,11,11
60991,1,1,1982,0,0,0,0,0,0,0,0,0,0
60991,2,1,1982,0,0,0,0,0,0,0,0,0,0
60992,1,1,1982,8,8,8,8,8,8,8,8,8,8
60993,1,1,1982,16,16,16,16,16,16,16,16,16,16
60994,0,1,1982,0,0,0,0,0,0,0,0,0,0
60994,1,1,1982,0,22,21,0,10,0,0,0,0,5
60995,1,1,1982,21,21,21,21,21,21,21,21,21,21
60995,2,1,1982,0,0,3,0,25,0,0,0,0,0
60996,1,1,1982,4,4,4,4,4,4,4,4,4,4
60997,1,1,1982,0,0,0,0,0,0,0,0,15,0
60997,2,1,1982,24,24,24,24,24,24,24,24,24,24
60998,1,1,1982,11,12,16,14,14,15,22,19,31,33
60999,1,1,1982,8,8,8,8,8,8,8,8,8,8
61000,1,1,1982,11,11,11,11,11,11,11,11,11,11
61000,2,1,1982,0,0,0,0,19,0,0,0,0,0
61001,1,1,1982,0,0,0,0,13,0,0,0,0,0
61001,2,1,1982,0,0,0,0,0,0,0,0,0,0
61002,1,1,1982,38,38,38,38,38,38,38,38,38,38
61003,1,1,1982,0,0,0,0,0,0,0,0,0,0
61004,1,1,1982,0,0,0,0,0,0,0,0,0,0
61004,2,1,1982,0,0,0,0,0,0,0,0,0,0
61005,1,1,1982,0,0,0,0,0,0,0,0,0,0
61006,0,1,1982,0,0,0,0,0,0,0,0,0,0
61006,1,1,1982,0,0,0,0,0,0,0,0,0,0
61007,0,1,1982,0,0,0,0,0,0,0,0,0,0
61007,1,1,1982,0,0,0,0,0,0,0,0,0,12
61008,1,1,1982,0,2,0,0,0,17,0,13,12,0
61008,2,1,1982,10,10,10,10,10,10,10,10,10,10
61009,1,1,1982,17,17,8,29,27,9,21,2,0,23
61009,2,1,1982,0,0,0,0,0,0,0,0,0,0
61010,1,1,1982,30,30,30,30,30,30,30,30,30,30
61011,1,1,1982,0,11,0,0,0,0,0,0,0,0
61011,2,1,1982,0,0,0,0,0,0,0,0,0,0
61012,0,1,1982,0,0,0,0,0,0,0,0,0,0
61012,1,1,1982,0,0,0,0,0,0,0,0,0,0
61013,0,1,1982,0,0,0,0,0,0,0,0,0,0
61013,1,1,1982,12,12,12,12,12,12,12,12,12,12
61014,1,1,1982,14,16,17,13,0,0,12,26,5,0
61015,0,1,1982,0,0,0,0,0,0,0,0,0,0
61015,1,1,1982,0,0,0,0,0,0,0,0,0,0
61016,1,1,1982,16,16,16,16,16,16,16,16,16,16
61017,1,1,1982,17,17,17,17,17,17,17,17,17,17
61018,1,1,1982,22,22,22,22,22,22,22,22,22,22
61018,2,2,1982,0,0,0,0,0,0,0,0,0,0
61019,1,1,1982,0,0,0,0,0,0,0,0,0,0
61020,1,1,1982,25,25,25,25,25,25,25,25,25,25
61020,2,1,1982,0,0,0,0,0,0,0,0,0,0
61021,1,1,1982,23,23,23,23,23,23,23,23,23,23
61021,2,1,1982,0,0,0,0,0,0,0,0,0,0
61021,3,1,1982,0,0,0,0,0,0,0,0,0,0
61021,4,1,1982,0,0,0,0,0,0,0,0,9,0
61022,1,2,1982,0,0,0,0,0,0,9,0,23,0
61023,1,1,1982,13,13,13,13,13,13,13,13,13,13
61024,1,1,1982,0,0,0,0,0,0,0,0,0,0
61025,1,1,1982,0,0,0,0,0,0,0,0,0,0
61025,2,1,1982,0,0,0,0,0,0,0,0,0,0
61026,1,1,1982,29,29,29,29,29,29,29,29,29,29
61026,2,1,1982,24,24,24,24,24,24,24,24,24,24
61027,1,1,1982,19,19,19,19,19,19,19,19,19,19
61028,0,1,1982,0,0,0,0,0,0,0,0,0,0
61028,1,1,1982,0,0,0,0,0,0,0,0,0,0
61029,1,1,1982,0,0,0,0,0,0,0,0,0,0
61029,2,1,1982,0,0,0,0,0,0,0,0,0,0
61030,1,1,1982,13,13,13,13,13,13,13,13,13,13
61030,2,1,1982,0,0,0,0,0,0,0,0,0,0
61031,1,1,1982,0,0,0,0,0,0,0,0,0,0
61031,2,1,1982,0,0,0,0,0,0,0,0,0,0
61032,0,1,1982,2,2,2,2,2,2,2,2,2,2
61032,1,1,1982,0,0,0,0,0,0,0,0,0,0
61033,1,1,1982,4,4,4,4,4,4,4,4,4,4
61033,2,1,1982,0,0,0,0,0,0,0,0,0,0
61033,3,1,1982,0,0,0,0,0,0,0,2,0,0
61034,1,1,1982,19,19,19,19,19,19,19,19,19,19
61035,1,1,1982,12,12,12,12,12,12,12,12,12,12
61035,2,1,1982,0,0,0,0,0,0,0,0,0,0
61036,1,1,1982,0,0,0,0,0,0,0,0,0,0
61037,1,1,1982,0,0,0,0,0,0,0,0,0,0
61038,1,1,1982,0,0,0,0,0,0,0,0,0,0
61039,1,1,1982,0,0,0,0,0,0,0,0,0,0
61039,2,1,1982,0,0,0,0,0,17,0,0,0,0
61040,1,1,1982,2,2,2,2,2,2,2,2,2,2
61041,0,2,1982,0,0,0,0,0,0,0,0,0,0
61041,1,1,1982,10,10,10,10,10,10,10,10,10,10
61042,1,1,1982,0,0,0,0,0,0,0,0,0,0
61042,2,1,1982,7,7,7,7,7,7,7,7,7,7
61043,1,1,1982,31,0,0,0,0,0,0,0,0,0
61043,2,1,1982,6,6,6,6,6,6,6,6,6,6
61044,1,1,1982,24,24,24,24,24,24,24,24,24,24
61045,1,1,1982,9,9,9,9,9,9,9,9,9,9
61046,1,1,1982,27,27,27,27,27,27,27,27,27,27
61046,2,1,1982,0,0,0,0,0,0,0,0,0,0
61047,1,1,1982,0,0,0,0,0,0,0,0,0,0
61048,1,1,1982,29,29,29,29,29,29,29,29,29,29
61048,2,1,1982,25,25,25,25,25,25,25,25,25,25
61049,1,1,1982,0,0,0,0,0,0,0,0,0,0
61050,1,1,1982,0,0,0,0,0,0,0,0,0,0
61050,2,1,1982,0,0,0,0,0,0,0,0,0,0
61051,1,1,1982,26,26,26,26,26,26,26,26,26,26
61052,0,1,1982,0,0,0,0,0,0,0,0,0,0
61052,1,1,1982,0,0,0,0,0,0,0,0,0,0
61053,0,1,1982,0,0,0,0,0,0,0,0,0,0
61053,1,1,1982,0,0,0,0,0,0,0,0,0,0
61054,0,1,1982,0,0,0,0,0,0,0,0,0,0
61054,1,1,1982,0,0,0,0,0,0,0,0,0,0
61055,1,1,1982,0,0,0,0,0,0,0,0,0,0
61055,2,1,1982,0,0,0,0,0,0,0,0,0,0
61056,1,1,1982,11,11,11,11,11,11,11,11,11,11
61056,2,1,1982,0,0,0,4,4,0,0,13,0,12
61057,1,1,1982,0,0,0,0,0,0,0,0,0,0
61058,1,1,1982,12,12,12,12,12,12,12,12,12,12
61059,0,1,1982,0,0,0,0,0,0,0,0,0,0
61059,1,1,1982,0,0,0,0,0,0,0,0,0,0
61060,1,1,1982,10,0,0,0,18,27,13,14,24,11
61060,2,1,1982,0,0,0,0,0,0,0,0,0,0
61061,1,1,1982,0,22,0,0,0,0,0,13,0,0
61061,2,1,1982,0,0,22,0,22,0,12,0,0,10
61062,1,2,1982,0,0,0,0,0,0,0,0,0,0
61063,1,1,1982,18,18,18,18,18,18,18,18,18,18
61064,0,1,1982,9,27,18,0,0,8,0,0,0,0
61064,1,1,1982,0,0,0,0,0,0,0,0,0,0
61065,1,1,1982,0,0,0,0,0,0,0,0,0,0
61065,2,1,1982,0,0,0,0,0,0,0,0,0,0
61066,1,1,1982,20,20,20,20,20,20,20,20,20,20
61067,1,1,1982,12,12,12,12,12,12,12,12,12,12
61068,1,1,1982,12,12,12,12,12,12,12,12,12,12
61069,1,1,1982,0,0,0,0,0,0,0,0,0,0
61070,1,1,1982,20,20,20,20,20,20,20,20,20,20
61071,1,1,1982,7,7,7,7,7,7,7,7,7,7
61072,1,1,1982,21,21,21,21,21,21,21,21,21,21
61072,2,1,1982,16,16,16,16,16,16,16,16,16,16
61073,1,1,1982,0,0,0,0,0,0,0,0,0,0
61073,2,1,1982,0,12,0,0,0,0,15,0,0,0
61074,0,1,1982,0,0,0,0,0,0,0,0,0,0
61074,1,1,1982,15,21,0,0,0,10,0,0,22,18
61074,2,1,1982,0,0,13,0,0,0,0,0,0,0
61075,1,1,1982,17,17,17,17,17,17,17,17,17,17
61075,2,1,1982,0,0,0,0,0,0,0,0,0,0
61075,3,1,1982,0,0,0,0,0,5,0,0,0,0
61076,1,1,1982,24,24,24,24,24,24,24,24,24,24
61077,1,1,1982,21,21,21,21,21,21,21,21,21,21
61077,2,1,1982,0,0,0,0,0,0,0,0,0,0
61078,1,1,1982,17,21,11,29,14,19,13,27,25,31
61079,1,1,1982,0,0,0,0,0,0,0,0,0,0
61079,2,1,1982,0,8,10,0,0,0,0,0,0,0
61080,1,1,1982,0,0,0,0,0,0,0,0,0,0
61080,2,1,1982,0,0,0,0,0,0,0,0,11,0
61080,3,1,1982,0,0,0,0,0,0,0,0,0,0
61081,1,1,1982,36,36,36,36,36,36,36,36,36,36
61081,2,1,1982,0,0,0,0,0,0,0,0,0,0
61082,1,1,1982,20,20,20,20,20,20,20,20,20,20
61083,1,1,1982,0,0,0,0,0,0,0,0,0,0
61083,2,1,1982,0,0,0,0,0,0,0,0,6,0
61083,3,1,1982,0,0,0,12,12,0,10,0,0,0
61084,1,1,1982,0,0,0,0,0,0,0,0,0,0
61084,2,1,1982,7,7,7,7,7,7,7,7,7,7
61085,1,1,1982,21,21,21,21,21,21,21,21,21,21
61086,1,1,1982,19,19,19,19,19,19,19,19,19,19
61087,1,1,1982,0,0,0,0,0,0,0,3,0,0
61088,0,1,1982,36,36,36,36,36,36,36,36,36,36
61088,1,1,1982,0,0,25,0,20,17,7,0,7,4
61089,1,1,1982,0,0,0,0,0,0,0,0,0,0
61089,2,1,1982,0,0,0,0,0,0,0,0,0,0
61090,1,1,1982,0,0,0,0,0,0,0,0,0,0
61091,1,1,1982,15,0,0,0,0,0,7,0,0,0
61091,2,1,1982,0,0,0,0,0,0,0,0,0,0
61092,1,1,1982,27,27,27,27,27,27,27,27,27,27
61093,1,1,1982,0,0,0,0,0,0,0,0,0,0
61093,2,1,1982,0,9,0,0,0,0,0,0,0,0
61093,3,1,1982,0,0,0,0,0,0,0,0,0,0