ST_CASE,VEH_NO,PER_NO,YEAR,P1,P2,P3,P4,P5,P6,P7,P8,P9,P10
61093,4,1,1982,0,0,0,0,0,0,0,0,0,0
61093,5,1,1982,0,0,0,0,0,0,0,0,0,0
61093,6,1,1982,0,0,0,0,0,0,0,0,0,0
61093,7,1,1982,0,0,0,0,0,0,0,0,0,0
61093,8,1,1982,0,0,0,0,0,0,0,0,0,0
61093,9,1,1982,0,0,0,0,0,0,0,0,0,0
61094,0,1,1982,19,19,19,19,19,19,19,19,19,19
61094,1,1,1982,19,0,19,31,10,20,0,17,0,0
61095,1,1,1982,18,18,18,18,18,18,18,18,18,18
61096,1,1,1982,31,31,31,31,31,31,31,31,31,31
61097,1,1,1982,0,0,0,0,0,0,0,0,0,0
61097,2,1,1982,16,12,0,9,0,17,9,0,38,19
61098,1,1,1982,0,0,0,0,0,0,0,0,0,0
61099,1,1,1982,0,0,0,0,0,0,0,0,0,0
61100,1,1,1982,0,0,0,0,0,0,0,0,0,0
61100,2,1,1982,0,0,0,0,0,0,0,0,0,0
61101,1,1,1982,16,23,25,23,15,12,20,18,13,20
61102,1,1,1982,0,0,0,0,0,0,0,0,0,0
61102,2,1,1982,0,0,0,0,0,6,0,0,0,0
61102,3,1,1982,0,3,0,0,0,0,0,0,0,0
61103,1,1,1982,20,20,20,20,20,20,20,20,20,20
61104,1,1,1982,5,5,5,5,5,5,5,5,5,5
61104,2,1,1982,0,0,0,0,0,17,10,0,0,0
61105,1,1,1982,0,0,0,0,0,0,0,0,0,0
61105,2,1,1982,0,0,0,0,0,0,0,0,0,0
61106,1,1,1982,27,27,27,27,27,27,27,27,27,27
61106,2,1,1982,0,0,0,0,0,0,0,0,0,0
61107,1,1,1982,0,0,0,0,6,0,0,0,0,0
61107,2,1,1982,0,0,0,0,0,0,0,0,0,0
61108,1,1,1982,22,22,22,22,22,22,22,22,22,22
61109,1,1,1982,0,25,0,0,0,0,0,21,0,8
61109,2,1,1982,0,0,0,0,0,0,0,0,0,0
61110,1,1,1982,10,10,10,10,10,10,10,10,10,10
61110,2,1,1982,8,8,8,8,8,8,8,8,8,8
61111,1,1,1982,21,21,21,21,21,21,21,21,21,21
61112,1,1,1982,0,0,0,0,0,0,0,0,0,0
61113,0,1,1982,0,0,0,0,0,0,0,0,0,0
61113,1,1,1982,0,0,0,0,0,0,0,0,0,0
61114,1,1,1982,22,22,22,22,22,22,22,22,22,22
61115,1,1,1982,0,0,0,0,0,0,0,0,0,0
61115,2,1,1982,0,0,0,0,0,0,0,0,0,0
61115,3,1,1982,0,0,0,0,0,0,0,0,0,0
61115,4,1,1982,0,0,0,0,0,0,0,0,0,0
61116,1,1,1982,30,30,30,30,30,30,30,30,30,30
61117,1,1,1982,20,20,20,20,20,20,20,20,20,20
61118,1,1,1982,24,24,24,24,24,24,24,24,24,24
61119,0,1,1982,2,2,2,2,2,2,2,2,2,2
61119,0,2,1982,0,0,30,0,9,0,0,0,6,0
61119,0,3,1982,3,0,0,0,0,0,0,0,11,0
61119,1,1,1982,0,10,16,0,0,19,0,26,5,0
61120,1,1,1982,0,0,0,0,0,0,19,0,0,10
61120,2,1,1982,0,0,0,0,0,13,0,0,0,0
61121,0,1,1982,0,0,0,0,0,0,0,0,0,0
61121,1,1,1982,0,0,0,0,0,0,0,0,0,0
61122,1,1,1982,14,14,14,14,14,14,14,14,14,14
61123,1,1,1982,20,19,13,7,8,0,16,0,31,13
61124,1,1,1982,15,15,15,15,15,15,15,15,15,15
61125,0,1,1982,0,0,0,0,0,0,0,0,0,0
61125,0,2,1982,0,0,0,0,0,0,11,0,0,0
61125,1,1,1982,0,0,0,0,6,0,0,0,0,0
61126,1,1,1982,22,22,22,22,22,22,22,22,22,22
61127,1,1,1982,21,21,21,21,21,21,21,21,21,21
61128,1,1,1982,4,4,4,4,4,4,4,4,4,4
61129,1,1,1982,0,0,6,0,0,0,0,0,0,0
61129,2,1,1982,0,0,0,0,0,0,0,0,0,0
61129,3,1,1982,0,0,0,0,0,0,0,0,0,0
61130,0,1,1982,0,0,0,0,0,0,0,0,0,0
61130,1,1,1982,0,0,0,0,0,0,0,0,0,0
61131,1,1,1982,23,23,23,23,23,23,23,23,23,23
61131,2,1,1982,0,0,0,0,0,0,0,0,6,0
61132,1,1,1982,10,10,10,10,10,10,10,10,10,10
61132,2,1,1982,0,0,0,0,0,0,0,0,0,0
61133,1,1,1982,0,0,0,0,0,0,0,0,0,0
61133,2,1,1982,0,0,0,0,0,29,0,0,0,0
61133,3,1,1982,0,0,0,0,0,0,0,0,0,0
61134,0,1,1982,23,23,23,23,23,23,23,23,23,23
61134,1,1,1982,0,0,0,0,0,0,0,0,0,0
61135,1,1,1982,0,0,0,0,0,0,0,0,0,0
61136,1,1,1982,9,0,31,0,3,15,0,0,13,13
61136,2,1,1982,16,16,16,16,16,16,16,16,16,16
61137,1,1,1982,17,14,23,12,5,11,13,12,12,21
61137,2,1,1982,7,10,12,8,0,10,9,0,17,4
61138,1,1,1982,10,10,10,10,10,10,10,10,10,10
61139,1,1,1982,23,23,23,23,23,23,23,23,23,23
61140,1,1,1982,8,8,8,8,8,8,8,8,8,8
61141,1,1,1982,0,0,0,0,0,0,0,0,0,0
61142,1,1,1982,2,2,2,2,2,2,2,2,2,2
61142,2,1,1982,0,0,13,0,0,7,0,15,6,0
61142,3,1,1982,0,0,0,0,0,0,0,0,0,0
61142,4,1,1982,14,10,0,0,3,0,11,0,0,0
61143,1,1,1982,0,0,0,0,0,0,0,0,0,0
61144,1,1,1982,24,24,24,24,24,24,24,24,24,24
61145,1,1,1982,0,0,0,0,0,8,0,0,0,0
61145,2,1,1982,0,0,0,0,0,0,0,0,0,0
61146,1,1,1982,0,0,0,0,0,0,0,14,0,0
61146,2,1,1982,21,21,21,21,21,21,21,21,21,21
61147,1,1,1982,0,0,0,0,0,0,0,0,0,0
61147,2,1,1982,0,0,0,0,0,0,0,0,0,0
61148,1,1,1982,23,23,23,23,23,23,23,23,23,23
61149,1,1,1982,0,0,0,0,0,0,0,0,0,0
61149,2,1,1982,0,0,0,0,0,0,0,0,0,0
61150,1,1,1982,0,0,0,0,0,0,0,0,0,0
61151,1,1,1982,7,7,7,7,7,7,7,7,7,7
61152,1,1,1982,0,0,0,0,0,0,0,0,0,0
61152,2,1,1982,0,0,0,0,0,0,0,0,0,0
61153,1,1,1982,22,22,22,22,22,22,22,22,22,22
61154,1,1,1982,0,0,0,0,0,0,0,0,0,0
61154,2,1,1982,0,0,0,0,0,0,0,0,0,0
61155,1,1,1982,0,22,0,27,18,15,16,10,0,0
61155,2,1,1982,0,0,0,7,0,0,0,0,0,4
61156,1,1,1982,34,34,34,34,34,34,34,34,34,34
61156,2,1,1982,0,0,0,0,14,0,0,0,0,0
61157,1,1,1982,0,0,0,0,0,0,0,0,0,0
61157,2,1,1982,10,10,10,10,10,10,10,10,10,10
61158,1,1,1982,26,48,20,10,11,14,32,16,4,16
61158,2,1,1982,0,0,0,0,0,0,0,0,0,0
61159,0,1,1982,28,28,28,28,28,28,28,28,28,28
61159,1,1,1982,0,0,0,0,0,0,0,0,0,0
61160,0,1,1982,17,17,17,17,17,17,17,17,17,17
61160,1,1,1982,17,17,17,17,17,17,17,17,17,17
61161,1,1,1982,17,17,17,17,17,17,17,17,17,17
61162,1,1,1982,14,14,14,14,14,14,14,14,14,14
61163,1,3,1982,22,22,22,22,22,22,22,22,22,22
61164,1,1,1982,0,0,0,0,0,0,0,0,0,0
61164,2,1,1982,0,0,0,0,0,0,0,0,0,0
61165,0,1,1982,31,31,31,31,31,31,31,31,31,31
61165,1,1,1982,11,11,11,11,11,11,11,11,11,11
61166,1,1,1982,0,0,0,0,0,0,0,0,0,0
61167,1,1,1982,17,17,17,17,17,17,17,17,17,17
61167,2,1,1982,21,0,0,0,0,23,0,0,0,0
61168,0,1,1982,23,23,23,23,23,23,23,23,23,23
61168,1,1,1982,16,16,16,16,16,16,16,16,16,16
61169,0,1,1982,0,0,0,0,0,0,0,0,0,0
61169,1,1,1982,6,15,10,10,11,18,11,17,22,13
61170,0,1,1982,10,10,10,10,10,10,10,10,10,10
61170,1,1,1982,0,0,0,16,0,0,0,0,11,0
61171,1,1,1982,12,0,0,0,24,0,6,0,0,0
61171,2,1,1982,0,0,0,0,0,0,0,0,0,0
61172,1,1,1982,30,30,30,30,30,30,30,30,30,30
61173,1,1,1982,9,9,9,9,9,9,9,9,9,9
61173,2,1,1982,0,0,0,0,0,0,0,0,0,0
61174,1,1,1982,0,0,0,0,0,0,0,0,0,0
61174,2,1,1982,17,12,10,17,15,4,14,16,0,13
61174,3,1,1982,11,0,0,0,0,0,0,0,0,0
61175,1,1,1982,20,20,20,20,20,20,20,20,20,20
61176,0,1,1982,29,29,29,29,29,29,29,29,29,29
61176,1,1,1982,20,14,21,20,19,21,14,0,34,0
61177,1,1,1982,18,18,18,18,18,18,18,18,18,18
61177,2,1,1982,6,7,12,8,10,7,0,26,14,15
61178,1,1,1982,13,13,13,13,13,13,13,13,13,13
61179,0,1,1982,39,39,39,39,39,39,39,39,39,39
61179,1,1,1982,0,0,0,0,0,0,0,22,0,0
61180,1,1,1982,14,14,14,14,14,14,14,14,14,14
61181,1,1,1982,13,13,13,13,13,13,13,13,13,13
61182,1,1,1982,0,0,0,0,0,0,0,0,0,0
61182,2,1,1982,0,0,0,0,0,0,0,0,0,0
61183,1,1,1982,16,16,16,16,16,16,16,16,16,16
61184,1,1,1982,8,8,8,8,8,8,8,8,8,8
61185,1,1,1982,9,9,9,9,9,9,9,9,9,9
61186,0,1,1982,0,0,0,0,0,0,0,0,0,0
61186,1,1,1982,0,0,0,0,0,0,0,0,0,0
61187,1,1,1982,6,6,6,6,6,6,6,6,6,6
61187,2,1,1982,0,0,0,0,0,0,0,0,0,0
61188,0,1,1982,0,0,0,0,0,0,0,0,0,0
61188,1,1,1982,0,0,0,7,0,0,0,0,0,0
61189,1,1,1982,25,25,25,25,25,25,25,25,25,25
61189,2,1,1982,0,0,0,0,0,0,0,0,0,0
61190,0,1,1982,8,8,8,8,8,8,8,8,8,8
61190,1,1,1982,25,25,25,25,25,25,25,25,25,25
61191,0,1,1982,0,0,0,0,0,0,0,0,0,0
61191,1,1,1982,0,0,0,22,13,0,0,0,8,7
61192,1,1,1982,15,15,15,15,15,15,15,15,15,15
61193,1,1,1982,0,0,0,0,0,0,0,0,0,0
61194,1,1,1982,0,0,0,0,0,0,0,9,0,0
61195,1,1,1982,0,0,0,0,0,0,0,0,0,0
61196,1,1,1982,20,20,20,20,20,20,20,20,20,20
61196,2,1,1982,0,0,0,0,0,0,0,0,0,0
61197,1,1,1982,18,18,18,18,18,18,18,18,18,18
61198,1,1,1982,0,0,17,10,18,0,0,0,0,8
61198,2,1,1982,0,0,0,0,0,0,0,0,0,0
61198,3,1,1982,16,0,0,0,11,0,0,17,0,0
61198,4,1,1982,0,0,0,0,0,0,0,0,0,0
61199,1,1,1982,0,0,0,0,0,0,0,0,0,0
61199,2,1,1982,0,0,0,0,0,0,0,0,0,0
61200,1,1,1982,33,33,33,33,33,33,33,33,33,33
61201,0,1,1982,10,0,9,25,0,0,0,0,22,27
61201,1,1,1982,15,15,15,15,15,15,15,15,15,15
61202,1,1,1982,0,0,0,0,0,0,0,0,0,0
61202,2,1,1982,8,0,16,17,4,20,14,19,0,15
61203,1,1,1982,48,48,48,48,48,48,48,48,48,48
61203,2,1,1982,3,3,3,3,3,3,3,3,3,3
61204,1,1,1982,20,20,20,20,20,20,20,20,20,20
61204,2,1,1982,0,0,0,0,0,0,0,0,0,0
61205,1,1,1982,16,27,14,8,7,13,23,21,0,10
61205,2,1,1982,16,16,16,16,16,16,16,16,16,16
61206,1,1,1982,12,12,12,12,12,12,12,12,12,12
61207,1,1,1982,0,0,0,0,0,0,0,0,0,0
61207,2,1,1982,0,0,0,0,0,0,0,0,0,0
61208,1,1,1982,23,23,23,23,23,23,23,23,23,23
61208,2,1,1982,0,0,0,12,0,0,0,0,0,0
61209,0,1,1982,0,21,21,17,0,14,20,0,17,31
61209,1,1,1982,9,16,18,13,0,19,26,18,21,10
61210,1,1,1982,11,11,11,11,11,11,11,11,11,11
61210,2,1,1982,0,0,0,0,0,0,0,0,0,0
61211,1,1,1982,24,24,24,24,24,24,24,24,24,24
61211,2,1,1982,0,0,0,0,0,0,0,8,0,0
61212,1,1,1982,18,0,18,0,0,0,0,24,9,0
61212,2,1,1982,0,0,0,0,0,0,0,0,0,0
61213,1,1,1982,0,0,0,0,0,0,0,0,0,0
61213,2,1,1982,0,0,0,0,0,0,0,0,0,0
61214,0,1,1982,0,0,0,0,0,0,0,0,0,0
61214,1,1,1982,0,0,0,12,0,0,0,0,0,0
61215,1,1,1982,14,14,14,14,14,14,14,14,14,14
61215,2,1,1982,0,0,0,0,0,0,0,0,0,0
61216,1,1,1982,13,13,13,13,13,13,13,13,13,13
61217,1,1,1982,0,0,0,0,0,0,0,0,0,0
61217,2,1,1982,0,0,0,0,0,0,0,0,0,0
61218,1,1,1982,0,0,0,0,0,0,0,0,0,0
61218,2,1,1982,17,0,0,0,0,0,0,0,0,7
61219,1,1,1982,0,0,0,0,0,0,0,0,0,0
61219,2,1,1982,0,22,0,0,0,13,0,0,21,14
61220,0,1,1982,0,0,0,0,0,0,0,0,0,0
61220,1,1,1982,14,14,14,14,14,14,14,14,14,14
61221,1,1,1982,38,38,38,38,38,38,38,38,38,38
61222,1,1,1982,0,0,0,12,0,0,0,0,0,0
61222,2,1,1982,23,23,23,23,23,23,23,23,23,23
61223,1,1,1982,24,24,24,24,24,24,24,24,24,24
61224,1,1,1982,2,2,2,2,2,2,2,2,2,2
61224,2,1,1982,27,27,27,27,27,27,27,27,27,27
61225,1,1,1982,0,0,0,0,0,0,0,0,0,0
61225,2,1,1982,0,0,0,0,0,0,0,0,0,0
61226,1,1,1982,0,0,10,0,0,0,0,0,0,9
61227,0,1,1982,0,0,0,0,0,0,0,0,0,0
61227,1,1,1982,0,0,0,0,0,0,0,0,0,0
61228,1,1,1982,12,12,12,12,12,12,12,12,12,12
61229,1,1,1982,6,22,9,0,5,25,0,9,39,14
61229,2,1,1982,0,0,0,0,0,0,0,0,0,0
61230,1,1,1982,5,5,5,5,5,5,5,5,5,5
61231,1,1,1982,16,16,16,16,16,16,16,16,16,16
61232,1,1,1982,7,7,7,7,7,7,7,7,7,7
61233,0,1,1982,0,0,0,0,0,0,0,0,0,0
61233,1,1,1982,0,0,0,0,0,0,0,22,0,0
61234,0,1,1982,0,0,0,0,0,0,0,0,0,0
61234,1,1,1982,20,20,20,20,20,20,20,20,20,20
61235,1,1,1982,0,0,0,0,0,0,0,0,0,0
61236,1,1,1982,17,17,17,17,17,17,17,17,17,17
61237,1,1,1982,0,0,0,16,13,0,0,0,0,0
61237,2,1,1982,0,0,0,0,0,0,0,0,0,0
61238,1,2,1982,0,0,0,0,0,0,0,0,0,0
61239,1,1,1982,0,0,0,0,0,0,0,0,0,0
61239,2,1,1982,0,0,0,0,0,0,0,28,0,24
61240,1,1,1982,14,14,14,14,14,14,14,14,14,14
61240,2,1,1982,0,0,0,0,0,0,0,0,0,0
61241,1,1,1982,23,23,23,23,23,23,23,23,23,23
61242,0,1,1982,0,0,0,0,0,0,0,0,0,0
61242,1,1,1982,14,14,14,14,14,14,14,14,14,14
61243,1,1,1982,19,19,19,19,19,19,19,19,19,19
61244,0,1,1982,0,0,0,0,0,0,0,0,0,0
61244,0,2,1982,17,26,23,0,0,28,0,8,22,0
61244,0,3,1982,0,0,30,27,0,8,0,19,0,14
61244,0,4,1982,24,12,0,0,36,34,0,0,0,0
61244,1,1,1982,0,0,9,0,0,0,13,0,0,0
61245,0,1,1982,0,0,0,0,0,0,0,0,0,0
61245,1,1,1982,0,0,0,0,0,0,0,0,0,0
61246,1,1,1982,12,12,12,12,12,12,12,12,12,12
61247,0,1,1982,25,25,25,25,25,25,25,25,25,25
61247,1,1,1982,0,0,12,0,0,0,0,0,9,0
61248,1,1,1982,0,0,0,0,0,9,0,0,0,0
61249,1,1,1982,8,8,8,8,8,8,8,8,8,8
61249,2,1,1982,0,0,0,0,0,0,0,0,0,0
61250,1,1,1982,19,13,8,24,14,0,12,6,24,9
61250,2,1,1982,0,0,0,0,0,0,0,0,0,0
61251,1,1,1982,21,4,11,7,15,18,0,22,16,18
61251,2,1,1982,0,7,0,0,0,0,0,0,23,0
61252,1,1,1982,28,8,28,17,19,18,20,25,9,21
61253,1,1,1982,0,0,0,0,0,0,0,0,0,0
61253,2,1,1982,0,0,0,0,0,0,0,0,0,0
61254,1,1,1982,0,0,0,0,0,0,13,0,0,0
61254,2,1,1982,0,8,0,0,0,0,0,0,0,0
61255,1,1,1982,23,23,23,23,23,23,23,23,23,23
61255,2,1,1982,0,0,0,0,0,0,15,0,16,0
61256,1,1,1982,4,4,4,4,4,4,4,4,4,4
61256,2,1,1982,20,20,20,20,20,20,20,20,20,20
61257,1,1,1982,12,12,12,12,12,12,12,12,12,12
61257,2,1,1982,6,6,6,6,6,6,6,6,6,6
61258,1,1,1982,0,0,0,0,0,0,0,0,0,0
61258,2,1,1982,0,0,0,0,0,9,0,0,0,0
61259,1,1,1982,18,18,18,18,18,18,18,18,18,18
61260,0,1,1982,0,0,0,0,0,0,0,0,0,0
61260,1,1,1982,0,0,0,0,0,0,0,0,0,0
61261,1,1,1982,9,9,9,9,9,9,9,9,9,9
61262,0,1,1982,30,30,30,30,30,30,30,30,30,30
61262,1,1,1982,0,27,0,16,33,0,0,13,0,11
61263,1,1,1982,7,7,7,7,7,7,7,7,7,7
61264,1,1,1982,20,20,20,20,20,20,20,20,20,20
61264,2,1,1982,0,0,0,0,0,0,0,0,0,0
61265,1,1,1982,11,10,19,16,19,18,12,37,13,19
61265,2,1,1982,0,0,0,0,0,0,0,0,0,0
61266,1,1,1982,0,0,0,0,0,0,0,0,0,0
61266,2,1,1982,0,0,0,0,9,0,0,0,0,12
61267,0,1,1982,0,0,0,0,0,0,0,0,0,0
61267,1,1,1982,0,0,0,0,0,0,0,0,12,0
61268,1,1,1982,0,0,2,0,0,0,0,0,0,0
61268,2,1,1982,0,0,0,0,0,0,0,0,0,0
61269,1,1,1982,0,0,0,0,0,0,0,0,0,0
61269,2,1,1982,11,11,11,11,11,11,11,11,11,11
61270,1,1,1982,0,0,0,0,0,0,0,0,0,0
61271,0,1,1982,0,0,0,0,0,0,0,0,0,0
61271,1,1,1982,0,0,0,0,0,0,0,0,0,0
61272,1,1,1982,15,15,15,15,15,15,15,15,15,15
61273,1,1,1982,7,7,7,7,7,7,7,7,7,7
61274,1,1,1982,8,8,8,8,8,8,8,8,8,8
61274,2,1,1982,0,0,0,0,0,0,5,5,0,16
61275,1,1,1982,32,32,32,32,32,32,32,32,32,32
61276,1,1,1982,0,0,0,0,0,0,0,0,0,0
61276,2,1,1982,0,0,0,0,0,0,0,0,0,0
61277,1,1,1982,0,0,0,0,0,0,0,0,0,0
61277,2,1,1982,0,0,0,0,0,0,0,0,0,4
61277,3,1,1982,0,0,0,0,0,0,0,13,0,4
61278,0,1,1982,7,7,7,7,7,7,7,7,7,7
61279,1,1,1982,0,0,0,0,0,0,0,0,0,0
61279,2,1,1982,0,0,0,0,0,0,0,0,0,0
61280,1,1,1982,0,5,0,0,0,0,0,0,0,0
61280,2,1,1982,0,0,0,0,0,0,0,0,0,0
61281,1,1,1982,20,20,20,20,20,20,20,20,20,20
61281,2,1,1982,0,0,0,0,0,0,0,0,0,0
61282,0,1,1982,0,0,0,0,0,0,0,0,0,0
61282,1,1,1982,0,0,0,0,0,0,0,0,0,0
61283,1,1,1982,0,0,0,0,0,0,0,0,0,0
61283,2,1,1982,0,0,0,0,0,0,0,9,0,0
61284,0,1,1982,13,13,13,13,13,13,13,13,13,13
61284,1,1,1982,10,0,13,0,0,0,0,0,10,0
61285,1,1,1982,7,7,7,7,7,7,7,7,7,7
61285,2,1,1982,0,0,0,0,0,0,0,0,0,0
61286,1,1,1982,6,6,6,6,6,6,6,6,6,6
61287,0,1,1982,27,27,27,27,27,27,27,27,27,27
61287,1,1,1982,20,23,8,16,26,9,33,19,10,20
61287,2,1,1982,0,0,0,0,0,15,0,0,0,0
61287,3,1,1982,0,0,0,0,0,0,0,0,0,0
61288,1,1,1982,31,31,31,31,31,31,31,31,31,31
61289,1,1,1982,0,0,0,0,0,0,0,0,0,0
61290,1,1,1982,0,0,0,0,0,0,0,0,0,0
61291,1,1,1982,0,0,0,0,0,0,0,0,0,0
61292,1,1,1982,17,9,16,14,13,15,6,20,19,5
61293,1,1,1982,8,8,8,8,8,8,8,8,8,8
61293,2,1,1982,0,0,0,0,13,0,6,0,0,0
61294,1,1,1982,0,0,0,0,0,0,0,0,0,0
61294,2,1,1982,16,0,0,0,0,0,0,0,0,0
61295,1,1,1982,0,0,0,0,0,0,0,0,0,0
61295,2,1,1982,0,0,0,0,0,0,13,0,0,0
61296,0,1,1982,17,17,17,17,17,17,17,17,17,17
61296,1,1,1982,12,2,3,0,0,8,14,13,13,11
61297,1,1,1982,0,0,0,0,0,0,0,0,0,0
61297,2,1,1982,0,0,0,0,0,0,0,0,0,0
61298,0,1,1982,23,23,23,23,23,23,23,23,23,23
61298,1,1,1982,0,8,0,0,0,0,0,0,24,12
61299,1,1,1982,23,23,23,23,23,23,23,23,23,23
61300,1,1,1982,14,14,14,14,14,14,14,14,14,14
61301,1,1,1982,17,17,17,17,17,17,17,17,17,17
61302,1,1,1982,0,0,0,25,0,0,0,0,0,0
61303,0,1,1982,20,20,20,20,20,20,20,20,20,20
61303,1,1,1982,0,0,11,0,0,0,0,0,0,0
61304,1,1,1982,0,0,0,0,0,0,0,0,0,0
61304,2,1,1982,0,0,0,0,0,0,0,0,0,0
61305,1,1,1982,0,0,0,22,0,0,14,8,12,0
61305,2,1,1982,0,0,0,0,0,0,0,0,0,0
61306,1,1,1982,11,11,11,11,11,11,11,11,11,11
61307,1,1,1982,0,0,0,0,0,0,0,0,0,0
61308,1,1,1982,0,0,0,0,0,0,0,0,0,0
61308,2,1,1982,0,0,17,0,0,0,0,0,0,0
61309,1,1,1982,0,0,0,0,12,0,0,0,0,0
61310,1,1,1982,0,0,0,0,0,0,0,0,0,0
61310,2,1,1982,0,0,0,0,0,0,0,13,0,0
61311,0,1,1982,32,28,32,0,3,0,21,12,8,27
61311,1,1,1982,0,0,0,0,0,9,0,0,0,0
61312,1,1,1982,0,11,0,0,32,17,0,0,20,15
61313,0,1,1982,0,0,0,0,0,0,0,0,0,0
61313,1,1,1982,0,0,0,0,4,0,0,0,0,0
61314,1,1,1982,17,17,17,17,17,17,17,17,17,17
61314,2,1,1982,0,0,0,0,0,0,0,0,0,0
61314,3,1,1982,0,0,0,0,0,0,0,0,0,0
61315,1,1,1982,3,3,3,3,3,3,3,3,3,3
61316,0,1,1982,0,0,0,0,0,0,0,0,0,0
61316,1,1,1982,14,14,14,14,14,14,14,14,14,14
61317,1,1,1982,0,0,2,0,0,0,0,0,0,0
61317,2,1,1982,0,0,0,0,0,0,0,0,15,0
61318,1,1,1982,0,0,0,0,0,0,0,0,0,0
61318,2,1,1982,0,0,0,0,0,0,0,0,11,0
61319,0,1,1982,0,0,0,0,7,0,20,0,0,0
61319,1,1,1982,0,0,0,0,0,0,0,0,0,0
61320,1,1,1982,8,8,8,8,8,8,8,8,8,8
61321,1,1,1982,17,17,17,17,17,17,17,17,17,17
61322,0,1,1982,0,0,0,0,0,0,0,0,0,0
61322,1,1,1982,31,0,0,0,19,3,17,0,11,0
61322,2,1,1982,0,0,0,0,0,0,0,0,0,0
61323,1,1,1982,12,12,12,12,12,12,12,12,12,12
61324,0,1,1982,12,12,12,12,12,12,12,12,12,12
61324,1,1,1982,0,0,0,17,0,0,0,0,0,0
61325,1,1,1982,10,10,10,10,10,10,10,10,10,10
61326,1,1,1982,2,2,2,2,2,2,2,2,2,2
61327,1,1,1982,11,0,17,0,0,0,11,16,21,21
61328,0,1,1982,0,0,0,0,0,0,0,0,0,0
61328,1,1,1982,0,0,0,0,0,0,0,0,0,0
61329,1,1,1982,24,24,24,24,24,24,24,24,24,24
61330,0,1,1982,19,19,19,19,19,19,19,19,19,19
61330,1,1,1982,23,36,22,21,24,0,0,19,14,25
61331,1,1,1982,19,19,19,19,19,19,19,19,19,19
61332,0,1,1982,0,0,0,0,0,0,0,0,0,20
61332,1,1,1982,11,0,0,0,0,0,0,0,0,0
61333,1,1,1982,0,0,0,0,0,0,0,0,0,0
61333,2,1,1982,0,0,0,0,0,0,0,0,0,0
61334,1,1,1982,0,0,0,0,0,0,0,0,0,0
61335,1,1,1982,0,13,0,0,0,0,0,17,0,0
61336,0,1,1982,6,6,6,6,6,6,6,6,6,6
61336,1,1,1982,19,19,19,19,19,19,19,19,19,19
61337,1,1,1982,23,23,23,23,23,23,23,23,23,23
61337,2,1,1982,0,0,0,0,0,0,0,0,0,0
61338,1,1,1982,15,15,15,15,15,15,15,15,15,15
61339,1,1,1982,0,0,0,0,0,0,0,0,0,0
61340,1,1,1982,12,12,12,12,12,12,12,12,12,12
61341,1,1,1982,13,13,13,13,13,13,13,13,13,13
61342,1,1,1982,17,17,17,17,17,17,17,17,17,17
61343,1,1,1982,15,17,0,20,22,7,40,25,27,0
61344,1,1,1982,18,10,12,13,7,8,13,24,10,11
61345,1,1,1982,0,0,0,0,0,0,0,0,0,0
61346,1,1,1982,26,26,26,26,26,26,26,26,26,26
61347,1,1,1982,20,20,20,20,20,20,20,20,20,20
61348,1,1,1982,0,0,0,0,0,0,0,0,0,0
61348,2,1,1982,2,2,2,2,2,2,2,2,2,2
61348,3,1,1982,7,7,7,7,7,7,7,7,7,7
61349,1,2,1982,26,0,14,8,0,11,12,15,24,17
61350,1,1,1982,21,10,18,22,14,11,22,20,23,11
61351,1,1,1982,20,20,20,20,20,20,20,20,20,20
61352,1,1,1982,0,0,0,0,0,0,0,0,0,0
61352,2,1,1982,0,0,0,0,0,0,0,0,0,0
61353,1,1,1982,5,5,5,5,5,5,5,5,5,5
61354,1,1,1982,0,0,0,0,0,0,0,0,0,0
61355,1,1,1982,0,0,0,0,0,0,0,0,0,0
61355,2,1,1982,0,0,0,0,0,0,0,0,0,0
61356,1,1,1982,21,21,21,21,21,21,21,21,21,21
61356,2,1,1982,0,0,0,16,14,0,0,12,0,0
61356,3,1,1982,0,0,0,0,15,0,0,0,0,0
61357,1,1,1982,13,20,0,13,0,0,0,0,0,0
61358,1,1,1982,17,17,17,17,17,17,17,17,17,17
61358,2,1,1982,9,9,9,9,9,9,9,9,9,9
61359,0,1,1982,7,22,0,25,21,11,42,21,0,20
61359,0,2,1982,12,12,12,12,12,12,12,12,12,12
61359,1,1,1982,0,0,0,0,0,0,0,0,0,0
61360,1,1,1982,2,2,2,2,2,2,2,2,2,2
61360,2,1,1982,0,0,0,0,0,0,0,0,0,0
61360,3,1,1982,0,0,13,0,0,0,0,16,8,0
61361,1,1,1982,31,31,31,31,31,31,31,31,31,31
61362,1,1,1982,0,0,0,0,23,0,0,19,0,0
61363,1,1,1982,0,12,6,0,15,0,0,0,14,4
61364,0,1,1982,0,0,0,0,36,0,0,0,0,0
61364,0,2,1982,11,0,0,0,0,0,0,0,24,0
61364,1,1,1982,14,14,14,14,14,14,14,14,14,14