ST_CASE,VEH_NO,PER_NO,YEAR,P1,P2,P3,P4,P5,P6,P7,P8,P9,P10
61365,1,1,1982,20,20,20,20,20,20,20,20,20,20
61366,1,1,1982,0,0,0,0,0,0,0,0,0,0
61366,2,1,1982,16,0,0,0,9,0,0,10,0,19
61367,1,1,1982,0,11,0,0,13,0,0,14,19,0
61368,0,1,1982,0,0,0,0,0,0,0,0,0,0
61368,1,1,1982,7,0,0,0,0,0,0,0,0,10
61369,0,1,1982,0,0,0,31,0,0,12,20,17,8
61369,1,1,1982,0,0,0,0,0,0,0,0,5,0
61370,1,1,1982,21,21,21,21,21,21,21,21,21,21
61370,2,1,1982,0,13,12,0,16,6,11,19,7,0
61371,1,1,1982,0,0,0,0,0,8,0,0,0,0
61372,1,1,1982,0,0,0,0,0,0,0,0,0,0
61373,1,1,1982,22,22,22,22,22,22,22,22,22,22
61374,0,1,1982,0,0,0,0,0,0,0,0,0,0
61374,1,1,1982,0,0,6,0,0,0,0,5,0,0
61375,0,1,1982,0,0,0,0,0,0,0,0,0,0
61375,0,2,1982,0,0,0,0,0,0,0,0,0,0
61375,1,1,1982,0,0,0,0,0,0,0,0,0,0
61376,0,1,1982,13,13,13,13,13,13,13,13,13,13
61376,1,1,1982,20,20,20,20,20,20,20,20,20,20
61377,1,1,1982,0,0,0,0,0,0,0,0,0,0
61378,1,1,1982,21,21,21,21,21,21,21,21,21,21
61379,1,1,1982,0,0,0,0,0,0,0,0,0,0
61380,1,1,1982,0,0,0,0,0,0,0,0,0,0
61380,2,1,1982,0,0,0,0,0,0,0,0,0,0
61381,1,1,1982,32,22,13,0,0,10,4,9,16,0
61382,1,1,1982,0,0,0,0,0,0,0,0,0,0
61383,1,1,1982,1,1,1,1,1,1,1,1,1,1
61384,1,1,1982,0,0,0,0,0,0,0,0,0,0
61384,2,1,1982,0,0,0,0,0,0,0,0,0,0
61385,1,1,1982,0,0,0,0,0,0,0,0,0,0
61385,2,1,1982,0,0,0,0,0,0,0,0,0,0
61386,0,1,1982,13,0,20,28,0,8,17,0,0,0
61386,0,2,1982,0,0,4,0,0,0,0,0,0,0
61386,1,1,1982,0,0,0,0,0,0,0,0,0,0
61387,0,1,1982,17,18,20,0,13,0,0,32,0,18
61387,1,1,1982,0,0,0,0,0,0,0,0,0,0
61388,1,1,1982,22,22,22,22,22,22,22,22,22,22
61388,2,1,1982,5,31,18,24,12,9,0,0,0,10
61389,1,1,1982,0,0,0,0,0,0,0,0,0,0
61389,2,1,1982,0,0,0,0,0,0,0,0,0,0
61389,3,1,1982,0,0,9,0,0,0,0,0,0,0
61390,1,1,1982,26,26,7,0,0,39,0,20,13,0
61391,1,1,1982,18,18,18,18,18,18,18,18,18,18
61392,0,1,1982,0,0,0,0,0,0,0,0,0,0
61392,1,1,1982,0,0,0,0,0,0,0,0,0,0
61393,1,1,1982,0,0,0,0,0,0,0,0,0,0
61393,2,1,1982,19,19,19,19,19,19,19,19,19,19
61394,1,1,1982,0,0,0,0,0,0,0,0,0,0
61394,2,1,1982,2,2,2,2,2,2,2,2,2,2
61395,1,1,1982,6,6,6,6,6,6,6,6,6,6
61395,2,1,1982,0,0,0,0,0,0,0,0,0,22
61396,1,1,1982,13,13,13,13,13,13,13,13,13,13
61397,1,1,1982,21,21,21,21,21,21,21,21,21,21
61398,1,1,1982,0,0,0,0,0,0,0,0,0,0
61398,2,1,1982,0,0,0,0,0,0,0,0,0,7
61399,0,1,1982,0,0,0,0,0,0,0,0,0,0
61399,1,1,1982,0,0,0,0,0,0,0,0,0,0
61400,1,1,1982,9,0,0,0,0,0,0,0,0,12
61400,2,1,1982,0,0,0,0,0,0,0,0,0,0
61400,3,1,1982,0,0,0,0,0,0,0,0,0,0
61400,4,1,1982,0,0,0,0,0,0,0,0,0,0
61401,1,1,1982,0,0,0,0,0,0,0,0,0,0
61402,0,1,1982,0,0,0,0,0,0,0,0,0,0
61402,1,1,1982,0,0,0,0,0,0,0,0,0,0
61403,1,1,1982,25,25,25,25,25,25,25,25,25,25
61403,2,1,1982,0,0,0,0,0,0,0,0,0,0
61404,1,1,1982,20,20,20,20,20,20,20,20,20,20
61405,1,1,1982,0,0,0,0,0,0,0,0,0,0
61405,2,1,1982,9,9,9,9,9,9,9,9,9,9
61406,0,1,1982,0,0,0,0,0,0,0,0,0,0
61406,1,1,1982,0,0,0,0,0,0,0,0,0,0
61407,1,1,1982,2,13,7,12,0,0,0,0,0,8
61408,0,1,1982,32,32,32,32,32,32,32,32,32,32
61408,1,1,1982,0,0,0,0,0,0,0,0,0,0
61409,0,1,1982,0,0,0,0,0,0,0,0,0,0
61409,1,1,1982,15,28,6,37,10,0,16,11,7,28
61410,1,1,1982,20,19,6,6,5,9,12,15,12,17
61410,2,1,1982,22,22,22,22,22,22,22,22,22,22
61411,1,1,1982,22,22,22,22,22,22,22,22,22,22
61411,2,1,1982,24,11,0,0,0,0,0,0,0,0
61412,1,1,1982,0,0,0,0,0,0,0,0,0,0
61412,2,1,1982,0,0,0,0,0,0,0,0,14,0
61413,1,1,1982,0,0,0,0,0,0,0,0,0,0
61414,0,1,1982,35,35,35,35,35,35,35,35,35,35
61414,1,1,1982,0,0,0,0,17,0,0,0,0,0
61415,1,1,1982,18,18,18,18,18,18,18,18,18,18
61416,1,1,1982,22,22,22,22,22,22,22,22,22,22
61417,1,1,1982,26,26,26,26,26,26,26,26,26,26
61417,2,1,1982,0,0,0,0,0,0,0,0,0,0
61418,1,1,1982,15,15,15,15,15,15,15,15,15,15
61418,2,1,1982,0,0,0,0,0,0,0,0,13,0
61419,1,1,1982,12,12,12,12,12,12,12,12,12,12
61419,2,1,1982,9,9,15,6,0,21,0,16,12,18
61419,3,1,1982,0,0,7,0,0,0,0,0,0,0
61420,1,1,1982,18,18,18,18,18,18,18,18,18,18
61420,2,1,1982,0,0,15,0,0,0,0,0,0,0
61421,1,1,1982,13,0,0,0,22,0,0,19,0,0
61422,1,1,1982,29,29,29,29,29,29,29,29,29,29
61423,0,1,1982,0,0,0,0,0,0,0,0,0,0
61423,1,1,1982,0,0,0,0,0,0,0,0,0,0
61424,0,1,1982,17,17,17,17,17,17,17,17,17,17
61424,1,1,1982,0,0,0,0,0,0,0,0,0,0
61425,1,1,1982,0,0,0,0,0,0,0,0,0,0
61425,2,1,1982,0,0,0,0,0,0,0,0,0,0
61426,1,1,1982,0,0,0,0,0,0,0,0,0,0
61427,1,1,1982,23,8,6,8,6,18,22,9,26,8
61427,2,1,1982,0,0,0,0,0,0,0,0,0,0
61427,3,1,1982,0,0,0,2,0,0,0,0,0,0
61428,1,1,1982,24,19,0,32,0,8,0,14,9,10
61429,1,1,1982,0,0,0,0,0,0,0,0,0,0
61430,1,1,1982,0,0,0,0,0,0,0,0,0,0
61431,1,1,1982,0,0,0,0,0,0,0,0,0,0
61431,2,1,1982,0,0,0,0,0,0,0,0,0,0
61432,1,1,1982,10,10,10,10,10,10,10,10,10,10
61433,0,1,1982,6,6,6,6,6,6,6,6,6,6
61433,1,1,1982,0,0,0,0,0,0,0,0,0,0
61434,0,1,1982,0,0,0,0,0,0,0,0,0,0
61434,1,1,1982,1,1,1,1,1,1,1,1,1,1
61435,1,1,1982,4,0,12,32,0,15,16,0,0,0
61436,1,1,1982,19,19,19,19,19,19,19,19,19,19
61437,1,1,1982,4,4,4,4,4,4,4,4,4,4
61437,2,1,1982,0,0,0,0,0,0,0,0,0,0
61438,1,1,1982,20,12,21,5,0,0,14,9,0,0
61438,2,1,1982,0,9,0,0,0,0,0,0,0,0
61439,0,1,1982,24,24,24,24,24,24,24,24,24,24
61439,1,1,1982,11,10,6,7,21,9,11,17,0,14
61440,0,1,1982,0,0,0,0,0,0,13,0,0,0
61440,1,1,1982,9,9,9,9,9,9,9,9,9,9
61441,1,1,1982,23,23,23,23,23,23,23,23,23,23
61441,2,1,1982,0,0,0,0,0,0,0,0,0,0
61442,1,1,1982,17,17,17,17,17,17,17,17,17,17
61443,1,1,1982,10,10,10,10,10,10,10,10,10,10
61444,1,1,1982,0,0,0,0,0,0,0,0,0,0
61445,0,1,1982,0,0,0,0,0,0,0,0,0,0
61445,1,1,1982,21,21,21,21,21,21,21,21,21,21
61446,1,1,1982,11,0,17,19,18,5,0,26,12,18
61447,1,1,1982,0,0,14,0,0,0,0,0,14,0
61447,2,1,1982,26,26,26,26,26,26,26,26,26,26
61448,0,1,1982,0,0,0,0,0,0,0,0,0,0
61448,1,1,1982,0,0,0,0,0,0,20,0,0,0
61449,1,1,1982,13,13,13,13,13,13,13,13,13,13
61449,2,1,1982,0,20,0,0,11,0,0,0,0,17
61450,1,1,1982,0,0,0,0,0,12,0,0,0,0
61450,2,1,1982,10,10,10,10,10,10,10,10,10,10
61451,1,1,1982,19,19,19,19,19,19,19,19,19,19
61451,2,1,1982,17,17,17,17,17,17,17,17,17,17
61452,1,1,1982,15,21,10,5,9,18,18,7,21,7
61452,2,1,1982,18,8,5,0,9,15,10,1,5,35
61453,1,1,1982,22,22,22,22,22,22,22,22,22,22
61454,1,1,1982,15,15,15,15,15,15,15,15,15,15
61455,1,1,1982,0,0,0,0,0,0,0,0,0,0
61455,2,1,1982,0,0,0,0,0,0,0,0,0,0
61456,1,1,1982,27,27,27,27,27,27,27,27,27,27
61457,1,1,1982,0,0,0,0,0,0,0,0,0,0
61458,1,1,1982,22,22,22,22,22,22,22,22,22,22
61458,2,1,1982,0,0,0,0,0,0,0,0,0,0
61459,1,1,1982,0,0,0,0,0,0,0,0,0,0
61460,1,1,1982,18,18,18,18,18,18,18,18,18,18
61461,1,1,1982,9,9,9,9,9,9,9,9,9,9
61462,1,1,1982,0,20,0,16,0,0,0,0,0,0
61463,1,1,1982,0,0,0,0,0,0,0,0,0,0
61464,1,1,1982,18,18,18,18,18,18,18,18,18,18
61465,0,1,1982,20,20,20,20,20,20,20,20,20,20
61465,1,1,1982,0,0,0,5,0,0,0,0,0,0
61466,1,1,1982,0,0,0,0,0,0,0,0,0,0
61466,2,1,1982,0,0,0,0,0,8,0,0,0,0
61467,1,1,1982,0,0,0,0,0,0,0,0,0,0
61467,2,1,1982,0,0,0,0,0,0,0,0,0,0
61468,1,1,1982,22,22,22,22,22,22,22,22,22,22
61469,1,1,1982,0,0,0,0,0,0,0,0,0,0
61470,1,1,1982,0,0,14,0,19,0,12,0,0,27
61471,1,1,1982,19,19,19,19,19,19,19,19,19,19
61472,1,1,1982,21,21,21,21,21,21,21,21,21,21
61473,1,1,1982,18,18,18,18,18,18,18,18,18,18
61474,1,1,1982,8,8,8,8,8,8,8,8,8,8
61475,1,1,1982,27,9,26,26,13,22,16,0,26,21
61476,1,2,1982,15,15,15,15,15,15,15,15,15,15
61477,1,1,1982,0,0,0,0,0,0,0,0,0,0
61477,2,1,1982,0,0,0,0,0,0,0,0,0,0
61478,1,1,1982,0,0,0,0,0,0,0,0,0,0
61479,1,1,1982,12,12,12,12,12,12,12,12,12,12
61480,1,1,1982,0,0,0,0,0,0,0,0,0,0
61480,2,1,1982,0,0,0,0,0,0,0,0,0,0
61481,1,1,1982,15,15,15,15,15,15,15,15,15,15
61481,2,1,1982,0,0,0,0,0,0,0,0,0,0
61481,3,1,1982,0,0,0,0,0,0,0,12,0,0
61482,1,1,1982,0,0,0,0,0,0,0,0,0,0
61482,2,1,1982,4,21,5,7,0,10,16,0,0,4
61483,0,1,1982,0,0,0,0,0,0,0,0,0,0
61483,0,2,1982,0,0,0,0,0,0,0,0,0,0
61484,1,1,1982,16,16,16,16,16,16,16,16,16,16
61484,2,1,1982,0,0,0,0,0,0,6,0,0,0
61485,0,1,1982,0,0,0,0,0,0,0,0,0,0
61486,1,1,1982,13,11,14,14,16,10,16,0,28,4
61487,1,1,1982,12,12,12,12,12,12,12,12,12,12
61487,2,1,1982,27,0,10,16,0,20,13,0,19,27
61488,0,1,1982,0,0,0,0,0,0,0,0,0,0
61488,1,1,1982,0,0,0,0,0,0,0,0,0,0
61489,1,1,1982,13,13,13,13,13,13,13,13,13,13
61489,2,1,1982,0,0,0,0,0,0,0,0,0,0
61490,1,1,1982,9,9,9,9,9,9,9,9,9,9
61491,1,1,1982,9,9,9,9,9,9,9,9,9,9
61492,1,1,1982,0,0,0,0,0,0,0,0,0,0
61492,2,1,1982,3,0,0,0,0,0,0,0,0,0
61493,1,1,1982,0,0,0,0,0,0,0,0,9,14
61493,2,1,1982,0,0,0,0,0,0,0,0,0,0
61494,1,1,1982,16,16,16,16,16,16,16,16,16,16
61495,1,1,1982,6,6,6,6,6,6,6,6,6,6
61495,2,1,1982,0,0,0,0,0,0,0,0,0,0
61496,1,1,1982,28,28,28,28,28,28,28,28,28,28
61496,2,1,1982,34,16,22,20,14,20,22,21,29,15
61497,1,1,1982,19,19,19,19,19,19,19,19,19,19
61498,1,1,1982,12,12,12,12,12,12,12,12,12,12
61499,1,1,1982,23,23,23,23,23,23,23,23,23,23
61499,2,1,1982,0,0,0,0,0,0,0,0,0,0
61499,3,1,1982,0,0,0,13,0,0,8,0,0,0
61500,1,1,1982,29,0,0,14,21,31,11,13,25,0
61501,1,1,1982,31,0,0,0,0,0,0,0,0,0
61502,1,1,1982,16,16,16,16,16,16,16,16,16,16
61503,0,1,1982,30,30,30,30,30,30,30,30,30,30
61503,1,1,1982,4,3,0,0,0,13,26,3,10,0
61504,1,1,1982,0,45,0,0,0,16,0,29,0,0
61505,1,1,1982,0,11,5,17,9,9,11,0,0,8
61506,1,1,1982,29,29,29,29,29,29,29,29,29,29
61507,1,1,1982,0,0,0,0,0,0,0,0,0,0
61508,1,1,1982,0,0,0,0,0,0,0,0,0,0
61508,2,1,1982,15,0,0,0,0,0,0,0,0,0
61509,0,1,1982,0,0,0,0,0,0,0,0,0,0
61509,1,1,1982,0,0,0,0,0,0,0,0,0,0
61510,1,1,1982,11,11,11,11,11,11,11,11,11,11
61511,1,1,1982,1,1,1,1,1,1,1,1,1,1
61512,1,1,1982,0,0,0,0,0,0,0,0,0,0
61513,1,1,1982,13,13,13,13,13,13,13,13,13,13
61514,1,1,1982,0,0,0,0,0,0,0,0,0,0
61515,1,1,1982,0,0,0,0,0,0,0,0,0,0
61516,1,1,1982,9,9,9,9,9,9,9,9,9,9
61517,1,1,1982,0,0,0,0,0,0,0,0,0,0
61517,2,1,1982,13,14,0,0,19,12,0,16,19,0
61518,0,1,1982,0,16,0,23,0,4,17,0,29,20
61518,1,1,1982,4,23,0,7,0,27,8,0,0,9
61519,1,1,1982,0,0,0,0,0,0,0,0,0,0
61519,2,1,1982,0,0,28,0,0,0,0,0,0,0
61520,1,1,1982,11,11,11,11,11,11,11,11,11,11
61521,1,1,1982,0,0,0,0,20,22,11,13,0,0
61522,0,1,1982,13,9,56,14,10,24,19,26,8,23
61522,1,1,1982,0,0,0,0,0,0,0,0,0,0
61523,1,1,1982,23,23,23,23,23,23,23,23,23,23
61524,1,1,1982,9,9,9,9,9,9,9,9,9,9
61524,2,1,1982,0,0,0,0,0,0,0,0,0,0
61524,3,1,1982,0,0,0,0,0,0,0,0,0,0
61525,1,1,1982,0,0,0,0,0,0,0,0,0,0
61526,0,1,1982,29,29,29,29,29,29,29,29,29,29
61526,1,1,1982,10,10,10,10,10,10,10,10,10,10
61527,1,1,1982,21,21,21,21,21,21,21,21,21,21
61527,2,1,1982,0,11,0,12,0,0,12,0,0,22
61528,1,1,1982,19,19,19,19,19,19,19,19,19,19
61529,1,1,1982,0,0,0,0,0,0,0,0,0,0
61529,2,1,1982,0,0,0,0,0,0,0,0,0,0
61530,1,1,1982,22,22,22,22,22,22,22,22,22,22
61531,1,1,1982,24,24,24,24,24,24,24,24,24,24
61532,1,1,1982,0,0,0,0,0,0,0,0,0,0
61533,1,1,1982,0,0,0,0,0,0,0,0,0,0
61534,0,1,1982,19,19,19,19,19,19,19,19,19,19
61534,1,1,1982,27,27,27,27,27,27,27,27,27,27
61535,1,1,1982,26,26,26,26,26,26,26,26,26,26
61536,1,1,1982,0,0,0,0,0,0,0,0,0,9
61536,2,1,1982,0,0,10,14,12,21,12,11,11,29
61537,1,1,1982,19,19,19,19,19,19,19,19,19,19
61538,1,1,1982,0,0,0,0,0,0,0,0,0,0
61538,2,1,1982,0,0,0,0,0,0,0,0,0,0
61538,3,1,1982,0,0,0,0,0,0,0,0,0,0
61539,1,1,1982,0,0,0,0,0,0,0,0,0,0
61539,2,1,1982,0,0,0,0,0,0,0,0,0,13
61540,1,1,1982,24,24,24,24,24,24,24,24,24,24
61541,1,1,1982,0,0,0,0,0,0,0,0,0,0
61541,2,1,1982,0,0,0,0,0,0,0,27,0,0
61541,3,1,1982,0,0,0,0,0,0,0,0,0,0
61542,1,1,1982,0,14,0,0,0,0,0,0,0,0
61542,2,1,1982,0,0,0,0,0,0,0,0,0,0
61543,0,1,1982,0,0,0,0,0,0,0,0,0,0
61543,1,1,1982,0,10,20,17,17,0,26,24,5,13
61544,1,1,1982,21,21,21,21,21,21,21,21,21,21
61545,1,1,1982,2,2,2,2,2,2,2,2,2,2
61546,1,1,1982,11,11,11,11,11,11,11,11,11,11
61547,1,1,1982,18,18,18,18,18,18,18,18,18,18
61547,2,1,1982,0,0,0,0,0,0,0,0,0,0
61548,1,1,1982,13,13,13,13,13,13,13,13,13,13
61549,1,1,1982,0,0,0,0,0,0,0,0,0,0
61549,2,1,1982,0,0,0,6,0,0,0,0,0,16
61549,3,1,1982,0,0,0,0,0,9,0,0,0,0
61550,0,1,1982,0,0,0,0,0,0,0,0,0,0
61550,1,1,1982,7,8,13,28,5,12,15,0,21,17
61551,1,1,1982,13,13,13,13,13,13,13,13,13,13
61552,0,1,1982,14,14,14,14,14,14,14,14,14,14
61552,1,1,1982,0,0,0,0,0,0,0,0,0,0
61553,0,1,1982,0,0,25,0,0,15,0,0,0,0
61553,1,1,1982,0,0,0,0,0,0,0,0,0,0
61554,1,1,1982,23,23,23,23,23,23,23,23,23,23
61554,2,1,1982,0,0,0,0,0,0,0,0,0,0
61555,1,1,1982,22,22,22,22,22,22,22,22,22,22
61556,0,1,1982,0,0,24,0,0,30,0,10,17,0
61556,0,2,1982,9,10,0,14,12,0,0,0,6,26
61556,1,1,1982,12,0,0,0,0,0,0,0,0,0
61556,2,1,1982,0,0,0,0,0,0,0,0,0,0
61556,3,1,1982,17,17,17,17,17,17,17,17,17,17
61556,5,1,1982,0,0,0,0,0,0,0,0,0,0
61556,7,1,1982,0,0,0,0,0,0,0,0,0,0
61557,1,1,1982,0,0,0,0,0,0,0,0,0,0
61557,2,1,1982,0,0,0,0,0,0,0,0,0,0
61557,3,1,1982,0,0,0,0,13,0,0,0,9,0
61558,1,1,1982,21,21,21,21,21,21,21,21,21,21
61558,2,1,1982,0,0,0,0,0,0,0,0,0,0
61558,3,1,1982,0,0,0,0,0,0,0,0,0,0
61559,1,1,1982,22,22,22,22,22,22,22,22,22,22
61560,0,1,1982,0,0,0,0,0,0,0,0,0,0
61560,1,1,1982,0,0,0,0,0,15,0,0,0,0
61560,2,1,1982,0,0,0,0,0,0,0,0,0,23
61561,1,1,1982,0,10,0,0,0,0,17,0,0,0
61562,1,1,1982,21,21,21,21,21,21,21,21,21,21
61563,1,1,1982,27,27,27,27,27,27,27,27,27,27
61564,1,1,1982,15,15,15,15,15,15,15,15,15,15
61565,1,1,1982,10,10,10,10,10,10,10,10,10,10
61566,1,1,1982,14,14,14,14,14,14,14,14,14,14
61567,1,1,1982,21,17,21,26,0,13,8,15,12,29
61568,1,1,1982,15,15,15,15,15,15,15,15,15,15
61569,1,1,1982,20,20,20,20,20,20,20,20,20,20
61570,1,1,1982,0,0,0,0,0,0,0,0,0,0
61570,2,1,1982,0,0,0,0,0,0,0,0,0,0
61571,1,1,1982,22,22,22,22,22,22,22,22,22,22
61571,2,1,1982,8,8,8,8,8,8,8,8,8,8
61571,3,1,1982,0,0,0,27,0,0,0,0,0,0
61572,1,1,1982,0,0,0,0,0,0,0,0,0,0
61573,1,1,1982,0,20,0,0,0,0,0,0,0,0
61573,2,1,1982,0,0,0,0,0,0,0,0,0,0
61574,1,1,1982,35,13,17,11,19,0,15,8,13,12
61574,2,1,1982,0,0,0,0,13,0,0,0,8,0
61574,3,1,1982,0,0,0,0,0,0,0,0,0,0
61575,1,1,1982,27,27,27,27,27,27,27,27,27,27
61576,1,1,1982,0,0,0,0,0,0,0,0,0,0
61577,1,1,1982,22,22,22,22,22,22,22,22,22,22
61578,1,1,1982,0,0,0,0,0,0,0,0,0,0
61579,1,1,1982,2,2,2,2,2,2,2,2,2,2
61580,1,1,1982,9,9,9,9,9,9,9,9,9,9
61580,2,1,1982,0,0,0,0,0,4,0,0,11,0
61580,3,1,1982,0,0,0,0,0,0,0,0,0,0
61581,1,1,1982,11,11,11,11,11,11,11,11,11,11
61582,1,1,1982,0,0,0,0,0,0,0,0,0,0
61582,2,1,1982,0,0,0,0,0,0,0,0,0,0
61583,1,1,1982,12,12,12,12,12,12,12,12,12,12
61583,2,1,1982,33,16,17,22,12,9,7,7,11,13
61584,1,1,1982,9,9,9,9,9,9,9,9,9,9
61584,2,1,1982,11,11,11,11,11,11,11,11,11,11
61584,3,1,1982,20,20,20,20,20,20,20,20,20,20
61585,1,1,1982,19,19,19,19,19,19,19,19,19,19
61585,2,1,1982,0,0,0,0,35,0,18,22,0,15
61586,1,1,1982,17,17,17,17,17,17,17,17,17,17
61587,1,1,1982,16,16,16,16,16,16,16,16,16,16
61588,0,1,1982,0,0,0,0,0,0,0,0,0,0
61588,1,1,1982,6,24,0,13,8,10,9,0,15,23
61589,1,1,1982,13,13,13,13,13,13,13,13,13,13
61590,1,1,1982,20,20,20,20,20,20,20,20,20,20
61591,1,1,1982,0,0,0,0,0,0,0,0,0,0
61591,2,1,1982,17,17,17,17,17,17,17,17,17,17
61592,1,1,1982,16,16,16,16,16,16,16,16,16,16
61592,2,1,1982,0,0,0,0,0,0,0,0,0,0
61593,1,1,1982,14,14,14,14,14,14,14,14,14,14
61593,2,1,1982,0,0,0,4,0,0,0,0,0,0
61594,1,1,1982,26,26,26,26,26,26,26,26,26,26
61595,1,1,1982,7,7,7,7,7,7,7,7,7,7
61595,2,1,1982,0,0,0,0,0,0,0,0,0,10
61596,0,1,1982,28,28,28,28,28,28,28,28,28,28
61596,1,1,1982,0,0,0,0,0,15,0,0,0,0
61597,1,1,1982,0,0,0,0,0,0,0,0,0,0
61598,1,1,1982,0,0,0,0,0,0,0,0,0,0
61598,2,1,1982,0,0,0,0,0,0,0,0,0,0
61599,1,1,1982,0,0,0,0,0,0,0,0,0,0
61599,2,1,1982,0,0,0,0,0,0,0,0,0,0
61600,1,1,1982,0,0,0,0,0,0,0,0,0,0
61601,1,1,1982,2,2,2,2,2,2,2,2,2,2
61602,1,1,1982,3,3,3,3,3,3,3,3,3,3
61603,0,1,1982,0,0,0,0,0,0,0,0,0,0
61603,1,1,1982,0,0,0,0,0,0,0,0,0,14
61604,1,1,1982,23,23,23,23,23,23,23,23,23,23
61606,1,1,1982,25,25,25,25,25,25,25,25,25,25
61606,2,1,1982,6,6,6,6,6,6,6,6,6,6
61607,1,1,1982,0,0,0,0,0,0,0,0,0,0
61607,2,1,1982,0,0,0,0,0,0,0,0,0,0
61608,1,1,1982,28,28,28,28,28,28,28,28,28,28
61609,1,1,1982,0,0,0,0,0,0,0,0,0,0
61609,2,1,1982,0,0,0,0,0,0,0,0,0,0
61610,1,1,1982,21,21,21,21,21,21,21,21,21,21
61611,1,1,1982,0,0,0,0,0,0,13,0,0,0
61613,1,1,1982,16,16,16,16,16,16,16,16,16,16
61614,1,1,1982,28,28,28,28,28,28,28,28,28,28
61614,2,1,1982,23,15,14,6,8,12,27,13,20,14
61615,1,1,1982,21,21,21,21,21,21,21,21,21,21
61616,1,1,1982,0,0,0,0,0,0,0,13,6,0
61616,2,1,1982,0,0,0,0,0,0,0,0,0,0
61617,1,1,1982,14,33,12,19,32,14,15,24,5,20
61618,1,1,1982,22,22,22,22,22,22,22,22,22,22
61618,2,1,1982,0,0,0,14,0,0,0,0,0,0
61619,1,1,1982,14,14,14,14,14,14,14,14,14,14
61620,1,1,1982,20,20,20,20,20,20,20,20,20,20
61620,2,1,1982,0,0,0,0,0,0,0,0,0,0
61621,1,1,1982,22,22,22,22,22,22,22,22,22,22
61622,1,1,1982,28,28,28,28,28,28,28,28,28,28
61622,2,1,1982,0,0,0,0,0,0,0,0,5,0
61623,1,1,1982,18,18,18,18,18,18,18,18,18,18
61623,2,1,1982,0,21,0,0,0,0,0,0,0,0
61623,3,1,1982,0,0,0,0,0,0,0,0,0,0
61624,1,1,1982,19,19,19,19,19,19,19,19,19,19
61625,1,1,1982,27,27,27,27,27,27,27,27,27,27
61626,1,1,1982,2,2,2,2,2,2,2,2,2,2
61627,1,1,1982,14,14,14,14,14,14,14,14,14,14
61628,1,1,1982,0,0,0,0,0,0,0,0,0,0
61628,2,1,1982,0,0,0,0,0,0,0,0,0,0
61629,1,1,1982,0,0,0,0,0,0,0,0,0,0
61629,2,1,1982,3,3,3,3,3,3,3,3,3,3
61629,3,1,1982,0,0,0,0,0,6,0,0,0,0
61630,0,1,1982,0,0,0,0,0,0,0,0,0,0
61630,1,1,1982,0,0,0,0,0,0,0,0,0,0
61631,1,1,1982,0,1,9,0,13,20,20,8,15,16
61631,2,1,1982,0,0,17,0,0,0,0,0,0,0
61631,3,1,1982,0,0,0,0,0,0,11,0,0,0
61632,1,1,1982,16,16,16,16,16,16,16,16,16,16
61633,1,1,1982,20,20,20,20,20,20,20,20,20,20
61634,1,1,1982,0,0,0,0,0,0,0,0,0,0
61634,2,1,1982,0,0,0,0,0,0,0,0,0,37
61635,1,1,1982,0,0,0,0,0,0,0,0,0,0
61636,1,1,1982,0,0,0,0,0,0,0,0,0,0
61637,1,1,1982,0,0,0,0,0,0,0,0,0,0
61637,2,1,1982,0,0,0,0,0,0,0,0,0,0
61638,1,1,1982,0,0,0,0,0,0,0,0,0,0
61638,2,1,1982,17,21,16,13,0,0,0,9,22,7
61639,0,1,1982,0,0,0,0,0,0,0,0,0,0
61639,1,1,1982,0,0,0,0,0,0,0,0,0,0
61640,1,1,1982,0,0,0,0,0,0,0,0,0,0
61640,2,1,1982,0,0,0,0,18,0,12,0,0,0
61641,1,1,1982,12,3,14,23,25,14,12,13,9,34
61641,2,1,1982,3,3,3,3,3,3,3,3,3,3
61642,1,1,1982,0,0,0,0,0,0,0,0,0,0
61643,1,1,1982,0,0,0,0,0,0,0,0,0,0
61643,2,1,1982,19,19,19,19,19,19,19,19,19,19
61644,1,1,1982,27,27,27,27,27,27,27,27,27,27
61645,1,1,1982,26,26,26,26,26,26,26,26,26,26
61646,1,1,1982,0,0,0,0,0,0,0,0,0,0
61647,1,1,1982,19,19,19,19,19,19,19,19,19,19
61648,1,1,1982,0,0,0,0,0,0,0,0,0,0
61649,1,1,1982,10,10,10,10,10,10,10,10,10,10
61649,2,1,1982,0,9,0,0,0,8,0,0,0,0
61649,3,1,1982,22,13,7,22,10,15,19,21,19,15
61650,1,1,1982,0,0,0,0,0,0,0,0,0,0
61650,2,1,1982,0,0,0,0,0,0,0,0,0,0
61651,1,1,1982,0,0,0,0,0,0,0,0,0,0