ST_CASE,VEH_NO,PER_NO,YEAR,P1,P2,P3,P4,P5,P6,P7,P8,P9,P10
61651,2,1,1982,0,0,0,0,0,0,0,0,0,0
61652,1,1,1982,0,0,0,0,0,7,0,0,0,16
61652,2,1,1982,0,0,42,0,0,0,0,0,0,0
61653,1,1,1982,0,0,0,0,0,0,0,0,0,0
61654,1,1,1982,19,19,19,19,19,19,19,19,19,19
61654,2,1,1982,14,0,0,13,0,0,0,0,0,0
61655,1,1,1982,10,10,10,10,10,10,10,10,10,10
61655,2,1,1982,11,0,0,0,0,0,0,0,0,0
61656,1,1,1982,17,17,17,17,17,17,17,17,17,17
61657,0,1,1982,0,0,0,0,0,0,0,0,0,0
61657,0,2,1982,16,0,0,0,0,0,0,19,4,0
61657,1,1,1982,15,0,0,0,0,0,0,0,0,12
61658,0,1,1982,21,11,24,17,16,0,25,24,10,11
61658,1,1,1982,11,29,15,25,22,21,28,15,11,8
61659,1,1,1982,16,16,16,16,16,16,16,16,16,16
61659,2,1,1982,0,0,0,0,0,6,0,0,0,0
61660,1,1,1982,0,0,0,5,14,5,7,0,0,0
61660,2,1,1982,0,0,0,0,0,0,0,5,0,0
61661,0,1,1982,0,0,13,12,0,11,0,0,0,0
61661,1,1,1982,20,24,0,23,10,16,10,6,5,8
61662,1,1,1982,24,24,24,24,24,24,24,24,24,24
61662,2,1,1982,0,0,0,0,0,16,0,0,0,11
61662,3,1,1982,0,0,17,0,0,0,0,0,0,0
61663,1,1,1982,0,0,0,0,0,0,0,0,0,0
61663,2,1,1982,0,0,0,0,0,0,0,0,0,13
61664,1,1,1982,20,20,20,20,20,20,20,20,20,20
61665,0,1,1982,0,0,0,0,0,0,0,0,0,0
61665,1,1,1982,0,0,0,0,0,0,0,0,0,0
61666,1,1,1982,0,0,0,0,0,0,0,0,0,0
61666,2,1,1982,0,0,0,0,9,0,0,0,0,0
61667,1,1,1982,0,0,0,0,0,0,0,0,0,0
61667,2,1,1982,0,0,0,0,0,0,0,0,0,0
61668,1,1,1982,0,0,0,0,0,0,0,0,0,0
61669,1,1,1982,0,0,0,0,0,0,0,0,0,0
61670,1,1,1982,0,0,0,0,0,0,0,0,0,0
61671,1,1,1982,0,0,0,0,0,0,0,22,0,0
61671,2,1,1982,0,0,0,0,0,0,0,0,0,0
61672,1,1,1982,21,21,21,21,21,21,21,21,21,21
61673,1,1,1982,25,25,25,25,25,25,25,25,25,25
61674,1,1,1982,0,0,0,0,4,0,0,0,0,0
61675,1,1,1982,0,0,0,0,0,0,0,0,0,0
61676,1,1,1982,0,0,0,0,0,0,0,0,0,0
61676,2,1,1982,0,0,0,5,0,0,0,0,0,0
61676,3,1,1982,0,0,0,0,0,0,0,0,0,0
61677,1,1,1982,0,0,0,0,0,0,0,0,0,0
61678,1,1,1982,22,22,22,22,22,22,22,22,22,22
61679,1,1,1982,16,16,16,16,16,16,16,16,16,16
61680,1,1,1982,19,19,19,19,19,19,19,19,19,19
61681,1,1,1982,0,0,0,0,0,0,0,0,0,0
61681,2,1,1982,0,0,0,0,0,0,0,0,0,0
61682,1,1,1982,23,0,7,4,10,10,25,5,21,10
61682,2,2,1982,0,0,0,0,0,0,0,0,0,0
61683,0,1,1982,0,0,0,0,0,0,0,0,0,0
61683,1,1,1982,0,0,0,0,13,0,11,0,0,0
61684,0,1,1982,0,0,0,0,0,0,0,0,0,0
61684,1,1,1982,15,11,0,0,13,20,30,0,20,0
61684,2,1,1982,0,0,0,0,0,0,0,0,0,0
61685,1,1,1982,18,18,18,18,18,18,18,18,18,18
61686,1,1,1982,8,8,8,8,8,8,8,8,8,8
61687,1,1,1982,24,24,24,24,24,24,24,24,24,24
61688,1,1,1982,22,22,22,22,22,22,22,22,22,22
61689,0,1,1982,0,0,0,0,0,0,0,0,0,0
61689,1,1,1982,0,0,0,0,0,0,0,0,0,0
61690,1,1,1982,0,0,0,0,0,0,0,0,0,0
61690,2,1,1982,0,0,0,0,0,0,0,0,0,0
61690,3,1,1982,0,0,0,0,0,0,0,0,0,0
61691,1,1,1982,4,4,4,4,4,4,4,4,4,4
61691,2,1,1982,0,0,0,0,0,0,0,0,0,0
61691,3,1,1982,0,0,0,0,0,0,0,0,0,0
61692,1,1,1982,0,0,0,0,0,0,0,0,0,0
61692,2,1,1982,0,0,0,0,0,0,0,0,0,0
61693,0,1,1982,21,21,21,21,21,21,21,21,21,21
61693,1,1,1982,0,0,0,0,0,0,0,24,0,0
61694,1,1,1982,0,0,18,0,0,0,0,0,0,0
61694,2,1,1982,0,6,0,0,0,0,0,0,0,0
61694,3,1,1982,0,0,0,0,0,0,0,0,0,0
61695,1,1,1982,18,18,18,18,18,18,18,18,18,18
61695,2,1,1982,0,0,0,0,0,0,0,0,0,0
61696,0,1,1982,27,27,27,27,27,27,27,27,27,27
61696,1,1,1982,0,0,0,0,0,0,0,0,0,0
61697,1,1,1982,24,24,24,24,24,24,24,24,24,24
61697,2,1,1982,0,0,0,0,0,0,0,0,0,0
61698,0,1,1982,12,12,12,12,12,12,12,12,12,12
61698,1,1,1982,0,0,0,0,5,19,0,0,0,0
61699,1,1,1982,9,9,9,9,9,9,9,9,9,9
61700,1,1,1982,23,23,23,23,23,23,23,23,23,23
61701,0,1,1982,0,0,0,0,0,0,0,0,0,0
61701,1,1,1982,0,0,0,0,0,0,0,0,0,0
61702,0,1,1982,0,0,0,0,0,0,0,0,0,0
61702,0,2,1982,0,0,0,0,12,0,0,0,0,0
61702,1,1,1982,0,0,0,0,0,0,0,0,0,0
61702,2,1,1982,0,0,0,11,0,0,0,0,0,0
61703,0,1,1982,22,22,22,22,22,22,22,22,22,22
61703,1,1,1982,0,0,0,0,0,0,5,21,0,0
61704,1,1,1982,0,0,0,0,0,0,0,0,0,0
61704,2,1,1982,0,4,0,0,0,0,0,0,0,0
61704,3,1,1982,14,0,14,17,7,15,11,5,15,9
61705,1,1,1982,13,20,8,12,32,22,8,26,9,11
61706,1,1,1982,23,23,23,23,23,23,23,23,23,23
61706,2,1,1982,12,12,12,12,12,12,12,12,12,12
61707,0,1,1982,0,0,0,0,0,0,0,0,0,0
61707,1,1,1982,0,0,0,0,0,0,0,13,0,0
61708,1,1,1982,14,14,14,14,14,14,14,14,14,14
61708,2,1,1982,0,0,0,0,0,0,0,0,0,0
61709,1,1,1982,8,8,8,8,8,8,8,8,8,8
61709,2,1,1982,0,0,0,0,0,0,0,0,0,0
61710,1,1,1982,0,0,0,0,0,0,0,0,0,0
61710,2,1,1982,0,0,0,0,0,0,0,0,0,0
61711,1,1,1982,0,0,0,0,0,0,0,0,0,0
61711,2,1,1982,21,21,21,21,21,21,21,21,21,21
61712,1,1,1982,0,0,0,0,0,0,0,0,0,0
61712,2,1,1982,0,23,0,12,0,32,13,0,20,12
61713,1,1,1982,16,16,16,16,16,16,16,16,16,16
61714,1,1,1982,11,11,22,14,17,10,19,29,13,16
61715,1,1,1982,0,0,0,0,0,0,0,0,0,0
61716,1,1,1982,22,22,22,22,22,22,22,22,22,22
61717,1,1,1982,0,0,0,0,0,0,0,0,0,0
61718,1,1,1982,17,0,35,0,13,26,0,10,14,0
61718,2,1,1982,13,13,13,13,13,13,13,13,13,13
61719,1,1,1982,16,16,16,16,16,16,16,16,16,16
61719,2,1,1982,0,0,0,0,0,0,0,0,0,0
61719,3,1,1982,0,0,0,0,0,0,0,0,0,0
61720,1,1,1982,22,22,22,22,22,22,22,22,22,22
61721,1,1,1982,20,20,20,20,20,20,20,20,20,20
61722,1,1,1982,22,22,22,22,22,22,22,22,22,22
61723,1,1,1982,0,0,0,0,0,0,0,0,0,0
61724,1,1,1982,16,16,16,16,16,16,16,16,16,16
61725,1,1,1982,18,18,18,18,18,18,18,18,18,18
61726,0,1,1982,0,0,0,0,0,0,0,0,0,0
61726,1,1,1982,0,0,18,0,0,24,0,0,0,0
61727,0,1,1982,0,0,29,0,0,5,3,0,0,0
61727,1,1,1982,0,17,0,0,0,0,11,0,0,0
61728,1,1,1982,17,17,17,17,17,17,17,17,17,17
61729,1,1,1982,0,0,0,0,0,0,0,0,0,0
61729,2,1,1982,0,0,0,0,0,0,0,0,0,0
61730,1,1,1982,0,10,0,0,0,0,0,0,0,0
61730,2,1,1982,0,13,0,0,0,0,0,0,17,0
61731,1,1,1982,0,0,0,0,0,0,0,0,3,0
61731,2,1,1982,0,0,0,0,0,0,0,0,0,0
61732,0,1,1982,0,0,0,0,0,0,0,0,0,0
61733,1,1,1982,0,0,0,0,0,0,0,0,0,0
61733,2,1,1982,0,0,0,0,0,0,0,0,0,0
61733,3,1,1982,0,0,0,0,0,0,0,0,0,0
61733,4,1,1982,0,0,0,0,0,0,0,0,0,0
61734,1,1,1982,22,22,22,22,22,22,22,22,22,22
61735,1,1,1982,5,5,5,5,5,5,5,5,5,5
61735,2,1,1982,0,0,0,0,0,0,0,0,0,0
61736,0,1,1982,0,0,0,0,0,0,0,0,0,0
61736,1,1,1982,17,17,17,17,17,17,17,17,17,17
61737,1,1,1982,13,0,3,11,12,21,17,24,11,12
61738,1,1,1982,9,9,9,9,9,9,9,9,9,9
61739,1,1,1982,10,10,10,10,10,10,10,10,10,10
61739,2,1,1982,0,0,0,0,0,0,0,0,0,0
61740,1,1,1982,16,16,16,16,16,16,16,16,16,16
61740,2,1,1982,0,0,0,0,0,0,0,0,0,0
61740,3,1,1982,0,0,7,0,0,0,0,0,0,0
61740,4,1,1982,0,0,0,0,0,0,0,0,0,0
61741,1,1,1982,0,0,0,0,0,0,0,0,0,0
61741,2,1,1982,10,10,10,10,10,10,10,10,10,10
61742,1,1,1982,0,0,0,0,0,0,0,0,0,24
61742,2,1,1982,19,0,0,0,0,0,0,0,0,0
61743,1,1,1982,12,12,12,12,12,12,12,12,12,12
61743,2,1,1982,0,0,0,0,0,0,0,0,0,0
61744,1,1,1982,0,0,0,0,0,7,0,0,0,0
61745,1,1,1982,0,0,0,0,0,0,0,0,0,0
61746,1,1,1982,0,20,0,0,8,0,0,0,0,0
61747,1,1,1982,14,14,14,14,14,14,14,14,14,14
61748,1,1,1982,21,21,21,21,21,21,21,21,21,21
61749,1,1,1982,0,0,0,0,0,0,0,0,0,0
61749,2,1,1982,0,0,0,0,0,0,0,0,0,0
61750,1,1,1982,0,0,0,0,0,0,0,0,0,0
61750,2,1,1982,0,0,0,0,0,0,11,0,0,0
61751,1,1,1982,0,0,0,0,0,0,0,0,0,0
61751,2,1,1982,0,0,0,0,0,0,0,0,0,0
61752,1,1,1982,15,21,23,3,30,18,15,16,16,18
61753,1,1,1982,44,44,44,44,44,44,44,44,44,44
61754,0,1,1982,0,0,0,0,0,0,0,0,0,0
61754,1,1,1982,8,0,0,0,0,0,0,0,0,0
61755,1,1,1982,10,13,18,0,0,0,17,0,0,0
61755,2,1,1982,18,18,18,18,18,18,18,18,18,18
61756,1,1,1982,19,19,19,19,19,19,19,19,19,19
61756,2,1,1982,0,0,0,0,0,0,0,0,0,0
61757,0,1,1982,9,9,9,9,9,9,9,9,9,9
61757,1,1,1982,32,32,32,32,32,32,32,32,32,32
61758,0,1,1982,0,0,0,0,0,0,0,0,0,0
61758,1,1,1982,13,15,10,0,8,14,20,13,18,17
61759,1,1,1982,13,13,13,13,13,13,13,13,13,13
61760,1,1,1982,0,0,0,0,0,0,0,0,0,0
61761,0,1,1982,0,0,0,0,0,0,0,0,0,0
61761,0,2,1982,0,0,0,0,0,0,0,0,0,0
61761,0,3,1982,0,12,0,0,0,0,0,11,0,0
61761,0,4,1982,0,0,0,0,0,0,0,0,0,16
61761,0,5,1982,0,0,0,0,0,0,0,0,0,0
61761,1,1,1982,0,0,3,0,0,0,0,0,0,0
61762,0,1,1982,0,0,0,0,0,0,0,0,0,0
61762,1,1,1982,17,17,17,17,17,17,17,17,17,17
61763,0,1,1982,11,20,31,21,14,28,8,29,28,36
61763,1,1,1982,0,0,9,0,0,0,0,0,0,0
61763,2,1,1982,24,16,0,0,27,8,0,0,21,14
61764,1,1,1982,0,0,0,5,0,0,0,0,0,0
61764,2,1,1982,0,0,0,0,0,0,0,0,0,0
61765,1,1,1982,0,0,0,0,0,0,0,0,0,0
61766,1,1,1982,0,0,0,0,7,3,0,0,0,0
61766,2,1,1982,0,4,0,0,0,0,10,0,0,0
61767,1,1,1982,12,12,12,12,12,12,12,12,12,12
61767,2,1,1982,6,6,6,6,6,6,6,6,6,6
61768,1,1,1982,11,11,11,11,11,11,11,11,11,11
61769,1,1,1982,0,0,0,0,0,0,0,0,0,0
61769,2,1,1982,0,0,0,0,0,0,0,0,0,0
61770,1,1,1982,0,0,0,0,0,0,0,0,0,0
61770,2,1,1982,0,0,0,0,0,0,0,0,0,0
61771,0,1,1982,0,0,0,0,0,0,0,0,0,0
61771,1,1,1982,0,19,0,0,0,0,0,15,28,0
61772,1,1,1982,0,0,0,0,0,0,0,0,0,0
61772,2,1,1982,0,0,0,0,0,0,0,0,0,0
61772,3,1,1982,0,0,0,0,0,0,0,0,0,0
61773,1,1,1982,16,16,16,16,16,16,16,16,16,16
61774,1,1,1982,38,38,38,38,38,38,38,38,38,38
61775,1,1,1982,0,0,0,0,0,0,0,0,0,0
61775,2,1,1982,0,0,0,0,0,0,0,0,0,0
61775,3,1,1982,0,0,0,0,0,0,0,0,0,0
61776,1,1,1982,15,15,15,15,15,15,15,15,15,15
61777,1,1,1982,9,0,0,34,0,0,0,0,0,18
61778,1,1,1982,0,0,0,0,0,0,0,0,0,0
61778,2,1,1982,0,27,0,0,0,0,0,0,0,0
61779,0,1,1982,17,17,17,17,17,17,17,17,17,17
61779,1,1,1982,10,14,10,6,13,20,9,16,15,13
61780,1,1,1982,27,27,27,27,27,27,27,27,27,27
61781,1,1,1982,28,28,28,28,28,28,28,28,28,28
61782,0,1,1982,0,0,0,0,0,0,0,0,0,0
61782,1,1,1982,0,0,0,0,0,0,0,0,0,0
61783,1,1,1982,0,0,0,0,0,0,0,0,0,0
61784,1,1,1982,0,0,0,0,0,0,0,0,0,0
61784,2,1,1982,0,0,0,0,0,0,0,0,0,0
61785,1,1,1982,0,0,0,0,0,0,0,0,0,0
61785,2,1,1982,0,0,0,0,0,0,0,0,0,0
61785,3,1,1982,0,0,0,14,0,0,0,0,0,0
61786,1,1,1982,0,0,0,0,0,0,0,0,0,0
61786,2,1,1982,0,0,0,0,0,0,0,0,0,0
61787,1,1,1982,0,0,0,0,10,0,0,0,0,0
61788,1,1,1982,0,0,0,0,0,0,0,0,0,0
61788,2,1,1982,23,23,23,23,23,23,23,23,23,23
61789,1,1,1982,10,16,11,12,8,21,20,21,24,26
61790,0,1,1982,0,0,0,0,0,0,0,0,0,0
61790,1,1,1982,3,3,3,3,3,3,3,3,3,3
61791,1,1,1982,0,0,0,0,0,0,0,0,0,0
61792,1,1,1982,13,13,13,13,13,13,13,13,13,13
61793,1,1,1982,0,0,0,0,0,0,0,0,0,0
61794,1,1,1982,0,0,0,0,0,0,0,0,0,0
61795,1,1,1982,0,0,0,0,0,0,0,0,0,0
61796,1,1,1982,21,21,21,21,21,21,21,21,21,21
61796,2,1,1982,0,0,0,0,0,0,0,0,0,0
61797,1,1,1982,17,17,17,17,17,17,17,17,17,17
61798,1,1,1982,0,0,0,0,0,0,0,0,0,0
61798,2,1,1982,0,0,0,0,0,0,0,0,0,0
61799,1,1,1982,0,0,0,0,0,0,0,0,0,0
61799,2,1,1982,0,5,0,0,0,0,0,0,0,0
61800,1,1,1982,0,0,0,0,0,0,0,0,0,0
61800,2,1,1982,0,0,0,0,0,0,0,0,0,0
61801,1,2,1982,12,23,10,19,12,14,0,14,14,14
61802,1,1,1982,11,11,11,11,11,11,11,11,11,11
61803,0,1,1982,0,0,0,0,0,0,0,0,0,0
61803,0,2,1982,0,0,0,0,0,0,0,0,0,0
61803,1,1,1982,0,4,12,19,15,25,5,0,0,0
61803,2,1,1982,0,0,0,17,0,0,0,21,0,0
61804,1,1,1982,30,30,30,30,30,30,30,30,30,30
61805,1,1,1982,18,18,18,18,18,18,18,18,18,18
61806,1,1,1982,22,22,22,22,22,22,22,22,22,22
61807,1,1,1982,0,0,0,0,0,0,0,0,0,0
61808,1,1,1982,0,0,0,0,0,0,0,0,0,0
61808,2,1,1982,0,0,0,0,0,0,0,0,0,0
61809,0,1,1982,20,20,20,20,20,20,20,20,20,20
61809,1,1,1982,0,0,0,0,0,0,0,0,0,0
61810,1,1,1982,0,0,0,0,0,0,0,0,0,0
61810,2,1,1982,11,11,11,11,11,11,11,11,11,11
61811,1,1,1982,0,0,0,0,0,0,0,0,0,0
61811,2,1,1982,0,0,0,0,0,0,0,0,0,0
61811,3,1,1982,0,0,0,0,0,0,0,0,0,0
61812,1,1,1982,0,0,0,0,0,0,0,0,0,0
61812,2,1,1982,0,0,0,0,0,0,0,1,0,0
61813,1,1,1982,21,21,21,21,21,21,21,21,21,21
61813,2,1,1982,0,0,0,0,0,0,0,0,0,0
61814,1,1,1982,0,0,0,0,0,0,0,0,14,0
61814,2,1,1982,0,0,0,0,0,0,0,0,0,0
61815,0,1,1982,0,0,0,0,0,0,0,0,0,0
61815,1,1,1982,23,0,0,11,0,27,20,0,0,16
61816,1,1,1982,8,8,8,8,8,8,8,8,8,8
61817,1,1,1982,32,32,32,32,32,32,32,32,32,32
61817,2,1,1982,0,0,0,0,0,0,0,0,0,0
61818,1,1,1982,28,28,28,28,28,28,28,28,28,28
61819,1,1,1982,16,16,16,16,16,16,16,16,16,16
61820,1,1,1982,34,34,34,34,34,34,34,34,34,34
61821,1,1,1982,0,0,0,0,0,0,0,0,0,0
61822,0,1,1982,0,0,0,0,0,0,0,0,0,0
61822,0,2,1982,0,0,0,0,0,0,0,0,0,0
61822,1,1,1982,3,0,0,0,0,0,0,0,0,0
61822,2,1,1982,0,0,0,0,0,0,0,0,0,0
61823,1,1,1982,22,22,22,22,22,22,22,22,22,22
61824,1,1,1982,0,0,0,0,0,0,0,0,0,0
61824,2,1,1982,0,0,0,6,0,0,20,0,0,0
61825,1,1,1982,18,10,0,0,0,0,11,19,20,28
61826,1,1,1982,20,20,20,20,20,20,20,20,20,20
61827,1,1,1982,21,21,21,21,21,21,21,21,21,21
61828,1,1,1982,8,0,0,0,0,0,0,0,0,0
61828,2,1,1982,4,4,4,4,4,4,4,4,4,4
61829,0,1,1982,0,0,0,0,0,0,0,0,0,0
61829,1,1,1982,0,0,0,0,0,0,0,0,0,7
61830,1,1,1982,7,13,9,0,17,15,12,21,25,22
61830,2,1,1982,0,9,0,11,0,0,0,0,0,0
61830,3,1,1982,0,15,0,0,0,0,0,0,0,0
61831,1,1,1982,0,0,0,0,0,0,0,0,0,0
61831,2,1,1982,0,0,0,0,0,0,0,0,0,0
61832,1,1,1982,0,0,0,0,0,0,0,0,0,0
61832,2,1,1982,0,0,0,0,0,0,0,0,0,0
61833,0,1,1982,10,10,10,10,10,10,10,10,10,10
61833,1,1,1982,17,17,17,17,17,17,17,17,17,17
61834,1,1,1982,6,6,6,6,6,6,6,6,6,6
61835,1,1,1982,0,0,0,0,0,0,0,0,0,0
61836,1,1,1982,0,0,0,0,0,0,0,0,0,0
61837,1,1,1982,21,21,21,21,21,21,21,21,21,21
61838,1,1,1982,0,0,0,0,0,0,0,0,0,0
61839,1,1,1982,0,0,0,0,0,0,0,0,0,0
61839,2,1,1982,0,0,0,0,0,0,0,0,0,0
61840,1,1,1982,15,15,15,15,15,15,15,15,15,15
61841,1,1,1982,15,15,15,15,15,15,15,15,15,15
61841,2,1,1982,0,16,0,0,0,0,6,0,0,0
61841,3,1,1982,0,0,0,0,0,0,0,0,0,0
61842,1,1,1982,15,1,17,0,17,10,9,15,0,23
61843,1,1,1982,0,0,0,0,0,0,0,0,0,0
61843,2,1,1982,0,0,0,0,0,0,0,0,0,0
61843,3,1,1982,0,0,0,0,0,0,0,0,0,0
61844,0,1,1982,5,5,5,5,5,5,5,5,5,5
61844,1,1,1982,0,0,0,0,0,0,0,0,0,0
61845,1,1,1982,0,0,0,0,0,2,0,0,0,0
61845,2,1,1982,0,10,0,0,26,0,0,0,0,0
61846,1,1,1982,0,0,0,0,0,0,0,0,0,0
61847,1,1,1982,3,3,3,3,3,3,3,3,3,3
61848,0,1,1982,0,0,0,0,0,0,0,0,0,0
61848,1,1,1982,0,0,0,0,0,0,0,14,21,0
61849,1,1,1982,27,27,27,27,27,27,27,27,27,27
61849,2,1,1982,9,9,9,9,9,9,9,9,9,9
61850,1,1,1982,0,0,0,0,0,0,0,0,0,0
61851,1,1,1982,0,0,0,0,0,0,0,0,0,0
61852,1,1,1982,0,0,0,0,0,0,0,0,0,0
61852,2,1,1982,0,1,0,0,0,0,0,0,0,0
61853,1,1,1982,16,16,16,16,16,16,16,16,16,16
61854,1,1,1982,9,9,9,9,9,9,9,9,9,9
61854,2,1,1982,0,0,0,0,0,0,12,0,0,0
61855,1,1,1982,0,0,0,0,0,0,0,0,0,0
61856,1,1,1982,7,7,7,7,7,7,7,7,7,7
61857,0,1,1982,30,30,30,30,30,30,30,30,30,30
61857,1,1,1982,0,0,0,21,15,0,0,11,0,0
61858,1,1,1982,33,33,33,33,33,33,33,33,33,33
61859,1,1,1982,29,29,29,29,29,29,29,29,29,29
61859,2,1,1982,0,0,0,0,0,0,0,0,0,0
61860,1,1,1982,0,0,0,0,11,0,0,0,0,0
61860,2,1,1982,0,18,17,21,7,7,8,9,13,28
61861,1,1,1982,20,20,20,20,20,20,20,20,20,20
61862,1,1,1982,0,15,0,0,0,0,0,0,0,0
61863,0,1,1982,0,0,0,0,0,0,0,0,0,0
61863,1,1,1982,0,0,0,0,0,0,0,0,0,0
61864,1,1,1982,22,22,22,22,22,22,22,22,22,22
61865,1,1,1982,0,0,0,0,0,0,0,0,0,0
61866,0,1,1982,0,0,0,0,0,0,0,0,0,0
61866,0,2,1982,0,0,0,0,0,0,0,0,0,0
61866,1,1,1982,0,0,0,0,15,0,0,0,0,0
61867,1,1,1982,0,0,0,0,0,0,0,0,0,0
61867,2,1,1982,0,0,0,0,0,0,0,0,0,0
61868,1,1,1982,11,11,11,11,11,11,11,11,11,11
61868,2,1,1982,6,6,6,6,6,6,6,6,6,6
61869,1,1,1982,12,21,0,15,15,16,20,3,19,22
61870,1,1,1982,15,15,15,15,15,15,15,15,15,15
61871,1,1,1982,0,0,0,0,0,0,0,0,0,0
61872,1,1,1982,8,8,8,8,8,8,8,8,8,8
61872,2,1,1982,0,0,0,0,0,0,0,5,0,0
61873,1,1,1982,18,18,18,18,18,18,18,18,18,18
61873,2,1,1982,0,0,0,0,9,0,0,0,0,0
61874,1,1,1982,12,12,12,12,12,12,12,12,12,12
61875,1,1,1982,26,0,20,0,32,16,35,11,14,36
61876,1,1,1982,17,17,17,17,17,17,17,17,17,17
61877,0,1,1982,10,10,10,10,10,10,10,10,10,10
61877,1,1,1982,0,0,0,0,0,5,0,0,0,0
61878,1,1,1982,0,0,0,0,0,0,0,0,0,0
61878,2,1,1982,0,0,0,0,0,0,0,0,0,0
61879,1,1,1982,0,0,0,0,0,0,0,0,0,0
61880,1,1,1982,0,0,0,0,0,0,0,0,0,0
61880,2,1,1982,0,0,0,0,0,0,0,0,0,0
61881,1,1,1982,0,5,0,0,0,0,0,14,0,0
61881,2,1,1982,0,0,7,0,0,0,0,0,0,0
61882,1,1,1982,22,22,22,22,22,22,22,22,22,22
61883,1,1,1982,16,16,16,16,16,16,16,16,16,16
61883,2,1,1982,0,0,0,0,0,0,0,0,0,0
61884,1,1,1982,17,17,17,17,17,17,17,17,17,17
61885,1,1,1982,0,0,0,0,0,0,0,0,0,0
61885,2,1,1982,0,0,0,0,0,0,0,0,0,0
61886,1,1,1982,0,0,0,0,0,0,0,0,0,0
61887,1,1,1982,30,30,30,30,30,30,30,30,30,30
61888,0,1,1982,22,22,22,22,22,22,22,22,22,22
61888,1,1,1982,0,12,0,0,0,0,0,6,0,15
61888,2,1,1982,0,0,0,0,0,0,0,0,0,0
61889,0,1,1982,12,12,12,12,12,12,12,12,12,12
61889,0,2,1982,2,2,2,2,2,2,2,2,2,2
61889,1,1,1982,0,0,0,0,0,0,0,0,0,0
61890,1,1,1982,0,0,0,0,0,0,0,0,0,0
61891,1,1,1982,14,14,14,14,14,14,14,14,14,14
61892,1,1,1982,17,17,17,17,17,17,17,17,17,17
61893,0,1,1982,0,0,0,0,0,0,0,0,0,0
61893,1,1,1982,8,8,8,8,8,8,8,8,8,8
61894,0,1,1982,0,0,0,0,0,0,0,0,0,0
61894,1,1,1982,22,0,26,28,0,0,0,12,14,21
61895,1,1,1982,23,23,23,23,23,23,23,23,23,23
61896,1,1,1982,0,0,0,0,0,0,0,0,0,0
61896,2,1,1982,0,0,3,0,0,0,0,0,0,0
61897,1,1,1982,0,0,0,0,0,0,0,0,0,0
61898,1,1,1982,0,0,0,0,0,0,0,0,0,0
61898,2,1,1982,0,0,0,0,0,0,0,0,0,0
61898,3,1,1982,0,0,0,0,0,0,0,0,0,0
61899,1,1,1982,19,19,19,19,19,19,19,19,19,19
61899,2,1,1982,15,15,15,15,15,15,15,15,15,15
61900,1,1,1982,0,0,0,0,0,0,0,0,0,0
61900,2,1,1982,16,16,16,16,16,16,16,16,16,16
61901,0,1,1982,16,16,16,16,16,16,16,16,16,16
61901,1,1,1982,5,21,5,9,18,15,13,10,13,16
61902,1,1,1982,11,11,11,11,11,11,11,11,11,11
61903,1,1,1982,30,30,30,30,30,30,30,30,30,30
61904,1,1,1982,18,18,18,18,18,18,18,18,18,18
61905,1,1,1982,12,12,12,12,12,12,12,12,12,12
61906,0,1,1982,0,0,0,0,0,0,0,0,0,0
61906,1,1,1982,0,0,0,0,0,0,0,0,0,0
61906,2,1,1982,15,18,20,16,22,25,16,7,17,23
61907,0,1,1982,15,15,15,15,15,15,15,15,15,15
61907,1,2,1982,0,0,0,0,0,0,0,0,0,0
61908,1,1,1982,2,2,2,2,2,2,2,2,2,2
61909,1,1,1982,2,2,2,2,2,2,2,2,2,2
61909,2,1,1982,11,13,0,27,25,10,21,10,9,13
61909,3,1,1982,0,0,0,0,0,0,0,0,0,0
61910,1,1,1982,14,14,14,14,14,14,14,14,14,14
61911,1,1,1982,22,22,22,22,22,22,22,22,22,22
61912,0,1,1982,13,13,13,13,13,13,13,13,13,13
61912,1,1,1982,0,0,0,0,0,0,0,0,0,0
61913,1,1,1982,14,22,22,10,23,10,18,9,26,16
61914,1,1,1982,4,4,4,4,4,4,4,4,4,4
61914,2,1,1982,0,0,0,0,0,0,0,0,0,0
61915,1,1,1982,18,0,13,0,15,0,0,11,19,12
61916,1,1,1982,15,15,15,15,15,15,15,15,15,15
61916,2,1,1982,0,0,0,0,0,0,0,0,0,0
61917,1,1,1982,4,4,4,4,4,4,4,4,4,4
61918,1,1,1982,13,13,13,13,13,13,13,13,13,13
61919,1,1,1982,20,20,20,20,20,20,20,20,20,20
61920,1,1,1982,0,0,0,0,0,0,0,0,0,0
61920,2,1,1982,0,0,0,0,0,0,0,0,0,0
61921,1,1,1982,24,24,24,24,24,24,24,24,24,24
61922,1,1,1982,2,2,2,2,2,2,2,2,2,2
61922,2,1,1982,8,18,9,17,5,16,28,17,7,8
61923,1,1,1982,8,8,8,8,8,8,8,8,8,8
61924,1,1,1982,21,21,21,21,21,21,21,21,21,21
61925,1,1,1982,23,23,23,23,23,23,23,23,23,23
61926,0,1,1982,0,0,0,0,0,0,0,0,0,0
61926,1,1,1982,13,22,16,6,0,0,31,8,43,29
61927,1,1,1982,0,0,0,0,0,0,0,0,0,0