ST_CASE,VEH_NO,PER_NO,YEAR,P1,P2,P3,P4,P5,P6,P7,P8,P9,P10
61927,2,1,1982,0,0,0,0,0,0,0,0,0,0
61928,1,1,1982,13,13,13,13,13,13,13,13,13,13
61928,2,1,1982,0,0,0,0,0,0,0,0,0,0
61929,1,1,1982,3,3,3,3,3,3,3,3,3,3
61930,1,1,1982,16,16,16,16,16,16,16,16,16,16
61930,2,1,1982,16,7,4,9,22,9,4,14,14,10
61931,1,1,1982,0,0,0,0,0,0,0,0,0,0
61931,2,1,1982,0,0,1,0,0,0,0,0,0,0
61932,0,1,1982,0,0,0,0,0,0,0,0,0,0
61932,0,2,1982,0,9,15,18,0,0,0,0,0,0
61932,0,3,1982,0,23,9,0,0,18,0,15,0,0
61932,1,1,1982,18,18,18,18,18,18,18,18,18,18
61933,0,1,1982,10,10,10,10,10,10,10,10,10,10
61933,1,1,1982,0,0,0,0,0,0,0,0,9,0
61934,1,1,1982,0,0,0,0,0,0,0,0,0,0
61934,2,1,1982,0,0,0,0,0,0,0,0,0,0
61935,1,1,1982,0,0,0,0,0,0,0,0,0,0
61935,2,1,1982,14,14,14,14,14,14,14,14,14,14
61936,1,1,1982,14,14,14,14,14,14,14,14,14,14
61937,1,1,1982,0,0,0,0,0,0,0,0,0,0
61938,1,1,1982,0,4,0,0,0,0,0,3,0,0
61939,1,1,1982,12,12,12,12,12,12,12,12,12,12
61940,1,1,1982,28,28,28,28,28,28,28,28,28,28
61941,1,1,1982,13,11,19,13,7,10,15,17,17,20
61941,2,1,1982,0,0,0,0,0,0,0,0,0,0
61942,1,1,1982,0,0,0,0,0,0,0,0,0,0
61942,2,1,1982,0,0,0,0,0,0,0,0,0,0
61943,0,1,1982,22,6,23,23,12,26,24,10,35,15
61943,1,1,1982,0,0,0,0,0,0,0,11,0,0
61944,1,1,1982,0,0,0,0,0,0,0,0,0,0
61944,2,1,1982,0,0,0,0,0,0,0,0,0,0
61944,3,1,1982,0,0,0,0,0,0,0,0,0,0
61945,1,1,1982,0,0,11,0,0,0,0,0,0,0
61945,2,1,1982,0,0,3,23,0,0,8,10,0,0
61946,1,1,1982,12,12,12,12,12,12,12,12,12,12
61947,0,1,1982,20,0,0,0,10,19,0,26,12,15
61947,1,1,1982,0,0,17,0,0,15,13,0,0,0
61948,1,1,1982,0,0,0,0,0,0,0,0,0,0
61948,2,1,1982,18,21,0,13,0,20,0,14,17,19
61949,1,1,1982,0,0,0,0,0,0,0,0,0,0
61950,1,1,1982,0,0,0,0,0,0,0,0,0,0
61950,2,1,1982,0,0,0,0,0,0,0,0,0,0
61951,1,1,1982,18,13,23,19,45,39,14,24,13,0
61952,1,1,1982,23,23,23,23,23,23,23,23,23,23
61953,1,1,1982,25,25,25,25,25,25,25,25,25,25
61954,0,1,1982,0,0,0,0,0,0,0,0,0,0
61954,1,1,1982,0,0,0,34,0,0,0,5,0,0
61955,1,1,1982,4,0,0,0,0,0,0,0,0,0
61955,2,1,1982,4,4,4,4,4,4,4,4,4,4
61956,1,1,1982,6,6,6,6,6,6,6,6,6,6
61956,2,1,1982,0,0,0,0,0,0,0,0,0,0
61957,1,1,1982,0,0,0,0,0,0,0,0,0,0
61957,2,1,1982,0,0,0,0,0,0,0,0,0,0
61958,0,1,1982,0,0,0,0,0,0,0,0,0,0
61958,1,1,1982,20,20,20,20,20,20,20,20,20,20
61959,1,1,1982,14,14,14,14,14,14,14,14,14,14
61960,1,1,1982,35,35,35,35,35,35,35,35,35,35
61960,2,1,1982,0,0,0,0,0,0,0,0,0,0
61960,3,1,1982,5,12,0,0,0,0,0,0,0,0
61960,4,1,1982,0,0,12,0,0,0,0,0,0,0
61961,0,1,1982,0,0,0,0,0,0,0,0,0,0
61961,1,1,1982,0,0,0,24,0,0,0,18,11,0
61962,1,1,1982,0,0,0,0,0,0,0,16,0,0
61962,2,1,1982,8,8,8,8,8,8,8,8,8,8
61977,1,1,1982,26,26,26,26,26,26,26,26,26,26
61978,1,1,1982,27,27,27,27,27,27,27,27,27,27
61979,1,1,1982,0,0,22,11,0,16,0,17,15,5
61979,2,1,1982,0,0,6,0,0,0,0,0,0,0
61980,1,1,1982,0,0,0,0,0,0,0,0,0,0
61981,1,1,1982,0,0,0,0,0,0,0,0,0,0
61982,1,1,1982,22,22,22,22,22,22,22,22,22,22
61982,2,1,1982,0,0,0,0,0,0,0,0,0,0
61983,0,1,1982,38,38,38,38,38,38,38,38,38,38
61983,1,1,1982,0,0,3,0,0,2,0,9,0,10
61984,0,1,1982,30,30,30,30,30,30,30,30,30,30
61984,1,1,1982,8,31,2,30,15,0,0,49,13,8
61985,1,1,1982,0,0,0,0,0,0,0,0,0,0
61986,0,1,1982,0,0,0,0,0,0,0,0,0,0
61986,1,1,1982,0,0,5,9,0,0,0,0,0,0
61987,1,1,1982,29,29,29,29,29,29,29,29,29,29
61988,1,1,1982,0,0,0,0,0,0,0,0,0,0
61988,2,1,1982,0,0,0,0,0,0,0,0,0,0
61988,3,1,1982,0,10,0,0,0,0,0,0,0,0
61989,1,1,1982,24,24,24,24,24,24,24,24,24,24
61990,1,1,1982,38,38,38,38,38,38,38,38,38,38
61991,1,1,1982,0,0,0,0,0,0,0,0,0,0
61992,1,1,1982,0,0,0,0,0,0,0,0,0,0
61992,2,1,1982,0,0,0,0,0,0,0,0,0,0
61993,1,1,1982,15,15,15,15,15,15,15,15,15,15
61993,2,1,1982,0,0,0,0,0,0,0,0,0,0
61994,1,1,1982,0,0,0,0,0,0,0,0,0,0
61995,1,1,1982,0,0,0,0,0,0,0,0,0,0
61996,1,1,1982,0,0,0,0,5,0,0,0,0,0
61996,2,1,1982,0,0,0,0,0,0,0,0,0,0
61997,1,1,1982,23,23,23,23,23,23,23,23,23,23
61997,2,1,1982,24,0,0,0,0,12,12,0,0,0
61998,1,1,1982,1,1,1,1,1,1,1,1,1,1
61999,1,1,1982,37,37,37,37,37,37,37,37,37,37
62000,1,1,1982,24,24,24,24,24,24,24,24,24,24
62000,2,1,1982,0,0,0,0,0,14,0,0,0,0
62001,1,1,1982,21,21,21,21,21,21,21,21,21,21
62002,1,1,1982,23,23,23,23,23,23,23,23,23,23
62002,2,1,1982,8,8,8,8,8,8,8,8,8,8
62003,1,1,1982,16,16,16,16,16,16,16,16,16,16
62003,2,1,1982,0,0,0,10,0,5,0,0,0,0
62004,1,1,1982,33,33,33,33,33,33,33,33,33,33
62005,1,1,1982,7,7,7,7,7,7,7,7,7,7
62006,1,1,1982,14,14,14,14,14,14,14,14,14,14
62006,2,1,1982,0,0,0,0,0,0,0,0,16,0
62007,1,1,1982,40,40,40,40,40,40,40,40,40,40
62008,0,1,1982,9,9,9,9,9,9,9,9,9,9
62008,1,1,1982,14,34,13,21,27,0,28,20,0,6
62009,0,1,1982,7,7,7,7,7,7,7,7,7,7
62009,1,1,1982,0,16,18,0,30,10,0,0,21,10
62010,1,1,1982,15,30,14,14,11,7,23,13,11,19
62011,1,1,1982,18,18,18,18,18,18,18,18,18,18
62012,1,1,1982,0,0,0,0,0,0,0,0,0,0
62012,2,1,1982,0,0,0,0,0,0,0,0,0,0
62013,1,1,1982,0,0,0,0,0,0,0,0,0,0
62013,2,1,1982,0,0,0,0,0,0,0,0,0,0
62014,1,1,1982,29,29,29,29,29,29,29,29,29,29
62015,1,1,1982,20,20,20,20,20,20,20,20,20,20
62016,0,1,1982,0,0,0,0,0,0,0,0,0,0
62016,0,2,1982,0,0,0,0,0,0,0,0,0,0
62016,1,1,1982,0,0,0,0,0,0,0,0,0,0
62016,2,1,1982,0,0,0,0,0,0,0,0,0,0
62017,0,1,1982,0,0,0,0,0,0,0,0,0,0
62017,1,1,1982,0,0,0,0,0,0,0,0,0,0
62018,1,1,1982,18,18,18,18,18,18,18,18,18,18
62019,1,1,1982,0,0,0,0,0,0,0,0,0,0
62019,2,1,1982,0,0,0,0,0,0,0,0,0,0
62019,3,1,1982,0,0,0,0,0,0,8,0,0,0
62020,1,1,1982,0,0,0,0,0,0,0,0,0,0
62020,2,1,1982,0,0,0,0,0,0,0,0,0,0
62021,1,1,1982,0,0,0,0,0,0,0,0,0,0
62021,2,1,1982,0,0,0,0,0,0,0,3,0,0
62022,1,1,1982,19,19,19,19,19,19,19,19,19,19
62022,2,1,1982,0,0,0,0,0,0,0,0,0,0
62023,1,1,1982,22,22,22,22,22,22,22,22,22,22
62024,1,1,1982,0,0,0,0,0,0,0,0,0,0
62025,1,1,1982,12,12,12,12,12,12,12,12,12,12
62025,2,1,1982,0,0,0,0,0,0,0,0,0,0
62026,1,1,1982,0,0,0,0,0,0,0,0,0,0
62026,2,1,1982,0,0,0,0,0,0,0,0,0,0
62027,1,1,1982,0,0,0,0,0,0,0,0,0,0
62027,2,1,1982,0,0,7,0,0,0,0,0,0,0
62028,0,1,1982,0,0,0,0,0,0,0,0,0,0
62028,1,1,1982,0,0,17,5,23,0,0,0,8,0
62029,1,1,1982,0,0,0,0,0,0,0,0,0,0
62030,1,1,1982,21,21,21,21,21,21,21,21,21,21
62031,0,1,1982,0,0,0,0,0,0,0,0,0,0
62031,1,1,1982,14,17,20,7,8,12,14,15,17,39
62032,1,1,1982,15,15,15,15,15,15,15,15,15,15
62033,1,1,1982,13,14,13,19,16,0,22,27,14,15
62034,1,1,1982,22,3,22,22,7,26,20,11,16,26
62035,1,1,1982,16,16,16,16,16,16,16,16,16,16
62036,1,1,1982,0,0,0,0,9,0,0,0,0,0
62037,1,1,1982,0,0,0,0,0,0,0,0,0,0
62037,2,1,1982,0,0,0,0,0,0,0,0,0,0
62038,1,1,1982,0,0,0,0,0,0,0,0,0,0
62038,2,1,1982,0,0,0,20,0,0,0,0,0,0
62039,1,1,1982,13,13,13,13,13,13,13,13,13,13
62039,2,1,1982,18,23,21,9,12,8,12,13,9,14
62040,1,1,1982,15,27,12,21,26,16,18,0,19,3
62041,1,1,1982,2,0,0,0,0,0,0,0,2,0
62041,2,1,1982,0,0,0,0,0,0,0,0,0,0
62042,1,1,1982,35,35,35,35,35,35,35,35,35,35
62042,2,1,1982,0,0,0,0,0,0,0,0,0,0
62043,0,1,1982,0,0,0,0,0,0,0,0,0,0
62043,1,1,1982,7,0,0,0,0,0,0,0,0,0
62044,0,1,1982,7,7,7,7,7,7,7,7,7,7
62044,1,1,1982,0,16,0,0,13,0,19,0,0,0
62045,1,1,1982,24,24,24,24,24,24,24,24,24,24
62046,1,1,1982,19,14,10,18,12,13,8,12,15,21
62047,1,1,1982,0,0,0,20,10,23,0,15,4,23
62048,1,1,1982,0,0,0,0,0,14,0,0,14,0
62048,2,1,1982,0,0,0,0,0,0,0,0,0,0
62049,0,1,1982,0,0,0,0,0,0,0,0,0,0
62049,1,1,1982,14,17,6,0,21,0,0,22,0,20
62050,0,1,1982,0,0,0,0,0,0,0,0,0,0
62050,0,2,1982,8,0,18,0,0,28,15,0,0,14
62050,1,1,1982,25,25,25,25,25,25,25,25,25,25
62051,1,1,1982,8,8,8,8,8,8,8,8,8,8
62052,1,1,1982,0,0,6,0,0,0,0,0,0,0
62052,2,1,1982,10,0,0,0,0,0,0,6,0,18
62053,1,1,1982,26,26,26,26,26,26,26,26,26,26
62053,2,1,1982,0,0,0,0,0,0,0,0,0,0
62054,1,1,1982,18,18,18,18,18,18,18,18,18,18
62055,0,1,1982,0,0,0,0,0,0,0,0,0,0
62055,0,2,1982,0,0,0,0,0,0,0,0,0,0
62055,1,1,1982,0,0,0,0,0,0,0,0,0,0
62056,1,1,1982,11,11,11,11,11,11,11,11,11,11
62056,2,1,1982,0,0,0,0,0,0,0,0,0,0
62057,1,1,1982,31,31,31,31,31,31,31,31,31,31
62058,1,1,1982,22,22,22,22,22,22,22,22,22,22
62059,1,1,1982,0,0,0,0,0,0,0,0,0,0
62059,2,1,1982,21,0,0,0,0,0,0,0,0,0
62060,1,1,1982,0,0,0,0,0,0,29,0,0,0
62061,1,1,1982,0,0,0,0,0,0,0,0,0,0
62062,1,1,1982,18,18,18,18,18,18,18,18,18,18
62062,2,1,1982,0,7,0,0,0,0,0,9,0,0
62063,1,1,1982,20,0,13,12,34,12,4,13,0,12
62064,1,1,1982,23,23,23,23,23,23,23,23,23,23
62065,1,1,1982,0,0,0,0,0,0,0,0,0,0
62065,2,1,1982,0,0,0,0,0,0,0,0,0,0
62065,3,1,1982,0,0,0,0,0,0,0,0,0,0
62066,1,1,1982,17,17,17,17,17,17,17,17,17,17
62066,2,1,1982,0,0,0,17,0,0,0,0,0,0
62067,1,1,1982,3,12,10,0,13,4,3,0,8,4
62068,1,1,1982,16,19,20,15,24,30,25,26,13,14
62069,1,1,1982,34,34,34,34,34,34,34,34,34,34
62070,1,1,1982,0,0,0,0,0,0,0,0,0,0
62070,2,1,1982,0,0,0,0,0,0,0,0,0,0
62071,0,1,1982,0,0,0,0,0,0,0,0,0,0
62071,1,1,1982,0,0,0,0,0,0,0,0,0,0
62072,1,1,1982,0,15,15,7,23,4,17,13,17,10
62073,1,1,1982,20,17,12,32,16,19,17,0,20,6
62073,2,1,1982,0,0,0,0,0,0,0,0,0,0
62074,0,1,1982,0,0,0,0,0,0,0,0,0,0
62074,1,1,1982,0,10,0,0,0,0,0,0,8,0
62075,1,1,1982,12,12,12,12,12,12,12,12,12,12
62075,2,1,1982,0,0,6,0,0,0,0,0,0,0
62076,1,1,1982,0,0,0,0,0,0,0,0,0,0
62077,1,1,1982,30,30,30,30,30,30,30,30,30,30
62078,1,1,1982,0,0,0,19,10,22,9,0,7,16
62079,0,1,1982,0,9,24,21,0,0,27,17,11,0
62079,1,1,1982,0,0,0,0,0,0,20,22,0,0
62080,0,1,1982,0,17,7,0,11,0,9,23,11,0
62080,1,1,1982,18,18,18,18,18,18,18,18,18,18
62081,0,1,1982,0,0,23,36,0,0,0,0,12,11
62081,1,1,1982,20,20,20,20,20,20,20,20,20,20
62082,1,1,1982,18,18,18,18,18,18,18,18,18,18
62083,1,1,1982,10,10,10,10,10,10,10,10,10,10
62083,2,1,1982,0,0,0,0,0,0,0,0,0,0
62084,1,1,1982,0,0,0,0,0,0,0,0,0,0
62085,1,1,1982,14,14,14,14,14,14,14,14,14,14
62085,2,1,1982,0,0,0,0,0,11,0,9,13,0
62086,1,1,1982,0,0,0,0,0,0,0,0,0,0
62087,1,1,1982,26,26,26,26,26,26,26,26,26,26
62088,1,3,1982,0,0,0,0,0,0,0,0,0,0
62089,0,1,1982,0,0,0,31,0,0,0,25,0,0
62089,1,1,1982,10,17,0,0,0,0,0,0,0,0
62090,1,1,1982,0,0,0,0,0,0,0,0,0,0
62090,2,1,1982,0,0,0,0,0,0,0,0,0,0
62091,1,1,1982,5,14,14,12,13,17,23,15,0,9
62091,2,1,1982,0,19,0,0,0,0,0,0,0,0
62092,0,1,1982,28,28,28,28,28,28,28,28,28,28
62092,1,1,1982,0,0,0,0,0,0,0,0,0,0
62093,1,1,1982,26,26,26,26,26,26,26,26,26,26
62094,1,1,1982,27,27,27,27,27,27,27,27,27,27
62095,1,1,1982,15,15,15,15,15,15,15,15,15,15
62096,0,1,1982,30,30,30,30,30,30,30,30,30,30
62096,1,1,1982,7,0,0,0,15,10,0,15,0,0
62097,1,1,1982,0,0,0,0,0,0,0,0,0,0
62097,2,1,1982,0,0,0,0,0,0,0,0,0,0
62098,1,2,1982,0,0,0,0,0,0,0,0,0,0
62098,2,1,1982,0,0,12,0,0,0,0,0,0,0
62099,1,1,1982,9,9,9,9,9,9,9,9,9,9
62100,0,1,1982,2,2,2,2,2,2,2,2,2,2
62100,1,1,1982,14,12,28,7,4,12,8,30,17,26
62101,1,1,1982,0,23,13,0,0,0,0,0,0,0
62101,2,1,1982,0,0,0,0,0,0,0,0,0,0
62102,0,1,1982,0,0,0,0,0,0,0,0,0,0
62102,0,2,1982,0,0,0,0,0,0,0,0,0,0
62102,1,1,1982,0,0,0,0,0,0,0,0,0,0
62103,1,1,1982,26,26,26,26,26,26,26,26,26,26
62104,0,1,1982,6,6,6,6,6,6,6,6,6,6
62104,1,1,1982,22,0,0,0,0,0,19,12,0,0
62105,0,1,1982,0,0,0,0,0,0,0,0,0,0
62105,1,1,1982,0,0,0,0,0,0,0,0,0,0
62106,1,1,1982,8,8,8,8,8,8,8,8,8,8
62107,1,1,1982,21,21,21,21,21,21,21,21,21,21
62107,2,1,1982,0,0,0,0,0,0,0,0,0,0
62108,0,1,1982,0,0,0,0,0,0,0,0,0,0
62108,0,2,1982,0,0,0,0,0,0,0,0,0,0
62108,0,3,1982,0,0,0,0,0,0,0,0,0,0
62108,0,4,1982,0,0,0,0,0,0,0,0,0,0
62108,0,5,1982,0,0,0,3,0,0,0,26,0,0
62108,0,6,1982,0,0,0,0,0,0,0,15,0,0
62108,0,7,1982,0,0,0,0,0,0,0,0,8,0
62108,0,8,1982,0,0,0,0,0,0,0,0,19,0
62108,0,9,1982,0,0,0,0,0,0,35,0,0,0
62108,0,10,1982,0,0,39,0,0,0,0,0,0,0
62108,1,1,1982,0,0,0,0,0,0,0,0,0,0
62109,1,1,1982,34,22,13,14,16,15,16,10,2,20
62110,1,1,1982,0,0,0,0,0,0,0,0,0,0
62111,1,1,1982,23,23,23,23,23,23,23,23,23,23
62111,2,1,1982,0,0,0,0,0,0,0,0,0,9
62112,0,1,1982,10,0,0,0,0,0,12,13,0,5
62112,1,1,1982,0,18,25,0,26,0,0,0,11,20
62113,0,1,1982,0,0,0,0,0,0,0,0,0,0
62113,1,1,1982,0,0,0,0,0,9,0,0,10,0
62114,0,1,1982,20,9,6,25,23,0,22,0,14,30
62114,1,1,1982,0,0,0,0,0,0,0,0,13,0
62115,1,1,1982,14,14,14,14,14,14,14,14,14,14
62116,1,1,1982,10,10,10,10,10,10,10,10,10,10
62117,1,1,1982,0,0,0,0,0,0,0,0,0,0
62117,2,1,1982,0,0,0,0,0,0,0,0,0,0
62118,0,1,1982,0,0,0,0,0,0,0,0,0,0
62118,1,1,1982,0,0,0,0,0,0,0,0,0,0
62119,1,1,1982,28,28,28,28,28,28,28,28,28,28
62120,0,1,1982,0,0,0,0,0,0,0,0,0,0
62120,1,1,1982,0,0,0,0,0,3,0,0,24,27
62121,1,1,1982,2,2,2,2,2,2,2,2,2,2
62122,1,1,1982,8,8,8,8,8,8,8,8,8,8
62122,2,1,1982,4,4,4,4,4,4,4,4,4,4
62123,1,1,1982,0,0,0,0,0,0,0,0,0,0
62123,2,1,1982,0,0,0,0,0,0,0,0,0,0
62124,1,1,1982,0,0,0,0,0,0,0,25,0,0
62125,1,1,1982,0,0,0,11,0,0,0,0,0,17
62126,0,1,1982,0,0,0,0,0,0,0,0,0,0
62126,1,1,1982,0,0,0,0,0,0,0,7,0,0
62127,1,1,1982,13,13,13,13,13,13,13,13,13,13
62128,1,1,1982,6,6,6,6,6,6,6,6,6,6
62128,2,1,1982,0,0,0,0,0,0,0,0,0,0
62129,0,1,1982,0,0,0,0,0,0,0,0,0,0
62129,1,1,1982,0,0,0,0,0,0,0,0,0,0
62130,1,1,1982,0,0,0,0,0,0,0,0,0,0
62131,1,1,1982,22,22,22,22,22,22,22,22,22,22
62131,2,1,1982,0,0,0,0,16,0,0,0,0,0
62132,1,1,1982,0,0,8,0,10,25,0,7,0,0
62133,1,1,1982,7,7,7,7,7,7,7,7,7,7
62133,2,1,1982,0,0,0,0,0,0,0,0,0,0
62134,1,1,1982,23,23,23,23,23,23,23,23,23,23
62134,2,1,1982,0,0,25,0,0,0,7,3,0,0
62135,1,1,1982,0,0,0,0,0,0,0,0,0,0
62136,1,1,1982,0,0,0,0,0,0,0,0,0,0
62136,2,1,1982,0,0,0,0,0,0,0,0,0,0
62137,1,1,1982,0,0,0,0,0,0,0,0,0,0
62138,1,1,1982,0,0,0,0,0,0,0,0,0,0
62138,2,1,1982,0,0,0,0,0,0,0,0,0,0
62139,0,1,1982,0,0,13,0,23,0,11,15,0,23
62139,1,1,1982,0,0,0,0,0,0,0,0,0,0
62140,1,1,1982,0,0,0,0,0,0,0,0,0,0
62140,2,1,1982,0,0,0,0,0,0,0,0,0,0
62141,0,1,1982,0,0,0,0,0,0,0,0,0,0
62141,1,1,1982,0,0,0,0,0,0,0,0,0,0
62142,1,1,1982,0,0,0,0,0,12,0,0,0,0
62143,1,1,1982,31,31,31,31,31,31,31,31,31,31
62144,0,1,1982,0,0,0,0,0,0,0,0,0,0
62144,1,1,1982,0,0,0,0,20,0,0,0,0,0
62145,0,1,1982,0,0,0,0,0,0,0,0,0,0
62145,1,1,1982,0,0,0,0,0,0,0,0,0,0
62146,1,1,1982,3,3,3,3,3,3,3,3,3,3
62146,2,1,1982,5,5,5,5,5,5,5,5,5,5
62147,1,1,1982,12,0,0,0,0,13,0,0,0,0
62148,1,1,1982,0,0,0,0,0,0,0,0,0,0
62149,1,1,1982,0,0,0,0,0,0,0,0,0,0
62150,0,1,1982,0,0,0,0,0,0,0,0,0,0
62150,1,1,1982,0,0,0,0,0,0,0,0,0,0
62151,1,1,1982,3,3,3,3,3,3,3,3,3,3
62152,1,1,1982,7,7,7,7,7,7,7,7,7,7
62152,2,1,1982,0,13,7,27,28,34,19,12,9,5
62152,3,1,1982,11,8,0,6,8,13,16,0,16,18
62153,1,1,1982,19,19,19,19,19,19,19,19,19,19
62154,1,1,1982,0,0,0,0,0,0,0,0,0,0
62154,2,1,1982,0,0,0,0,0,16,0,0,0,0
62155,1,2,1982,16,16,16,16,16,16,16,16,16,16
62156,1,1,1982,14,14,14,14,14,14,14,14,14,14
62157,1,1,1982,0,0,0,0,0,0,0,0,0,0
62157,2,1,1982,0,0,0,0,0,0,0,0,0,0
62157,3,1,1982,0,0,0,0,0,0,6,0,0,0
62158,1,1,1982,0,0,0,0,0,0,0,0,0,0
62158,2,1,1982,0,0,0,0,0,0,0,0,0,0
62158,3,1,1982,0,0,0,0,0,0,0,0,0,0
62159,1,1,1982,7,7,7,7,7,7,7,7,7,7
62160,1,1,1982,15,15,15,15,15,15,15,15,15,15
62160,2,1,1982,0,18,0,0,0,0,0,0,0,0
62160,3,1,1982,0,0,0,0,0,0,0,0,0,0
62160,4,1,1982,0,0,0,0,0,0,0,0,0,0
62161,1,1,1982,0,0,0,0,0,0,0,0,0,0
62162,1,1,1982,0,6,0,14,6,18,13,0,0,0
62163,1,1,1982,23,33,17,26,13,4,18,15,26,29
62164,1,1,1982,17,17,17,17,17,17,17,17,17,17
62164,2,1,1982,0,0,0,0,0,0,0,0,0,0
62165,1,1,1982,0,0,0,0,0,0,0,0,0,0
62165,2,1,1982,0,0,0,0,0,0,0,0,0,0
62166,0,1,1982,0,0,0,0,0,0,0,0,0,0
62166,1,1,1982,20,20,18,11,0,0,0,0,0,0
62167,0,1,1982,0,0,0,0,0,0,0,0,0,0
62167,1,1,1982,0,0,0,0,0,0,0,0,10,0
62168,1,1,1982,24,24,24,24,24,24,24,24,24,24
62168,2,1,1982,0,0,0,0,0,0,0,0,0,0
62169,1,1,1982,0,0,0,0,0,0,0,0,0,0
62170,1,1,1982,0,0,0,0,0,0,0,0,0,0
62170,2,1,1982,0,0,0,0,0,0,0,0,0,0
62171,1,1,1982,0,0,0,0,0,0,0,0,0,0
62172,1,1,1982,0,0,0,0,0,25,0,16,0,0
62172,2,1,1982,0,0,0,0,0,0,0,0,0,0
62173,0,1,1982,21,21,21,21,21,21,21,21,21,21
62173,1,1,1982,17,0,19,0,0,15,0,24,13,19
62174,0,1,1982,0,0,0,0,0,0,0,0,0,0
62174,1,1,1982,22,11,18,31,12,7,4,14,5,19
62175,1,1,1982,11,11,11,11,11,11,11,11,11,11
62175,2,2,1982,4,0,0,0,0,3,0,0,3,0
62176,1,1,1982,0,0,0,0,0,0,0,0,0,0
62176,2,1,1982,0,0,0,0,0,0,0,0,0,0
62177,1,1,1982,20,20,20,20,20,20,20,20,20,20
62178,0,1,1982,0,0,0,0,0,0,0,0,0,0
62178,1,1,1982,10,0,0,0,0,0,0,13,0,16
62179,1,1,1982,16,16,16,16,16,16,16,16,16,16
62180,1,1,1982,29,29,29,29,29,29,29,29,29,29
62181,1,1,1982,26,26,26,26,26,26,26,26,26,26
62182,0,1,1982,21,21,21,21,21,21,21,21,21,21
62182,1,1,1982,10,6,14,0,22,17,9,0,0,10
62183,0,1,1982,3,3,3,3,3,3,3,3,3,3
62183,0,2,1982,0,29,0,15,11,0,12,0,16,14
62183,1,1,1982,0,0,0,0,0,3,0,14,0,21
62184,0,1,1982,0,0,0,0,0,0,0,0,0,0
62184,1,1,1982,0,0,0,0,0,0,0,0,0,0
62185,1,1,1982,0,0,0,0,0,0,0,0,0,0
62185,2,1,1982,0,0,0,0,0,0,0,0,0,0
62186,0,1,1982,14,22,22,24,13,17,24,34,15,44
62186,1,1,1982,0,0,0,0,22,0,0,0,0,0
62187,0,1,1982,0,0,0,0,0,0,0,0,0,0
62187,1,1,1982,0,0,6,0,0,0,0,0,0,0
62188,1,1,1982,0,0,0,0,0,0,0,0,0,0
62189,1,1,1982,0,0,0,0,0,0,0,0,0,0
62189,2,1,1982,0,0,0,0,0,0,0,0,0,0
62190,1,1,1982,17,17,17,17,17,17,17,17,17,17
62190,2,1,1982,0,0,0,13,0,0,0,0,0,0
62191,0,1,1982,0,0,0,0,0,0,0,0,0,0
62191,1,1,1982,0,0,0,0,0,0,0,0,0,0
62192,1,1,1982,0,0,18,0,0,0,0,0,0,0
62193,1,1,1982,0,0,0,0,0,0,0,0,0,0
62193,2,1,1982,0,0,0,0,0,0,0,0,0,0
62194,1,1,1982,0,0,0,0,0,0,0,0,0,0
62194,2,1,1982,11,0,0,0,0,0,0,0,10,0
62195,1,1,1982,12,29,17,23,4,30,21,31,16,32
62196,1,1,1982,0,0,0,0,0,0,0,0,0,0
62196,2,1,1982,0,0,0,0,0,0,0,0,0,0
62197,1,1,1982,0,0,0,0,0,0,0,0,0,0
62197,2,1,1982,0,0,0,0,0,0,0,0,0,0
62198,0,1,1982,0,0,0,0,0,0,0,0,0,0
62198,0,2,1982,0,0,0,0,0,0,0,0,0,0
62198,1,1,1982,0,0,0,0,0,0,0,0,0,0
62199,0,1,1982,30,30,30,30,30,30,30,30,30,30
62199,1,1,1982,0,0,0,0,0,0,0,0,0,0
62200,1,1,1982,3,3,3,3,3,3,3,3,3,3
62200,2,1,1982,0,18,0,0,20,8,0,0,22,0
62201,0,1,1982,24,24,24,24,24,24,24,24,24,24
62201,0,2,1982,12,12,12,12,12,12,12,12,12,12
62201,1,1,1982,9,9,9,9,9,9,9,9,9,9
62202,1,1,1982,0,0,0,0,0,0,0,0,0,0
62202,2,1,1982,0,0,0,0,0,0,0,0,0,0
62203,1,1,1982,0,0,0,0,0,0,0,0,0,0
62203,2,1,1982,0,0,0,0,0,0,0,0,0,0
62203,3,1,1982,0,0,0,0,0,0,0,0,0,0
62203,4,1,1982,0,0,0,0,0,0,0,0,0,0
62204,1,1,1982,0,0,0,0,0,0,0,0,0,0
62204,2,1,1982,0,0,0,0,0,0,0,0,0,0
62204,3,1,1982,0,0,0,0,0,0,9,0,0,0
62205,1,1,1982,1,1,1,1,1,1,1,1,1,1
62205,2,1,1982,0,0,0,0,0,0,0,0,0,0
62206,0,1,1982,0,0,0,0,0,0,0,0,0,0
62206,1,1,1982,23,23,23,23,23,23,23,23,23,23
62207,1,1,1982,0,0,0,0,0,0,0,0,0,0
62207,2,1,1982,0,0,0,0,0,0,0,0,0,0
62208,1,1,1982,0,0,0,0,0,0,0,0,0,0
62208,2,1,1982,0,0,0,0,0,11,0,0,0,0
62209,1,1,1982,0,0,0,0,8,0,0,0,0,0
62209,2,1,1982,0,0,0,0,0,0,0,0,0,0
62210,1,1,1982,21,21,21,21,21,21,21,21,21,21
62211,1,1,1982,0,0,0,0,0,0,0,0,0,0