ST_CASE,VEH_NO,PER_NO,YEAR,P1,P2,P3,P4,P5,P6,P7,P8,P9,P10
62211,2,1,1982,0,0,0,0,0,0,0,0,0,0
62212,1,1,1982,31,10,13,5,4,16,22,15,11,8
62212,2,1,1982,12,12,12,12,12,12,12,12,12,12
62213,1,1,1982,10,10,10,10,10,10,10,10,10,10
62214,1,1,1982,0,0,0,0,0,0,0,0,0,0
62215,1,1,1982,0,0,0,0,0,0,0,0,0,0
62215,2,1,1982,0,0,0,0,0,0,0,0,0,0
62216,1,1,1982,0,0,0,0,0,0,0,0,0,0
62216,2,1,1982,0,0,0,0,0,0,0,0,0,0
62217,0,1,1982,4,4,4,4,4,4,4,4,4,4
62217,0,2,1982,0,0,0,15,11,0,10,0,0,13
62217,1,1,1982,0,27,0,17,0,0,0,0,29,0
62218,1,1,1982,18,18,18,18,18,18,18,18,18,18
62219,1,1,1982,16,16,16,16,16,16,16,16,16,16
62220,1,1,1982,11,11,11,11,11,11,11,11,11,11
62220,2,1,1982,0,0,0,0,0,0,0,0,0,0
62221,1,1,1982,0,0,0,0,0,0,0,0,0,0
62222,1,1,1982,17,17,17,17,17,17,17,17,17,17
62223,1,1,1982,14,14,14,14,14,14,14,14,14,14
62224,1,1,1982,0,0,0,0,0,0,0,0,0,0
62225,1,1,1982,26,26,26,26,26,26,26,26,26,26
62226,1,1,1982,18,18,18,18,18,18,18,18,18,18
62227,1,1,1982,25,25,25,25,25,25,25,25,25,25
62228,1,1,1982,19,19,19,19,19,19,19,19,19,19
62229,1,1,1982,0,0,0,0,0,0,0,0,0,0
62230,0,1,1982,0,0,0,0,0,0,0,0,0,0
62230,1,1,1982,0,0,0,0,0,0,0,0,0,0
62231,1,1,1982,3,3,3,3,3,3,3,3,3,3
62231,2,1,1982,0,0,0,0,0,0,0,25,0,0
62232,1,1,1982,17,17,17,17,17,17,17,17,17,17
62232,2,1,1982,0,0,0,0,0,0,0,0,0,0
62233,1,1,1982,0,0,0,20,0,0,0,1,3,0
62233,2,1,1982,0,0,0,0,0,0,0,0,0,0
62234,1,1,1982,10,10,10,10,10,10,10,10,10,10
62234,2,1,1982,0,0,0,0,0,0,0,0,0,0
62235,1,1,1982,13,13,13,13,13,13,13,13,13,13
62236,1,1,1982,6,6,6,6,6,6,6,6,6,6
62237,1,1,1982,16,20,0,13,0,18,18,0,17,0
62237,2,1,1982,0,0,0,0,0,10,0,0,0,0
62237,3,1,1982,0,0,0,0,0,0,0,0,0,0
62238,1,1,1982,0,0,0,0,0,0,0,0,0,0
62239,1,1,1982,17,17,17,17,17,17,17,17,17,17
62239,2,1,1982,23,31,15,12,14,29,34,10,24,5
62240,0,1,1982,0,0,0,0,0,0,0,0,0,0
62240,1,1,1982,0,0,0,0,0,0,0,0,0,0
62241,1,1,1982,16,16,16,16,16,16,16,16,16,16
62242,0,1,1982,0,0,0,0,0,0,0,0,0,0
62242,1,1,1982,0,0,9,0,0,0,0,0,0,0
62243,0,1,1982,21,21,21,21,21,21,21,21,21,21
62243,1,1,1982,16,16,16,16,16,16,16,16,16,16
62244,1,1,1982,0,0,0,0,0,0,0,0,0,0
62245,1,1,1982,18,18,18,18,18,18,18,18,18,18
62246,1,1,1982,18,18,18,18,18,18,18,18,18,18
62247,1,1,1982,16,16,16,16,16,16,16,16,16,16
62248,1,1,1982,18,18,18,18,18,18,18,18,18,18
62248,2,1,1982,0,0,0,0,0,0,0,0,0,0
62249,1,1,1982,20,20,20,20,20,20,20,20,20,20
62250,1,1,1982,0,0,10,0,0,0,0,0,0,0
62250,2,1,1982,4,4,4,4,4,4,4,4,4,4
62251,1,1,1982,21,21,21,21,21,21,21,21,21,21
62252,0,1,1982,23,23,23,23,23,23,23,23,23,23
62252,1,1,1982,9,21,8,0,4,18,0,0,0,13
62253,0,1,1982,0,0,0,0,0,0,0,0,0,0
62253,1,1,1982,0,30,0,0,23,20,0,0,0,0
62254,1,1,1982,27,27,27,27,27,27,27,27,27,27
62254,2,1,1982,0,0,0,0,0,0,0,0,0,0
62255,1,1,1982,33,33,33,33,33,33,33,33,33,33
62255,2,1,1982,0,0,0,0,0,0,0,0,0,0
62255,3,1,1982,0,0,0,0,0,0,0,0,17,0
62256,1,1,1982,26,26,26,26,26,26,26,26,26,26
62257,1,1,1982,17,17,17,17,17,17,17,17,17,17
62258,1,1,1982,0,17,29,36,0,0,0,11,9,0
62258,2,1,1982,0,0,0,0,0,0,0,0,0,0
62259,1,3,1982,18,18,18,18,18,18,18,18,18,18
62260,1,1,1982,17,15,21,18,17,13,18,18,18,18
62261,1,1,1982,0,0,0,0,0,0,0,0,0,0
62262,1,1,1982,0,0,0,0,0,0,0,0,0,0
62263,0,1,1982,0,0,0,0,0,0,20,0,0,0
62263,1,1,1982,14,0,0,0,16,0,0,0,0,0
62264,1,1,1982,0,0,0,0,0,0,0,0,0,0
62265,1,1,1982,14,14,14,14,14,14,14,14,14,14
62266,1,1,1982,15,15,15,15,15,15,15,15,15,15
62266,2,1,1982,0,0,0,0,14,0,0,0,0,0
62267,1,1,1982,12,12,12,12,12,12,12,12,12,12
62268,1,1,1982,24,24,24,24,24,24,24,24,24,24
62269,1,1,1982,0,0,0,0,0,0,0,0,0,0
62269,2,1,1982,0,0,0,0,0,0,0,0,0,0
62270,1,1,1982,0,0,0,0,0,0,0,0,0,0
62270,2,1,1982,5,12,6,16,0,0,0,0,16,0
62270,3,1,1982,15,15,15,15,15,15,15,15,15,15
62271,1,1,1982,19,19,19,19,19,19,19,19,19,19
62272,1,1,1982,19,19,19,19,19,19,19,19,19,19
62273,1,1,1982,0,0,0,0,0,0,0,0,0,0
62273,2,1,1982,0,0,0,0,0,0,0,0,0,0
62274,1,1,1982,0,0,0,0,0,0,0,0,0,0
62275,1,2,1982,0,0,0,0,0,0,0,0,0,0
62276,1,1,1982,28,28,28,28,28,28,28,28,28,28
62277,1,1,1982,20,0,17,10,0,0,0,15,0,8
62278,1,1,1982,16,21,15,10,24,6,14,16,11,10
62279,1,1,1982,28,28,28,28,28,28,28,28,28,28
62279,2,1,1982,0,9,0,0,0,0,0,0,13,12
62280,1,1,1982,29,29,29,29,29,29,29,29,29,29
62281,0,1,1982,0,0,0,0,0,0,0,0,0,0
62281,1,1,1982,23,23,23,23,23,23,23,23,23,23
62282,0,1,1982,0,0,0,0,0,0,0,0,0,0
62282,1,1,1982,0,0,0,0,0,0,0,0,0,0
62283,1,1,1982,2,2,2,2,2,2,2,2,2,2
62283,2,1,1982,0,0,0,0,0,0,0,0,0,0
62284,0,1,1982,0,0,0,0,0,0,0,0,0,0
62284,1,1,1982,0,0,0,0,0,0,0,0,0,0
62285,1,1,1982,16,16,16,16,16,16,16,16,16,16
62286,1,1,1982,4,4,4,4,4,4,4,4,4,4
62287,1,1,1982,19,19,19,19,19,19,19,19,19,19
62288,1,1,1982,0,0,0,0,0,0,6,2,0,0
62288,2,1,1982,0,0,0,0,0,0,0,0,0,0
62288,3,1,1982,0,0,0,0,0,0,0,0,0,0
62289,1,1,1982,6,17,16,7,26,29,12,24,28,21
62290,1,1,1982,0,37,0,0,25,23,9,19,0,19
62291,1,1,1982,0,0,0,0,0,0,0,0,0,0
62291,2,1,1982,0,0,0,0,0,0,0,0,0,0
62292,1,1,1982,0,0,0,14,0,3,0,0,0,0
62292,2,1,1982,0,0,0,0,0,0,0,0,0,0
62292,3,1,1982,0,0,0,0,0,0,0,0,0,0
62292,4,1,1982,0,0,0,0,0,2,0,0,0,0
62293,1,1,1982,0,0,0,0,0,0,0,0,0,0
62293,2,1,1982,0,0,0,0,9,0,4,0,0,0
62294,1,1,1982,16,16,16,16,16,16,16,16,16,16
62295,0,1,1982,0,0,0,0,0,0,0,0,0,0
62295,1,1,1982,0,0,0,0,0,0,0,0,0,8
62296,1,1,1982,0,0,0,0,0,0,0,0,0,0
62297,0,1,1982,15,15,15,15,15,15,15,15,15,15
62297,1,1,1982,25,25,25,25,25,25,25,25,25,25
62298,1,1,1982,17,17,17,17,17,17,17,17,17,17
62299,0,1,1982,6,11,16,22,15,31,27,14,28,26
62299,1,1,1982,8,24,20,18,19,6,14,21,40,18
62300,1,1,1982,0,0,0,0,0,0,0,0,0,0
62300,2,1,1982,15,15,15,15,15,15,15,15,15,15
62301,1,1,1982,13,13,13,13,13,13,13,13,13,13
62301,2,1,1982,17,0,0,0,0,17,0,0,0,2
62302,1,1,1982,11,11,11,11,11,11,11,11,11,11
62303,0,1,1982,0,0,0,0,0,0,0,0,0,0
62303,1,1,1982,0,0,17,0,0,0,17,0,0,0
62304,1,1,1982,15,15,15,15,15,15,15,15,15,15
62305,1,1,1982,0,0,0,0,0,0,0,0,0,0
62306,0,1,1982,4,4,4,4,4,4,4,4,4,4
62306,1,1,1982,11,11,11,11,11,11,11,11,11,11
62307,1,1,1982,23,23,23,23,23,23,23,23,23,23
62308,0,1,1982,14,14,14,14,14,14,14,14,14,14
62308,1,1,1982,0,0,0,16,0,0,17,0,11,0
62309,0,1,1982,18,18,18,18,18,18,18,18,18,18
62309,1,1,1982,21,21,21,21,21,21,21,21,21,21
62310,1,1,1982,0,0,0,0,0,0,0,0,0,0
62310,2,1,1982,0,0,0,0,0,0,0,0,0,0
62310,3,1,1982,0,0,0,0,0,0,0,0,0,0
62311,1,1,1982,0,0,0,0,0,0,0,0,0,0
62312,1,1,1982,10,6,18,24,29,26,16,14,18,25
62313,1,1,1982,0,0,14,0,6,0,0,19,0,5
62314,1,1,1982,26,26,26,26,26,26,26,26,26,26
62315,1,1,1982,9,9,9,9,9,9,9,9,9,9
62316,0,1,1982,25,25,25,25,25,25,25,25,25,25
62316,0,2,1982,0,0,0,0,0,0,0,0,0,0
62316,1,1,1982,13,6,11,6,9,19,12,6,15,8
62317,1,1,1982,0,0,0,0,0,0,0,0,0,0
62317,2,1,1982,0,0,0,0,0,0,0,0,0,0
62318,1,1,1982,20,20,20,20,20,20,20,20,20,20
62319,0,1,1982,7,7,7,7,7,7,7,7,7,7
62319,1,1,1982,0,0,0,0,0,7,0,0,0,0
62320,1,1,1982,18,18,18,18,18,18,18,18,18,18
62321,1,1,1982,0,0,0,0,0,0,0,0,0,0
62322,1,1,1982,0,0,0,0,0,0,0,0,0,0
62323,1,1,1982,0,0,0,0,0,0,5,0,0,0
62323,2,1,1982,0,0,0,0,0,0,0,0,0,0
62324,1,1,1982,9,9,9,9,9,9,9,9,9,9
62324,2,1,1982,8,18,0,0,0,0,0,0,0,0
62325,1,1,1982,24,24,24,24,24,24,24,24,24,24
62326,1,1,1982,0,0,0,0,0,0,0,0,0,0
62326,2,1,1982,0,0,0,0,0,0,0,0,0,0
62326,3,1,1982,0,0,0,0,0,0,0,0,0,0
62327,1,1,1982,30,30,30,30,30,30,30,30,30,30
62328,1,1,1982,14,14,14,14,14,14,14,14,14,14
62329,1,1,1982,10,10,10,10,10,10,10,10,10,10
62329,2,1,1982,0,0,10,0,0,0,0,0,0,14
62330,0,1,1982,0,0,0,0,0,0,0,0,0,0
62330,1,1,1982,0,0,0,0,0,20,0,0,0,0
62331,1,1,1982,9,9,9,9,9,9,9,9,9,9
62332,1,1,1982,0,0,0,0,0,0,0,0,0,0
62333,1,1,1982,4,4,4,4,4,4,4,4,4,4
62334,1,1,1982,6,6,6,6,6,6,6,6,6,6
62335,1,1,1982,7,0,11,0,0,0,0,0,0,0
62336,1,1,1982,1,1,1,1,1,1,1,1,1,1
62336,2,1,1982,13,0,16,0,0,0,0,0,0,0
62337,0,1,1982,0,0,0,0,0,0,0,0,0,0
62337,1,1,1982,11,11,11,11,11,11,11,11,11,11
62338,1,1,1982,10,10,10,10,10,10,10,10,10,10
62339,1,1,1982,13,13,13,13,13,13,13,13,13,13
62339,2,1,1982,14,0,0,0,0,0,0,0,0,19
62340,1,1,1982,11,11,11,11,11,11,11,11,11,11
62341,1,1,1982,0,0,12,0,0,0,0,17,0,0
62341,2,1,1982,0,0,0,0,0,0,0,0,0,0
62342,1,1,1982,18,18,18,18,18,18,18,18,18,18
62343,1,1,1982,18,18,18,18,18,18,18,18,18,18
62344,1,1,1982,19,29,0,10,24,0,19,9,21,40
62345,1,1,1982,2,4,7,9,13,16,14,9,5,23
62345,2,1,1982,0,0,0,0,0,0,0,0,0,0
62346,1,1,1982,10,10,31,11,21,23,26,44,19,12
62347,1,1,1982,0,0,0,0,0,0,0,0,0,0
62348,1,1,1982,14,14,14,14,14,14,14,14,14,14
62349,1,1,1982,10,10,10,10,10,10,10,10,10,10
62349,2,1,1982,0,0,0,0,0,0,0,0,0,0
62349,3,1,1982,21,12,25,5,19,18,21,23,18,11
62349,4,1,1982,0,0,13,0,0,0,0,0,0,0
62350,1,1,1982,0,0,0,0,0,0,0,0,0,0
62350,2,1,1982,16,10,7,0,13,15,25,37,6,5
62351,1,1,1982,6,6,6,6,6,6,6,6,6,6
62351,2,1,1982,19,0,0,19,27,0,13,20,0,0
62352,1,1,1982,7,7,7,7,7,7,7,7,7,7
62353,1,1,1982,9,9,9,9,9,9,9,9,9,9
62354,1,1,1982,0,0,8,3,0,0,0,7,10,0
62355,1,1,1982,9,9,9,9,9,9,9,9,9,9
62356,0,1,1982,0,0,0,0,0,0,0,0,0,0
62356,1,1,1982,19,14,4,13,23,15,21,12,15,16
62357,1,1,1982,13,13,13,13,13,13,13,13,13,13
62358,1,1,1982,5,5,5,5,5,5,5,5,5,5
62358,2,1,1982,0,0,0,0,7,0,0,0,0,0
62359,0,1,1982,16,16,16,16,16,16,16,16,16,16
62359,1,1,1982,0,0,0,0,0,0,0,0,0,27
62360,1,1,1982,18,18,18,18,18,18,18,18,18,18
62361,1,1,1982,17,17,17,17,17,17,17,17,17,17
62361,2,1,1982,0,0,0,0,0,0,0,0,0,0
62362,1,1,1982,0,0,0,0,0,0,4,0,0,0
62363,1,1,1982,7,7,7,7,7,7,7,7,7,7
62364,1,1,1982,15,21,17,0,0,19,0,15,0,26
62364,2,1,1982,0,0,0,0,0,0,0,0,0,0
62365,1,1,1982,11,16,12,10,18,15,3,12,22,0
62365,2,1,1982,0,0,0,0,3,0,0,0,0,0
62365,3,1,1982,0,0,0,0,0,0,0,0,0,0
62366,0,1,1982,24,24,24,24,24,24,24,24,24,24
62366,1,1,1982,0,0,0,14,24,0,0,0,0,0
62367,0,1,1982,0,0,0,0,0,0,0,0,0,0
62367,1,1,1982,0,13,6,0,0,0,0,0,0,12
62368,1,1,1982,0,0,0,0,0,0,0,0,0,0
62369,1,1,1982,0,0,0,0,0,0,0,0,0,0
62369,2,1,1982,0,0,0,0,0,0,0,0,0,0
62369,3,1,1982,0,0,0,0,0,0,0,0,0,0
62370,1,1,1982,10,0,6,16,0,14,0,36,19,13
62371,1,1,1982,0,0,0,0,0,0,0,0,0,0
62372,1,1,1982,24,24,24,24,24,24,24,24,24,24
62372,2,1,1982,0,0,0,0,0,0,0,0,0,0
62373,1,1,1982,10,10,10,10,10,10,10,10,10,10
62374,1,1,1982,14,14,14,14,14,14,14,14,14,14
62374,2,1,1982,0,0,0,0,0,0,0,0,0,0
62375,1,1,1982,7,10,21,8,21,19,0,8,21,5
62376,1,1,1982,24,24,24,24,24,24,24,24,24,24
62377,1,1,1982,27,27,27,27,27,27,27,27,27,27
62378,0,1,1982,0,0,0,0,0,0,0,0,0,0
62378,1,1,1982,18,0,0,0,0,0,0,0,15,0
62379,1,1,1982,15,15,15,15,15,15,15,15,15,15
62380,0,1,1982,0,0,0,0,0,0,0,0,0,0
62380,1,1,1982,0,0,0,0,0,0,0,0,0,0
62381,0,1,1982,13,13,13,13,13,13,13,13,13,13
62381,1,1,1982,0,0,0,0,0,0,0,8,0,0
62382,1,1,1982,0,0,0,0,0,0,0,0,0,0
62382,2,1,1982,0,0,0,0,0,0,0,0,0,0
62383,2,1,1982,0,0,0,0,0,0,0,0,0,0
62384,1,1,1982,0,0,0,0,0,0,0,0,0,0
62384,2,1,1982,0,0,0,0,0,0,0,0,0,0
62385,1,1,1982,21,21,21,21,21,21,21,21,21,21
62385,2,1,1982,0,0,0,0,0,0,0,0,0,0
62386,1,1,1982,13,13,13,13,13,13,13,13,13,13
62386,2,1,1982,21,23,15,19,7,21,0,6,12,10
62387,1,1,1982,23,23,23,23,23,23,23,23,23,23
62388,1,1,1982,15,15,15,15,15,15,15,15,15,15
62389,1,1,1982,0,0,0,0,0,0,0,0,0,0
62389,2,1,1982,0,0,0,5,0,0,15,0,0,0
62390,0,1,1982,0,0,0,16,0,0,0,0,0,0
62390,1,1,1982,0,0,0,0,0,0,0,0,0,0
62391,0,1,1982,0,0,0,0,0,0,0,0,0,0
62391,1,1,1982,0,0,0,0,0,0,0,0,0,0
62392,1,1,1982,11,11,11,11,11,11,11,11,11,11
62392,2,1,1982,0,0,0,0,0,0,0,10,0,0
62392,3,1,1982,0,0,13,0,0,0,0,0,0,0
62393,0,1,1982,0,0,34,0,15,9,0,7,12,0
62393,1,1,1982,7,7,7,7,7,7,7,7,7,7
62394,1,1,1982,0,0,0,0,0,0,0,0,0,0
62395,1,1,1982,31,31,31,31,31,31,31,31,31,31
62396,1,1,1982,0,0,0,0,0,0,0,0,0,0
62396,2,1,1982,0,0,0,0,0,0,0,0,0,0
62397,1,1,1982,13,13,13,13,13,13,13,13,13,13
62398,1,1,1982,22,22,22,22,22,22,22,22,22,22
62399,1,1,1982,0,0,0,0,0,0,0,0,0,0
62400,1,1,1982,0,0,0,0,0,0,12,0,0,0
62401,0,1,1982,0,0,0,0,0,0,0,0,0,0
62401,1,1,1982,0,0,0,0,0,0,0,0,0,0
62402,1,1,1982,11,11,11,11,11,11,11,11,11,11
62403,1,1,1982,7,7,7,7,7,7,7,7,7,7
62403,2,1,1982,0,0,0,0,0,0,0,0,0,0
62404,1,1,1982,0,0,0,0,0,0,0,0,0,0
62404,2,1,1982,0,15,22,0,17,14,0,0,0,13
62405,1,1,1982,29,29,29,29,29,29,29,29,29,29
62406,1,1,1982,8,8,8,8,8,8,8,8,8,8
62407,1,1,1982,0,22,0,0,12,0,0,0,0,0
62407,2,1,1982,5,5,5,5,5,5,5,5,5,5
62408,0,1,1982,0,0,0,0,0,0,0,0,0,0
62408,1,1,1982,0,0,0,0,0,0,0,0,0,0
62409,1,1,1982,14,14,14,14,14,14,14,14,14,14
62410,1,1,1982,25,25,25,25,25,25,25,25,25,25
62411,1,1,1982,0,3,0,29,19,8,14,9,4,0
62411,2,1,1982,0,0,0,0,0,0,0,0,0,0
62412,1,1,1982,24,24,24,24,24,24,24,24,24,24
62412,2,1,1982,18,13,18,0,7,5,0,28,7,9
62413,1,1,1982,21,21,21,21,21,21,21,21,21,21
62414,1,1,1982,6,6,6,6,6,6,6,6,6,6
62415,1,1,1982,29,29,29,29,29,29,29,29,29,29
62416,0,1,1982,13,20,17,16,23,0,41,15,10,9
62416,1,1,1982,0,0,0,0,0,6,0,0,0,18
62417,1,1,1982,0,0,0,0,0,0,0,0,0,0
62418,1,1,1982,0,0,13,11,0,0,0,0,13,11
62418,2,1,1982,0,0,0,0,0,0,0,0,0,0
62419,1,1,1982,0,0,0,14,0,0,0,0,0,0
62420,1,1,1982,3,3,3,3,3,3,3,3,3,3
62421,1,4,1982,0,0,0,0,0,0,0,0,0,0
62422,1,1,1982,12,10,10,17,8,9,33,18,22,0
62422,2,1,1982,0,0,0,0,0,0,0,0,0,0
62423,0,1,1982,20,0,0,20,28,42,21,33,16,8
62423,1,1,1982,0,0,0,0,0,12,23,21,0,0
62424,1,1,1982,0,26,14,13,18,0,20,0,15,16
62424,2,1,1982,0,2,16,7,0,13,0,0,6,0
62425,0,1,1982,0,0,0,0,0,0,0,0,0,0
62425,1,1,1982,0,0,0,0,0,0,0,0,0,0
62426,1,1,1982,14,14,14,14,14,14,14,14,14,14
62427,1,1,1982,18,18,18,18,18,18,18,18,18,18
62427,2,1,1982,0,0,0,0,0,0,0,0,0,0
62428,1,1,1982,15,15,15,15,15,15,15,15,15,15
62428,2,1,1982,2,2,2,2,2,2,2,2,2,2
62429,1,1,1982,0,0,0,0,0,0,0,0,0,0
62429,2,1,1982,0,0,0,0,0,0,0,0,0,0
62430,1,1,1982,0,0,0,0,0,0,0,0,0,0
62431,1,1,1982,0,0,0,0,0,0,0,0,0,0
62431,2,1,1982,0,0,0,0,0,0,0,2,0,0
62431,3,1,1982,0,0,0,0,0,0,0,0,0,0
62432,0,1,1982,0,0,0,0,0,0,0,0,0,0
62432,1,1,1982,28,28,28,28,28,28,28,28,28,28
62433,0,1,1982,0,0,0,0,0,0,0,0,0,0
62433,1,1,1982,0,0,0,0,0,0,0,0,0,0
62433,2,1,1982,0,0,0,0,0,0,12,0,0,0
62434,1,1,1982,21,21,21,21,21,21,21,21,21,21
62435,1,1,1982,0,0,0,0,0,0,0,0,0,0
62436,1,1,1982,0,0,0,0,0,0,0,0,0,0
62436,2,1,1982,0,0,0,25,0,0,13,0,0,0
62437,1,1,1982,5,5,5,5,5,5,5,5,5,5
62438,1,1,1982,0,0,0,0,0,0,0,0,0,0
62438,2,1,1982,11,0,0,0,0,0,0,0,0,0
62439,1,1,1982,33,33,33,33,33,33,33,33,33,33
62440,1,1,1982,6,6,6,6,6,6,6,6,6,6
62440,2,1,1982,0,0,0,0,9,0,0,1,0,0
62441,1,1,1982,0,0,0,0,0,0,0,0,0,0
62441,2,1,1982,0,0,10,0,45,0,0,3,0,0
62442,1,1,1982,20,20,20,20,20,20,20,20,20,20
62443,1,1,1982,16,16,16,16,16,16,16,16,16,16
62443,2,1,1982,25,17,2,12,23,23,11,12,27,13
62444,1,1,1982,0,0,0,0,0,0,0,0,0,0
62444,2,1,1982,0,0,0,0,0,0,0,0,0,0
62445,1,1,1982,23,0,0,0,0,0,0,0,0,0
62445,2,1,1982,6,6,6,6,6,6,6,6,6,6
62446,1,1,1982,5,5,5,5,5,5,5,5,5,5
62447,1,1,1982,10,0,0,9,0,11,25,6,0,0
62448,1,1,1982,0,27,16,0,0,29,0,10,26,0
62449,1,1,1982,13,13,13,13,13,13,13,13,13,13
62449,2,1,1982,2,7,12,0,10,5,0,0,19,17
62449,3,1,1982,0,0,0,0,0,0,0,0,0,0
62450,1,1,1982,18,18,18,18,18,18,18,18,18,18
62451,1,1,1982,18,18,18,18,18,18,18,18,18,18
62452,1,1,1982,3,0,15,11,0,24,5,0,0,9
62452,2,1,1982,0,0,0,0,0,0,0,0,0,0
62453,1,1,1982,0,0,0,0,0,0,0,0,0,0
62453,2,1,1982,0,0,0,0,0,0,0,0,0,0
62454,1,1,1982,15,15,15,15,15,15,15,15,15,15
62455,1,1,1982,42,42,42,42,42,42,42,42,42,42
62455,2,1,1982,10,10,10,10,10,10,10,10,10,10
62456,1,1,1982,0,0,0,0,0,0,0,0,0,0
62457,1,1,1982,15,15,15,15,15,15,15,15,15,15
62458,1,1,1982,0,0,0,0,0,0,0,0,0,0
62459,1,1,1982,0,0,0,0,0,0,0,0,0,0
62460,1,1,1982,0,0,0,0,0,0,0,0,0,0
62460,2,1,1982,0,0,0,0,0,0,0,0,0,0
62460,3,1,1982,0,0,0,0,0,0,0,0,0,0
62461,0,1,1982,39,39,39,39,39,39,39,39,39,39
62461,1,1,1982,0,0,0,0,0,0,0,0,0,0
62462,0,1,1982,0,0,0,0,0,0,0,0,0,0
62462,1,1,1982,0,0,0,0,0,0,0,0,0,0
62463,1,1,1982,0,0,0,0,0,0,0,0,0,0
62463,2,1,1982,0,0,0,0,0,0,0,0,0,0
62464,1,1,1982,0,0,0,0,0,0,0,0,0,0
62464,2,1,1982,0,0,0,0,0,0,0,0,0,8
62465,1,1,1982,20,20,20,20,20,20,20,20,20,20
62466,0,1,1982,0,0,0,0,0,0,0,0,0,0
62466,1,1,1982,0,0,0,0,0,0,0,0,0,0
62467,1,1,1982,13,13,13,13,13,13,13,13,13,13
62468,1,1,1982,8,0,0,0,17,0,0,0,0,6
62468,3,1,1982,0,0,16,0,0,0,0,0,0,0
62469,1,1,1982,3,3,3,3,3,3,3,3,3,3
62470,1,1,1982,0,0,0,0,0,0,0,0,0,0
62470,2,1,1982,0,0,0,0,0,0,0,0,0,3
62471,1,1,1982,0,0,0,0,0,0,0,0,0,0
62471,2,1,1982,0,0,0,0,0,0,0,0,0,0
62472,1,1,1982,0,0,0,0,0,0,0,0,0,0
62472,2,1,1982,0,0,0,0,0,0,0,0,0,0
62472,3,1,1982,0,0,0,0,0,0,0,0,0,0
62473,0,1,1982,0,0,0,0,0,0,0,0,0,0
62473,1,1,1982,0,0,0,0,0,0,0,0,0,0
62474,1,1,1982,0,0,0,0,0,0,0,0,0,0
62474,2,1,1982,0,0,0,0,0,7,0,0,0,0
62475,1,1,1982,12,12,12,12,12,12,12,12,12,12
62476,1,1,1982,17,17,17,17,17,17,17,17,17,17
62477,1,1,1982,0,0,9,0,22,0,0,0,0,0
62478,1,1,1982,0,0,0,21,0,0,0,0,0,0
62478,2,1,1982,0,0,0,0,0,0,0,0,0,0
62479,1,1,1982,18,18,18,18,18,18,18,18,18,18
62479,2,1,1982,0,0,0,0,0,0,0,0,0,0
62480,1,1,1982,17,17,17,17,17,17,17,17,17,17
62481,1,1,1982,13,13,13,13,13,13,13,13,13,13
62481,2,1,1982,10,10,10,10,10,10,10,10,10,10
62482,1,1,1982,23,9,17,8,0,28,7,16,20,10
62482,2,1,1982,17,17,17,17,17,17,17,17,17,17
62483,1,1,1982,13,13,13,13,13,13,13,13,13,13
62484,1,1,1982,23,23,23,23,23,23,23,23,23,23
62484,2,1,1982,12,12,12,12,12,12,12,12,12,12
62485,1,1,1982,26,26,26,26,26,26,26,26,26,26
62485,2,1,1982,0,0,0,0,0,0,16,0,0,0
62486,1,1,1982,22,28,19,13,19,27,6,6,23,25
62487,1,1,1982,0,0,0,0,0,0,0,0,0,0
62487,2,1,1982,0,0,0,0,0,0,0,0,0,0
62488,0,1,1982,0,0,0,0,0,0,0,0,0,0
62488,1,1,1982,0,0,0,0,0,0,0,0,0,0
62489,1,1,1982,17,17,17,17,17,17,17,17,17,17
62490,1,1,1982,0,0,0,0,0,0,0,0,0,0
62490,2,1,1982,0,0,0,0,0,0,0,0,0,0
62491,1,1,1982,0,0,0,0,0,0,0,0,0,0
62491,2,1,1982,0,0,0,0,0,0,0,0,0,0
62491,3,1,1982,0,0,0,0,0,0,0,0,0,0
62492,1,1,1982,0,0,0,0,0,0,0,0,0,0
62492,2,1,1982,0,0,0,0,0,0,0,0,0,0
62493,1,1,1982,0,0,0,0,0,0,3,0,0,0
62494,0,1,1982,4,4,4,4,4,4,4,4,4,4
62494,1,1,1982,31,26,18,24,11,22,18,10,31,22
62495,0,1,1982,4,4,4,4,4,4,4,4,4,4
62495,0,2,1982,24,20,9,24,12,13,27,33,0,0
62495,0,3,1982,14,28,17,16,18,9,18,14,13,17
62495,1,1,1982,40,0,17,0,26,25,0,26,11,7
62496,1,1,1982,0,0,0,0,0,0,0,0,0,0
62497,0,1,1982,16,16,16,16,16,16,16,16,16,16
62497,1,1,1982,6,3,17,28,4,0,14,26,0,20
62498,1,1,1982,12,12,12,12,12,12,12,12,12,12
62499,1,1,1982,0,0,0,0,0,0,0,0,0,0
62499,2,1,1982,0,0,0,0,0,0,0,0,0,0