ST_CASE,VEH_NO,PER_NO,YEAR,P1,P2,P3,P4,P5,P6,P7,P8,P9,P10
62500,1,1,1982,10,10,10,10,10,10,10,10,10,10
62500,2,1,1982,0,0,0,0,0,0,0,0,0,0
62501,0,1,1982,33,29,17,20,16,34,27,25,27,22
62501,1,1,1982,0,0,0,0,0,0,0,0,0,0
62502,0,1,1982,0,0,0,0,0,0,0,0,0,0
62502,1,1,1982,0,0,0,0,15,0,0,0,0,0
62503,0,1,1982,0,0,0,0,0,0,0,0,0,0
62503,1,1,1982,0,0,0,0,0,0,0,0,0,0
62504,0,1,1982,8,8,8,8,8,8,8,8,8,8
62504,1,1,1982,0,0,0,0,0,0,0,0,0,14
62505,1,1,1982,11,8,29,26,8,12,10,0,18,11
62505,2,1,1982,0,0,0,0,0,0,0,0,0,0
62506,0,1,1982,0,0,0,0,12,0,0,0,0,0
62506,1,1,1982,0,0,0,0,0,0,0,0,0,0
62507,1,1,1982,30,30,30,30,30,30,30,30,30,30
62508,1,1,1982,0,0,0,0,0,0,0,0,0,0
62508,2,1,1982,0,0,0,0,0,0,0,0,0,0
62509,1,1,1982,0,0,0,0,0,0,0,10,0,0
62509,2,1,1982,0,0,0,0,0,0,0,0,0,0
62510,1,1,1982,0,0,0,0,0,0,0,0,0,0
62511,1,1,1982,50,50,50,50,50,50,50,50,50,50
62512,1,1,1982,0,0,0,0,0,0,0,0,0,0
62512,2,1,1982,0,0,0,0,0,0,0,0,0,0
62513,0,1,1982,0,0,0,0,0,0,0,0,0,0
62513,1,1,1982,0,0,0,0,0,0,0,0,0,0
62514,1,1,1982,0,0,0,0,0,0,0,0,0,0
62514,2,1,1982,5,27,0,0,0,0,0,0,0,0
62515,1,1,1982,11,11,11,11,11,11,11,11,11,11
62516,1,1,1982,0,0,0,0,0,0,0,0,0,0
62516,2,1,1982,0,0,0,0,0,0,0,0,0,0
62516,3,1,1982,0,0,0,0,0,0,0,0,0,0
62517,1,1,1982,0,0,0,0,0,0,0,0,0,0
62518,1,1,1982,0,0,0,0,0,0,0,0,0,0
62519,1,1,1982,16,16,16,16,16,16,16,16,16,16
62520,1,1,1982,30,30,30,30,30,30,30,30,30,30
62521,1,1,1982,0,0,0,0,0,0,0,0,0,0
62521,2,1,1982,0,0,0,0,0,0,0,0,0,0
62521,3,1,1982,0,0,0,0,0,6,0,0,0,0
62521,4,1,1982,0,0,0,0,0,0,0,0,0,0
62521,5,1,1982,0,0,0,0,0,0,0,0,0,0
62522,1,1,1982,19,19,19,19,19,19,19,19,19,19
62522,2,1,1982,16,16,16,16,16,16,16,16,16,16
62523,1,1,1982,9,9,9,9,9,9,9,9,9,9
62524,1,1,1982,21,21,21,21,21,21,21,21,21,21
62525,1,1,1982,0,0,0,0,0,0,0,0,0,0
62526,0,1,1982,0,0,0,0,0,0,0,0,0,0
62526,1,1,1982,0,0,0,0,0,0,0,0,0,0
62527,0,1,1982,0,0,0,0,0,0,0,0,0,0
62527,1,1,1982,0,0,0,0,0,0,0,0,0,0
62528,1,1,1982,0,0,0,0,0,0,10,9,0,0
62528,2,1,1982,0,0,0,0,0,0,0,0,0,0
62529,1,1,1982,0,0,0,0,0,0,0,0,0,0
62529,2,1,1982,0,0,0,0,0,0,0,0,0,0
62530,2,1,1982,19,19,19,19,19,19,19,19,19,19
62531,0,1,1982,23,23,23,23,23,23,23,23,23,23
62531,1,1,1982,0,15,0,0,0,0,0,0,0,0
62532,1,1,1982,26,26,26,26,26,26,26,26,26,26
62533,1,1,1982,6,6,6,6,6,6,6,6,6,6
62533,2,1,1982,0,0,0,0,0,0,0,5,0,0
62534,1,1,1982,0,0,0,0,0,0,0,0,0,0
62534,2,1,1982,0,0,0,0,0,0,0,0,0,0
62534,3,1,1982,0,0,0,0,0,0,0,0,0,0
62535,1,1,1982,12,12,12,12,12,12,12,12,12,12
62535,2,1,1982,0,0,0,0,0,0,0,0,4,16
62536,0,1,1982,0,0,0,0,0,0,0,0,0,0
62536,1,1,1982,0,0,0,6,14,11,0,0,0,0
62537,1,1,1982,23,23,23,23,23,23,23,23,23,23
62538,0,1,1982,32,32,32,32,32,32,32,32,32,32
62538,1,1,1982,0,0,19,0,0,0,0,0,0,0
62539,1,1,1982,0,0,0,0,0,0,0,0,0,16
62540,0,1,1982,0,0,0,0,0,0,0,0,0,0
62540,1,1,1982,0,0,0,0,0,0,0,0,0,0
62541,1,1,1982,13,13,13,13,13,13,13,13,13,13
62542,1,1,1982,11,11,11,11,11,11,11,11,11,11
62542,2,1,1982,14,0,0,8,0,0,0,0,0,0
62543,1,1,1982,14,14,14,14,14,14,14,14,14,14
62544,1,1,1982,4,4,4,4,4,4,4,4,4,4
62544,2,1,1982,10,10,10,10,10,10,10,10,10,10
62544,3,1,1982,21,19,15,12,15,0,11,15,3,14
62545,1,1,1982,22,22,22,22,22,22,22,22,22,22
62545,2,1,1982,0,0,0,12,0,0,0,0,0,0
62547,1,1,1982,0,0,0,0,0,0,0,10,0,0
62547,2,1,1982,2,2,2,2,2,2,2,2,2,2
62548,1,1,1982,19,19,19,19,19,19,19,19,19,19
62549,1,1,1982,0,0,0,0,0,0,0,0,0,0
62549,2,1,1982,0,0,0,0,0,0,0,0,0,0
62550,1,1,1982,0,0,0,0,0,0,0,0,0,0
62551,1,1,1982,0,0,0,0,0,0,0,0,0,0
62551,2,1,1982,0,0,0,0,0,0,0,0,0,0
62552,1,1,1982,0,0,0,0,0,0,0,0,0,0
62552,2,1,1982,0,0,0,0,0,0,0,0,8,0
62553,0,1,1982,0,0,0,0,0,0,0,0,0,0
62553,1,1,1982,0,0,0,0,0,0,0,18,0,17
62554,1,1,1982,0,0,0,0,0,0,0,0,0,0
62554,2,1,1982,0,0,0,0,0,0,0,0,0,0
62555,1,1,1982,16,16,16,16,16,16,16,16,16,16
62555,2,1,1982,0,0,0,0,0,0,0,9,0,0
62556,0,1,1982,28,28,28,28,28,28,28,28,28,28
62556,1,1,1982,17,17,17,17,17,17,17,17,17,17
62557,1,1,1982,20,24,9,19,6,10,13,24,11,13
62558,1,1,1982,0,0,0,0,0,0,0,0,0,0
62558,2,1,1982,0,5,0,0,0,0,0,0,0,0
62559,1,1,1982,0,0,0,0,0,0,0,0,0,0
62559,2,1,1982,0,0,0,0,0,0,0,0,0,0
62560,1,1,1982,5,5,5,5,5,5,5,5,5,5
62560,2,1,1982,0,0,0,0,0,0,0,0,0,0
62561,1,1,1982,0,0,12,0,0,0,0,0,0,0
62561,2,1,1982,0,0,0,0,0,0,0,0,0,0
62562,1,1,1982,13,13,13,13,13,13,13,13,13,13
62562,2,1,1982,14,17,3,22,15,20,21,7,11,9
62563,0,1,1982,8,8,8,8,8,8,8,8,8,8
62563,1,1,1982,0,15,0,14,0,18,0,0,0,0
62564,1,1,1982,0,0,0,0,0,0,0,0,0,0
62564,2,1,1982,0,0,0,0,0,0,0,0,0,0
62565,1,1,1982,16,16,16,16,16,16,16,16,16,16
62565,2,1,1982,0,0,0,0,0,0,0,0,0,0
62566,1,1,1982,15,15,15,15,15,15,15,15,15,15
62566,2,1,1982,3,3,3,3,3,3,3,3,3,3
62567,1,1,1982,0,0,0,0,0,0,15,0,0,0
62567,2,1,1982,0,0,0,0,0,0,0,0,0,0
62567,3,1,1982,0,0,0,0,0,0,0,0,0,0
62567,4,1,1982,0,0,0,0,0,0,0,0,0,0
62568,1,1,1982,24,24,24,24,24,24,24,24,24,24
62569,1,1,1982,15,15,15,15,15,15,15,15,15,15
62569,2,1,1982,0,0,11,0,0,0,0,0,0,0
62569,3,1,1982,0,0,0,0,0,0,0,0,0,0
62570,0,1,1982,0,0,0,0,0,0,0,0,0,0
62570,1,1,1982,4,21,0,0,0,0,0,0,0,0
62571,1,1,1982,0,0,28,6,23,0,0,0,15,17
62572,1,1,1982,15,15,15,15,15,15,15,15,15,15
62572,2,1,1982,0,0,0,0,0,0,0,0,0,0
62573,1,1,1982,27,27,27,27,27,27,27,27,27,27
62574,1,1,1982,16,16,16,16,16,16,16,16,16,16
62575,1,1,1982,10,10,10,10,10,10,10,10,10,10
62576,1,1,1982,16,18,0,20,22,0,11,22,0,0
62577,1,1,1982,13,13,13,13,13,13,13,13,13,13
62577,2,1,1982,0,0,0,0,0,0,0,0,0,0
62578,1,1,1982,0,27,25,26,17,11,0,0,10,12
62578,2,1,1982,0,0,0,0,0,0,0,0,0,0
62579,1,1,1982,18,18,18,18,18,18,18,18,18,18
62580,1,1,1982,13,19,9,8,15,14,24,17,8,9
62581,1,1,1982,0,0,0,0,0,0,0,0,0,0
62581,2,1,1982,0,0,0,0,0,0,0,17,0,0
62582,1,1,1982,21,21,21,21,21,21,21,21,21,21
62583,1,1,1982,0,0,0,0,0,0,0,0,0,0
62583,2,1,1982,0,0,0,0,0,0,0,0,0,0
62584,1,1,1982,0,0,0,0,0,0,0,0,0,0
62584,2,1,1982,0,0,0,0,0,0,0,0,0,0
62585,1,1,1982,21,21,21,21,21,21,21,21,21,21
62586,1,1,1982,15,15,15,15,15,15,15,15,15,15
62587,1,1,1982,0,0,0,0,0,0,0,0,0,0
62588,0,1,1982,0,0,0,0,0,0,0,0,0,0
62588,1,1,1982,30,22,13,18,17,8,7,12,16,19
62589,1,1,1982,13,13,13,13,13,13,13,13,13,13
62590,0,1,1982,0,0,0,0,0,0,0,0,0,0
62590,1,1,1982,0,0,0,0,0,0,0,0,16,0
62591,1,1,1982,0,0,0,0,0,0,0,0,0,0
62591,2,1,1982,17,17,17,17,17,17,17,17,17,17
62592,0,1,1982,17,17,17,17,17,17,17,17,17,17
62592,1,1,1982,0,10,0,0,0,0,0,6,0,12
62593,1,1,1982,19,19,19,19,19,19,19,19,19,19
62594,1,1,1982,20,20,20,20,20,20,20,20,20,20
62595,1,1,1982,9,9,9,9,9,9,9,9,9,9
62595,2,1,1982,0,0,0,0,0,0,0,0,0,0
62596,1,1,1982,0,0,0,0,0,0,0,0,0,0
62596,2,1,1982,0,0,0,0,0,0,0,0,0,0
62597,1,1,1982,0,0,0,0,0,0,0,0,0,0
62597,2,1,1982,0,0,0,0,0,0,0,0,0,0
62598,1,1,1982,0,0,0,0,0,0,0,0,0,0
62599,0,1,1982,0,0,0,0,0,0,0,0,0,0
62599,1,1,1982,16,0,0,0,0,22,0,0,0,0
62600,1,1,1982,16,16,16,16,16,16,16,16,16,16
62600,2,1,1982,0,0,0,0,0,0,0,0,0,0
62601,1,1,1982,0,0,0,0,0,0,0,0,0,0
62602,1,1,1982,0,0,0,0,0,0,0,0,0,0
62602,2,1,1982,0,0,0,0,0,0,0,0,0,0
62603,1,1,1982,0,0,0,0,0,0,0,0,0,0
62603,2,1,1982,0,0,0,0,0,0,0,0,0,0
62604,1,1,1982,19,19,19,19,19,19,19,19,19,19
62604,2,1,1982,0,0,0,0,0,0,0,0,0,0
62605,1,1,1982,15,15,15,15,15,15,15,15,15,15
62606,0,1,1982,0,0,0,0,0,0,0,0,0,0
62606,1,1,1982,0,0,0,0,0,0,0,0,0,0
62607,1,1,1982,0,0,0,0,0,0,0,0,0,0
62608,0,1,1982,25,25,25,25,25,25,25,25,25,25
62608,1,1,1982,0,0,0,0,0,0,13,0,0,0
62609,1,1,1982,0,0,0,0,19,10,0,0,0,13
62609,2,1,1982,0,0,0,0,0,0,0,0,0,0
62610,0,1,1982,0,0,0,0,0,0,0,0,0,0
62610,1,1,1982,0,0,0,0,0,0,0,0,0,0
62611,1,1,1982,0,0,4,0,0,24,3,0,0,0
62611,2,1,1982,23,23,23,23,23,23,23,23,23,23
62612,1,1,1982,0,0,0,0,0,13,0,0,0,0
62612,2,1,1982,6,6,6,6,6,6,6,6,6,6
62613,1,1,1982,13,13,13,13,13,13,13,13,13,13
62614,0,1,1982,0,8,20,0,24,0,0,0,0,25
62614,0,2,1982,0,19,0,22,17,0,0,0,0,0
62614,1,1,1982,0,0,0,0,0,0,0,0,0,0
62615,1,1,1982,0,0,10,0,0,0,0,7,0,0
62616,1,1,1982,0,0,0,0,0,0,0,0,0,0
62617,1,1,1982,4,4,4,4,4,4,4,4,4,4
62617,2,1,1982,17,17,17,17,17,17,17,17,17,17
62617,3,1,1982,11,16,0,0,0,0,0,0,0,0
62617,4,1,1982,8,0,14,0,0,0,10,0,0,0
62618,1,1,1982,0,0,0,0,0,0,0,0,0,0
62618,2,1,1982,0,0,0,0,0,6,0,0,0,0
62618,3,1,1982,0,0,0,0,0,0,0,0,0,0
62619,1,1,1982,6,6,6,6,6,6,6,6,6,6
62620,1,1,1982,15,15,15,15,15,15,15,15,15,15
62620,2,1,1982,0,0,0,0,0,0,0,0,0,0
62621,1,1,1982,25,25,25,25,25,25,25,25,25,25
62622,1,1,1982,15,15,15,15,15,15,15,15,15,15
62623,1,1,1982,0,0,0,0,0,0,0,0,0,0
62624,1,1,1982,0,0,0,0,0,0,0,0,0,0
62624,2,1,1982,0,0,0,0,0,0,0,0,7,0
62624,3,1,1982,0,0,0,0,0,0,0,0,0,0
62625,1,1,1982,18,18,18,18,18,18,18,18,18,18
62626,1,1,1982,4,4,4,4,4,4,4,4,4,4
62626,2,1,1982,0,0,0,0,0,0,0,0,0,0
62627,1,1,1982,4,4,4,4,4,4,4,4,4,4
62627,2,1,1982,0,0,0,0,0,0,0,0,0,0
62628,1,1,1982,18,18,18,18,18,18,18,18,18,18
62629,1,1,1982,15,15,15,15,15,15,15,15,15,15
62630,0,1,1982,0,0,0,0,0,0,0,0,0,0
62630,0,2,1982,0,0,0,13,24,0,0,20,0,17
62630,0,3,1982,0,0,0,0,0,0,0,0,0,0
62630,1,1,1982,6,12,0,21,0,14,13,5,12,21
62631,1,1,1982,12,0,0,8,11,24,3,17,11,28
62632,1,1,1982,0,0,0,0,0,0,0,0,0,0
62632,2,1,1982,0,0,0,0,0,0,0,0,0,0
62632,3,1,1982,0,0,0,0,0,12,0,0,0,0
62633,1,1,1982,19,19,19,19,19,19,19,19,19,19
62634,1,1,1982,6,6,6,6,6,6,6,6,6,6
62635,1,1,1982,0,7,0,0,0,0,0,0,0,0
62635,2,1,1982,0,0,0,0,0,0,0,0,0,0
62636,1,1,1982,0,0,0,0,0,0,18,0,0,0
62636,2,1,1982,0,0,0,0,0,0,0,0,0,0
62637,1,1,1982,21,21,21,21,21,21,21,21,21,21
62638,0,1,1982,0,0,0,0,0,0,0,0,0,0
62638,1,1,1982,0,0,0,0,0,0,0,0,0,0
62639,0,1,1982,0,0,0,0,0,0,0,0,0,0
62639,1,1,1982,0,0,0,0,0,0,0,0,0,0
62640,1,1,1982,9,9,9,9,9,9,9,9,9,9
62640,2,1,1982,0,0,0,0,0,0,0,0,0,0
62641,0,1,1982,0,0,0,0,0,0,0,0,0,0
62641,1,1,1982,0,9,18,0,0,26,0,18,7,21
62642,1,1,1982,0,0,0,0,0,0,0,0,0,0
62643,1,1,1982,2,2,2,2,2,2,2,2,2,2
62644,1,1,1982,24,24,24,24,24,24,24,24,24,24
62644,2,1,1982,0,0,0,0,0,0,0,0,0,0
62645,1,1,1982,0,0,0,0,0,0,0,0,0,0
62645,2,1,1982,0,0,0,0,0,0,0,0,0,0
62645,3,1,1982,0,0,0,0,0,0,0,0,0,0
62645,4,1,1982,20,0,0,0,0,0,0,0,0,0
62646,0,1,1982,0,0,0,0,0,0,0,0,0,0
62646,1,1,1982,0,0,0,0,0,0,0,0,0,0
62647,1,1,1982,19,19,19,19,19,19,19,19,19,19
62647,2,1,1982,6,0,0,0,0,0,0,0,0,0
62648,0,1,1982,23,23,23,23,23,23,23,23,23,23
62648,1,1,1982,19,11,0,8,4,35,25,14,21,0
62649,1,1,1982,0,0,0,0,3,0,0,9,12,0
62649,2,1,1982,0,0,0,0,0,0,0,0,0,0
62650,1,1,1982,0,16,0,0,0,0,0,0,0,0
62650,2,1,1982,0,0,0,0,0,0,9,0,0,0
62651,1,1,1982,0,0,0,0,0,0,0,0,0,0
62651,2,1,1982,0,0,0,0,0,0,17,0,0,0
62652,1,1,1982,0,0,0,0,0,0,0,0,0,0
62652,2,1,1982,0,0,0,0,0,0,0,0,0,0
62653,1,1,1982,0,0,0,0,0,0,0,0,0,0
62654,0,1,1982,15,15,15,15,15,15,15,15,15,15
62654,1,1,1982,0,0,0,0,0,0,0,0,0,0
62655,1,4,1982,0,0,5,0,0,0,0,0,0,0
62656,0,1,1982,0,0,0,0,0,0,0,0,0,0
62656,1,1,1982,14,0,0,0,0,0,0,0,0,0
62657,1,1,1982,7,8,14,5,6,12,27,10,5,14
62658,1,1,1982,0,0,0,0,0,0,0,0,0,0
62658,2,1,1982,4,4,4,4,4,4,4,4,4,4
62659,1,1,1982,13,13,13,13,13,13,13,13,13,13
62660,1,1,1982,0,0,0,0,0,0,0,0,0,0
62661,0,1,1982,32,0,31,17,0,0,0,25,0,0
62661,1,1,1982,0,0,0,0,0,0,0,0,0,0
62662,1,1,1982,36,36,36,36,36,36,36,36,36,36
62663,1,1,1982,0,0,10,0,0,0,0,0,0,0
62664,0,1,1982,37,37,37,37,37,37,37,37,37,37
62664,1,1,1982,0,0,0,0,0,0,0,0,0,0
62664,2,1,1982,0,0,0,0,0,0,0,0,0,0
62665,1,1,1982,14,14,14,14,14,14,14,14,14,14
62665,2,1,1982,0,0,0,0,0,0,0,0,0,0
62666,1,1,1982,0,0,0,0,0,0,0,9,0,0
62666,2,1,1982,8,8,8,8,8,8,8,8,8,8
62667,1,1,1982,7,7,7,7,7,7,7,7,7,7
62668,1,1,1982,20,20,20,20,20,20,20,20,20,20
62669,1,1,1982,28,28,28,28,28,28,28,28,28,28
62670,1,1,1982,0,0,0,0,0,0,0,0,0,0
62671,1,1,1982,0,0,0,0,0,0,0,0,0,3
62671,2,1,1982,0,0,0,0,0,0,10,0,0,0
62671,3,1,1982,14,26,11,15,21,26,11,11,0,5
62672,0,1,1982,0,0,0,0,0,0,0,0,0,0
62672,1,1,1982,0,0,0,0,0,0,0,0,0,0
62673,1,1,1982,0,0,0,0,0,0,0,0,0,0
62674,0,1,1982,0,0,0,0,0,2,0,0,0,0
62674,1,1,1982,24,24,24,24,24,24,24,24,24,24
62674,2,1,1982,0,0,0,0,0,0,0,0,0,0
62675,1,1,1982,0,0,0,0,0,0,0,0,0,0
62675,2,1,1982,16,16,16,16,16,16,16,16,16,16
62676,1,1,1982,0,15,26,0,0,0,0,0,0,0
62677,1,1,1982,9,9,9,9,9,9,9,9,9,9
62678,0,1,1982,0,0,0,0,0,0,0,0,0,0
62678,1,1,1982,14,7,10,11,0,18,20,7,20,37
62679,1,1,1982,18,18,18,18,18,18,18,18,18,18
62680,1,1,1982,9,9,9,9,9,9,9,9,9,9
62681,0,1,1982,0,6,0,15,0,12,0,0,0,5
62681,0,2,1982,0,0,0,0,11,19,20,0,0,0
62681,1,1,1982,0,0,0,0,0,0,0,0,0,0
62682,1,1,1982,17,17,17,17,17,17,17,17,17,17
62683,1,1,1982,13,13,13,13,13,13,13,13,13,13
62684,1,1,1982,15,15,15,15,15,15,15,15,15,15
62685,1,1,1982,0,0,0,0,0,0,0,0,0,0
62685,2,1,1982,0,0,0,0,0,0,0,0,0,0
62686,0,1,1982,7,7,7,7,7,7,7,7,7,7
62686,1,1,1982,51,0,24,16,0,0,0,0,0,19
62687,1,1,1982,0,0,0,0,0,0,0,0,0,0
62688,1,1,1982,18,18,18,18,18,18,18,18,18,18
62689,1,1,1982,0,0,0,0,0,0,0,0,0,0
62690,1,1,1982,21,21,21,21,21,21,21,21,21,21
62691,0,1,1982,0,0,0,0,0,0,0,0,0,0
62691,1,1,1982,14,14,14,14,14,14,14,14,14,14
62692,1,1,1982,0,0,0,0,0,0,0,0,0,0
62692,2,1,1982,0,0,0,0,0,0,0,0,0,0
62693,1,1,1982,11,11,11,11,11,11,11,11,11,11
62694,1,1,1982,20,20,20,20,20,20,20,20,20,20
62695,1,1,1982,20,12,17,15,22,0,0,7,7,0
62695,2,1,1982,8,8,8,8,8,8,8,8,8,8
62696,0,1,1982,0,0,0,0,0,0,0,0,0,0
62696,1,1,1982,0,0,0,0,0,12,0,14,13,0
62696,2,1,1982,0,0,0,0,0,0,0,0,0,0
62697,1,1,1982,11,11,11,11,11,11,11,11,11,11
62697,2,1,1982,1,1,1,1,1,1,1,1,1,1
62698,1,1,1982,0,0,0,0,0,0,0,0,0,0
62699,1,1,1982,0,0,0,0,0,0,0,0,0,0
62699,2,1,1982,0,0,0,0,0,0,0,0,33,0
62700,1,1,1982,0,22,7,39,4,0,22,2,28,20
62700,2,1,1982,0,0,0,0,0,0,0,0,0,0
62701,1,1,1982,26,26,26,26,26,26,26,26,26,26
62702,1,1,1982,20,20,20,20,20,20,20,20,20,20
62702,2,1,1982,0,0,0,0,0,0,0,0,0,0
62703,1,1,1982,0,0,0,0,0,0,0,0,0,0
62703,2,1,1982,0,0,14,0,10,0,0,16,11,0
62704,1,1,1982,0,0,0,0,0,0,0,6,0,0
62704,2,1,1982,0,18,0,19,7,0,16,0,0,9
62705,1,1,1982,22,17,19,15,24,2,25,12,22,31
62706,0,1,1982,22,22,22,22,22,22,22,22,22,22
62706,1,1,1982,0,0,0,0,0,0,0,0,0,0
62707,1,1,1982,0,0,0,0,0,0,0,0,0,0
62707,2,1,1982,0,0,0,0,0,0,0,0,9,0
62708,1,1,1982,13,13,13,13,13,13,13,13,13,13
62709,1,1,1982,0,0,0,0,0,0,0,0,0,0
62709,2,1,1982,0,0,0,0,0,0,0,0,0,0
62710,1,1,1982,0,0,0,0,0,0,0,0,0,0
62711,1,1,1982,21,21,21,21,21,21,21,21,21,21
62711,2,1,1982,0,0,0,0,0,0,0,0,0,0
62711,3,1,1982,0,0,6,0,0,10,5,15,6,0
62712,1,1,1982,6,6,6,6,6,6,6,6,6,6
62713,0,1,1982,9,9,9,9,9,9,9,9,9,9
62713,1,1,1982,3,3,3,3,3,3,3,3,3,3
62714,1,1,1982,9,17,16,0,0,19,0,0,0,0
62715,1,1,1982,21,21,21,21,21,21,21,21,21,21
62715,2,1,1982,0,0,0,0,0,0,0,0,0,0
62716,1,1,1982,0,0,0,0,0,0,0,0,0,0
62717,0,1,1982,10,10,10,10,10,10,10,10,10,10
62717,1,1,1982,0,0,0,0,0,0,0,0,0,0
62718,0,1,1982,0,0,0,0,0,0,0,0,0,0
62718,1,1,1982,5,5,5,5,5,5,5,5,5,5
62719,1,1,1982,15,15,15,15,15,15,15,15,15,15
62720,0,1,1982,0,0,0,0,0,0,0,0,0,0
62720,1,1,1982,0,0,0,0,0,0,0,0,0,0
62721,1,1,1982,10,19,37,13,8,37,27,33,31,17
62722,1,1,1982,16,16,16,16,16,16,16,16,16,16
62723,1,1,1982,5,5,5,5,5,5,5,5,5,5
62723,2,1,1982,0,0,0,0,0,0,0,0,0,0
62724,1,1,1982,0,0,0,0,0,0,0,0,0,0
62725,1,1,1982,0,0,0,0,0,0,0,0,0,0
62725,2,1,1982,0,17,0,25,0,0,0,5,0,4
62726,0,1,1982,0,0,0,0,0,0,0,0,0,0
62726,0,2,1982,0,0,0,0,0,0,0,0,0,0
62726,1,1,1982,17,17,17,17,17,17,17,17,17,17
62727,1,1,1982,0,0,0,0,0,0,0,0,0,0
62727,2,1,1982,0,0,0,0,6,6,0,0,14,0
62728,1,1,1982,0,0,0,0,0,0,8,0,0,0
62728,2,1,1982,0,0,0,0,0,0,0,0,0,0
62728,3,1,1982,19,0,0,0,0,15,0,0,0,0
62729,1,1,1982,0,0,0,0,0,0,17,8,0,18
62729,2,1,1982,0,0,0,0,0,0,0,0,0,0
62730,1,1,1982,4,4,4,4,4,4,4,4,4,4
62731,1,1,1982,20,20,20,20,20,20,20,20,20,20
62732,1,1,1982,0,0,0,0,0,0,0,0,0,0
62733,1,1,1982,0,0,0,0,0,0,0,0,0,0
62734,0,1,1982,12,12,12,12,12,12,12,12,12,12
62734,1,1,1982,0,0,4,0,0,0,0,0,0,0
62735,1,1,1982,27,27,27,27,27,27,27,27,27,27
62736,1,1,1982,13,13,13,13,13,13,13,13,13,13
62737,1,1,1982,0,0,0,0,0,0,0,0,0,0
62737,2,1,1982,0,0,0,0,0,0,0,0,0,0
62738,1,1,1982,0,0,0,0,0,0,0,0,0,0
62739,1,1,1982,19,19,19,19,19,19,19,19,19,19
62739,2,1,1982,0,0,0,0,0,0,0,0,0,0
62740,0,1,1982,0,0,0,0,0,0,0,0,0,0
62740,1,1,1982,0,0,0,0,0,0,0,0,0,0
62741,1,1,1982,20,20,20,20,20,20,20,20,20,20
62742,1,1,1982,0,0,0,0,0,0,0,2,0,0
62742,2,1,1982,7,7,7,7,7,7,7,7,7,7
62743,1,1,1982,24,24,24,24,24,24,24,24,24,24
62744,0,1,1982,0,0,0,0,0,0,0,0,0,0
62744,1,1,1982,0,0,0,0,0,0,0,0,0,0
62745,1,1,1982,0,0,0,0,0,0,0,0,0,0
62745,2,1,1982,0,0,0,0,0,0,0,0,0,0
62745,3,1,1982,0,0,0,0,0,0,0,0,0,0
62746,1,1,1982,13,13,13,13,13,13,13,13,13,13
62747,1,1,1982,7,5,14,0,0,0,0,20,0,0
62747,2,1,1982,23,23,23,23,23,23,23,23,23,23
62747,3,1,1982,6,6,6,6,6,6,6,6,6,6
62748,1,1,1982,0,0,0,0,0,0,0,0,0,0
62748,2,1,1982,0,0,0,0,0,0,0,0,0,0
62749,0,1,1982,20,20,20,20,20,20,20,20,20,20
62749,1,1,1982,9,0,4,14,0,12,0,7,12,15
62750,1,1,1982,0,0,0,0,0,0,27,0,0,0
62750,2,1,1982,0,0,0,0,0,0,0,0,0,0
62751,1,1,1982,20,20,20,20,20,20,20,20,20,20
62752,1,1,1982,4,0,14,16,20,14,0,0,0,20
62752,2,1,1982,13,0,0,0,0,0,0,6,0,0
62753,0,1,1982,0,7,0,0,0,0,0,0,0,12
62753,1,1,1982,0,0,11,0,0,0,0,0,9,0
62754,0,1,1982,0,0,0,13,0,0,0,0,0,0
62754,0,2,1982,0,0,0,0,0,0,0,0,0,0
62754,1,1,1982,0,0,0,0,0,0,0,0,0,0
62755,1,5,1982,17,17,17,17,17,17,17,17,17,17
62756,1,1,1982,0,0,0,0,0,0,0,0,0,0
62757,1,1,1982,0,0,0,0,0,0,0,0,0,0
62758,1,1,1982,27,27,27,27,27,27,27,27,27,27
62759,1,1,1982,21,21,21,21,21,21,21,21,21,21
62759,2,1,1982,0,0,12,0,0,0,0,0,0,0
62760,1,1,1982,0,0,0,0,0,0,0,0,0,0
62761,1,1,1982,19,0,0,0,0,0,8,0,0,0
62761,2,1,1982,0,0,0,0,0,0,0,0,0,0
62762,1,1,1982,11,11,11,11,11,11,11,11,11,11
62762,2,1,1982,7,25,0,0,0,0,12,0,9,0
62763,1,1,1982,0,10,0,2,0,13,12,7,6,0
62764,0,1,1982,0,0,0,0,0,0,0,0,0,0
62764,1,1,1982,0,0,0,0,0,0,0,0,0,0
62765,0,1,1982,0,0,0,0,0,0,0,0,0,0
62765,1,1,1982,0,0,0,0,0,0,0,0,0,0
62766,1,1,1982,18,18,18,18,18,18,18,18,18,18
62767,1,1,1982,2,2,2,2,2,2,2,2,2,2
62768,0,1,1982,21,21,21,21,21,21,21,21,21,21
62768,1,1,1982,15,19,22,25,10,6,21,16,17,0
62770,0,1,1982,0,0,0,0,0,0,0,0,0,0
62770,1,1,1982,0,0,0,0,0,0,0,0,0,0
62771,0,1,1982,0,0,0,0,0,0,0,0,0,0
62771,1,1,1982,20,20,20,20,20,20,20,20,20,20
62772,1,1,1982,0,0,0,0,0,0,0,0,0,0
62773,1,1,1982,13,13,13,13,13,13,13,13,13,13
62773,2,1,1982,0,8,0,0,0,0,0,0,0,0
62774,1,1,1982,0,0,0,0,0,0,0,0,0,0
62774,2,1,1982,0,0,0,0,0,0,0,0,0,0