ST_CASE,VEH_NO,PER_NO,YEAR,P1,P2,P3,P4,P5,P6,P7,P8,P9,P10
62775,1,1,1982,20,17,4,11,18,20,8,22,13,14
62776,1,1,1982,13,13,13,13,13,13,13,13,13,13
62776,2,1,1982,0,0,0,0,0,0,0,0,0,0
62777,1,1,1982,16,16,16,16,16,16,16,16,16,16
62778,1,1,1982,0,0,0,0,0,0,0,0,0,0
62778,2,1,1982,0,0,0,0,0,0,0,0,0,0
62779,1,1,1982,0,0,0,0,0,0,0,0,0,0
62779,2,1,1982,0,0,0,0,0,0,0,0,0,0
62780,1,1,1982,16,16,16,16,16,16,16,16,16,16
62780,2,1,1982,0,0,0,0,0,0,0,0,0,0
62781,1,1,1982,21,21,21,21,21,21,21,21,21,21
62782,0,1,1982,0,0,0,0,0,0,0,0,0,0
62782,1,1,1982,0,0,0,0,0,4,0,0,0,0
62782,2,1,1982,0,0,0,0,0,0,0,0,0,0
62783,1,1,1982,0,0,34,0,0,0,0,0,0,0
62783,2,1,1982,0,0,20,0,0,0,0,0,0,0
62784,1,1,1982,0,0,0,0,0,0,0,0,0,0
62785,1,1,1982,17,17,17,17,17,17,17,17,17,17
62786,1,1,1982,0,0,0,0,0,0,0,0,0,0
62787,1,1,1982,28,28,28,28,28,28,28,28,28,28
62788,1,1,1982,0,0,0,0,0,0,0,0,0,0
62788,2,1,1982,0,0,0,0,0,0,0,0,0,0
62789,1,1,1982,16,27,30,26,23,12,17,16,21,8
62790,1,1,1982,5,5,5,5,5,5,5,5,5,5
62791,1,1,1982,16,16,16,16,16,16,16,16,16,16
62791,2,1,1982,13,8,0,3,6,0,0,0,5,0
62792,1,1,1982,20,20,20,20,20,20,20,20,20,20
62793,1,1,1982,0,0,0,0,0,0,0,0,0,0
62793,2,1,1982,0,0,0,0,0,0,0,0,0,18
62794,1,1,1982,7,7,7,7,7,7,7,7,7,7
62795,1,1,1982,8,8,8,8,8,8,8,8,8,8
62796,1,1,1982,23,23,23,23,23,23,23,23,23,23
62796,2,1,1982,0,0,18,0,0,0,0,0,23,0
62797,1,1,1982,16,16,16,16,16,16,16,16,16,16
62798,1,1,1982,9,9,9,9,9,9,9,9,9,9
62799,1,1,1982,10,10,10,10,10,10,10,10,10,10
62800,1,1,1982,25,25,25,25,25,25,25,25,25,25
62801,0,1,1982,3,3,3,3,3,3,3,3,3,3
62801,1,1,1982,25,25,25,25,25,25,25,25,25,25
62802,1,1,1982,0,0,0,0,0,0,0,0,0,0
62802,2,1,1982,0,0,0,0,0,0,0,0,0,0
62803,1,1,1982,14,0,21,23,0,13,10,16,0,21
62804,1,1,1982,7,0,18,0,0,0,0,0,0,0
62805,1,1,1982,0,0,0,0,0,0,0,0,0,0
62805,2,1,1982,0,0,0,0,0,15,0,0,0,0
62806,0,1,1982,0,43,12,0,10,0,17,8,24,22
62806,1,1,1982,0,0,0,0,0,0,0,0,0,0
62807,0,1,1982,28,28,28,28,28,28,28,28,28,28
62807,1,1,1982,0,0,0,0,0,0,0,0,0,0
62808,0,1,1982,0,0,0,0,0,0,0,0,0,0
62808,1,1,1982,8,0,7,0,0,4,13,0,0,0
62809,0,1,1982,0,0,0,0,0,0,0,0,0,0
62809,1,1,1982,0,0,0,0,0,0,0,0,0,0
62810,0,1,1982,0,0,0,0,0,0,0,0,0,0
62810,1,1,1982,0,0,2,0,0,0,0,0,0,0
62811,1,1,1982,25,25,25,25,25,25,25,25,25,25
62811,2,1,1982,0,0,0,0,0,11,0,0,0,0
62812,1,1,1982,24,24,24,24,24,24,24,24,24,24
62812,2,1,1982,0,0,0,0,0,0,0,0,0,0
62812,3,1,1982,0,0,0,0,0,0,0,0,0,0
62813,1,1,1982,14,14,14,14,14,14,14,14,14,14
62813,2,1,1982,0,0,0,0,8,0,0,0,0,0
62814,1,1,1982,0,0,0,0,0,0,0,0,0,0
62814,2,1,1982,0,0,0,0,0,0,0,0,0,0
62815,1,1,1982,0,0,0,0,0,0,0,0,0,0
62816,1,1,1982,0,0,0,0,0,0,0,0,0,0
62816,2,1,1982,0,0,0,0,0,0,0,0,0,0
62816,3,1,1982,0,0,0,0,0,0,0,0,0,0
62817,0,1,1982,19,19,19,19,19,19,19,19,19,19
62817,1,1,1982,0,0,0,0,0,0,0,0,0,0
62818,1,1,1982,0,0,0,0,0,0,0,0,0,0
62818,2,1,1982,0,0,0,0,3,0,0,0,0,0
62819,1,1,1982,22,22,22,22,22,22,22,22,22,22
62820,1,1,1982,8,8,8,8,8,8,8,8,8,8
62821,1,1,1982,0,0,0,0,0,0,0,0,0,0
62822,0,1,1982,0,0,0,0,0,0,0,0,0,0
62822,1,1,1982,0,0,0,0,0,0,0,10,0,0
62823,1,1,1982,0,0,0,0,0,0,0,0,0,0
62823,2,1,1982,9,9,9,9,9,9,9,9,9,9
62824,0,1,1982,36,36,36,36,36,36,36,36,36,36
62824,1,1,1982,0,0,0,0,0,0,0,0,0,0
62825,1,1,1982,7,7,7,7,7,7,7,7,7,7
62825,2,1,1982,0,0,0,0,0,0,0,0,12,0
62826,1,1,1982,0,0,0,0,0,0,0,0,0,0
62826,2,1,1982,19,19,19,19,19,19,19,19,19,19
62827,1,1,1982,12,12,12,12,12,12,12,12,12,12
62827,2,1,1982,0,0,0,0,0,5,0,0,0,0
62828,1,1,1982,0,0,0,0,0,0,0,0,0,0
62828,2,1,1982,0,4,0,0,0,0,0,0,6,0
62829,1,1,1982,8,8,8,8,8,8,8,8,8,8
62829,2,1,1982,0,0,0,0,0,0,0,0,0,0
62830,1,1,1982,27,27,27,27,27,27,27,27,27,27
62831,1,1,1982,0,0,0,0,0,0,0,0,0,0
62831,2,1,1982,0,0,0,0,0,0,0,0,0,0
62832,1,1,1982,0,0,0,0,0,0,0,0,0,0
62832,2,1,1982,11,0,0,0,0,17,18,0,0,0
62833,0,1,1982,10,10,10,10,10,10,10,10,10,10
62833,1,1,1982,23,5,6,11,25,23,34,13,16,0
62834,1,1,1982,0,0,0,0,0,0,0,0,0,0
62834,2,1,1982,0,0,0,0,0,0,0,0,0,0
62835,1,1,1982,22,22,22,22,22,22,22,22,22,22
62835,2,1,1982,0,0,0,0,0,0,0,0,0,0
62835,3,1,1982,0,0,12,18,17,13,25,0,3,12
62836,1,1,1982,14,14,14,14,14,14,14,14,14,14
62836,2,1,1982,0,0,0,0,0,0,0,0,0,0
62837,1,1,1982,0,0,0,0,0,0,0,0,0,0
62837,2,1,1982,6,6,6,6,6,6,6,6,6,6
62838,0,1,1982,0,0,0,0,0,0,0,0,0,0
62838,1,1,1982,0,0,0,0,0,0,0,0,0,0
62839,1,1,1982,0,0,0,0,0,0,0,0,0,0
62840,1,1,1982,26,26,26,26,26,26,26,26,26,26
62840,2,1,1982,20,26,27,23,23,12,26,14,8,15
62841,1,1,1982,25,25,25,25,25,25,25,25,25,25
62842,1,2,1982,10,10,10,10,10,10,10,10,10,10
62843,1,1,1982,18,18,18,18,18,18,18,18,18,18
62843,2,1,1982,0,0,0,0,0,0,0,0,0,0
62844,1,1,1982,8,37,17,20,14,9,39,12,6,13
62844,2,1,1982,0,0,0,0,16,0,0,0,0,0
62845,1,1,1982,15,0,0,0,7,0,0,0,0,0
62846,1,1,1982,14,14,14,14,14,14,14,14,14,14
62847,0,1,1982,0,0,0,0,0,0,0,0,0,0
62847,1,1,1982,14,13,22,8,17,0,21,4,15,13
62848,1,1,1982,14,14,14,14,14,14,14,14,14,14
62849,1,1,1982,9,9,9,9,9,9,9,9,9,9
62849,2,1,1982,0,0,0,0,0,4,0,11,0,0
62850,1,1,1982,11,11,11,11,11,11,11,11,11,11
62850,2,1,1982,0,0,10,0,0,0,0,0,0,0
62851,1,1,1982,13,13,13,13,13,13,13,13,13,13
62852,1,1,1982,0,7,0,0,0,0,0,0,0,0
62852,2,1,1982,0,0,0,0,6,0,0,0,0,0
62852,3,1,1982,0,0,0,0,0,5,0,0,0,0
62852,4,1,1982,0,0,0,0,0,0,0,0,0,0
62852,5,1,1982,0,0,0,0,0,0,0,0,0,0
62852,6,1,1982,0,0,0,15,8,0,0,0,0,0
62852,7,1,1982,0,0,0,0,0,0,0,0,0,0
62853,0,1,1982,0,0,0,0,0,0,0,0,0,0
62853,1,1,1982,0,0,0,0,0,0,0,0,0,0
62855,1,1,1982,16,19,8,18,22,8,8,6,24,14
62856,0,1,1982,0,0,0,0,0,0,0,0,0,0
62856,1,1,1982,0,0,0,0,0,0,0,0,0,5
62857,1,1,1982,9,9,9,9,9,9,9,9,9,9
62858,1,1,1982,0,0,0,0,0,0,0,0,0,0
62858,2,1,1982,16,16,16,16,16,16,16,16,16,16
62859,1,1,1982,20,20,20,20,20,20,20,20,20,20
62860,1,1,1982,20,20,20,20,20,20,20,20,20,20
62861,1,1,1982,0,0,0,0,0,0,0,0,0,0
62862,1,1,1982,21,21,21,21,21,21,21,21,21,21
62862,2,1,1982,0,0,0,0,0,0,0,0,0,0
62863,1,1,1982,0,0,0,0,0,0,0,0,13,16
62864,1,1,1982,22,14,27,16,21,15,8,18,33,38
62865,0,1,1982,13,13,13,13,13,13,13,13,13,13
62865,1,1,1982,0,6,0,11,0,0,0,2,0,5
62866,0,1,1982,0,0,0,0,0,0,0,0,0,0
62866,1,1,1982,16,12,14,27,13,20,13,13,19,19
62867,1,1,1982,8,0,11,9,22,22,8,6,18,3
62867,2,1,1982,2,2,2,2,2,2,2,2,2,2
62868,0,1,1982,0,7,10,0,0,17,0,0,20,0
62868,1,1,1982,0,0,0,0,0,0,0,0,9,28
62869,1,1,1982,10,0,0,0,0,0,0,13,0,0
62869,2,1,1982,28,28,28,28,28,28,28,28,28,28
62870,0,1,1982,0,0,0,0,0,0,0,16,0,0
62871,0,1,1982,0,0,0,0,0,0,0,0,0,0
62872,1,1,1982,0,0,31,18,0,20,15,18,14,20
62873,1,1,1982,0,0,0,0,0,0,0,0,0,0
62874,2,1,1982,10,10,10,10,10,10,10,10,10,10
62875,1,1,1982,10,10,10,10,10,10,10,10,10,10
62876,1,1,1982,9,9,9,9,9,9,9,9,9,9
62877,1,1,1982,14,16,22,16,12,23,18,5,11,15
62877,2,1,1982,0,0,0,0,0,0,0,0,0,0
62878,1,1,1982,15,15,15,15,15,15,15,15,15,15
62878,2,1,1982,0,0,0,0,0,0,0,0,0,0
62879,1,1,1982,7,0,0,0,0,0,0,18,26,0
62880,1,1,1982,19,19,19,19,19,19,19,19,19,19
62881,1,1,1982,16,16,16,16,16,16,16,16,16,16
62882,1,1,1982,0,0,0,0,0,0,0,0,0,0
62883,0,1,1982,0,0,0,0,0,0,0,0,0,0
62883,1,1,1982,0,11,0,0,0,0,0,0,0,0
62884,1,1,1982,31,31,31,31,31,31,31,31,31,31
62884,2,1,1982,0,0,0,0,0,0,0,0,0,0
62885,1,1,1982,14,14,14,14,14,14,14,14,14,14
62886,1,1,1982,23,23,23,23,23,23,23,23,23,23
62886,2,1,1982,0,0,0,0,0,0,0,0,0,0
62887,0,1,1982,19,0,0,0,0,0,0,0,0,0
62887,1,1,1982,0,0,0,0,0,0,0,0,0,0
62888,1,1,1982,8,8,8,8,8,8,8,8,8,8
62889,0,1,1982,0,0,0,0,0,0,0,0,0,0
62889,1,1,1982,0,0,0,18,0,0,0,0,0,0
62890,0,1,1982,28,30,22,19,13,16,0,37,17,17
62890,1,1,1982,0,0,0,0,0,0,0,0,0,0
62891,0,5,1982,12,0,0,0,0,0,0,0,0,0
62891,1,1,1982,18,18,18,18,18,18,18,18,18,18
62892,1,1,1982,0,5,7,0,0,25,5,19,23,26
62893,0,1,1982,0,0,0,0,0,0,0,23,0,0
62893,1,1,1982,0,0,0,0,0,0,0,0,0,0
62895,1,1,1982,0,0,0,0,0,0,0,0,0,0
62895,2,1,1982,0,0,0,0,0,0,0,0,0,0
62896,1,1,1982,0,0,0,0,0,0,0,0,0,0
62896,2,1,1982,0,0,0,0,0,0,0,0,0,0
62897,1,1,1982,0,0,0,12,29,14,26,0,12,27
62898,1,1,1982,0,0,0,0,0,0,0,0,8,0
62899,1,1,1982,12,12,12,12,12,12,12,12,12,12
62899,2,1,1982,0,19,0,0,0,0,0,0,0,0
62900,1,1,1982,0,0,0,0,0,0,0,0,0,0
62900,2,1,1982,0,0,0,0,0,0,0,0,0,0
62901,1,1,1982,0,0,0,0,0,0,0,0,0,0
62902,0,1,1982,0,0,0,3,0,0,0,30,30,0
62902,0,2,1982,0,0,0,0,0,0,0,0,0,0
62902,0,3,1982,0,15,16,0,0,29,0,0,0,17
62902,1,1,1982,0,0,0,0,0,0,0,0,0,0
62903,1,1,1982,0,0,0,0,0,0,0,0,0,0
62904,1,1,1982,11,11,11,11,11,11,11,11,11,11
62905,1,1,1982,22,22,22,22,22,22,22,22,22,22
62905,2,1,1982,0,0,0,0,0,0,0,0,0,0
62906,1,1,1982,16,16,16,16,16,16,16,16,16,16
62906,2,1,1982,0,0,0,0,0,0,0,0,0,0
62907,1,1,1982,8,8,8,8,8,8,8,8,8,8
62908,1,1,1982,24,18,13,12,32,18,7,30,28,14
62908,2,1,1982,0,0,0,0,0,0,0,8,0,0
62909,1,1,1982,14,14,14,14,14,14,14,14,14,14
62909,2,1,1982,0,9,17,27,0,0,0,0,21,0
62910,1,1,1982,0,0,0,0,0,0,0,0,0,0
62911,1,1,1982,16,16,16,16,16,16,16,16,16,16
62912,1,1,1982,10,10,10,10,10,10,10,10,10,10
62913,1,1,1982,0,0,0,0,0,0,0,0,0,0
62913,2,1,1982,0,0,0,0,20,0,0,13,0,0
62914,1,1,1982,0,0,0,0,0,0,0,0,0,0
62915,1,1,1982,11,11,11,11,11,11,11,11,11,11
62915,2,1,1982,18,18,18,18,18,18,18,18,18,18
62916,0,1,1982,0,0,0,0,0,0,0,0,0,0
62916,1,1,1982,0,0,0,0,0,0,0,0,0,0
62917,0,1,1982,27,27,27,27,27,27,27,27,27,27
62917,1,1,1982,27,0,12,11,0,0,0,0,0,0
62918,1,1,1982,7,7,7,7,7,7,7,7,7,7
62918,2,1,1982,22,22,22,22,22,22,22,22,22,22
62919,1,1,1982,3,3,3,3,3,3,3,3,3,3
62920,1,1,1982,19,19,19,19,19,19,19,19,19,19
62920,2,1,1982,0,0,0,0,0,0,0,4,0,0
62921,0,1,1982,17,17,0,15,7,24,31,8,0,27
62921,1,1,1982,0,0,0,0,0,0,0,0,0,0
62922,1,1,1982,0,18,0,23,19,21,11,0,12,0
62923,1,1,1982,15,0,0,0,0,0,0,0,0,0
62923,2,1,1982,0,0,0,0,0,0,0,0,0,0
62924,1,1,1982,0,0,0,0,0,0,0,0,0,0
62924,2,1,1982,0,0,0,0,0,14,0,0,0,0
62925,0,1,1982,0,0,0,0,0,0,0,0,0,0
62925,1,1,1982,0,0,0,0,0,0,0,0,0,0
62926,1,1,1982,0,0,0,0,0,0,0,0,0,0
62926,2,1,1982,0,0,0,0,0,0,0,0,0,0
62927,0,1,1982,0,0,0,0,0,0,0,0,0,0
62927,1,1,1982,0,21,0,9,0,0,0,0,0,0
62928,1,1,1982,0,0,0,0,0,9,0,7,0,0
62929,1,1,1982,12,0,0,0,0,0,0,0,0,0
62930,1,1,1982,0,15,28,18,50,21,29,15,18,22
62931,1,1,1982,19,19,19,19,19,19,19,19,19,19
62932,1,1,1982,0,0,0,0,0,0,0,0,0,0
62932,2,1,1982,0,0,0,0,0,0,0,6,0,4
62933,1,1,1982,4,4,4,4,4,4,4,4,4,4
62933,2,1,1982,0,0,0,0,0,0,0,0,0,0
62934,1,1,1982,8,8,8,8,8,8,8,8,8,8
62935,1,1,1982,19,19,19,19,19,19,19,19,19,19
62936,1,1,1982,20,20,20,20,20,20,20,20,20,20
62936,2,1,1982,0,0,0,0,0,0,0,0,0,0
62937,1,1,1982,0,0,0,0,0,0,0,0,0,0
62938,1,1,1982,9,9,9,9,9,9,9,9,9,9
62939,1,1,1982,10,10,10,10,10,10,10,10,10,10
62940,1,1,1982,31,31,31,31,31,31,31,31,31,31
62941,1,1,1982,26,26,26,26,26,26,26,26,26,26
62941,2,1,1982,0,0,0,0,0,0,0,0,0,0
62942,0,1,1982,0,0,0,0,0,0,0,0,0,0
62942,1,1,1982,2,2,2,2,2,2,2,2,2,2
62943,1,1,1982,17,17,17,17,17,17,17,17,17,17
62944,1,1,1982,0,0,0,0,0,0,0,0,0,0
62944,2,1,1982,0,0,0,0,0,0,0,0,0,0
62945,1,1,1982,37,37,37,37,37,37,37,37,37,37
62946,1,1,1982,9,9,9,9,9,9,9,9,9,9
62946,2,1,1982,8,10,0,11,12,21,11,17,0,17
62947,1,1,1982,2,2,2,2,2,2,2,2,2,2
62947,2,1,1982,0,0,0,0,0,0,0,0,0,0
62948,1,1,1982,0,0,0,0,0,0,0,0,0,0
62948,2,1,1982,0,0,0,0,0,0,0,0,0,0
62948,3,1,1982,0,0,0,0,0,0,0,0,0,0
62949,1,1,1982,15,15,15,15,15,15,15,15,15,15
62950,0,1,1982,0,0,0,0,0,0,0,0,0,0
62950,1,1,1982,0,0,0,0,0,0,0,0,0,0
62951,1,1,1982,0,0,0,0,0,0,0,0,0,0
62952,1,1,1982,0,16,0,24,0,0,8,12,0,0
62952,2,1,1982,0,0,0,0,0,0,0,0,0,0
62953,1,1,1982,0,0,0,0,0,0,0,0,0,0
62953,2,1,1982,26,26,26,26,26,26,26,26,26,26
62954,1,1,1982,23,23,19,24,32,29,27,20,7,30
62955,0,1,1982,0,15,0,14,0,0,0,0,0,15
62955,1,1,1982,0,0,0,0,0,0,0,0,0,0
62956,0,1,1982,0,0,0,0,0,0,0,0,0,0
62956,1,1,1982,9,0,0,0,0,0,0,0,17,0
62957,1,1,1982,0,0,0,0,0,0,0,10,4,0
62958,1,1,1982,1,1,1,1,1,1,1,1,1,1
62959,1,1,1982,0,0,0,0,0,0,0,0,0,0
62959,2,1,1982,0,0,0,0,0,0,0,0,0,0
62960,0,1,1982,0,0,0,0,0,0,0,0,0,0
62960,1,1,1982,0,0,0,0,0,0,0,0,0,0
62961,0,1,1982,16,16,16,16,16,16,16,16,16,16
62961,1,1,1982,0,0,0,0,0,0,0,14,0,4
62962,1,1,1982,34,34,34,34,34,34,34,34,34,34
62963,1,1,1982,15,15,15,15,15,15,15,15,15,15
62964,1,1,1982,15,15,15,15,15,15,15,15,15,15
62965,1,1,1982,13,13,13,13,13,13,13,13,13,13
62966,1,1,1982,14,14,14,14,14,14,14,14,14,14
62967,1,1,1982,23,23,23,23,23,23,23,23,23,23
62967,2,1,1982,0,0,0,0,0,0,0,0,0,0
62968,1,1,1982,15,27,17,19,20,19,19,15,19,16
62968,2,1,1982,8,16,0,0,0,0,11,0,11,0
62969,1,1,1982,16,16,16,16,16,16,16,16,16,16
62970,1,1,1982,2,2,2,2,2,2,2,2,2,2
62970,2,1,1982,0,0,0,0,0,0,0,0,0,0
62971,1,1,1982,0,0,0,0,0,0,0,0,0,0
62971,2,1,1982,0,0,0,0,0,0,0,0,0,0
62972,1,1,1982,8,8,8,8,8,8,8,8,8,8
62973,1,1,1982,0,0,0,0,0,0,0,0,0,0
62974,0,1,1982,17,17,17,17,17,17,17,17,17,17
62974,1,1,1982,0,0,9,0,0,0,0,0,0,6
62975,1,1,1982,33,33,33,33,33,33,33,33,33,33
62976,1,1,1982,0,0,0,0,0,0,0,0,0,0
62977,1,1,1982,22,22,22,22,22,22,22,22,22,22
62978,1,1,1982,0,0,0,0,0,0,0,0,0,0
62978,2,1,1982,24,24,24,24,24,24,24,24,24,24
62979,1,1,1982,0,0,0,0,0,0,0,0,0,0
62979,2,1,1982,0,0,0,0,0,0,0,0,0,0
62980,1,1,1982,26,26,26,26,26,26,26,26,26,26
62980,2,1,1982,0,0,0,0,0,0,0,0,0,0
62981,1,1,1982,0,0,0,0,0,0,0,0,0,16
62981,2,1,1982,0,0,0,0,0,0,0,0,0,0
62982,1,1,1982,0,0,12,0,8,0,0,0,0,13
62983,0,1,1982,0,0,0,0,0,0,0,0,0,0
62983,1,1,1982,0,0,0,0,0,0,0,0,0,0
62984,1,1,1982,0,0,0,0,0,0,0,0,0,0
62984,2,1,1982,0,0,0,0,0,0,0,0,0,0
62984,3,1,1982,0,0,0,0,0,0,0,0,0,0
62984,4,1,1982,0,0,0,0,0,0,0,0,0,0
62985,1,1,1982,0,0,0,0,0,0,0,0,0,0
62985,2,1,1982,0,0,0,0,0,0,0,0,0,0
62986,1,1,1982,14,14,14,14,14,14,14,14,14,14
62987,1,1,1982,7,0,0,0,0,0,0,0,0,0
62987,2,1,1982,0,0,0,0,10,0,0,0,0,0
62988,0,1,1982,0,0,0,0,0,0,0,0,0,0
62988,1,1,1982,14,14,14,14,14,14,14,14,14,14
62989,0,1,1982,28,28,28,28,28,28,28,28,28,28
62989,1,1,1982,17,17,17,17,17,17,17,17,17,17
62990,1,1,1982,17,17,17,17,17,17,17,17,17,17
62991,1,1,1982,23,23,23,23,23,23,23,23,23,23
62992,1,1,1982,0,0,0,0,0,0,0,0,0,0
62992,2,1,1982,0,0,0,0,0,0,0,0,0,0
62993,1,1,1982,0,0,0,0,0,0,0,0,0,0
62993,2,1,1982,0,0,0,0,0,0,0,0,0,0
62994,0,1,1982,0,0,0,0,0,0,0,0,0,0
62994,1,1,1982,0,0,0,0,0,0,0,0,0,0
62995,0,1,1982,0,0,0,0,0,0,0,0,0,0
62995,1,1,1982,0,0,0,0,9,0,0,0,0,0
62996,0,1,1982,0,0,0,0,0,0,0,0,0,0
62996,1,1,1982,7,7,7,7,7,7,7,7,7,7
62997,1,1,1982,31,31,31,31,31,31,31,31,31,31
62998,1,1,1982,0,0,0,0,0,0,0,0,0,0
62998,2,1,1982,0,0,0,0,0,0,0,0,0,0
62999,1,1,1982,14,14,14,14,14,14,14,14,14,14
62999,2,1,1982,0,0,0,0,0,0,0,0,0,0
63000,0,1,1982,0,0,0,0,0,0,0,0,0,0
63000,0,2,1982,0,0,0,0,0,0,0,0,0,12
63000,0,3,1982,0,8,0,31,0,0,0,0,0,0
63000,0,4,1982,0,0,0,0,0,0,0,0,0,0
63000,0,5,1982,0,0,0,0,0,0,0,0,0,0
63000,0,6,1982,0,0,0,0,0,0,0,0,0,0
63000,1,1,1982,0,0,0,0,0,0,0,0,0,0
63001,0,1,1982,0,0,0,12,0,0,0,0,0,0
63001,0,2,1982,0,0,0,0,7,0,0,0,0,0
63001,1,1,1982,26,26,26,26,26,26,26,26,26,26
63002,0,1,1982,0,16,0,0,0,0,0,5,0,0
63002,1,1,1982,0,0,0,0,0,0,0,0,0,0
63003,0,1,1982,36,36,36,36,36,36,36,36,36,36
63003,1,1,1982,8,8,8,8,8,8,8,8,8,8
63004,1,1,1982,25,25,25,25,25,25,25,25,25,25
63004,2,1,1982,0,0,0,0,0,0,0,11,0,0
63005,0,1,1982,6,0,0,0,0,0,23,0,0,9
63005,1,1,1982,17,23,15,15,12,21,15,4,19,13
63006,1,1,1982,0,0,0,0,0,0,0,0,0,0
63007,1,1,1982,0,0,0,0,7,0,0,0,0,9
63007,2,1,1982,0,0,0,0,0,0,0,0,0,12
63008,1,1,1982,0,0,0,0,0,0,0,0,0,0
63008,2,1,1982,0,0,0,0,0,0,0,0,0,0
63009,1,1,1982,0,0,0,0,0,0,0,0,0,0
63010,1,1,1982,0,0,0,0,0,0,0,0,0,0
63011,0,1,1982,0,0,0,0,0,0,0,0,0,0
63011,1,1,1982,0,0,0,0,0,0,0,0,0,0
63012,1,1,1982,0,0,0,0,0,0,0,0,0,20
63012,2,1,1982,0,0,0,0,0,0,0,0,0,0
63013,0,1,1982,0,0,0,0,0,0,0,0,0,0
63013,1,1,1982,0,0,0,12,15,0,0,0,11,0
63014,1,1,1982,0,0,0,0,0,0,0,0,0,0
63014,2,1,1982,0,0,0,0,0,0,0,0,0,0
63015,1,1,1982,0,0,0,0,0,8,13,0,20,0
63015,2,1,1982,0,0,0,17,0,0,0,19,0,6
63015,3,1,1982,0,0,0,8,0,0,0,0,0,0
63016,1,1,1982,0,0,0,0,0,0,0,0,0,0
63016,2,1,1982,0,0,0,0,0,0,0,0,0,0
63016,3,1,1982,0,20,20,0,13,13,0,0,15,0
63017,1,1,1982,8,8,8,8,8,8,8,8,8,8
63017,2,1,1982,0,0,0,0,0,0,0,0,0,0
63018,1,1,1982,0,0,0,12,0,0,0,0,0,0
63018,2,1,1982,0,0,0,0,0,0,0,0,0,0
63019,1,1,1982,0,0,0,0,0,0,0,0,0,0
63019,2,1,1982,0,0,0,0,0,0,0,0,0,0
63020,1,1,1982,12,12,12,12,12,12,12,12,12,12
63021,1,1,1982,0,0,0,24,0,0,0,0,0,21
63021,2,1,1982,18,18,18,18,18,18,18,18,18,18
63022,1,1,1982,0,0,0,0,0,0,0,0,0,0
63023,1,1,1982,16,16,16,16,16,16,16,16,16,16
63024,1,1,1982,14,14,14,14,14,14,14,14,14,14
63025,1,1,1982,16,8,0,0,5,0,15,0,13,0
63026,1,1,1982,12,12,12,12,12,12,12,12,12,12
63027,1,1,1982,0,0,0,0,0,0,0,0,0,0
63028,1,1,1982,16,16,16,16,16,16,16,16,16,16
63029,1,1,1982,0,0,0,0,0,0,0,0,0,0
63030,0,1,1982,0,0,0,0,0,0,0,0,0,0
63030,1,1,1982,0,0,0,0,0,0,0,0,0,0
63031,1,1,1982,12,12,12,12,12,12,12,12,12,12
63031,2,1,1982,2,2,2,2,2,2,2,2,2,2
63032,1,1,1982,0,0,0,0,0,0,0,0,0,0
63032,2,1,1982,0,0,0,0,0,0,0,0,0,0
63033,0,1,1982,6,6,6,6,6,6,6,6,6,6
63033,1,1,1982,0,0,0,0,0,0,10,6,0,0
63034,1,1,1982,29,19,19,17,10,11,6,10,24,18
63035,1,1,1982,12,12,12,12,12,12,12,12,12,12
63036,1,1,1982,0,0,4,0,0,23,13,7,0,0
63037,1,1,1982,21,21,21,21,21,21,21,21,21,21
63038,1,1,1982,0,10,0,0,0,0,19,5,0,0
63038,2,1,1982,8,8,8,8,8,8,8,8,8,8
63039,1,1,1982,24,27,22,18,26,11,29,21,13,31
63040,1,1,1982,12,12,12,12,12,12,12,12,12,12
63041,1,1,1982,20,20,20,20,20,20,20,20,20,20
63042,1,1,1982,19,19,19,19,19,19,19,19,19,19
63043,1,1,1982,20,10,16,21,0,18,18,22,33,11
63044,1,1,1982,0,0,14,0,0,15,0,0,0,7
63045,1,1,1982,0,0,0,0,0,0,0,0,0,0
63046,1,1,1982,0,0,0,0,0,0,0,0,0,0
63047,1,1,1982,0,10,16,0,31,12,0,0,19,34
63048,1,1,1982,32,32,32,32,32,32,32,32,32,32
63049,1,1,1982,0,0,0,0,0,0,0,0,0,0
63050,0,1,1982,0,0,0,0,0,0,0,0,0,0
63050,1,1,1982,7,7,7,7,7,7,7,7,7,7
63051,1,1,1982,0,0,0,0,0,0,0,0,0,0
63052,1,1,1982,9,9,9,9,9,9,9,9,9,9
63052,2,1,1982,0,0,0,0,0,0,0,0,0,0
63053,1,1,1982,10,10,10,10,10,10,10,10,10,10
63054,1,1,1982,0,0,0,0,0,0,0,12,0,0
63054,2,1,1982,7,0,14,0,0,0,0,0,0,0
63055,1,1,1982,16,16,16,16,16,16,16,16,16,16
63056,1,1,1982,0,0,0,0,0,0,0,0,0,0
63056,2,1,1982,21,21,21,21,21,21,21,21,21,21
63057,1,1,1982,0,0,0,0,0,0,0,0,0,0
63057,2,1,1982,0,0,0,0,0,0,0,0,0,0
63057,3,1,1982,15,0,0,0,0,0,13,0,0,0
63058,1,1,1982,0,0,16,23,34,0,0,17,0,0
63058,2,1,1982,0,0,0,0,0,0,0,0,0,0
63059,1,1,1982,0,0,0,0,0,0,0,0,0,0