ST_CASE,VEH_NO,PER_NO,YEAR,P1,P2,P3,P4,P5,P6,P7,P8,P9,P10
63059,2,1,1982,0,0,0,0,0,0,0,0,18,0
63060,1,1,1982,0,0,0,0,0,0,0,0,0,0
63061,1,1,1982,3,3,3,3,3,3,3,3,3,3
63062,1,1,1982,0,0,0,0,0,0,0,0,0,0
63062,2,1,1982,0,0,0,0,0,0,0,0,0,0
63063,0,1,1982,26,26,26,26,26,26,26,26,26,26
63063,1,1,1982,0,0,0,0,0,0,0,0,0,0
63064,1,1,1982,25,25,25,25,25,25,25,25,25,25
63065,1,1,1982,13,13,13,13,13,13,13,13,13,13
63066,0,1,1982,0,0,0,0,0,0,0,0,0,0
63066,1,1,1982,0,0,21,0,0,0,19,0,0,17
63067,1,1,1982,2,2,2,2,2,2,2,2,2,2
63068,1,1,1982,0,0,6,0,0,0,0,0,0,0
63069,1,1,1982,17,17,17,17,17,17,17,17,17,17
63070,1,1,1982,5,5,5,5,5,5,5,5,5,5
63071,1,1,1982,0,0,0,0,0,0,0,0,0,0
63072,1,1,1982,0,0,0,0,0,0,0,0,0,0
63072,2,1,1982,0,0,0,0,0,0,0,0,0,0
63073,0,1,1982,0,0,17,11,0,0,0,0,0,0
63073,0,2,1982,40,0,0,0,0,0,20,25,0,0
63073,1,1,1982,20,20,20,20,20,20,20,20,20,20
63074,1,1,1982,0,12,0,0,0,0,0,0,0,0
63074,2,1,1982,5,5,5,5,5,5,5,5,5,5
63075,0,1,1982,0,0,0,0,0,0,0,0,0,0
63075,1,1,1982,0,0,0,0,0,0,0,0,0,0
63076,1,1,1982,0,0,14,0,0,10,18,0,0,0
63076,2,1,1982,9,9,9,9,9,9,9,9,9,9
63077,1,1,1982,28,28,28,28,28,28,28,28,28,28
63078,1,1,1982,32,32,32,32,32,32,32,32,32,32
63079,1,1,1982,25,25,25,25,25,25,25,25,25,25
63080,1,1,1982,19,19,19,19,19,19,19,19,19,19
63080,2,1,1982,8,8,8,8,8,8,8,8,8,8
63081,1,1,1982,0,0,0,0,0,0,0,0,0,0
63082,0,1,1982,24,24,24,24,24,24,24,24,24,24
63082,1,1,1982,0,0,0,0,0,0,0,0,0,0
63082,2,1,1982,0,0,28,0,0,20,0,0,5,0
63082,3,1,1982,0,0,0,0,0,16,0,9,0,0
63083,1,1,1982,0,0,0,0,0,0,0,0,0,0
63084,1,1,1982,0,0,0,0,0,0,0,0,0,0
63085,1,1,1982,0,0,0,0,0,0,0,0,0,0
63086,1,1,1982,0,0,0,0,0,0,0,0,0,0
63086,2,1,1982,0,0,0,0,0,0,0,0,0,0
63087,1,1,1982,0,0,4,0,0,0,0,0,0,23
63088,1,1,1982,0,0,0,0,0,0,0,0,0,0
63088,2,1,1982,0,0,0,0,0,0,0,0,5,0
63089,1,1,1982,21,21,21,21,21,21,21,21,21,21
63089,2,1,1982,0,0,0,0,0,0,0,0,0,0
63090,1,1,1982,0,0,0,0,0,0,0,0,0,0
63090,2,1,1982,0,0,0,0,0,0,0,0,0,0
63091,1,1,1982,21,21,21,21,21,21,21,21,21,21
63092,1,1,1982,0,0,0,0,0,0,0,0,0,0
63093,1,1,1982,0,0,0,0,0,0,0,0,0,0
63093,2,1,1982,0,0,0,0,0,0,0,11,0,0
63094,1,1,1982,0,0,0,0,0,0,0,0,0,0
63095,1,1,1982,0,0,0,0,0,0,0,0,0,0
63096,1,1,1982,0,0,0,0,22,0,0,22,0,0
63096,2,1,1982,0,0,0,0,0,0,0,0,0,0
63097,1,1,1982,0,0,0,0,0,0,0,0,0,0
63098,1,1,1982,0,0,0,0,0,0,0,0,0,0
63098,2,1,1982,0,0,0,0,0,0,0,0,0,0
63099,0,1,1982,0,0,0,0,0,0,0,0,0,0
63099,1,1,1982,0,0,0,0,0,0,0,2,0,0
63100,0,1,1982,15,15,15,15,15,15,15,15,15,15
63100,1,1,1982,0,0,0,0,0,0,0,0,8,0
63101,0,1,1982,23,22,0,25,26,42,25,26,9,27
63101,1,1,1982,0,0,0,0,0,0,0,0,24,0
63102,1,1,1982,0,3,0,0,0,0,0,0,0,0
63102,2,1,1982,0,0,0,0,0,0,0,0,0,0
63103,1,1,1982,0,0,0,0,0,0,0,0,0,0
63103,2,1,1982,0,0,0,0,0,0,0,0,0,0
63104,0,1,1982,0,0,0,0,0,0,0,0,0,0
63104,1,1,1982,0,0,0,0,0,0,0,0,0,0
63105,1,1,1982,0,0,0,0,0,0,0,0,0,0
63105,2,1,1982,0,0,0,0,0,0,0,0,0,0
63106,1,1,1982,0,0,0,0,0,0,0,0,0,0
63106,2,1,1982,8,8,8,8,8,8,8,8,8,8
63107,1,1,1982,11,8,27,33,26,23,17,24,12,22
63108,1,1,1982,5,5,5,5,5,5,5,5,5,5
63109,1,1,1982,23,23,23,23,23,23,23,23,23,23
63110,1,1,1982,33,33,33,33,33,33,33,33,33,33
63111,1,1,1982,0,0,0,0,0,0,0,0,0,0
63111,2,1,1982,0,0,0,0,0,24,0,0,0,0
63112,1,1,1982,6,6,6,6,6,6,6,6,6,6
63112,2,1,1982,0,0,0,0,0,0,0,0,0,0
63113,1,1,1982,0,0,23,0,0,29,0,7,0,0
63114,1,1,1982,0,0,0,0,0,0,0,0,0,0
63114,2,1,1982,0,0,0,0,0,0,0,0,0,0
63115,1,1,1982,11,11,11,11,11,11,11,11,11,11
63115,2,1,1982,19,1,18,11,15,23,11,19,0,16
63116,1,1,1982,13,13,13,13,13,13,13,13,13,13
63117,1,1,1982,11,11,11,11,11,11,11,11,11,11
63118,1,1,1982,0,11,11,25,17,18,11,19,9,10
63118,2,1,1982,0,0,0,0,0,0,0,0,0,0
63119,1,1,1982,17,17,17,17,17,17,17,17,17,17
63119,2,1,1982,0,0,0,0,0,0,0,0,0,0
63120,1,1,1982,0,0,0,0,0,0,0,0,0,0
63120,2,1,1982,0,0,0,0,0,0,0,0,0,0
63120,3,1,1982,0,0,0,0,0,0,0,11,0,0
63121,1,1,1982,21,21,21,21,21,21,21,21,21,21
63122,1,1,1982,9,9,9,9,9,9,9,9,9,9
63123,1,1,1982,0,0,0,0,0,0,0,0,0,0
63124,1,1,1982,16,16,16,16,16,16,16,16,16,16
63125,1,1,1982,17,17,17,17,17,17,17,17,17,17
63125,2,1,1982,0,0,0,0,0,0,0,0,0,0
63126,0,1,1982,0,0,0,0,0,0,0,0,0,0
63126,1,1,1982,0,0,0,0,0,0,0,0,0,0
63127,1,1,1982,19,23,13,20,15,17,13,19,12,15
63127,2,1,1982,0,0,0,0,0,0,0,0,0,0
63128,1,1,1982,2,2,2,2,2,2,2,2,2,2
63129,1,1,1982,13,13,13,13,13,13,13,13,13,13
63129,2,1,1982,0,7,0,0,0,0,9,0,0,0
63130,1,1,1982,28,28,28,28,28,28,28,28,28,28
63131,0,1,1982,0,0,0,0,0,0,0,0,0,0
63131,1,1,1982,0,0,19,0,0,0,0,0,0,0
63132,1,1,1982,24,24,24,24,24,24,24,24,24,24
63133,1,1,1982,17,17,17,17,17,17,17,17,17,17
63134,1,1,1982,22,22,22,22,22,22,22,22,22,22
63135,1,1,1982,16,16,16,16,16,16,16,16,16,16
63135,2,1,1982,0,0,0,0,0,0,0,0,0,0
63136,1,1,1982,14,14,14,14,14,14,14,14,14,14
63136,2,1,1982,0,0,0,71,5,0,0,0,0,0
63137,1,1,1982,13,13,13,13,13,13,13,13,13,13
63138,0,1,1982,0,0,0,0,0,0,0,0,0,0
63138,1,1,1982,0,0,8,0,0,0,0,0,0,0
63139,1,1,1982,22,22,22,22,22,22,22,22,22,22
63140,1,1,1982,0,0,0,0,0,0,0,0,0,0
63140,2,1,1982,0,0,0,0,0,0,0,0,0,0
63140,3,1,1982,0,0,0,0,0,0,0,0,0,0
63141,1,1,1982,12,12,12,12,12,12,12,12,12,12
63142,1,1,1982,17,17,17,17,17,17,17,17,17,17
63143,1,1,1982,0,0,0,0,0,0,0,2,5,0
63143,2,1,1982,0,0,0,0,0,0,0,0,0,0
63144,1,1,1982,0,0,0,0,0,0,0,0,0,0
63144,2,1,1982,0,0,0,0,0,0,0,0,0,0
63145,1,1,1982,0,0,0,0,0,0,0,0,0,0
63145,2,1,1982,0,0,0,0,0,0,0,0,0,0
63146,1,1,1982,3,3,3,3,3,3,3,3,3,3
63146,2,1,1982,0,0,0,0,0,0,0,0,18,8
63147,0,1,1982,0,0,0,0,0,0,0,0,0,0
63147,1,1,1982,4,0,0,0,0,0,0,0,0,0
63148,0,1,1982,0,0,0,0,0,0,0,0,0,0
63148,1,1,1982,16,0,15,11,26,14,26,26,17,5
63149,0,1,1982,0,0,0,0,0,0,0,0,0,0
63149,1,1,1982,0,0,0,0,0,0,0,0,0,0
63150,0,1,1982,11,11,11,11,11,11,11,11,11,11
63150,1,1,1982,0,0,0,0,0,0,11,13,0,0
63151,1,1,1982,10,0,0,0,2,0,0,0,0,0
63151,2,1,1982,19,0,0,0,0,0,0,9,0,0
63152,1,1,1982,27,27,27,27,27,27,27,27,27,27
63153,1,1,1982,17,17,17,17,17,17,17,17,17,17
63153,2,1,1982,0,0,20,0,0,0,22,0,6,0
63153,3,1,1982,16,16,16,16,16,16,16,16,16,16
63154,1,1,1982,12,12,12,12,12,12,12,12,12,12
63154,2,1,1982,0,0,0,0,0,0,0,0,0,0
63155,1,1,1982,11,11,11,11,11,11,11,11,11,11
63156,1,1,1982,16,16,16,16,16,16,16,16,16,16
63156,2,1,1982,0,0,0,0,0,0,0,0,0,0
63156,3,1,1982,0,0,0,0,0,0,0,7,0,0
63157,1,1,1982,0,0,0,0,0,0,0,0,0,0
63157,2,1,1982,0,0,0,0,0,0,0,0,0,0
63158,1,1,1982,13,13,13,13,13,13,13,13,13,13
63159,0,1,1982,12,0,0,0,0,0,0,0,0,0
63159,1,1,1982,0,0,0,0,0,0,0,0,3,0
63160,0,1,1982,0,0,0,0,0,0,0,0,0,0
63160,1,1,1982,0,0,0,0,0,0,0,0,0,0
63161,1,1,1982,23,23,23,23,23,23,23,23,23,23
63161,2,1,1982,0,0,0,0,0,0,0,0,0,0
63162,1,1,1982,0,0,0,0,0,0,0,0,0,0
63162,2,1,1982,0,0,0,0,0,0,0,0,0,0
63163,1,1,1982,16,16,16,16,16,16,16,16,16,16
63163,2,1,1982,5,0,0,0,0,0,0,0,0,0
63164,1,1,1982,0,0,0,0,0,0,0,0,0,0
63164,2,1,1982,0,0,0,0,0,0,0,0,0,0
63165,1,1,1982,18,28,10,14,42,45,33,27,23,10
63166,0,1,1982,0,0,0,0,0,0,0,0,0,0
63166,1,1,1982,0,0,0,0,0,0,0,0,0,0
63167,0,1,1982,0,0,0,0,0,0,0,0,0,0
63167,1,1,1982,0,8,0,25,0,0,0,0,6,0
63168,0,1,1982,0,0,0,0,0,0,0,0,0,0
63168,1,1,1982,0,0,0,0,0,0,0,0,0,0
63169,1,1,1982,8,8,8,8,8,8,8,8,8,8
63170,1,1,1982,0,0,0,0,0,0,0,17,0,0
63171,1,1,1982,0,0,0,0,0,0,0,0,0,7
63171,2,1,1982,0,0,0,0,0,0,0,0,0,0
63172,0,1,1982,0,0,0,0,0,0,0,0,0,0
63172,1,1,1982,15,21,23,18,0,0,16,24,16,0
63173,0,1,1982,0,0,0,0,0,0,0,0,0,0
63173,1,1,1982,0,0,0,0,15,0,0,0,0,0
63174,1,1,1982,0,0,0,0,0,0,0,0,0,0
63175,0,1,1982,0,0,0,0,0,0,0,0,0,0
63175,1,1,1982,0,0,0,0,0,0,0,0,0,0
63176,0,1,1982,14,21,18,17,12,12,5,33,18,30
63176,1,1,1982,0,15,0,0,18,0,9,0,12,21
63177,1,1,1982,0,0,0,0,0,0,0,0,0,0
63178,1,1,1982,16,16,16,16,16,16,16,16,16,16
63178,2,1,1982,0,0,0,0,12,0,0,0,6,0
63178,3,1,1982,0,0,0,0,0,0,0,0,0,0
63179,1,1,1982,0,0,0,0,0,0,0,0,0,0
63180,1,1,1982,24,24,24,24,24,24,24,24,24,24
63180,2,1,1982,6,0,0,0,0,0,0,0,17,0
63181,0,1,1982,17,17,17,17,17,17,17,17,17,17
63181,1,1,1982,6,6,6,6,6,6,6,6,6,6
63182,1,13,1982,28,0,7,9,21,15,22,22,10,0
63183,1,1,1982,0,0,0,0,0,0,0,0,0,0
63184,1,1,1982,26,26,26,26,26,26,26,26,26,26
63184,2,1,1982,0,0,0,0,0,0,0,0,0,12
63184,3,1,1982,0,0,0,0,0,0,0,0,0,0
63184,4,1,1982,4,0,0,0,0,0,0,0,0,0
63185,1,1,1982,9,9,9,9,9,9,9,9,9,9
63185,2,1,1982,0,0,0,0,0,0,0,0,0,0
63186,1,1,1982,0,0,0,0,0,0,0,0,0,0
63187,1,1,1982,0,0,0,0,0,0,0,0,0,0
63187,2,1,1982,0,0,0,0,0,0,0,0,0,0
63187,3,1,1982,0,0,5,0,10,0,0,0,0,0
63188,1,1,1982,0,0,0,0,0,0,0,0,0,0
63189,1,1,1982,21,0,0,29,17,4,21,0,25,11
63190,0,1,1982,38,0,0,0,0,0,25,0,34,0
63190,1,1,1982,0,0,0,0,0,0,0,0,0,0
63191,1,1,1982,0,0,0,0,0,0,0,0,0,0
63191,2,1,1982,15,15,15,15,15,15,15,15,15,15
63192,1,1,1982,19,19,19,19,19,19,19,19,19,19
63192,2,1,1982,0,0,0,0,0,0,0,0,0,0
63193,1,1,1982,16,16,16,16,16,16,16,16,16,16
63193,2,1,1982,0,0,0,0,0,0,12,0,0,0
63194,1,1,1982,0,0,0,0,0,0,0,0,0,0
63195,1,1,1982,0,0,0,12,0,0,0,10,0,0
63196,1,1,1982,18,18,18,18,18,18,18,18,18,18
63197,1,1,1982,17,17,17,17,17,17,17,17,17,17
63197,2,1,1982,16,16,16,16,16,16,16,16,16,16
63198,1,1,1982,0,0,0,0,0,0,0,0,0,0
63199,1,1,1982,8,8,8,8,8,8,8,8,8,8
63200,0,1,1982,10,10,10,10,10,10,10,10,10,10
63200,1,1,1982,0,0,0,21,0,27,23,2,0,23
63201,0,1,1982,14,14,14,14,14,14,14,14,14,14
63201,2,1,1982,0,0,0,0,0,0,0,0,0,16
63202,1,1,1982,19,19,19,19,19,19,19,19,19,19
63203,1,1,1982,0,0,0,0,0,0,0,0,0,0
63203,2,1,1982,0,0,0,0,0,0,0,8,0,10
63204,1,1,1982,22,22,22,22,22,22,22,22,22,22
63205,1,1,1982,47,47,47,47,47,47,47,47,47,47
63205,2,1,1982,0,0,0,0,0,0,23,0,0,0
63206,1,1,1982,15,15,15,15,15,15,15,15,15,15
63207,1,1,1982,21,21,21,21,21,21,21,21,21,21
63208,1,1,1982,0,0,0,0,0,0,0,0,0,0
63208,2,1,1982,0,0,0,0,0,0,0,0,0,0
63209,1,1,1982,0,0,0,0,0,0,0,0,0,0
63210,1,1,1982,0,0,0,0,0,0,0,0,0,0
63210,2,1,1982,0,0,0,0,0,0,0,0,0,0
63210,3,1,1982,0,0,0,0,0,0,0,0,0,0
63211,1,1,1982,30,30,30,30,30,30,30,30,30,30
63212,1,1,1982,24,24,24,24,24,24,24,24,24,24
63213,1,1,1982,18,18,18,18,18,18,18,18,18,18
63214,1,1,1982,15,15,15,15,15,15,15,15,15,15
63215,0,1,1982,24,24,24,24,24,24,24,24,24,24
63215,1,1,1982,0,2,0,0,0,13,0,0,0,0
63216,1,1,1982,0,0,0,11,0,0,0,7,0,0
63216,2,1,1982,0,0,0,0,0,0,0,0,0,0
63217,1,1,1982,0,0,0,0,0,0,0,0,0,0
63218,1,1,1982,16,16,16,16,16,16,16,16,16,16
63219,1,1,1982,23,23,23,23,23,23,23,23,23,23
63219,2,1,1982,0,0,0,0,0,0,0,0,0,21
63220,0,1,1982,19,19,19,19,19,19,19,19,19,19
63220,1,1,1982,0,0,0,0,0,0,0,0,0,0
63221,1,1,1982,22,22,22,22,22,22,22,22,22,22
63222,1,1,1982,5,5,5,5,5,5,5,5,5,5
63223,0,1,1982,0,0,0,0,0,0,0,0,0,0
63223,1,1,1982,0,0,0,0,0,0,0,0,0,0
63224,1,1,1982,17,17,17,17,17,17,17,17,17,17
63225,1,1,1982,0,0,0,0,0,0,0,0,0,0
63226,1,1,1982,0,0,0,0,0,0,0,0,0,0
63227,1,1,1982,0,0,0,0,0,0,0,0,0,0
63228,0,1,1982,0,0,0,0,0,0,0,0,0,0
63229,0,1,1982,0,0,0,0,0,0,0,0,0,0
63229,1,1,1982,0,0,0,0,0,0,0,0,0,0
63230,1,1,1982,11,11,11,11,11,11,11,11,11,11
63231,1,1,1982,0,0,0,0,0,0,0,0,0,0
63231,2,1,1982,11,0,0,0,0,0,0,0,0,0
63231,3,1,1982,0,0,0,0,0,0,0,0,0,0
63231,4,1,1982,0,0,0,0,0,0,0,0,0,0
63232,1,1,1982,0,0,0,0,0,0,0,0,0,0
63232,2,1,1982,0,0,0,0,0,0,0,0,0,0
63232,3,1,1982,0,0,13,0,29,0,0,3,0,21
63233,1,1,1982,12,12,12,12,12,12,12,12,12,12
63233,2,1,1982,0,0,8,0,0,15,0,0,0,0
63234,1,1,1982,13,13,13,13,13,13,13,13,13,13
63235,1,1,1982,0,0,0,0,0,0,0,0,0,0
63235,2,1,1982,0,0,0,0,0,0,0,0,0,7
63236,0,1,1982,0,0,0,0,0,0,0,0,0,0
63236,1,1,1982,0,0,0,0,0,0,0,0,0,0
63237,0,1,1982,0,0,0,0,0,0,0,0,0,0
63237,1,1,1982,0,0,0,0,0,0,0,0,0,0
63238,0,1,1982,17,17,17,17,17,17,17,17,17,17
63238,1,1,1982,17,17,17,17,17,17,17,17,17,17
63239,0,1,1982,0,0,0,0,0,0,0,0,0,0
63239,1,1,1982,2,2,2,2,2,2,2,2,2,2
63240,0,1,1982,4,4,4,4,4,4,4,4,4,4
63240,1,1,1982,0,0,0,0,0,0,0,0,0,0
63241,1,1,1982,23,23,23,23,23,23,23,23,23,23
63241,2,1,1982,0,0,0,0,0,0,0,0,0,0
63242,0,1,1982,0,0,0,0,0,0,0,0,0,0
63242,1,1,1982,0,0,0,0,0,0,0,6,0,0
63243,1,1,1982,0,0,0,0,0,0,0,0,0,0
63243,2,1,1982,0,0,0,0,0,0,0,0,0,0
63244,0,1,1982,0,0,0,23,7,0,0,27,0,17
63244,1,1,1982,15,0,0,0,0,0,0,0,0,0
63245,0,1,1982,0,0,0,0,0,0,0,0,0,0
63245,2,1,1982,16,11,26,12,21,21,17,26,6,17
63246,1,1,1982,0,0,0,0,0,0,0,0,0,0
63246,2,1,1982,0,0,0,0,0,0,0,0,0,0
63247,1,1,1982,0,0,0,0,0,0,0,0,0,7
63247,2,1,1982,0,0,0,0,0,0,0,0,0,0
63248,1,1,1982,0,0,0,0,0,0,0,0,0,0
63249,1,1,1982,0,0,0,0,0,0,0,0,0,0
63249,2,1,1982,0,0,0,0,0,0,0,0,0,0
63250,1,1,1982,25,25,25,25,25,25,25,25,25,25
63251,0,1,1982,0,0,0,0,0,0,0,0,0,0
63251,1,1,1982,7,7,7,7,7,7,7,7,7,7
63252,1,1,1982,0,0,0,0,0,0,0,0,0,0
63252,2,1,1982,8,8,8,8,8,8,8,8,8,8
63253,1,1,1982,0,0,0,0,0,0,0,0,0,0
63254,1,1,1982,16,16,16,16,16,16,16,16,16,16
63255,0,1,1982,34,34,34,34,34,34,34,34,34,34
63255,1,1,1982,0,0,0,0,0,0,0,7,24,0
63256,1,1,1982,14,14,14,14,14,14,14,14,14,14
63256,2,1,1982,0,0,0,0,0,0,0,0,0,0
63257,1,1,1982,19,19,19,19,19,19,19,19,19,19
63258,1,1,1982,21,21,21,21,21,21,21,21,21,21
63259,1,1,1982,6,6,6,6,6,6,6,6,6,6
63260,1,1,1982,0,0,0,0,0,0,0,0,0,0
63261,0,1,1982,7,7,7,7,7,7,7,7,7,7
63261,1,1,1982,0,0,0,0,0,0,0,0,0,0
63261,2,1,1982,13,8,26,0,0,0,0,0,12,0
63262,1,1,1982,12,12,12,12,12,12,12,12,12,12
63262,2,1,1982,19,0,0,0,0,0,0,0,10,0
63263,1,1,1982,12,12,12,12,12,12,12,12,12,12
63263,2,1,1982,0,0,0,0,0,0,4,0,0,0
63263,3,1,1982,0,0,0,0,0,0,0,0,13,18
63264,1,1,1982,0,0,0,0,0,0,0,0,0,0
63264,2,1,1982,0,0,0,0,0,0,0,0,0,0
63265,1,1,1982,18,18,18,18,18,18,18,18,18,18
63266,1,1,1982,0,0,0,0,0,0,0,0,9,0
63266,2,1,1982,0,0,0,0,0,0,0,0,0,0
63267,0,1,1982,0,0,0,0,0,0,0,0,0,0
63267,1,1,1982,0,15,0,0,0,0,0,0,4,0
63268,1,1,1982,0,0,0,0,0,0,0,0,0,0
63269,1,1,1982,22,22,22,22,22,22,22,22,22,22
63269,2,1,1982,13,9,1,29,9,10,7,12,4,9
63270,0,1,1982,0,0,0,0,0,0,0,0,0,0
63270,1,1,1982,0,0,0,0,0,0,0,0,0,0
63271,1,1,1982,0,0,0,0,0,0,0,0,0,0
63272,1,1,1982,18,18,18,18,18,18,18,18,18,18
63273,1,1,1982,0,0,0,0,0,0,0,0,0,0
63274,1,1,1982,21,14,11,24,24,15,17,0,11,8
63275,1,1,1982,0,0,0,0,0,0,0,0,0,0
63275,2,1,1982,0,0,0,0,0,0,0,0,0,0
63275,3,1,1982,0,0,0,0,0,0,0,0,0,0
63276,0,1,1982,0,0,0,0,0,0,0,0,0,0
63276,1,1,1982,0,0,0,0,0,0,0,0,0,0
63277,1,1,1982,0,0,0,0,0,0,0,0,0,0
63278,0,1,1982,0,0,0,0,0,0,0,9,0,0
63278,1,1,1982,0,0,0,15,0,0,0,0,0,0
63279,1,1,1982,0,0,0,0,0,0,0,0,0,0
63279,2,1,1982,3,3,3,3,3,3,3,3,3,3
63280,1,1,1982,15,15,15,15,15,15,15,15,15,15
63280,2,1,1982,0,0,0,0,0,0,0,0,0,0
63281,1,1,1982,0,0,0,0,0,0,8,0,0,0
63282,1,1,1982,0,0,0,0,0,0,0,0,0,0
63283,1,1,1982,16,17,0,0,13,11,11,9,0,15
63283,2,1,1982,7,7,7,7,7,7,7,7,7,7
63283,3,1,1982,0,0,0,6,0,3,3,0,0,0
63283,4,1,1982,0,0,11,0,0,0,0,0,0,0
63284,1,1,1982,15,15,15,15,15,15,15,15,15,15
63284,2,1,1982,0,0,0,0,0,0,0,0,0,0
63285,1,1,1982,16,16,16,16,16,16,16,16,16,16
63286,1,1,1982,0,0,0,0,0,0,0,0,0,0
63286,2,1,1982,0,0,0,0,0,29,0,0,0,0
63287,1,1,1982,0,0,0,0,0,0,0,0,0,0
63287,2,1,1982,0,0,0,0,0,0,0,0,0,0
63288,1,1,1982,38,38,38,38,38,38,38,38,38,38
63288,2,1,1982,0,0,0,0,0,0,0,0,0,0
63289,0,1,1982,0,0,0,0,0,0,0,0,0,0
63289,1,1,1982,0,0,0,0,0,0,0,0,0,0
63290,1,1,1982,4,4,4,4,4,4,4,4,4,4
63291,1,1,1982,17,17,17,17,17,17,17,17,17,17
63291,2,1,1982,0,0,0,0,0,0,0,0,0,0
63292,1,1,1982,0,0,0,0,0,0,0,0,0,0
63292,2,1,1982,0,0,0,0,0,0,0,0,0,0
63293,1,1,1982,6,6,6,6,6,6,6,6,6,6
63293,2,1,1982,0,0,0,0,0,0,0,0,0,0
63294,0,1,1982,15,10,0,14,23,25,24,19,14,18
63294,1,1,1982,0,0,0,0,0,0,0,0,0,0
63295,1,1,1982,19,19,19,19,19,19,19,19,19,19
63296,1,1,1982,32,32,32,32,32,32,32,32,32,32
63297,0,1,1982,25,25,25,25,25,25,25,25,25,25
63297,1,1,1982,0,0,0,0,0,0,0,0,0,0
63298,1,1,1982,0,0,0,0,0,0,0,0,0,0
63299,1,1,1982,23,23,23,23,23,23,23,23,23,23
63299,2,1,1982,0,0,0,0,0,14,0,0,0,0
63299,3,1,1982,13,0,0,0,6,0,0,0,0,0
63300,1,1,1982,0,0,0,0,0,0,0,0,0,0
63300,2,1,1982,0,0,0,0,0,0,0,0,0,0
63300,3,1,1982,0,0,0,0,0,0,0,0,0,0
63301,0,1,1982,0,0,0,0,0,0,0,0,0,0
63301,1,1,1982,0,0,0,0,0,0,0,0,0,0
63302,1,1,1982,0,0,0,0,0,0,0,0,0,0
63303,1,1,1982,0,0,0,0,0,0,0,0,0,0
63304,0,1,1982,0,0,0,0,0,0,0,0,0,0
63304,1,1,1982,0,0,0,0,0,0,0,0,0,0
63305,1,1,1982,0,0,0,0,0,0,0,0,0,0
63305,2,1,1982,0,0,0,0,0,0,0,0,0,0
63305,3,1,1982,0,0,0,0,0,0,0,0,0,0
63306,1,1,1982,0,0,0,0,0,0,0,0,0,0
63307,1,1,1982,21,21,21,21,21,21,21,21,21,21
63307,2,1,1982,0,0,0,0,0,0,0,0,0,0
63307,3,1,1982,0,0,0,0,0,0,0,0,0,0
63308,1,1,1982,0,0,0,0,0,0,0,0,0,0
63308,2,1,1982,0,0,0,0,0,0,0,0,0,0
63309,0,1,1982,0,0,0,0,0,0,0,0,0,0
63309,1,1,1982,0,0,0,0,0,0,0,0,0,0
63310,1,1,1982,17,17,17,17,17,17,17,17,17,17
63311,1,1,1982,0,0,0,0,0,0,0,0,0,0
63312,1,1,1982,0,0,0,0,0,0,0,7,0,0
63312,2,1,1982,0,22,0,0,14,18,16,16,0,0
63313,1,1,1982,0,0,0,0,0,0,0,0,0,0
63313,2,1,1982,0,11,0,0,0,0,24,0,0,14
63314,1,1,1982,0,0,0,0,0,0,0,0,0,0
63314,2,1,1982,0,0,0,0,0,0,0,0,0,0
63314,3,1,1982,0,0,0,0,0,0,0,0,0,0
63315,0,1,1982,0,0,0,0,0,0,0,0,0,0
63315,1,1,1982,0,0,0,0,0,0,0,0,9,0
63316,1,1,1982,29,7,12,0,0,10,0,10,0,0
63317,1,1,1982,11,11,11,11,11,11,11,11,11,11
63318,1,1,1982,33,33,33,33,33,33,33,33,33,33
63319,1,1,1982,9,9,9,9,9,9,9,9,9,9
63320,0,1,1982,41,41,41,41,41,41,41,41,41,41
63320,1,1,1982,0,0,0,0,0,0,7,8,0,0
63321,0,1,1982,0,0,0,0,0,0,0,0,0,0
63321,1,1,1982,0,0,0,0,0,0,0,0,0,0
63322,1,1,1982,18,18,18,18,18,18,18,18,18,18
63323,1,1,1982,11,11,11,11,11,11,11,11,11,11
63324,1,1,1982,9,9,9,9,9,9,9,9,9,9
63325,1,1,1982,0,0,0,0,0,0,0,0,0,0
63325,2,1,1982,0,0,0,0,0,0,0,0,0,0
63326,1,1,1982,30,30,30,30,30,30,30,30,30,30
63326,2,1,1982,0,0,0,0,0,0,0,0,0,0
63327,1,1,1982,0,0,14,0,0,12,0,0,0,0
63327,2,1,1982,8,8,8,8,8,8,8,8,8,8
63328,1,1,1982,25,25,25,25,25,25,25,25,25,25
63328,2,1,1982,0,0,0,0,0,0,0,0,0,0
63329,1,1,1982,16,16,16,16,16,16,16,16,16,16
63330,1,1,1982,5,5,5,5,5,5,5,5,5,5
63331,0,1,1982,0,0,0,0,0,0,0,0,0,0
63331,1,1,1982,0,0,0,0,0,0,0,0,0,0
63332,0,1,1982,19,19,19,19,19,19,19,19,19,19
63332,1,1,1982,10,10,12,0,0,26,7,0,0,0
63333,1,1,1982,23,23,23,23,23,23,23,23,23,23
63334,0,1,1982,0,0,0,0,0,0,0,0,0,0
63334,1,1,1982,0,0,0,0,10,0,4,0,14,0
63335,1,1,1982,11,11,11,11,11,11,11,11,11,11
63335,2,1,1982,0,0,0,0,0,0,0,0,0,0
63336,1,1,1982,34,35,17,17,17,25,17,21,26,27
63337,0,1,1982,12,27,22,23,13,22,21,15,0,11
63337,1,1,1982,16,7,0,24,16,0,0,0,18,0
63338,1,1,1982,0,0,0,0,0,0,0,0,0,0
63339,1,1,1982,0,0,0,0,0,0,0,0,0,0