ST_CASE,VEH_NO,PER_NO,YEAR,P1,P2,P3,P4,P5,P6,P7,P8,P9,P10
63340,0,1,1982,0,0,0,0,0,0,0,0,0,0
63340,1,1,1982,0,0,0,0,0,0,0,0,0,0
63341,1,1,1982,0,0,0,0,0,0,0,0,0,0
63342,0,1,1982,0,0,0,0,0,0,0,0,0,0
63342,1,1,1982,0,0,0,0,0,0,0,0,0,0
63343,0,1,1982,17,0,14,22,12,0,20,12,26,17
63343,1,1,1982,0,0,0,0,0,0,0,0,0,0
63344,1,1,1982,0,0,0,0,0,0,0,0,0,0
63345,1,1,1982,10,0,0,0,0,0,0,0,0,0
63345,2,1,1982,0,0,0,0,0,0,0,0,0,0
63346,1,1,1982,19,10,26,14,20,9,0,15,27,19
63347,1,1,1982,21,21,21,21,21,21,21,21,21,21
63347,2,1,1982,11,11,11,11,11,11,11,11,11,11
63348,1,1,1982,18,18,18,18,18,18,18,18,18,18
63349,1,1,1982,29,29,29,29,29,29,29,29,29,29
63350,1,1,1982,0,0,0,0,0,0,0,0,0,0
63351,0,1,1982,36,36,36,36,36,36,36,36,36,36
63351,1,1,1982,0,20,21,9,0,0,12,0,0,0
63352,1,1,1982,13,13,13,13,13,13,13,13,13,13
63352,2,1,1982,0,18,0,0,0,0,0,0,0,0
63352,3,1,1982,0,0,0,0,0,0,0,0,0,0
63352,4,1,1982,0,0,0,0,0,0,0,0,0,0
63352,5,1,1982,0,0,0,0,0,0,0,0,0,0
63353,1,1,1982,0,0,0,0,0,0,0,0,0,0
63353,2,1,1982,0,0,0,0,0,0,0,0,0,0
63354,1,1,1982,24,24,24,24,24,24,24,24,24,24
63354,2,1,1982,0,13,0,0,0,0,0,10,15,0
63354,3,1,1982,0,0,0,0,0,0,0,0,0,0
63355,0,1,1982,0,0,0,0,0,0,0,0,0,0
63355,1,1,1982,15,7,0,0,0,0,21,16,5,0
63356,1,1,1982,0,0,0,0,0,0,0,0,0,0
63357,1,1,1982,0,0,0,0,0,11,0,0,0,0
63358,1,1,1982,0,0,0,0,0,0,0,0,0,0
63359,1,1,1982,0,14,0,0,0,0,0,0,0,0
63359,2,1,1982,0,0,0,0,0,0,0,22,0,0
63360,1,1,1982,0,0,0,0,0,0,0,0,0,0
63360,2,1,1982,0,0,0,0,0,0,0,0,0,0
63361,1,1,1982,0,0,0,0,0,0,0,0,0,0
63362,1,1,1982,0,0,0,0,0,0,0,0,0,0
63362,2,1,1982,0,0,0,0,0,0,0,0,0,0
63363,1,1,1982,16,16,16,16,16,16,16,16,16,16
63364,0,1,1982,0,0,0,0,0,0,0,0,0,0
63364,1,1,1982,8,18,32,6,10,18,0,19,0,21
63365,0,1,1982,0,0,0,0,0,0,0,0,0,0
63365,1,1,1982,0,0,0,0,0,0,0,0,0,0
63366,1,1,1982,5,5,5,5,5,5,5,5,5,5
63366,2,1,1982,0,0,0,0,0,0,0,0,0,0
63367,1,1,1982,13,13,13,13,13,13,13,13,13,13
63368,1,1,1982,23,23,23,23,23,23,23,23,23,23
63369,1,1,1982,18,18,18,18,18,18,18,18,18,18
63369,2,1,1982,0,10,0,0,0,0,0,31,0,0
63370,1,1,1982,33,33,33,33,33,33,33,33,33,33
63371,1,1,1982,14,10,16,16,16,18,9,11,15,8
63372,1,1,1982,0,0,0,0,0,0,0,0,0,0
63373,1,1,1982,0,0,0,0,0,0,9,0,0,0
63373,2,1,1982,0,0,0,0,0,0,0,0,0,0
63373,3,1,1982,0,0,0,0,0,0,0,0,0,0
63374,1,1,1982,0,0,0,0,0,0,0,0,0,0
63374,2,1,1982,0,0,0,0,0,0,0,0,0,0
63375,1,1,1982,28,28,28,28,28,28,28,28,28,28
63376,1,1,1982,16,0,13,0,0,17,0,34,0,6
63377,1,1,1982,13,13,13,13,13,13,13,13,13,13
63377,2,1,1982,0,0,0,0,0,0,0,0,0,0
63378,0,1,1982,15,15,15,15,15,15,15,15,15,15
63378,1,1,1982,0,0,0,0,0,0,0,0,0,0
63379,1,1,1982,30,30,30,30,30,30,30,30,30,30
63380,1,1,1982,21,21,21,21,21,21,21,21,21,21
63381,0,1,1982,0,0,0,0,0,0,0,0,0,0
63381,1,1,1982,0,0,0,0,20,10,0,16,0,0
63382,0,1,1982,13,0,19,20,29,25,31,25,18,0
63382,0,2,1982,0,0,0,0,0,0,0,0,0,0
63382,0,3,1982,0,0,0,0,0,0,0,0,0,0
63382,1,1,1982,14,14,14,14,14,14,14,14,14,14
63383,1,1,1982,0,0,5,0,0,0,0,0,41,0
63384,0,1,1982,0,4,0,0,0,0,9,0,0,0
63384,1,1,1982,0,0,0,0,0,0,0,0,0,0
63385,1,1,1982,0,0,0,7,6,18,0,0,0,0
63386,0,1,1982,0,0,0,0,0,0,0,0,0,0
63386,1,1,1982,0,0,0,0,0,0,0,0,0,0
63387,1,1,1982,0,0,0,0,0,0,0,0,0,0
63387,2,1,1982,14,26,17,0,0,14,13,15,16,23
63388,1,1,1982,19,19,19,19,19,19,19,19,19,19
63389,1,1,1982,17,17,17,17,17,17,17,17,17,17
63390,1,1,1982,19,19,19,19,19,19,19,19,19,19
63390,2,1,1982,0,0,10,0,0,0,0,17,0,0
63391,1,1,1982,0,0,0,0,0,0,0,0,0,0
63392,1,1,1982,0,0,0,0,0,0,0,0,0,0
63392,2,1,1982,0,0,0,0,0,0,0,0,0,0
63393,0,1,1982,0,0,0,0,0,0,0,0,0,0
63393,1,1,1982,0,0,0,0,0,0,0,0,0,0
63394,1,1,1982,8,8,8,8,8,8,8,8,8,8
63395,0,1,1982,0,0,0,0,0,0,0,0,0,0
63395,1,1,1982,0,0,0,0,0,0,0,0,0,0
63396,1,1,1982,9,17,20,34,17,17,37,31,14,6
63397,1,1,1982,0,0,0,0,0,0,0,12,0,0
63397,2,1,1982,20,13,16,18,18,14,4,0,8,0
63397,3,1,1982,0,16,20,10,29,14,0,26,10,12
63398,1,1,1982,14,14,14,14,14,14,14,14,14,14
63399,1,1,1982,0,0,0,0,0,0,0,0,0,0
63399,2,1,1982,8,3,15,27,16,21,27,19,15,17
63400,1,1,1982,15,18,22,25,21,25,18,3,13,4
63400,2,1,1982,7,10,0,31,13,0,25,0,0,17
63401,0,1,1982,17,17,0,15,0,0,12,20,0,0
63401,1,1,1982,18,0,0,0,0,18,0,0,0,0
63402,1,1,1982,5,5,5,5,5,5,5,5,5,5
63403,1,1,1982,17,17,17,17,17,17,17,17,17,17
63404,1,1,1982,23,0,0,0,0,0,0,0,0,0
63405,1,1,1982,0,0,0,0,0,0,0,0,0,0
63405,2,1,1982,0,0,0,0,0,0,0,0,0,0
63406,1,1,1982,0,0,0,0,0,0,0,0,0,0
63406,2,1,1982,0,0,0,0,0,18,0,0,0,0
63407,0,1,1982,0,0,0,0,0,0,0,0,0,0
63407,1,1,1982,18,8,0,0,0,23,0,0,0,0
63408,0,1,1982,0,0,0,0,0,0,0,0,0,0
63408,1,1,1982,5,0,13,0,0,0,0,0,2,0
63409,1,1,1982,14,14,14,14,14,14,14,14,14,14
63410,1,1,1982,10,10,10,10,10,10,10,10,10,10
63410,2,1,1982,0,0,0,0,0,0,0,0,0,0
63411,1,1,1982,12,12,12,12,12,12,12,12,12,12
63412,1,1,1982,20,20,20,20,20,20,20,20,20,20
63413,1,1,1982,10,10,10,10,10,10,10,10,10,10
63414,0,1,1982,0,0,0,0,0,0,0,0,0,0
63414,1,1,1982,20,20,20,20,20,20,20,20,20,20
63415,1,1,1982,18,18,18,18,18,18,18,18,18,18
63415,2,1,1982,0,0,0,0,0,0,0,0,0,0
63416,0,1,1982,13,13,13,13,13,13,13,13,13,13
63416,1,1,1982,0,0,0,0,0,0,0,0,17,0
63417,0,1,1982,0,0,0,0,0,0,0,0,0,0
63418,1,1,1982,17,17,17,17,17,17,17,17,17,17
63418,2,1,1982,13,12,0,4,18,8,10,0,20,0
63419,0,1,1982,21,0,0,0,0,0,0,0,0,0
63419,1,1,1982,0,0,0,0,0,0,30,0,0,0
63420,1,1,1982,0,0,0,0,0,0,0,0,0,0
63420,2,1,1982,0,0,0,0,0,0,0,0,0,0
63421,1,1,1982,0,0,0,0,0,0,21,13,0,0
63421,2,1,1982,0,0,0,0,0,0,0,0,0,0
63422,1,1,1982,0,0,0,0,0,0,0,0,0,0
63422,2,1,1982,0,0,0,0,0,0,0,0,0,0
63423,1,1,1982,0,0,0,0,0,0,0,0,0,0
63423,2,1,1982,0,0,0,0,0,0,0,0,0,0
63424,0,1,1982,2,2,2,2,2,2,2,2,2,2
63424,1,1,1982,13,0,0,19,22,0,0,4,30,17
63425,0,1,1982,13,0,17,17,18,9,14,21,23,33
63425,1,1,1982,5,22,21,14,13,0,0,0,0,23
63426,1,1,1982,0,0,0,0,0,0,0,0,0,0
63426,2,1,1982,0,0,0,0,0,0,0,0,0,0
63427,1,1,1982,0,0,0,0,0,0,0,0,0,0
63427,2,1,1982,0,0,0,0,0,0,0,0,0,0
63428,0,1,1982,17,17,17,17,17,17,17,17,17,17
63428,1,1,1982,0,0,0,0,11,0,0,0,0,15
63429,0,1,1982,0,16,23,10,27,22,24,28,19,10
63429,1,1,1982,17,9,20,0,13,20,18,9,0,24
63430,1,1,1982,0,0,0,0,0,0,0,0,0,0
63430,2,1,1982,12,12,12,12,12,12,12,12,12,12
63431,1,1,1982,0,0,0,0,0,0,0,0,0,0
63432,0,1,1982,26,26,26,26,26,26,26,26,26,26
63432,1,1,1982,29,0,0,0,0,0,0,0,0,0
63433,1,1,1982,22,17,16,4,15,14,16,29,31,48
63434,1,1,1982,0,0,0,0,0,0,0,0,0,0
63435,1,1,1982,29,29,29,29,29,29,29,29,29,29
63435,2,1,1982,0,0,0,0,0,0,0,0,0,0
63436,1,1,1982,0,0,0,0,0,0,0,0,0,0
63436,2,1,1982,0,0,0,0,0,0,0,0,0,0
63437,1,1,1982,0,0,0,0,0,0,0,0,0,0
63438,1,1,1982,0,0,0,0,0,0,0,0,0,0
63438,2,1,1982,27,27,27,27,27,27,27,27,27,27
63439,0,1,1982,0,0,0,0,0,0,0,0,0,0
63439,1,1,1982,0,0,28,17,0,0,0,0,0,24
63440,1,1,1982,0,0,0,0,0,0,0,0,0,0
63440,2,1,1982,0,0,0,0,0,0,0,0,0,0
63440,3,1,1982,0,0,0,0,0,0,0,0,0,0
63440,4,1,1982,0,0,0,0,0,0,0,0,0,0
63441,1,1,1982,1,1,1,1,1,1,1,1,1,1
63441,2,1,1982,0,0,0,0,0,0,0,0,0,0
63442,0,1,1982,0,0,0,0,15,0,0,0,0,0
63442,1,1,1982,0,0,0,0,0,0,0,0,0,0
63443,1,1,1982,18,18,18,18,18,18,18,18,18,18
63444,1,1,1982,0,0,0,0,0,0,0,0,0,0
63444,2,1,1982,0,0,0,0,0,0,0,0,0,0
63445,0,1,1982,24,24,24,24,24,24,24,24,24,24
63445,1,1,1982,0,0,0,0,5,0,0,9,0,0
63446,1,1,1982,0,0,0,0,0,0,0,0,0,0
63447,1,1,1982,27,27,27,27,27,27,27,27,27,27
63447,2,1,1982,0,30,0,0,0,0,25,27,24,0
63448,1,1,1982,11,11,11,11,11,11,11,11,11,11
63449,1,1,1982,0,0,0,0,0,0,0,0,14,23
63450,1,1,1982,19,19,19,19,19,19,19,19,19,19
63451,1,1,1982,19,19,19,19,19,19,19,19,19,19
63451,2,1,1982,0,0,0,0,0,0,0,0,0,0
63452,0,1,1982,20,20,20,20,20,20,20,20,20,20
63452,1,1,1982,0,0,0,0,0,13,0,0,0,0
63453,0,1,1982,0,0,0,0,0,0,0,0,0,0
63453,1,1,1982,0,0,0,0,0,0,0,0,0,0
63454,0,1,1982,0,0,0,0,0,0,0,0,0,0
63454,1,1,1982,0,0,0,0,0,0,0,0,0,0
63455,1,1,1982,0,0,0,0,0,0,0,0,0,0
63455,2,1,1982,0,0,0,0,0,9,0,0,0,0
63455,3,1,1982,0,0,0,0,0,0,0,0,0,0
63455,4,1,1982,0,0,0,0,0,0,0,0,0,0
63456,1,1,1982,17,17,17,17,17,17,17,17,17,17
63456,2,1,1982,0,0,0,0,0,0,0,0,0,0
63457,1,1,1982,0,0,0,0,18,0,0,2,0,0
63457,2,1,1982,0,0,0,0,0,0,0,0,0,0
63458,1,1,1982,0,0,0,0,0,0,0,0,0,0
63458,2,1,1982,0,0,0,0,0,0,0,0,0,0
63459,0,1,1982,0,0,0,0,0,0,0,0,0,0
63459,1,1,1982,23,23,23,23,23,23,23,23,23,23
63460,1,1,1982,0,0,0,0,0,0,0,0,0,0
63461,1,1,1982,6,6,6,6,6,6,6,6,6,6
63462,1,1,1982,17,17,17,17,17,17,17,17,17,17
63462,2,1,1982,0,0,0,0,0,0,0,0,0,0
63463,1,1,1982,7,14,10,17,12,0,10,16,19,18
63463,2,1,1982,21,21,21,21,21,21,21,21,21,21
63464,1,1,1982,14,14,14,14,14,14,14,14,14,14
63464,2,1,1982,8,0,0,13,0,0,10,0,0,0
63464,3,1,1982,0,0,0,0,0,0,0,0,0,0
63465,1,1,1982,16,16,16,16,16,16,16,16,16,16
63466,1,1,1982,0,0,0,0,0,0,0,0,0,0
63466,2,1,1982,0,0,0,0,0,0,0,0,0,0
63467,1,1,1982,0,0,0,0,0,0,0,0,0,0
63467,2,1,1982,0,0,0,0,0,0,0,0,0,0
63468,0,1,1982,49,49,49,49,49,49,49,49,49,49
63468,1,1,1982,0,0,0,0,0,0,0,0,0,0
63469,1,1,1982,19,20,20,22,14,13,18,0,15,10
63470,0,1,1982,0,0,0,0,0,0,0,0,0,0
63470,1,1,1982,0,0,0,0,0,0,0,0,0,0
63471,1,1,1982,18,18,18,18,18,18,18,18,18,18
63472,1,1,1982,22,19,18,30,18,18,6,30,27,6
63473,1,1,1982,0,0,0,0,0,0,0,0,0,0
63473,2,1,1982,0,0,0,0,0,0,0,0,0,0
63474,0,1,1982,0,0,0,0,0,0,0,0,0,0
63474,1,1,1982,0,0,0,0,0,0,0,0,0,0
63475,1,1,1982,0,0,0,0,0,0,0,0,0,0
63476,1,1,1982,0,0,0,0,0,0,0,0,0,0
63476,2,1,1982,0,0,0,0,0,0,0,0,0,0
63476,3,1,1982,0,0,0,0,0,14,0,0,0,0
63477,1,1,1982,22,22,22,22,22,22,22,22,22,22
63478,0,1,1982,26,26,26,26,26,26,26,26,26,26
63478,1,1,1982,0,0,0,0,0,0,0,0,0,0
63479,1,1,1982,19,19,16,8,13,9,1,18,10,13
63479,2,1,1982,0,0,0,0,0,0,0,0,0,0
63480,1,1,1982,11,11,11,11,11,11,11,11,11,11
63481,1,1,1982,0,0,0,0,0,0,0,0,0,0
63482,0,1,1982,12,12,12,12,12,12,12,12,12,12
63482,1,1,1982,0,0,0,0,0,0,0,0,0,0
63483,1,1,1982,7,0,0,0,12,16,0,0,0,0
63483,2,1,1982,0,0,0,0,0,0,0,0,0,0
63483,3,1,1982,0,0,0,0,0,0,0,0,0,0
63484,0,1,1982,0,0,0,0,0,0,0,0,0,0
63484,1,1,1982,16,16,16,16,16,16,16,16,16,16
63485,0,1,1982,0,23,17,0,0,0,0,20,15,12
63485,1,1,1982,12,20,0,0,0,0,0,0,0,12
63486,1,1,1982,0,0,0,0,0,0,0,0,0,0
63487,1,1,1982,21,21,21,21,21,21,21,21,21,21
63488,1,1,1982,0,0,14,0,17,0,0,7,0,25
63488,2,1,1982,0,0,0,0,0,0,0,0,0,0
63489,1,1,1982,0,0,0,0,0,0,0,0,0,0
63489,2,1,1982,0,0,0,0,0,0,0,0,0,0
63490,1,1,1982,23,23,23,23,23,23,23,23,23,23
63491,0,1,1982,27,27,27,27,27,27,27,27,27,27
63491,1,1,1982,0,0,0,0,0,0,8,0,0,0
63491,2,1,1982,0,0,12,22,0,0,0,0,0,0
63491,3,1,1982,0,0,0,0,8,0,0,11,0,25
63492,1,1,1982,23,23,23,23,23,23,23,23,23,23
63493,1,1,1982,21,21,21,21,21,21,21,21,21,21
63494,1,1,1982,16,16,16,16,16,16,16,16,16,16
63495,1,1,1982,0,0,0,0,0,0,0,0,0,0
63495,2,1,1982,0,0,0,0,0,0,0,0,0,0
63496,0,1,1982,0,0,0,0,0,0,0,0,0,0
63496,1,1,1982,0,0,0,0,0,0,0,0,0,0
63497,1,1,1982,7,7,5,10,16,8,4,9,16,18
63497,2,1,1982,10,10,10,10,10,10,10,10,10,10
63498,1,1,1982,16,16,16,16,16,16,16,16,16,16
63499,1,1,1982,0,0,0,0,0,0,0,0,0,0
63499,2,1,1982,0,0,0,0,0,0,0,0,0,0
63499,3,1,1982,0,0,0,0,0,0,0,0,0,0
63499,4,1,1982,0,0,0,0,0,0,0,0,0,0
63499,5,1,1982,0,0,5,0,0,0,0,0,0,0
63500,0,1,1982,0,0,0,0,0,0,0,0,0,0
63500,1,1,1982,0,0,13,0,0,0,0,0,0,0
63501,1,1,1982,27,27,27,27,27,27,27,27,27,27
63501,2,1,1982,0,0,0,0,0,0,0,0,0,0
63502,1,1,1982,22,22,22,22,22,22,22,22,22,22
63503,0,1,1982,15,15,15,15,15,15,15,15,15,15
63503,1,1,1982,12,19,0,0,0,0,0,0,0,0
63504,1,1,1982,28,28,28,28,28,28,28,28,28,28
63505,0,1,1982,0,0,0,0,0,0,0,0,0,0
63505,1,1,1982,0,0,0,0,0,0,0,0,0,0
63506,0,1,1982,0,0,0,0,0,0,0,0,0,0
63506,1,1,1982,0,0,0,7,0,0,0,0,0,0
63507,0,1,1982,0,0,0,0,0,0,0,0,0,0
63507,1,1,1982,0,0,0,0,0,0,0,0,0,0
63508,1,1,1982,0,0,0,0,0,0,0,0,0,0
63508,2,1,1982,0,0,0,0,17,0,0,0,0,3
63509,1,1,1982,20,20,20,20,20,20,20,20,20,20
63510,0,1,1982,0,0,0,0,0,0,0,0,0,0
63510,1,1,1982,0,0,0,0,0,0,0,0,0,0
63510,2,1,1982,0,0,0,9,0,0,0,0,9,0
63511,1,1,1982,7,7,7,7,7,7,7,7,7,7
63511,2,1,1982,16,15,20,3,22,13,9,12,10,12
63511,3,1,1982,0,10,23,9,13,6,0,11,0,12
63512,1,1,1982,12,12,12,12,12,12,12,12,12,12
63513,1,1,1982,13,13,13,13,13,13,13,13,13,13
63513,2,1,1982,0,0,0,0,0,0,0,0,0,0
63514,1,1,1982,25,25,25,25,25,25,25,25,25,25
63514,2,1,1982,0,0,0,0,0,0,0,15,0,0
63514,3,1,1982,0,0,0,0,0,0,0,0,0,0
63515,1,1,1982,0,0,0,0,0,0,0,0,0,0
63515,2,1,1982,0,0,0,0,0,0,0,0,0,0
63516,1,1,1982,5,0,15,23,12,0,9,19,14,0
63516,2,1,1982,9,24,8,0,0,0,29,10,0,38
63517,0,1,1982,26,26,26,26,26,26,26,26,26,26
63517,1,1,1982,0,0,0,0,0,0,0,0,0,0
63517,2,1,1982,0,0,0,0,0,5,0,0,0,0
63518,1,1,1982,0,20,0,0,0,0,0,0,0,0
63518,2,1,1982,0,0,0,0,0,0,0,0,0,0
63519,1,1,1982,21,21,21,21,21,21,21,21,21,21
63520,1,1,1982,2,2,2,2,2,2,2,2,2,2
63521,1,1,1982,10,17,16,13,0,0,0,0,25,32
63521,2,1,1982,0,0,0,0,0,0,0,0,0,0
63522,0,1,1982,11,17,0,0,0,11,3,2,14,10
63522,1,1,1982,16,6,26,20,10,13,23,18,10,26
63523,1,1,1982,3,3,3,3,3,3,3,3,3,3
63524,1,1,1982,21,21,21,21,21,21,21,21,21,21
63525,1,1,1982,0,0,0,0,0,0,0,0,0,0
63525,2,1,1982,0,0,0,0,0,0,0,0,0,0
63526,0,1,1982,28,28,28,28,28,28,28,28,28,28
63526,1,1,1982,0,0,0,0,0,0,0,0,0,0
63527,1,1,1982,20,20,20,20,20,20,20,20,20,20
63527,2,1,1982,0,0,0,0,0,0,0,0,0,0
63528,1,1,1982,14,14,14,14,14,14,14,14,14,14
63529,1,1,1982,14,15,16,30,12,7,17,18,14,7
63529,2,1,1982,0,0,0,0,0,11,0,0,0,0
63530,1,1,1982,0,0,0,0,0,0,0,17,0,0
63531,0,1,1982,20,20,20,20,20,20,20,20,20,20
63531,1,1,1982,17,23,11,12,8,5,26,6,15,9
63532,1,1,1982,0,0,0,0,0,0,0,0,0,0
63533,1,1,1982,15,15,15,15,15,15,15,15,15,15
63534,1,2,1982,10,10,10,10,10,10,10,10,10,10
63535,0,1,1982,17,17,17,17,17,17,17,17,17,17
63535,1,1,1982,19,32,20,19,21,0,5,17,25,20
63536,1,1,1982,0,0,0,0,0,0,0,0,0,0
63536,2,1,1982,0,0,0,0,0,0,0,0,0,0
63537,1,1,1982,15,15,15,15,15,15,15,15,15,15
63537,2,1,1982,0,0,0,0,0,13,13,0,0,0
63537,3,1,1982,0,0,0,0,0,0,0,0,0,0
63538,1,1,1982,20,20,20,20,20,20,20,20,20,20
63538,2,1,1982,0,0,0,0,0,0,0,0,0,0
63539,0,1,1982,0,0,0,0,0,0,0,0,0,0
63539,0,2,1982,0,0,0,0,0,0,0,0,0,0
63539,1,1,1982,0,0,0,0,0,0,0,0,0,0
63540,0,1,1982,0,17,0,0,0,0,0,0,0,0
63540,1,1,1982,0,0,0,0,0,0,0,0,0,0
63540,2,1,1982,0,0,0,0,0,0,0,0,0,0
63541,0,1,1982,0,0,0,0,0,0,0,0,0,0
63541,0,2,1982,0,0,0,0,0,0,0,5,0,0
63541,1,1,1982,21,22,22,23,19,0,25,25,0,16
63542,1,1,1982,16,16,16,16,16,16,16,16,16,16
63542,2,1,1982,0,0,0,0,0,0,0,0,7,0
63543,1,1,1982,23,23,23,23,23,23,23,23,23,23
63544,1,1,1982,0,0,0,0,0,0,0,0,0,0
63544,2,1,1982,0,0,0,0,0,0,0,0,0,0
63545,1,1,1982,0,0,0,0,0,0,0,0,0,0
63545,2,1,1982,0,0,0,0,0,0,0,0,0,0
63546,1,1,1982,0,15,13,17,0,23,12,24,24,22
63547,0,1,1982,0,12,0,0,22,6,7,20,28,15
63547,1,1,1982,0,0,0,0,0,0,0,0,0,0
63548,1,1,1982,0,0,11,16,0,0,0,11,0,0
63549,1,1,1982,8,8,8,8,8,8,8,8,8,8
63549,2,1,1982,0,0,3,0,14,0,0,0,12,0
63550,1,1,1982,17,17,17,17,17,17,17,17,17,17
63551,1,1,1982,21,21,21,21,21,21,21,21,21,21
63552,1,1,1982,21,21,21,21,21,21,21,21,21,21
63552,2,1,1982,6,6,6,6,6,6,6,6,6,6
63552,3,1,1982,16,8,10,0,20,17,0,0,10,10
63553,1,1,1982,0,0,0,0,9,0,0,0,0,0
63553,2,1,1982,14,14,14,14,14,14,14,14,14,14
63554,1,1,1982,0,7,0,0,0,0,0,0,0,0
63554,2,1,1982,0,0,0,0,0,0,0,0,0,0
63554,3,1,1982,0,0,0,0,0,0,8,10,0,0
63555,1,1,1982,23,10,13,0,16,17,15,5,14,28
63555,2,1,1982,0,0,0,0,0,0,0,0,0,0
63556,1,1,1982,22,22,22,22,22,22,22,22,22,22
63557,1,1,1982,19,19,19,19,19,19,19,19,19,19
63558,1,1,1982,18,18,18,18,18,18,18,18,18,18
63559,0,1,1982,8,8,8,8,8,8,8,8,8,8
63559,1,1,1982,17,17,17,17,17,17,17,17,17,17
63560,1,1,1982,0,0,0,0,0,0,0,0,0,0
63560,2,1,1982,0,16,0,0,9,0,0,0,0,0
63561,1,1,1982,9,9,9,9,9,9,9,9,9,9
63561,2,1,1982,0,0,0,0,0,0,0,0,0,0
63562,1,1,1982,0,0,9,0,0,0,0,0,13,0
63563,1,1,1982,0,0,0,0,0,0,0,0,0,0
63564,1,1,1982,0,0,0,0,0,0,0,0,0,0
63564,2,1,1982,0,0,0,0,0,0,0,0,0,0
63565,1,1,1982,0,0,0,0,0,0,0,25,0,0
63566,1,1,1982,11,6,0,13,16,19,9,18,9,0
63566,2,1,1982,0,11,0,0,0,0,0,0,0,0
63567,1,1,1982,0,0,0,0,0,0,0,0,0,0
63568,1,1,1982,0,0,0,0,0,0,0,0,0,0
63568,2,1,1982,0,0,0,0,0,0,0,0,0,0
63569,1,1,1982,34,34,34,34,34,34,34,34,34,34
63569,2,1,1982,0,0,0,0,0,0,0,0,0,0
63570,1,1,1982,28,28,28,28,28,28,28,28,28,28
63571,1,1,1982,12,12,12,12,12,12,12,12,12,12
63572,1,1,1982,0,0,0,0,0,0,0,0,0,0
63573,1,1,1982,0,0,0,0,0,0,0,0,0,0
63574,1,1,1982,12,12,12,12,12,12,12,12,12,12
63574,2,1,1982,0,0,0,0,0,0,0,0,0,0
63575,0,1,1982,0,0,0,0,0,0,0,0,0,0
63575,1,1,1982,5,19,14,0,12,3,11,10,15,15
63576,1,1,1982,0,0,0,0,0,0,0,0,0,0
63576,2,1,1982,0,0,0,0,0,0,0,0,0,6
63577,0,1,1982,31,31,31,31,31,31,31,31,31,31
63577,1,1,1982,0,10,14,7,7,0,20,19,11,14
63578,1,1,1982,0,16,0,0,14,17,24,16,22,11
63579,1,1,1982,0,0,9,0,32,23,0,7,11,0
63579,2,1,1982,0,0,0,0,0,0,0,0,0,0
63580,1,1,1982,13,35,11,6,25,16,17,12,23,15
63580,2,1,1982,16,2,18,11,4,0,18,13,0,0
63581,1,1,1982,0,0,0,0,0,0,0,0,0,0
63582,1,1,1982,3,3,3,3,3,3,3,3,3,3
63583,1,1,1982,0,0,0,0,0,0,0,0,0,0
63583,2,1,1982,0,0,0,0,0,0,0,0,0,0
63583,3,1,1982,0,0,0,0,0,0,0,0,0,0
63584,0,1,1982,30,30,30,30,30,30,30,30,30,30
63584,1,1,1982,0,0,0,0,0,0,0,0,0,0
63585,1,1,1982,0,0,0,0,0,0,0,0,0,0
63586,1,1,1982,0,0,0,0,0,0,0,0,0,0
63586,2,1,1982,0,0,0,0,0,0,0,0,0,0
63587,1,1,1982,15,15,15,15,15,15,15,15,15,15
63588,1,1,1982,31,31,31,31,31,31,31,31,31,31
63588,2,1,1982,0,0,0,0,0,0,0,8,0,0
63589,0,1,1982,0,0,0,0,0,0,0,0,0,0
63589,1,1,1982,16,0,0,21,0,0,0,0,0,0
63590,1,1,1982,0,0,0,0,0,0,0,0,0,0
63590,2,1,1982,0,0,0,0,0,0,0,0,0,0
63591,1,1,1982,0,0,0,0,0,0,0,0,0,0
63591,2,1,1982,20,20,20,20,20,20,20,20,20,20
63592,1,1,1982,17,17,17,17,17,17,17,17,17,17
63593,1,1,1982,0,0,0,0,0,0,0,0,0,0
63593,2,1,1982,0,0,0,0,0,0,0,0,0,0
63594,0,1,1982,7,7,7,7,7,7,7,7,7,7
63594,1,1,1982,26,8,10,8,0,23,8,0,24,13
63595,1,1,1982,3,3,3,3,3,3,3,3,3,3
63596,1,1,1982,0,0,0,0,21,0,0,0,13,0
63596,2,1,1982,0,0,0,0,0,0,0,21,0,0
63597,1,1,1982,20,20,20,20,20,20,20,20,20,20
63598,1,1,1982,2,2,2,2,2,2,2,2,2,2
63598,2,1,1982,0,0,0,0,0,0,0,0,0,0
63599,1,1,1982,21,12,12,13,0,17,0,17,0,0
63600,1,1,1982,19,0,31,15,0,0,17,14,21,0
63600,2,1,1982,0,0,0,0,0,0,0,0,0,0
63601,0,1,1982,16,16,16,16,16,16,16,16,16,16
63601,1,1,1982,0,0,0,19,0,0,0,0,0,0
63602,1,1,1982,12,12,12,12,12,12,12,12,12,12
63603,1,1,1982,0,0,0,0,0,0,0,0,0,0
63603,2,1,1982,0,0,0,0,0,0,0,0,0,0
63603,3,1,1982,26,0,0,0,0,0,0,0,0,0
63604,1,1,1982,18,18,18,18,18,18,18,18,18,18