ST_CASE,VEH_NO,PER_NO,YEAR,P1,P2,P3,P4,P5,P6,P7,P8,P9,P10
63604,2,1,1982,0,0,0,0,0,0,0,0,0,0
63605,1,1,1982,26,26,26,26,26,26,26,26,26,26
63605,2,1,1982,10,0,5,12,26,23,4,0,22,26
63606,1,1,1982,4,4,4,4,4,4,4,4,4,4
63607,1,1,1982,0,0,0,0,0,0,0,0,0,0
63607,2,1,1982,0,0,0,0,0,0,0,0,0,0
63608,1,1,1982,0,13,20,35,20,21,0,0,18,15
63609,0,1,1982,0,0,0,0,0,0,0,0,0,0
63609,1,1,1982,0,0,0,0,13,0,0,0,12,0
63610,0,1,1982,39,39,39,39,39,39,39,39,39,39
63610,1,1,1982,0,0,0,0,0,18,0,0,0,0
63611,1,1,1982,0,0,0,0,0,0,0,0,0,0
63611,2,1,1982,0,6,0,0,17,0,0,0,0,0
63612,1,1,1982,0,0,0,0,0,0,0,0,0,0
63612,2,1,1982,21,21,21,21,21,21,21,21,21,21
63613,1,1,1982,21,21,21,21,21,21,21,21,21,21
63613,2,1,1982,15,6,12,13,10,7,5,16,15,0
63614,1,1,1982,12,12,12,12,12,12,12,12,12,12
63615,1,1,1982,24,24,24,24,24,24,24,24,24,24
63616,1,1,1982,0,0,0,0,0,0,0,12,0,0
63616,2,1,1982,15,15,15,15,15,15,15,15,15,15
63617,1,1,1982,17,17,17,17,17,17,17,17,17,17
63618,1,1,1982,19,19,19,19,19,19,19,19,19,19
63619,1,1,1982,11,11,11,11,11,11,11,11,11,11
63620,1,1,1982,14,14,14,14,14,14,14,14,14,14
63621,0,1,1982,0,0,0,0,0,0,0,0,0,0
63621,1,1,1982,0,0,0,0,0,0,0,0,0,0
63622,1,1,1982,0,0,0,0,0,0,0,0,0,0
63623,1,1,1982,0,0,0,0,0,0,0,0,0,0
63623,2,1,1982,0,0,0,0,19,0,0,0,0,0
63624,1,1,1982,0,0,0,0,0,0,0,0,0,0
63624,2,1,1982,0,0,0,0,0,0,0,0,0,0
63625,1,1,1982,0,0,0,0,0,0,0,0,0,0
63626,1,1,1982,14,14,14,14,14,14,14,14,14,14
63626,2,1,1982,0,0,0,0,0,0,0,0,0,0
63626,3,1,1982,0,0,0,0,0,0,0,0,0,0
63627,1,1,1982,0,0,0,0,0,0,0,0,0,0
63628,1,1,1982,15,25,11,24,9,17,3,13,17,24
63629,1,1,1982,17,17,17,17,17,17,17,17,17,17
63630,1,1,1982,0,0,0,0,0,0,0,0,0,0
63630,2,1,1982,0,0,0,0,0,0,0,0,0,4
63631,0,1,1982,0,0,0,0,0,0,0,0,0,0
63631,1,1,1982,0,0,0,0,0,0,0,0,0,0
63632,1,1,1982,0,0,0,0,0,0,0,0,0,0
63632,2,1,1982,0,10,0,0,0,0,0,0,0,0
63633,1,1,1982,0,7,6,0,0,0,0,0,0,18
63633,2,1,1982,0,0,0,0,0,0,0,0,0,0
63634,0,1,1982,4,4,4,4,4,4,4,4,4,4
63634,1,1,1982,13,44,29,23,25,20,8,19,8,17
63635,1,1,1982,14,14,14,14,14,14,14,14,14,14
63636,1,1,1982,0,0,0,0,0,0,0,0,0,0
63637,1,1,1982,10,10,10,10,10,10,10,10,10,10
63637,2,1,1982,0,0,0,0,0,0,8,0,0,0
63638,0,1,1982,35,22,33,23,14,20,30,14,18,20
63638,1,1,1982,16,10,14,13,0,16,12,10,14,12
63639,1,1,1982,0,0,0,0,0,0,0,0,0,0
63639,2,1,1982,0,0,0,0,0,0,0,0,0,0
63639,3,1,1982,0,0,0,0,0,0,0,0,0,0
63640,1,1,1982,0,0,0,0,0,0,0,0,0,0
63640,2,1,1982,0,0,0,0,0,0,0,0,0,0
63641,0,1,1982,0,0,0,0,0,0,0,0,0,0
63641,1,1,1982,0,0,0,0,17,0,0,0,0,0
63642,1,1,1982,25,25,25,25,25,25,25,25,25,25
63643,1,1,1982,0,0,0,0,0,0,0,0,0,0
63644,1,1,1982,0,0,0,0,0,0,0,0,0,0
63644,2,1,1982,0,0,0,0,0,0,0,0,0,0
63645,0,1,1982,0,0,0,0,0,0,0,0,0,0
63645,1,1,1982,26,20,17,30,19,15,15,33,0,21
63646,0,1,1982,14,14,14,14,14,14,14,14,14,14
63646,1,1,1982,22,0,0,0,0,0,6,0,0,0
63647,1,1,1982,0,0,0,0,0,0,0,0,0,0
63647,2,1,1982,0,0,0,0,0,0,0,0,0,0
63648,1,1,1982,22,15,8,26,25,15,11,15,20,11
63649,1,1,1982,11,11,11,11,11,11,11,11,11,11
63649,2,1,1982,0,0,0,0,0,0,0,0,0,0
63650,1,1,1982,2,2,2,2,2,2,2,2,2,2
63651,1,1,1982,14,5,11,26,11,7,15,4,19,18
63652,1,1,1982,7,7,7,7,7,7,7,7,7,7
63652,2,1,1982,14,13,19,20,9,12,27,2,9,12
63653,1,1,1982,3,3,3,3,3,3,3,3,3,3
63654,1,1,1982,0,0,0,0,0,8,0,0,0,0
63654,2,1,1982,0,0,0,0,0,0,0,0,0,0
63655,0,1,1982,0,0,0,0,0,0,0,0,0,0
63655,1,1,1982,0,0,0,0,0,0,0,0,0,0
63656,1,1,1982,0,0,0,0,0,0,0,0,0,0
63657,1,1,1982,0,0,0,0,24,0,0,21,0,0
63658,1,1,1982,0,0,0,0,0,0,0,0,0,0
63658,2,1,1982,0,3,0,0,0,8,0,11,0,0
63658,3,1,1982,0,0,0,0,0,0,0,0,0,0
63659,0,1,1982,0,0,0,10,0,0,0,0,0,0
63659,1,1,1982,0,0,0,0,0,15,0,0,0,0
63660,1,1,1982,0,0,0,7,0,0,0,0,0,0
63660,2,1,1982,0,0,0,0,0,0,0,0,0,0
63661,1,1,1982,0,0,0,0,0,0,0,0,0,0
63661,2,1,1982,0,0,0,0,0,0,0,9,0,0
63661,3,1,1982,0,0,0,0,0,11,0,0,0,0
63662,1,1,1982,0,0,0,18,0,0,0,0,0,0
63663,1,1,1982,0,0,0,0,0,0,0,0,0,0
63663,2,1,1982,0,0,0,0,0,0,0,0,0,0
63664,1,1,1982,0,0,0,0,0,0,0,0,0,0
63664,2,1,1982,0,0,0,0,0,0,0,0,0,0
63665,1,1,1982,0,0,0,0,0,0,0,0,0,0
63665,2,1,1982,15,15,15,15,15,15,15,15,15,15
63666,1,1,1982,20,20,20,20,20,20,20,20,20,20
63666,2,1,1982,0,0,0,0,0,0,0,0,0,0
63667,1,1,1982,19,0,16,21,19,14,0,0,12,34
63668,1,1,1982,0,0,0,0,0,0,0,0,10,0
63669,1,1,1982,12,10,8,0,12,14,27,17,16,15
63670,1,1,1982,0,0,0,0,0,0,0,0,0,0
63671,1,1,1982,15,15,15,15,15,15,15,15,15,15
63672,0,1,1982,16,17,28,24,0,0,0,0,0,0
63672,1,1,1982,0,0,0,0,0,0,0,0,0,0
63673,1,1,1982,0,0,0,0,10,0,0,0,0,0
63673,2,1,1982,0,0,0,0,0,0,0,0,0,0
63674,1,1,1982,6,11,0,0,5,0,20,0,0,20
63674,2,1,1982,0,12,0,0,0,0,8,0,0,0
63675,1,1,1982,0,0,0,0,0,16,0,0,0,0
63675,2,1,1982,0,0,0,0,0,0,0,0,0,0
63676,1,1,1982,10,0,0,0,0,36,0,18,0,6
63677,1,1,1982,0,0,0,0,0,0,0,0,0,0
63677,2,1,1982,0,0,0,0,0,0,0,0,0,0
63678,1,1,1982,0,0,0,0,0,0,0,0,0,0
63678,2,1,1982,0,0,0,0,0,0,0,0,0,0
63678,3,1,1982,0,0,0,0,0,0,0,0,0,0
63679,0,1,1982,19,19,19,19,19,19,19,19,19,19
63679,1,1,1982,0,12,0,0,26,0,11,0,0,21
63680,0,1,1982,12,12,12,12,12,12,12,12,12,12
63680,1,1,1982,0,0,0,0,0,0,0,0,0,0
63681,1,1,1982,23,23,23,23,23,23,23,23,23,23
63682,1,1,1982,22,22,22,22,22,22,22,22,22,22
63683,1,1,1982,0,0,0,0,0,0,0,0,0,0
63684,1,1,1982,0,0,0,0,0,0,0,0,0,0
63685,1,1,1982,7,0,0,0,31,0,13,0,0,0
63686,1,1,1982,0,0,0,0,0,0,0,0,0,0
63686,2,1,1982,0,0,0,0,3,0,0,0,0,0
63687,1,1,1982,0,0,0,0,0,0,0,0,0,0
63687,2,1,1982,13,17,19,7,0,12,4,2,17,9
63688,0,1,1982,0,0,0,0,0,0,0,0,0,0
63688,1,1,1982,0,0,0,0,0,0,18,16,0,5
63688,2,1,1982,15,0,0,0,0,0,0,0,0,0
63689,0,1,1982,0,28,36,15,33,0,0,0,0,0
63689,1,1,1982,6,6,6,6,6,6,6,6,6,6
63690,0,1,1982,17,17,17,17,17,17,17,17,17,17
63690,0,2,1982,30,0,28,0,23,0,22,12,19,13
63690,1,1,1982,25,25,25,25,25,25,25,25,25,25
63691,0,1,1982,27,27,27,27,27,27,27,27,27,27
63691,1,1,1982,18,0,0,0,0,0,0,0,0,0
63692,1,1,1982,2,2,2,2,2,2,2,2,2,2
63693,1,1,1982,4,6,20,11,13,5,10,19,11,11
63694,1,1,1982,15,15,15,15,15,15,15,15,15,15
63695,1,1,1982,0,0,0,0,0,0,0,0,0,0
63695,2,1,1982,0,0,0,0,0,0,0,0,0,0
63696,0,1,1982,17,17,17,17,17,17,17,17,17,17
63696,1,1,1982,0,0,0,0,0,0,0,0,0,0
63697,1,1,1982,0,0,0,0,0,0,0,0,0,0
63697,2,1,1982,0,0,0,0,0,0,0,0,0,0
63698,1,1,1982,15,15,15,15,15,15,15,15,15,15
63699,1,1,1982,24,24,24,24,24,24,24,24,24,24
63699,2,1,1982,16,21,17,10,0,16,20,18,16,0
63700,1,1,1982,18,18,18,18,18,18,18,18,18,18
63701,1,1,1982,28,28,28,28,28,28,28,28,28,28
63702,1,3,1982,35,11,16,0,22,6,0,8,0,26
63703,1,1,1982,0,0,0,0,0,5,0,0,0,0
63703,2,1,1982,13,13,13,13,13,13,13,13,13,13
63703,3,1,1982,0,0,0,0,0,24,0,0,0,0
63704,0,1,1982,0,0,0,0,0,0,0,0,0,0
63704,1,1,1982,31,22,17,16,13,22,12,17,19,10
63705,1,1,1982,0,0,0,0,0,0,0,0,0,0
63706,1,1,1982,18,18,18,18,18,18,18,18,18,18
63707,0,1,1982,17,17,17,17,17,17,17,17,17,17
63707,1,1,1982,0,0,0,0,7,0,0,11,0,0
63708,1,1,1982,15,0,18,20,24,10,21,24,0,0
63709,1,1,1982,0,0,0,0,0,0,0,0,0,0
63709,2,1,1982,5,0,0,0,0,0,0,0,0,0
63710,1,1,1982,0,8,0,0,0,0,0,0,0,0
63710,2,1,1982,1,1,1,1,1,1,1,1,1,1
63711,0,1,1982,0,0,0,0,23,0,0,0,0,0
63711,1,1,1982,8,0,0,0,0,0,0,0,0,0
63712,1,1,1982,11,11,11,11,11,11,11,11,11,11
63713,0,1,1982,0,0,0,0,0,0,0,0,0,0
63713,1,1,1982,0,0,10,0,0,4,0,0,11,0
63714,1,1,1982,11,11,11,11,11,11,11,11,11,11
63715,1,1,1982,18,18,18,18,18,18,18,18,18,18
63716,1,1,1982,0,0,0,0,0,0,0,0,0,0
63716,2,1,1982,0,0,0,0,0,0,0,0,0,0
63716,3,1,1982,3,0,8,0,0,12,19,0,0,19
63716,4,1,1982,23,24,6,10,8,0,16,22,20,14
63717,0,1,1982,0,0,16,0,7,10,0,0,26,10
63717,1,1,1982,0,0,0,0,0,0,0,0,0,0
63718,1,1,1982,16,16,16,16,16,16,16,16,16,16
63719,0,1,1982,24,24,24,24,24,24,24,24,24,24
63719,0,2,1982,14,11,4,0,16,25,8,9,3,20
63719,1,1,1982,17,0,0,0,0,9,0,0,0,0
63720,1,1,1982,0,0,0,0,0,0,0,0,0,0
63720,2,1,1982,0,0,0,0,0,0,0,0,0,0
63721,1,1,1982,0,0,0,0,0,0,0,0,0,0
63721,2,1,1982,0,0,0,0,0,0,0,0,0,0
63721,3,1,1982,0,0,0,0,0,0,0,0,0,0
63722,0,1,1982,0,0,0,0,0,0,0,0,0,0
63722,1,1,1982,0,0,0,0,0,0,0,0,0,0
63723,1,1,1982,21,0,0,12,10,0,0,0,0,0
63723,2,1,1982,0,0,0,0,0,0,0,0,0,0
63724,1,1,1982,0,0,0,0,0,0,0,0,0,0
63725,1,1,1982,22,22,22,22,22,22,22,22,22,22
63725,2,1,1982,10,10,10,10,10,10,10,10,10,10
63726,1,1,1982,0,0,11,0,0,0,0,0,0,0
63727,1,1,1982,0,0,0,25,14,29,0,0,7,12
63727,2,1,1982,0,0,0,0,0,0,0,0,0,0
63728,1,1,1982,11,11,11,11,11,11,11,11,11,11
63729,1,1,1982,0,0,0,0,0,0,0,0,0,0
63729,2,1,1982,0,0,0,0,0,0,0,0,0,0
63730,1,1,1982,0,0,0,0,0,0,0,0,0,0
63730,2,1,1982,0,0,0,0,0,0,0,0,0,0
63730,3,1,1982,0,0,0,0,8,0,0,0,0,0
63731,1,1,1982,0,0,0,0,0,0,0,0,0,0
63731,2,1,1982,0,0,0,0,0,0,0,0,0,0
63732,1,1,1982,20,20,20,20,20,20,20,20,20,20
63732,2,1,1982,0,0,0,0,0,0,0,0,0,0
63732,3,1,1982,0,17,0,0,0,0,0,0,0,0
63733,1,1,1982,21,21,21,21,21,21,21,21,21,21
63733,2,1,1982,0,0,0,0,0,0,0,0,0,0
63734,0,1,1982,0,0,0,0,0,0,0,0,0,0
63734,1,1,1982,0,28,0,0,0,14,0,0,0,5
63735,1,1,1982,17,17,17,17,17,17,17,17,17,17
63736,1,1,1982,0,0,0,0,0,0,0,0,0,0
63736,2,1,1982,0,0,0,0,0,0,0,0,0,0
63736,3,1,1982,0,0,0,0,0,0,0,0,0,0
63737,1,4,1982,16,16,16,16,16,16,16,16,16,16
63738,0,1,1982,18,18,18,18,18,18,18,18,18,18
63738,1,1,1982,0,21,17,5,25,0,0,0,13,0
63738,2,1,1982,0,0,7,8,0,0,0,0,0,0
63739,1,1,1982,18,18,18,18,18,18,18,18,18,18
63740,0,1,1982,0,0,0,0,0,0,0,0,0,0
63740,1,1,1982,0,0,0,0,0,0,0,0,0,0
63741,1,1,1982,25,25,25,25,25,25,25,25,25,25
63742,1,1,1982,0,0,0,0,0,0,0,0,0,0
63743,1,1,1982,0,0,0,0,0,0,0,0,0,0
63743,2,1,1982,0,0,0,0,0,0,0,0,0,0
63745,1,1,1982,0,0,0,0,0,0,0,0,0,0
63746,0,1,1982,0,0,0,0,0,0,0,0,0,0
63746,1,1,1982,0,0,0,0,0,0,0,0,0,0
63747,0,1,1982,0,0,0,0,0,0,0,0,0,0
63747,1,1,1982,0,12,15,0,0,26,21,25,19,0
63748,1,1,1982,0,0,0,0,0,0,0,0,0,0
63748,2,1,1982,0,0,0,0,0,0,0,0,0,0
63749,1,1,1982,20,20,20,20,20,20,20,20,20,20
63749,2,1,1982,0,0,0,0,0,0,0,0,0,0
63750,1,1,1982,0,0,0,0,0,0,0,0,0,0
63750,2,1,1982,0,0,0,0,0,0,0,0,0,0
63751,1,1,1982,0,0,0,0,0,0,0,0,0,0
63752,1,1,1982,0,0,0,0,0,0,0,0,0,0
63753,1,1,1982,26,0,24,7,0,25,11,13,24,18
63754,1,1,1982,0,0,0,0,0,0,0,0,0,0
63754,2,1,1982,0,0,0,0,0,0,0,0,0,0
63754,3,1,1982,0,0,0,0,0,0,0,0,13,0
63755,1,1,1982,20,20,20,20,20,20,20,20,20,20
63756,0,1,1982,8,8,8,8,8,8,8,8,8,8
63756,1,1,1982,22,0,0,0,0,0,0,0,0,0
63757,1,1,1982,0,0,0,0,0,0,0,0,0,0
63757,2,1,1982,0,0,0,11,0,0,0,0,0,0
63758,1,1,1982,0,0,0,0,0,0,0,0,0,0
63758,2,1,1982,0,0,0,0,0,0,0,0,0,0
63759,1,1,1982,16,16,16,16,16,16,16,16,16,16
63759,2,1,1982,0,0,0,0,0,0,0,0,0,0
63759,3,1,1982,0,0,0,0,0,0,0,0,0,0
63760,0,1,1982,22,22,22,22,22,22,22,22,22,22
63760,1,1,1982,0,0,0,0,0,0,0,0,0,9
63761,1,1,1982,20,20,20,20,20,20,20,20,20,20
63762,1,1,1982,0,0,0,0,0,0,0,0,0,0
63762,2,1,1982,0,0,0,0,0,0,0,6,0,0
63763,1,1,1982,27,27,27,27,27,27,27,27,27,27
63764,1,1,1982,0,0,0,0,0,0,0,0,0,0
63765,1,1,1982,15,0,0,7,0,0,15,0,12,0
63765,2,1,1982,0,0,0,0,0,0,0,0,0,0
63766,1,1,1982,0,10,0,7,0,17,0,0,21,0
63766,2,1,1982,0,0,0,0,0,13,0,0,0,0
63767,1,1,1982,0,0,15,0,0,0,0,0,0,0
63768,1,1,1982,11,11,11,11,11,11,11,11,11,11
63769,1,1,1982,0,0,0,12,0,0,10,0,0,0
63770,1,1,1982,1,1,1,1,1,1,1,1,1,1
63770,2,1,1982,0,0,0,0,9,0,0,0,0,0
63771,1,1,1982,11,11,11,11,11,11,11,11,11,11
63771,2,1,1982,2,2,2,2,2,2,2,2,2,2
63772,1,1,1982,0,0,0,0,0,0,0,0,0,14
63772,2,1,1982,17,17,17,17,17,17,17,17,17,17
63772,3,1,1982,0,0,0,0,0,0,0,0,0,0
63773,0,1,1982,9,0,16,16,17,0,0,21,31,0
63773,1,1,1982,0,0,0,0,0,0,0,0,0,0
63774,1,1,1982,5,5,5,5,5,5,5,5,5,5
63775,0,1,1982,0,0,0,0,3,22,0,0,0,0
63775,1,1,1982,18,18,18,18,18,18,18,18,18,18
63776,1,1,1982,0,0,0,0,0,0,0,0,0,0
63776,2,1,1982,0,0,0,0,0,0,0,0,0,0
63777,0,1,1982,0,0,0,0,0,0,0,0,0,0
63777,1,1,1982,0,0,0,0,0,0,0,0,0,0
63778,0,1,1982,0,0,0,0,0,0,0,0,0,0
63778,1,1,1982,0,0,0,0,0,0,0,0,0,18
63779,1,1,1982,0,0,0,0,0,0,0,0,0,0
63779,2,1,1982,0,0,0,0,0,0,0,0,0,0
63780,0,1,1982,0,0,0,0,0,0,0,0,0,0
63780,1,1,1982,0,0,0,0,0,0,0,0,0,0
63781,1,1,1982,2,2,2,2,2,2,2,2,2,2
63782,1,1,1982,18,18,18,18,18,18,18,18,18,18
63783,1,1,1982,10,10,10,10,10,10,10,10,10,10
63783,2,1,1982,0,0,0,0,0,0,0,0,0,0
63784,1,1,1982,25,25,25,25,25,25,25,25,25,25
63785,0,1,1982,0,0,0,0,0,0,0,0,0,0
63785,1,1,1982,0,0,0,0,0,0,0,0,0,0
63786,1,1,1982,0,0,0,0,0,0,0,11,0,0
63786,2,1,1982,0,0,0,0,0,0,0,0,0,0
63787,1,1,1982,16,16,16,16,16,16,16,16,16,16
63787,2,1,1982,0,0,0,0,0,0,0,0,0,0
63788,1,1,1982,2,2,2,2,2,2,2,2,2,2
63789,1,1,1982,7,7,7,7,7,7,7,7,7,7
63790,1,1,1982,0,0,0,0,0,0,0,0,0,0
63791,1,1,1982,0,14,0,0,28,0,0,0,0,15
63792,1,1,1982,0,0,0,0,0,0,0,0,0,0
63792,2,1,1982,16,16,16,16,16,16,16,16,16,16
63793,1,1,1982,12,12,12,12,12,12,12,12,12,12
63794,1,1,1982,14,19,20,14,8,0,20,6,20,16
63795,0,1,1982,19,0,0,29,0,0,20,0,14,0
63795,1,1,1982,0,0,0,0,0,0,0,0,0,0
63796,1,1,1982,9,0,10,14,0,0,0,0,0,0
63796,2,1,1982,9,9,9,9,9,9,9,9,9,9
63796,3,1,1982,0,0,0,0,12,17,5,16,0,33
63797,1,1,1982,0,0,0,0,0,0,0,0,0,0
63797,2,1,1982,0,0,0,0,0,0,0,0,0,0
63798,0,1,1982,23,23,23,23,23,23,23,23,23,23
63798,1,1,1982,16,16,16,16,16,16,16,16,16,16
63799,1,1,1982,0,0,0,0,0,0,0,0,0,0
63800,1,1,1982,0,0,0,0,0,0,0,0,0,0
63801,0,1,1982,29,29,29,29,29,29,29,29,29,29
63801,1,1,1982,23,28,26,19,3,15,14,5,9,22
63801,2,1,1982,0,0,18,0,3,0,0,0,0,0
63802,1,1,1982,2,2,2,2,2,2,2,2,2,2
63803,0,1,1982,0,0,0,0,0,0,0,0,0,0
63803,1,1,1982,0,0,0,0,16,0,0,0,0,0
63804,1,1,1982,15,15,15,15,15,15,15,15,15,15
63805,1,1,1982,14,14,14,14,14,14,14,14,14,14
63805,2,1,1982,0,0,0,0,0,0,0,0,0,0
63806,1,1,1982,20,20,20,20,20,20,20,20,20,20
63807,1,1,1982,18,18,18,18,18,18,18,18,18,18
63807,2,1,1982,24,24,24,24,24,24,24,24,24,24
63808,1,1,1982,40,40,40,40,40,40,40,40,40,40
63809,1,1,1982,23,23,23,23,23,23,23,23,23,23
63810,1,1,1982,0,0,0,0,0,0,0,0,0,0
63811,1,1,1982,0,0,0,5,0,0,0,0,0,0
63811,2,1,1982,0,0,0,0,0,0,0,0,0,0
63812,1,1,1982,0,0,0,0,0,0,0,0,0,0
63813,0,1,1982,27,27,27,27,27,27,27,27,27,27
63813,1,1,1982,10,10,10,10,10,10,10,10,10,10
63814,1,1,1982,24,24,24,24,24,24,24,24,24,24
63815,1,1,1982,15,15,15,15,15,15,15,15,15,15
63816,0,1,1982,0,0,0,0,0,0,0,0,0,0
63816,1,1,1982,0,0,0,0,0,0,0,0,0,0
63817,0,1,1982,0,24,0,0,0,0,0,0,0,0
63817,0,2,1982,0,0,0,0,0,0,0,0,0,0
63817,1,1,1982,0,0,0,0,0,0,0,0,0,0
63818,1,1,1982,0,0,0,0,0,0,0,0,0,0
63819,0,1,1982,17,17,17,17,17,17,17,17,17,17
63819,1,1,1982,22,6,22,0,19,0,26,11,11,0
63820,1,1,1982,0,0,0,0,0,0,0,0,0,0
63820,2,1,1982,0,0,0,0,0,0,0,0,0,0
63820,3,1,1982,0,0,0,0,0,0,0,0,0,0
63821,1,1,1982,0,0,0,0,0,0,0,0,0,0
63821,2,1,1982,18,18,18,18,18,18,18,18,18,18
63822,1,1,1982,0,0,0,0,0,0,0,0,0,0
63823,1,1,1982,0,0,0,0,0,0,0,0,0,0
63824,1,1,1982,4,4,4,4,4,4,4,4,4,4
63825,1,1,1982,0,0,0,0,0,0,0,0,0,0
63825,2,1,1982,0,2,0,0,0,0,0,0,14,0
63826,1,1,1982,0,0,0,0,0,0,0,0,0,0
63826,2,1,1982,0,0,0,0,0,0,0,0,0,0
63827,1,1,1982,8,8,8,8,8,8,8,8,8,8
63828,1,1,1982,0,0,0,0,0,0,0,0,0,0
63828,2,1,1982,0,0,0,0,0,0,0,0,0,0
63829,1,1,1982,21,21,21,21,21,21,21,21,21,21
63830,0,1,1982,0,0,0,0,0,0,0,0,0,0
63830,1,1,1982,0,0,0,0,0,0,0,0,0,0
63830,2,1,1982,0,0,0,0,0,0,0,0,0,0
63831,0,1,1982,20,20,20,20,20,20,20,20,20,20
63831,1,1,1982,17,0,23,0,0,0,0,0,20,0
63832,0,1,1982,25,25,25,25,25,25,25,25,25,25
63832,1,1,1982,0,0,0,0,0,0,0,0,0,0
63833,1,1,1982,17,17,17,17,17,17,17,17,17,17
63834,1,1,1982,0,0,0,20,0,0,0,0,0,0
63834,2,1,1982,0,0,0,0,0,0,0,0,0,0
63835,1,1,1982,0,0,0,0,0,0,0,0,0,0
63835,2,1,1982,10,10,10,10,10,10,10,10,10,10
63836,1,1,1982,33,33,33,33,33,33,33,33,33,33
63837,1,1,1982,23,0,10,0,0,22,19,23,28,0
63838,1,1,1982,0,0,23,15,10,0,0,0,0,0
63839,1,1,1982,25,25,25,25,25,25,25,25,25,25
63839,2,1,1982,0,0,0,0,0,0,6,0,0,0
63840,1,1,1982,0,0,0,0,0,0,0,0,0,0
63841,1,1,1982,14,14,14,14,14,14,14,14,14,14
63842,0,1,1982,22,22,22,22,22,22,22,22,22,22
63842,1,1,1982,0,0,16,0,30,18,0,6,11,19
63843,1,1,1982,24,24,24,24,24,24,24,24,24,24
63844,1,1,1982,21,21,21,21,21,21,21,21,21,21
63845,1,1,1982,0,0,5,0,0,0,0,0,0,0
63845,2,1,1982,21,0,0,0,0,0,0,0,0,0
63846,0,1,1982,0,0,0,0,0,0,0,0,0,0
63846,1,1,1982,0,0,0,0,0,0,0,0,0,0
63847,0,1,1982,0,0,0,0,0,0,0,0,0,0
63847,1,1,1982,0,9,17,0,0,0,0,0,0,0
63848,1,1,1982,24,24,24,24,24,24,24,24,24,24
63848,2,1,1982,0,0,0,0,0,0,0,0,0,0
63849,0,1,1982,30,30,30,30,30,30,30,30,30,30
63849,1,1,1982,0,0,0,0,0,0,0,0,0,0
63850,1,1,1982,0,0,0,0,0,0,0,0,0,0
63850,2,1,1982,0,0,0,0,0,0,0,0,0,0
63851,1,1,1982,0,0,0,0,0,14,0,0,0,0
63851,2,1,1982,0,0,0,0,0,19,6,0,0,23
63852,1,1,1982,17,17,17,17,17,17,17,17,17,17
63852,2,1,1982,0,19,0,0,0,0,0,0,0,0
63853,0,1,1982,28,28,28,28,28,28,28,28,28,28
63853,1,1,1982,0,18,11,21,22,8,18,22,20,13
63854,0,1,1982,0,0,0,0,0,0,0,0,0,0
63854,1,1,1982,0,0,0,0,0,0,0,0,0,0
63855,0,1,1982,0,0,0,0,14,0,10,32,0,4
63855,0,2,1982,0,0,26,0,0,0,15,16,15,11
63855,1,1,1982,0,0,0,0,0,0,0,0,0,0
63856,0,1,1982,11,11,11,11,11,11,11,11,11,11
63856,1,1,1982,18,33,0,0,31,0,0,0,0,0
63857,0,1,1982,1,1,1,1,1,1,1,1,1,1
63857,1,1,1982,0,0,0,0,0,0,0,0,0,0
63857,2,1,1982,0,0,0,0,0,0,20,0,0,0
63858,1,1,1982,5,5,5,5,5,5,5,5,5,5
63859,1,1,1982,0,0,0,0,0,0,0,0,0,0
63859,2,1,1982,0,0,10,0,0,0,0,0,0,0
63859,3,1,1982,0,0,0,0,0,0,0,0,0,0
63860,1,1,1982,0,0,0,0,0,0,0,0,0,0
63860,2,1,1982,0,0,0,0,0,0,0,0,0,0
63861,1,1,1982,0,0,0,0,0,0,0,0,0,0
63861,2,1,1982,0,0,12,0,0,0,0,0,3,0
63862,1,1,1982,23,13,25,12,21,14,15,17,9,25
63863,1,1,1982,26,26,26,26,26,26,26,26,26,26
63864,1,1,1982,11,11,11,11,11,11,11,11,11,11
63865,1,1,1982,0,0,9,19,25,25,13,9,0,0
63865,2,1,1982,0,0,0,0,0,0,0,0,0,0
63866,1,1,1982,0,0,0,0,0,0,0,0,0,0
63866,2,1,1982,0,0,0,0,13,0,0,7,0,0
63867,1,1,1982,23,23,23,23,23,23,23,23,23,23
63868,1,1,1982,0,0,0,0,0,0,0,0,0,5
63869,0,1,1982,0,0,0,0,0,0,0,0,0,0
63869,1,1,1982,0,0,16,0,0,0,0,0,0,0
63870,0,1,1982,0,0,0,0,0,0,0,0,0,0
63870,1,1,1982,0,0,0,0,0,0,0,0,0,0
63871,0,1,1982,0,0,0,0,0,0,0,0,0,0
63871,1,1,1982,0,0,0,0,0,0,0,0,0,0
63872,0,1,1982,0,0,0,0,0,0,0,0,0,0
63872,1,1,1982,0,15,25,0,12,11,18,0,0,6
63873,0,1,1982,11,11,11,11,11,11,11,11,11,11
63873,1,1,1982,0,0,0,0,4,0,9,0,0,0
63874,1,1,1982,0,0,0,0,0,0,0,0,0,0
63875,1,1,1982,0,0,0,0,0,0,0,0,0,0
63875,2,1,1982,0,0,0,0,0,0,0,0,0,0
63876,1,1,1982,7,7,7,7,7,7,7,7,7,7
63876,2,1,1982,0,0,0,0,0,0,0,0,0,0
63877,1,1,1982,13,13,13,13,13,13,13,13,13,13
63878,1,1,1982,19,19,19,19,19,19,19,19,19,19